DateTimeUTC,Datetime Index,Day,NoTradeFlag
5/01/2024 22:00,2024010522,Friday,Market Close
5/01/2024 23:00,2024010523,Friday,Market Close
6/01/2024 0:00,2024010600,Saturday,Market Close
6/01/2024 1:00,2024010601,Saturday,Market Close
6/01/2024 2:00,2024010602,Saturday,Market Close
6/01/2024 3:00,2024010603,Saturday,Market Close
6/01/2024 4:00,2024010604,Saturday,Market Close
6/01/2024 5:00,2024010605,Saturday,Market Close
6/01/2024 6:00,2024010606,Saturday,Market Close
6/01/2024 7:00,2024010607,Saturday,Market Close
6/01/2024 8:00,2024010608,Saturday,Market Close
6/01/2024 9:00,2024010609,Saturday,Market Close
6/01/2024 10:00,2024010610,Saturday,Market Close
6/01/2024 11:00,2024010611,Saturday,Market Close
6/01/2024 12:00,2024010612,Saturday,Market Close
6/01/2024 13:00,2024010613,Saturday,Market Close
6/01/2024 14:00,2024010614,Saturday,Market Close
6/01/2024 15:00,2024010615,Saturday,Market Close
6/01/2024 16:00,2024010616,Saturday,Market Close
6/01/2024 17:00,2024010617,Saturday,Market Close
6/01/2024 18:00,2024010618,Saturday,Market Close
6/01/2024 19:00,2024010619,Saturday,Market Close
6/01/2024 20:00,2024010620,Saturday,Market Close
6/01/2024 21:00,2024010621,Saturday,Market Close
6/01/2024 22:00,2024010622,Saturday,Market Close
6/01/2024 23:00,2024010623,Saturday,Market Close
7/01/2024 0:00,2024010700,Sunday,Market Close
7/01/2024 1:00,2024010701,Sunday,Market Close
7/01/2024 2:00,2024010702,Sunday,Market Close
7/01/2024 3:00,2024010703,Sunday,Market Close
7/01/2024 4:00,2024010704,Sunday,Market Close
7/01/2024 5:00,2024010705,Sunday,Market Close
7/01/2024 6:00,2024010706,Sunday,Market Close
7/01/2024 7:00,2024010707,Sunday,Market Close
7/01/2024 8:00,2024010708,Sunday,Market Close
7/01/2024 9:00,2024010709,Sunday,Market Close
7/01/2024 10:00,2024010710,Sunday,Market Close
7/01/2024 11:00,2024010711,Sunday,Market Close
7/01/2024 12:00,2024010712,Sunday,Market Close
7/01/2024 13:00,2024010713,Sunday,Market Close
7/01/2024 14:00,2024010714,Sunday,Market Close
7/01/2024 15:00,2024010715,Sunday,Market Close
7/01/2024 16:00,2024010716,Sunday,Market Close
7/01/2024 17:00,2024010717,Sunday,Market Close
7/01/2024 18:00,2024010718,Sunday,Market Close
7/01/2024 19:00,2024010719,Sunday,Market Close
7/01/2024 20:00,2024010720,Sunday,Market Close
7/01/2024 21:00,2024010721,Sunday,Market Close
12/01/2024 22:00,2024011222,Friday,Market Close
12/01/2024 23:00,2024011223,Friday,Market Close
13/01/2024 0:00,2024011300,Saturday,Market Close
13/01/2024 1:00,2024011301,Saturday,Market Close
13/01/2024 2:00,2024011302,Saturday,Market Close
13/01/2024 3:00,2024011303,Saturday,Market Close
13/01/2024 4:00,2024011304,Saturday,Market Close
13/01/2024 5:00,2024011305,Saturday,Market Close
13/01/2024 6:00,2024011306,Saturday,Market Close
13/01/2024 7:00,2024011307,Saturday,Market Close
13/01/2024 8:00,2024011308,Saturday,Market Close
13/01/2024 9:00,2024011309,Saturday,Market Close
13/01/2024 10:00,2024011310,Saturday,Market Close
13/01/2024 11:00,2024011311,Saturday,Market Close
13/01/2024 12:00,2024011312,Saturday,Market Close
13/01/2024 13:00,2024011313,Saturday,Market Close
13/01/2024 14:00,2024011314,Saturday,Market Close
13/01/2024 15:00,2024011315,Saturday,Market Close
13/01/2024 16:00,2024011316,Saturday,Market Close
13/01/2024 17:00,2024011317,Saturday,Market Close
13/01/2024 18:00,2024011318,Saturday,Market Close
13/01/2024 19:00,2024011319,Saturday,Market Close
13/01/2024 20:00,2024011320,Saturday,Market Close
13/01/2024 21:00,2024011321,Saturday,Market Close
13/01/2024 22:00,2024011322,Saturday,Market Close
13/01/2024 23:00,2024011323,Saturday,Market Close
14/01/2024 0:00,2024011400,Sunday,Market Close
14/01/2024 1:00,2024011401,Sunday,Market Close
14/01/2024 2:00,2024011402,Sunday,Market Close
14/01/2024 3:00,2024011403,Sunday,Market Close
14/01/2024 4:00,2024011404,Sunday,Market Close
14/01/2024 5:00,2024011405,Sunday,Market Close
14/01/2024 6:00,2024011406,Sunday,Market Close
14/01/2024 7:00,2024011407,Sunday,Market Close
14/01/2024 8:00,2024011408,Sunday,Market Close
14/01/2024 9:00,2024011409,Sunday,Market Close
14/01/2024 10:00,2024011410,Sunday,Market Close
14/01/2024 11:00,2024011411,Sunday,Market Close
14/01/2024 12:00,2024011412,Sunday,Market Close
14/01/2024 13:00,2024011413,Sunday,Market Close
14/01/2024 14:00,2024011414,Sunday,Market Close
14/01/2024 15:00,2024011415,Sunday,Market Close
14/01/2024 16:00,2024011416,Sunday,Market Close
14/01/2024 17:00,2024011417,Sunday,Market Close
14/01/2024 18:00,2024011418,Sunday,Market Close
14/01/2024 19:00,2024011419,Sunday,Market Close
14/01/2024 20:00,2024011420,Sunday,Market Close
14/01/2024 21:00,2024011421,Sunday,Market Close
19/01/2024 22:00,2024011922,Friday,Market Close
19/01/2024 23:00,2024011923,Friday,Market Close
20/01/2024 0:00,2024012000,Saturday,Market Close
20/01/2024 1:00,2024012001,Saturday,Market Close
20/01/2024 2:00,2024012002,Saturday,Market Close
20/01/2024 3:00,2024012003,Saturday,Market Close
20/01/2024 4:00,2024012004,Saturday,Market Close
20/01/2024 5:00,2024012005,Saturday,Market Close
20/01/2024 6:00,2024012006,Saturday,Market Close
20/01/2024 7:00,2024012007,Saturday,Market Close
20/01/2024 8:00,2024012008,Saturday,Market Close
20/01/2024 9:00,2024012009,Saturday,Market Close
20/01/2024 10:00,2024012010,Saturday,Market Close
20/01/2024 11:00,2024012011,Saturday,Market Close
20/01/2024 12:00,2024012012,Saturday,Market Close
20/01/2024 13:00,2024012013,Saturday,Market Close
20/01/2024 14:00,2024012014,Saturday,Market Close
20/01/2024 15:00,2024012015,Saturday,Market Close
20/01/2024 16:00,2024012016,Saturday,Market Close
20/01/2024 17:00,2024012017,Saturday,Market Close
20/01/2024 18:00,2024012018,Saturday,Market Close
20/01/2024 19:00,2024012019,Saturday,Market Close
20/01/2024 20:00,2024012020,Saturday,Market Close
20/01/2024 21:00,2024012021,Saturday,Market Close
20/01/2024 22:00,2024012022,Saturday,Market Close
20/01/2024 23:00,2024012023,Saturday,Market Close
21/01/2024 0:00,2024012100,Sunday,Market Close
21/01/2024 1:00,2024012101,Sunday,Market Close
21/01/2024 2:00,2024012102,Sunday,Market Close
21/01/2024 3:00,2024012103,Sunday,Market Close
21/01/2024 4:00,2024012104,Sunday,Market Close
21/01/2024 5:00,2024012105,Sunday,Market Close
21/01/2024 6:00,2024012106,Sunday,Market Close
21/01/2024 7:00,2024012107,Sunday,Market Close
21/01/2024 8:00,2024012108,Sunday,Market Close
21/01/2024 9:00,2024012109,Sunday,Market Close
21/01/2024 10:00,2024012110,Sunday,Market Close
21/01/2024 11:00,2024012111,Sunday,Market Close
21/01/2024 12:00,2024012112,Sunday,Market Close
21/01/2024 13:00,2024012113,Sunday,Market Close
21/01/2024 14:00,2024012114,Sunday,Market Close
21/01/2024 15:00,2024012115,Sunday,Market Close
21/01/2024 16:00,2024012116,Sunday,Market Close
21/01/2024 17:00,2024012117,Sunday,Market Close
21/01/2024 18:00,2024012118,Sunday,Market Close
21/01/2024 19:00,2024012119,Sunday,Market Close
21/01/2024 20:00,2024012120,Sunday,Market Close
21/01/2024 21:00,2024012121,Sunday,Market Close
26/01/2024 22:00,2024012622,Friday,Market Close
26/01/2024 23:00,2024012623,Friday,Market Close
27/01/2024 0:00,2024012700,Saturday,Market Close
27/01/2024 1:00,2024012701,Saturday,Market Close
27/01/2024 2:00,2024012702,Saturday,Market Close
27/01/2024 3:00,2024012703,Saturday,Market Close
27/01/2024 4:00,2024012704,Saturday,Market Close
27/01/2024 5:00,2024012705,Saturday,Market Close
27/01/2024 6:00,2024012706,Saturday,Market Close
27/01/2024 7:00,2024012707,Saturday,Market Close
27/01/2024 8:00,2024012708,Saturday,Market Close
27/01/2024 9:00,2024012709,Saturday,Market Close
27/01/2024 10:00,2024012710,Saturday,Market Close
27/01/2024 11:00,2024012711,Saturday,Market Close
27/01/2024 12:00,2024012712,Saturday,Market Close
27/01/2024 13:00,2024012713,Saturday,Market Close
27/01/2024 14:00,2024012714,Saturday,Market Close
27/01/2024 15:00,2024012715,Saturday,Market Close
27/01/2024 16:00,2024012716,Saturday,Market Close
27/01/2024 17:00,2024012717,Saturday,Market Close
27/01/2024 18:00,2024012718,Saturday,Market Close
27/01/2024 19:00,2024012719,Saturday,Market Close
27/01/2024 20:00,2024012720,Saturday,Market Close
27/01/2024 21:00,2024012721,Saturday,Market Close
27/01/2024 22:00,2024012722,Saturday,Market Close
27/01/2024 23:00,2024012723,Saturday,Market Close
28/01/2024 0:00,2024012800,Sunday,Market Close
28/01/2024 1:00,2024012801,Sunday,Market Close
28/01/2024 2:00,2024012802,Sunday,Market Close
28/01/2024 3:00,2024012803,Sunday,Market Close
28/01/2024 4:00,2024012804,Sunday,Market Close
28/01/2024 5:00,2024012805,Sunday,Market Close
28/01/2024 6:00,2024012806,Sunday,Market Close
28/01/2024 7:00,2024012807,Sunday,Market Close
28/01/2024 8:00,2024012808,Sunday,Market Close
28/01/2024 9:00,2024012809,Sunday,Market Close
28/01/2024 10:00,2024012810,Sunday,Market Close
28/01/2024 11:00,2024012811,Sunday,Market Close
28/01/2024 12:00,2024012812,Sunday,Market Close
28/01/2024 13:00,2024012813,Sunday,Market Close
28/01/2024 14:00,2024012814,Sunday,Market Close
28/01/2024 15:00,2024012815,Sunday,Market Close
28/01/2024 16:00,2024012816,Sunday,Market Close
28/01/2024 17:00,2024012817,Sunday,Market Close
28/01/2024 18:00,2024012818,Sunday,Market Close
28/01/2024 19:00,2024012819,Sunday,Market Close
28/01/2024 20:00,2024012820,Sunday,Market Close
28/01/2024 21:00,2024012821,Sunday,Market Close
2/02/2024 22:00,2024020222,Friday,Market Close
2/02/2024 23:00,2024020223,Friday,Market Close
3/02/2024 0:00,2024020300,Saturday,Market Close
3/02/2024 1:00,2024020301,Saturday,Market Close
3/02/2024 2:00,2024020302,Saturday,Market Close
3/02/2024 3:00,2024020303,Saturday,Market Close
3/02/2024 4:00,2024020304,Saturday,Market Close
3/02/2024 5:00,2024020305,Saturday,Market Close
3/02/2024 6:00,2024020306,Saturday,Market Close
3/02/2024 7:00,2024020307,Saturday,Market Close
3/02/2024 8:00,2024020308,Saturday,Market Close
3/02/2024 9:00,2024020309,Saturday,Market Close
3/02/2024 10:00,2024020310,Saturday,Market Close
3/02/2024 11:00,2024020311,Saturday,Market Close
3/02/2024 12:00,2024020312,Saturday,Market Close
3/02/2024 13:00,2024020313,Saturday,Market Close
3/02/2024 14:00,2024020314,Saturday,Market Close
3/02/2024 15:00,2024020315,Saturday,Market Close
3/02/2024 16:00,2024020316,Saturday,Market Close
3/02/2024 17:00,2024020317,Saturday,Market Close
3/02/2024 18:00,2024020318,Saturday,Market Close
3/02/2024 19:00,2024020319,Saturday,Market Close
3/02/2024 20:00,2024020320,Saturday,Market Close
3/02/2024 21:00,2024020321,Saturday,Market Close
3/02/2024 22:00,2024020322,Saturday,Market Close
3/02/2024 23:00,2024020323,Saturday,Market Close
4/02/2024 0:00,2024020400,Sunday,Market Close
4/02/2024 1:00,2024020401,Sunday,Market Close
4/02/2024 2:00,2024020402,Sunday,Market Close
4/02/2024 3:00,2024020403,Sunday,Market Close
4/02/2024 4:00,2024020404,Sunday,Market Close
4/02/2024 5:00,2024020405,Sunday,Market Close
4/02/2024 6:00,2024020406,Sunday,Market Close
4/02/2024 7:00,2024020407,Sunday,Market Close
4/02/2024 8:00,2024020408,Sunday,Market Close
4/02/2024 9:00,2024020409,Sunday,Market Close
4/02/2024 10:00,2024020410,Sunday,Market Close
4/02/2024 11:00,2024020411,Sunday,Market Close
4/02/2024 12:00,2024020412,Sunday,Market Close
4/02/2024 13:00,2024020413,Sunday,Market Close
4/02/2024 14:00,2024020414,Sunday,Market Close
4/02/2024 15:00,2024020415,Sunday,Market Close
4/02/2024 16:00,2024020416,Sunday,Market Close
4/02/2024 17:00,2024020417,Sunday,Market Close
4/02/2024 18:00,2024020418,Sunday,Market Close
4/02/2024 19:00,2024020419,Sunday,Market Close
4/02/2024 20:00,2024020420,Sunday,Market Close
4/02/2024 21:00,2024020421,Sunday,Market Close
9/02/2024 22:00,2024020922,Friday,Market Close
9/02/2024 23:00,2024020923,Friday,Market Close
10/02/2024 0:00,2024021000,Saturday,Market Close
10/02/2024 1:00,2024021001,Saturday,Market Close
10/02/2024 2:00,2024021002,Saturday,Market Close
10/02/2024 3:00,2024021003,Saturday,Market Close
10/02/2024 4:00,2024021004,Saturday,Market Close
10/02/2024 5:00,2024021005,Saturday,Market Close
10/02/2024 6:00,2024021006,Saturday,Market Close
10/02/2024 7:00,2024021007,Saturday,Market Close
10/02/2024 8:00,2024021008,Saturday,Market Close
10/02/2024 9:00,2024021009,Saturday,Market Close
10/02/2024 10:00,2024021010,Saturday,Market Close
10/02/2024 11:00,2024021011,Saturday,Market Close
10/02/2024 12:00,2024021012,Saturday,Market Close
10/02/2024 13:00,2024021013,Saturday,Market Close
10/02/2024 14:00,2024021014,Saturday,Market Close
10/02/2024 15:00,2024021015,Saturday,Market Close
10/02/2024 16:00,2024021016,Saturday,Market Close
10/02/2024 17:00,2024021017,Saturday,Market Close
10/02/2024 18:00,2024021018,Saturday,Market Close
10/02/2024 19:00,2024021019,Saturday,Market Close
10/02/2024 20:00,2024021020,Saturday,Market Close
10/02/2024 21:00,2024021021,Saturday,Market Close
10/02/2024 22:00,2024021022,Saturday,Market Close
10/02/2024 23:00,2024021023,Saturday,Market Close
11/02/2024 0:00,2024021100,Sunday,Market Close
11/02/2024 1:00,2024021101,Sunday,Market Close
11/02/2024 2:00,2024021102,Sunday,Market Close
11/02/2024 3:00,2024021103,Sunday,Market Close
11/02/2024 4:00,2024021104,Sunday,Market Close
11/02/2024 5:00,2024021105,Sunday,Market Close
11/02/2024 6:00,2024021106,Sunday,Market Close
11/02/2024 7:00,2024021107,Sunday,Market Close
11/02/2024 8:00,2024021108,Sunday,Market Close
11/02/2024 9:00,2024021109,Sunday,Market Close
11/02/2024 10:00,2024021110,Sunday,Market Close
11/02/2024 11:00,2024021111,Sunday,Market Close
11/02/2024 12:00,2024021112,Sunday,Market Close
11/02/2024 13:00,2024021113,Sunday,Market Close
11/02/2024 14:00,2024021114,Sunday,Market Close
11/02/2024 15:00,2024021115,Sunday,Market Close
11/02/2024 16:00,2024021116,Sunday,Market Close
11/02/2024 17:00,2024021117,Sunday,Market Close
11/02/2024 18:00,2024021118,Sunday,Market Close
11/02/2024 19:00,2024021119,Sunday,Market Close
11/02/2024 20:00,2024021120,Sunday,Market Close
11/02/2024 21:00,2024021121,Sunday,Market Close
16/02/2024 22:00,2024021622,Friday,Market Close
16/02/2024 23:00,2024021623,Friday,Market Close
17/02/2024 0:00,2024021700,Saturday,Market Close
17/02/2024 1:00,2024021701,Saturday,Market Close
17/02/2024 2:00,2024021702,Saturday,Market Close
17/02/2024 3:00,2024021703,Saturday,Market Close
17/02/2024 4:00,2024021704,Saturday,Market Close
17/02/2024 5:00,2024021705,Saturday,Market Close
17/02/2024 6:00,2024021706,Saturday,Market Close
17/02/2024 7:00,2024021707,Saturday,Market Close
17/02/2024 8:00,2024021708,Saturday,Market Close
17/02/2024 9:00,2024021709,Saturday,Market Close
17/02/2024 10:00,2024021710,Saturday,Market Close
17/02/2024 11:00,2024021711,Saturday,Market Close
17/02/2024 12:00,2024021712,Saturday,Market Close
17/02/2024 13:00,2024021713,Saturday,Market Close
17/02/2024 14:00,2024021714,Saturday,Market Close
17/02/2024 15:00,2024021715,Saturday,Market Close
17/02/2024 16:00,2024021716,Saturday,Market Close
17/02/2024 17:00,2024021717,Saturday,Market Close
17/02/2024 18:00,2024021718,Saturday,Market Close
17/02/2024 19:00,2024021719,Saturday,Market Close
17/02/2024 20:00,2024021720,Saturday,Market Close
17/02/2024 21:00,2024021721,Saturday,Market Close
17/02/2024 22:00,2024021722,Saturday,Market Close
17/02/2024 23:00,2024021723,Saturday,Market Close
18/02/2024 0:00,2024021800,Sunday,Market Close
18/02/2024 1:00,2024021801,Sunday,Market Close
18/02/2024 2:00,2024021802,Sunday,Market Close
18/02/2024 3:00,2024021803,Sunday,Market Close
18/02/2024 4:00,2024021804,Sunday,Market Close
18/02/2024 5:00,2024021805,Sunday,Market Close
18/02/2024 6:00,2024021806,Sunday,Market Close
18/02/2024 7:00,2024021807,Sunday,Market Close
18/02/2024 8:00,2024021808,Sunday,Market Close
18/02/2024 9:00,2024021809,Sunday,Market Close
18/02/2024 10:00,2024021810,Sunday,Market Close
18/02/2024 11:00,2024021811,Sunday,Market Close
18/02/2024 12:00,2024021812,Sunday,Market Close
18/02/2024 13:00,2024021813,Sunday,Market Close
18/02/2024 14:00,2024021814,Sunday,Market Close
18/02/2024 15:00,2024021815,Sunday,Market Close
18/02/2024 16:00,2024021816,Sunday,Market Close
18/02/2024 17:00,2024021817,Sunday,Market Close
18/02/2024 18:00,2024021818,Sunday,Market Close
18/02/2024 19:00,2024021819,Sunday,Market Close
18/02/2024 20:00,2024021820,Sunday,Market Close
18/02/2024 21:00,2024021821,Sunday,Market Close
23/02/2024 22:00,2024022322,Friday,Market Close
23/02/2024 23:00,2024022323,Friday,Market Close
24/02/2024 0:00,2024022400,Saturday,Market Close
24/02/2024 1:00,2024022401,Saturday,Market Close
24/02/2024 2:00,2024022402,Saturday,Market Close
24/02/2024 3:00,2024022403,Saturday,Market Close
24/02/2024 4:00,2024022404,Saturday,Market Close
24/02/2024 5:00,2024022405,Saturday,Market Close
24/02/2024 6:00,2024022406,Saturday,Market Close
24/02/2024 7:00,2024022407,Saturday,Market Close
24/02/2024 8:00,2024022408,Saturday,Market Close
24/02/2024 9:00,2024022409,Saturday,Market Close
24/02/2024 10:00,2024022410,Saturday,Market Close
24/02/2024 11:00,2024022411,Saturday,Market Close
24/02/2024 12:00,2024022412,Saturday,Market Close
24/02/2024 13:00,2024022413,Saturday,Market Close
24/02/2024 14:00,2024022414,Saturday,Market Close
24/02/2024 15:00,2024022415,Saturday,Market Close
24/02/2024 16:00,2024022416,Saturday,Market Close
24/02/2024 17:00,2024022417,Saturday,Market Close
24/02/2024 18:00,2024022418,Saturday,Market Close
24/02/2024 19:00,2024022419,Saturday,Market Close
24/02/2024 20:00,2024022420,Saturday,Market Close
24/02/2024 21:00,2024022421,Saturday,Market Close
24/02/2024 22:00,2024022422,Saturday,Market Close
24/02/2024 23:00,2024022423,Saturday,Market Close
25/02/2024 0:00,2024022500,Sunday,Market Close
25/02/2024 1:00,2024022501,Sunday,Market Close
25/02/2024 2:00,2024022502,Sunday,Market Close
25/02/2024 3:00,2024022503,Sunday,Market Close
25/02/2024 4:00,2024022504,Sunday,Market Close
25/02/2024 5:00,2024022505,Sunday,Market Close
25/02/2024 6:00,2024022506,Sunday,Market Close
25/02/2024 7:00,2024022507,Sunday,Market Close
25/02/2024 8:00,2024022508,Sunday,Market Close
25/02/2024 9:00,2024022509,Sunday,Market Close
25/02/2024 10:00,2024022510,Sunday,Market Close
25/02/2024 11:00,2024022511,Sunday,Market Close
25/02/2024 12:00,2024022512,Sunday,Market Close
25/02/2024 13:00,2024022513,Sunday,Market Close
25/02/2024 14:00,2024022514,Sunday,Market Close
25/02/2024 15:00,2024022515,Sunday,Market Close
25/02/2024 16:00,2024022516,Sunday,Market Close
25/02/2024 17:00,2024022517,Sunday,Market Close
25/02/2024 18:00,2024022518,Sunday,Market Close
25/02/2024 19:00,2024022519,Sunday,Market Close
25/02/2024 20:00,2024022520,Sunday,Market Close
25/02/2024 21:00,2024022521,Sunday,Market Close
1/03/2024 22:00,2024030122,Friday,Market Close
1/03/2024 23:00,2024030123,Friday,Market Close
2/03/2024 0:00,2024030200,Saturday,Market Close
2/03/2024 1:00,2024030201,Saturday,Market Close
2/03/2024 2:00,2024030202,Saturday,Market Close
2/03/2024 3:00,2024030203,Saturday,Market Close
2/03/2024 4:00,2024030204,Saturday,Market Close
2/03/2024 5:00,2024030205,Saturday,Market Close
2/03/2024 6:00,2024030206,Saturday,Market Close
2/03/2024 7:00,2024030207,Saturday,Market Close
2/03/2024 8:00,2024030208,Saturday,Market Close
2/03/2024 9:00,2024030209,Saturday,Market Close
2/03/2024 10:00,2024030210,Saturday,Market Close
2/03/2024 11:00,2024030211,Saturday,Market Close
2/03/2024 12:00,2024030212,Saturday,Market Close
2/03/2024 13:00,2024030213,Saturday,Market Close
2/03/2024 14:00,2024030214,Saturday,Market Close
2/03/2024 15:00,2024030215,Saturday,Market Close
2/03/2024 16:00,2024030216,Saturday,Market Close
2/03/2024 17:00,2024030217,Saturday,Market Close
2/03/2024 18:00,2024030218,Saturday,Market Close
2/03/2024 19:00,2024030219,Saturday,Market Close
2/03/2024 20:00,2024030220,Saturday,Market Close
2/03/2024 21:00,2024030221,Saturday,Market Close
2/03/2024 22:00,2024030222,Saturday,Market Close
2/03/2024 23:00,2024030223,Saturday,Market Close
3/03/2024 0:00,2024030300,Sunday,Market Close
3/03/2024 1:00,2024030301,Sunday,Market Close
3/03/2024 2:00,2024030302,Sunday,Market Close
3/03/2024 3:00,2024030303,Sunday,Market Close
3/03/2024 4:00,2024030304,Sunday,Market Close
3/03/2024 5:00,2024030305,Sunday,Market Close
3/03/2024 6:00,2024030306,Sunday,Market Close
3/03/2024 7:00,2024030307,Sunday,Market Close
3/03/2024 8:00,2024030308,Sunday,Market Close
3/03/2024 9:00,2024030309,Sunday,Market Close
3/03/2024 10:00,2024030310,Sunday,Market Close
3/03/2024 11:00,2024030311,Sunday,Market Close
3/03/2024 12:00,2024030312,Sunday,Market Close
3/03/2024 13:00,2024030313,Sunday,Market Close
3/03/2024 14:00,2024030314,Sunday,Market Close
3/03/2024 15:00,2024030315,Sunday,Market Close
3/03/2024 16:00,2024030316,Sunday,Market Close
3/03/2024 17:00,2024030317,Sunday,Market Close
3/03/2024 18:00,2024030318,Sunday,Market Close
3/03/2024 19:00,2024030319,Sunday,Market Close
3/03/2024 20:00,2024030320,Sunday,Market Close
3/03/2024 21:00,2024030321,Sunday,Market Close
8/03/2024 22:00,2024030822,Friday,Market Close
8/03/2024 23:00,2024030823,Friday,Market Close
9/03/2024 0:00,2024030900,Saturday,Market Close
9/03/2024 1:00,2024030901,Saturday,Market Close
9/03/2024 2:00,2024030902,Saturday,Market Close
9/03/2024 3:00,2024030903,Saturday,Market Close
9/03/2024 4:00,2024030904,Saturday,Market Close
9/03/2024 5:00,2024030905,Saturday,Market Close
9/03/2024 6:00,2024030906,Saturday,Market Close
9/03/2024 7:00,2024030907,Saturday,Market Close
9/03/2024 8:00,2024030908,Saturday,Market Close
9/03/2024 9:00,2024030909,Saturday,Market Close
9/03/2024 10:00,2024030910,Saturday,Market Close
9/03/2024 11:00,2024030911,Saturday,Market Close
9/03/2024 12:00,2024030912,Saturday,Market Close
9/03/2024 13:00,2024030913,Saturday,Market Close
9/03/2024 14:00,2024030914,Saturday,Market Close
9/03/2024 15:00,2024030915,Saturday,Market Close
9/03/2024 16:00,2024030916,Saturday,Market Close
9/03/2024 17:00,2024030917,Saturday,Market Close
9/03/2024 18:00,2024030918,Saturday,Market Close
9/03/2024 19:00,2024030919,Saturday,Market Close
9/03/2024 20:00,2024030920,Saturday,Market Close
9/03/2024 21:00,2024030921,Saturday,Market Close
9/03/2024 22:00,2024030922,Saturday,Market Close
9/03/2024 23:00,2024030923,Saturday,Market Close
10/03/2024 0:00,2024031000,Sunday,Market Close
10/03/2024 1:00,2024031001,Sunday,Market Close
10/03/2024 2:00,2024031002,Sunday,Market Close
10/03/2024 3:00,2024031003,Sunday,Market Close
10/03/2024 4:00,2024031004,Sunday,Market Close
10/03/2024 5:00,2024031005,Sunday,Market Close
10/03/2024 6:00,2024031006,Sunday,Market Close
10/03/2024 7:00,2024031007,Sunday,Market Close
10/03/2024 8:00,2024031008,Sunday,Market Close
10/03/2024 9:00,2024031009,Sunday,Market Close
10/03/2024 10:00,2024031010,Sunday,Market Close
10/03/2024 11:00,2024031011,Sunday,Market Close
10/03/2024 12:00,2024031012,Sunday,Market Close
10/03/2024 13:00,2024031013,Sunday,Market Close
10/03/2024 14:00,2024031014,Sunday,Market Close
10/03/2024 15:00,2024031015,Sunday,Market Close
10/03/2024 16:00,2024031016,Sunday,Market Close
10/03/2024 17:00,2024031017,Sunday,Market Close
10/03/2024 18:00,2024031018,Sunday,Market Close
10/03/2024 19:00,2024031019,Sunday,Market Close
10/03/2024 20:00,2024031020,Sunday,Market Close
15/03/2024 21:00,2024031521,Friday,Market Close
15/03/2024 22:00,2024031522,Friday,Market Close
15/03/2024 23:00,2024031523,Friday,Market Close
16/03/2024 0:00,2024031600,Saturday,Market Close
16/03/2024 1:00,2024031601,Saturday,Market Close
16/03/2024 2:00,2024031602,Saturday,Market Close
16/03/2024 3:00,2024031603,Saturday,Market Close
16/03/2024 4:00,2024031604,Saturday,Market Close
16/03/2024 5:00,2024031605,Saturday,Market Close
16/03/2024 6:00,2024031606,Saturday,Market Close
16/03/2024 7:00,2024031607,Saturday,Market Close
16/03/2024 8:00,2024031608,Saturday,Market Close
16/03/2024 9:00,2024031609,Saturday,Market Close
16/03/2024 10:00,2024031610,Saturday,Market Close
16/03/2024 11:00,2024031611,Saturday,Market Close
16/03/2024 12:00,2024031612,Saturday,Market Close
16/03/2024 13:00,2024031613,Saturday,Market Close
16/03/2024 14:00,2024031614,Saturday,Market Close
16/03/2024 15:00,2024031615,Saturday,Market Close
16/03/2024 16:00,2024031616,Saturday,Market Close
16/03/2024 17:00,2024031617,Saturday,Market Close
16/03/2024 18:00,2024031618,Saturday,Market Close
16/03/2024 19:00,2024031619,Saturday,Market Close
16/03/2024 20:00,2024031620,Saturday,Market Close
16/03/2024 21:00,2024031621,Saturday,Market Close
16/03/2024 22:00,2024031622,Saturday,Market Close
16/03/2024 23:00,2024031623,Saturday,Market Close
17/03/2024 0:00,2024031700,Sunday,Market Close
17/03/2024 1:00,2024031701,Sunday,Market Close
17/03/2024 2:00,2024031702,Sunday,Market Close
17/03/2024 3:00,2024031703,Sunday,Market Close
17/03/2024 4:00,2024031704,Sunday,Market Close
17/03/2024 5:00,2024031705,Sunday,Market Close
17/03/2024 6:00,2024031706,Sunday,Market Close
17/03/2024 7:00,2024031707,Sunday,Market Close
17/03/2024 8:00,2024031708,Sunday,Market Close
17/03/2024 9:00,2024031709,Sunday,Market Close
17/03/2024 10:00,2024031710,Sunday,Market Close
17/03/2024 11:00,2024031711,Sunday,Market Close
17/03/2024 12:00,2024031712,Sunday,Market Close
17/03/2024 13:00,2024031713,Sunday,Market Close
17/03/2024 14:00,2024031714,Sunday,Market Close
17/03/2024 15:00,2024031715,Sunday,Market Close
17/03/2024 16:00,2024031716,Sunday,Market Close
17/03/2024 17:00,2024031717,Sunday,Market Close
17/03/2024 18:00,2024031718,Sunday,Market Close
17/03/2024 19:00,2024031719,Sunday,Market Close
17/03/2024 20:00,2024031720,Sunday,Market Close
22/03/2024 21:00,2024032221,Friday,Market Close
22/03/2024 22:00,2024032222,Friday,Market Close
22/03/2024 23:00,2024032223,Friday,Market Close
23/03/2024 0:00,2024032300,Saturday,Market Close
23/03/2024 1:00,2024032301,Saturday,Market Close
23/03/2024 2:00,2024032302,Saturday,Market Close
23/03/2024 3:00,2024032303,Saturday,Market Close
23/03/2024 4:00,2024032304,Saturday,Market Close
23/03/2024 5:00,2024032305,Saturday,Market Close
23/03/2024 6:00,2024032306,Saturday,Market Close
23/03/2024 7:00,2024032307,Saturday,Market Close
23/03/2024 8:00,2024032308,Saturday,Market Close
23/03/2024 9:00,2024032309,Saturday,Market Close
23/03/2024 10:00,2024032310,Saturday,Market Close
23/03/2024 11:00,2024032311,Saturday,Market Close
23/03/2024 12:00,2024032312,Saturday,Market Close
23/03/2024 13:00,2024032313,Saturday,Market Close
23/03/2024 14:00,2024032314,Saturday,Market Close
23/03/2024 15:00,2024032315,Saturday,Market Close
23/03/2024 16:00,2024032316,Saturday,Market Close
23/03/2024 17:00,2024032317,Saturday,Market Close
23/03/2024 18:00,2024032318,Saturday,Market Close
23/03/2024 19:00,2024032319,Saturday,Market Close
23/03/2024 20:00,2024032320,Saturday,Market Close
23/03/2024 21:00,2024032321,Saturday,Market Close
23/03/2024 22:00,2024032322,Saturday,Market Close
23/03/2024 23:00,2024032323,Saturday,Market Close
24/03/2024 0:00,2024032400,Sunday,Market Close
24/03/2024 1:00,2024032401,Sunday,Market Close
24/03/2024 2:00,2024032402,Sunday,Market Close
24/03/2024 3:00,2024032403,Sunday,Market Close
24/03/2024 4:00,2024032404,Sunday,Market Close
24/03/2024 5:00,2024032405,Sunday,Market Close
24/03/2024 6:00,2024032406,Sunday,Market Close
24/03/2024 7:00,2024032407,Sunday,Market Close
24/03/2024 8:00,2024032408,Sunday,Market Close
24/03/2024 9:00,2024032409,Sunday,Market Close
24/03/2024 10:00,2024032410,Sunday,Market Close
24/03/2024 11:00,2024032411,Sunday,Market Close
24/03/2024 12:00,2024032412,Sunday,Market Close
24/03/2024 13:00,2024032413,Sunday,Market Close
24/03/2024 14:00,2024032414,Sunday,Market Close
24/03/2024 15:00,2024032415,Sunday,Market Close
24/03/2024 16:00,2024032416,Sunday,Market Close
24/03/2024 17:00,2024032417,Sunday,Market Close
24/03/2024 18:00,2024032418,Sunday,Market Close
24/03/2024 19:00,2024032419,Sunday,Market Close
24/03/2024 20:00,2024032420,Sunday,Market Close
29/03/2024 21:00,2024032921,Friday,Market Close
29/03/2024 22:00,2024032922,Friday,Market Close
29/03/2024 23:00,2024032923,Friday,Market Close
30/03/2024 0:00,2024033000,Saturday,Market Close
30/03/2024 1:00,2024033001,Saturday,Market Close
30/03/2024 2:00,2024033002,Saturday,Market Close
30/03/2024 3:00,2024033003,Saturday,Market Close
30/03/2024 4:00,2024033004,Saturday,Market Close
30/03/2024 5:00,2024033005,Saturday,Market Close
30/03/2024 6:00,2024033006,Saturday,Market Close
30/03/2024 7:00,2024033007,Saturday,Market Close
30/03/2024 8:00,2024033008,Saturday,Market Close
30/03/2024 9:00,2024033009,Saturday,Market Close
30/03/2024 10:00,2024033010,Saturday,Market Close
30/03/2024 11:00,2024033011,Saturday,Market Close
30/03/2024 12:00,2024033012,Saturday,Market Close
30/03/2024 13:00,2024033013,Saturday,Market Close
30/03/2024 14:00,2024033014,Saturday,Market Close
30/03/2024 15:00,2024033015,Saturday,Market Close
30/03/2024 16:00,2024033016,Saturday,Market Close
30/03/2024 17:00,2024033017,Saturday,Market Close
30/03/2024 18:00,2024033018,Saturday,Market Close
30/03/2024 19:00,2024033019,Saturday,Market Close
30/03/2024 20:00,2024033020,Saturday,Market Close
30/03/2024 21:00,2024033021,Saturday,Market Close
30/03/2024 22:00,2024033022,Saturday,Market Close
30/03/2024 23:00,2024033023,Saturday,Market Close
31/03/2024 0:00,2024033100,Sunday,Market Close
31/03/2024 1:00,2024033101,Sunday,Market Close
31/03/2024 2:00,2024033102,Sunday,Market Close
31/03/2024 3:00,2024033103,Sunday,Market Close
31/03/2024 4:00,2024033104,Sunday,Market Close
31/03/2024 5:00,2024033105,Sunday,Market Close
31/03/2024 6:00,2024033106,Sunday,Market Close
31/03/2024 7:00,2024033107,Sunday,Market Close
31/03/2024 8:00,2024033108,Sunday,Market Close
31/03/2024 9:00,2024033109,Sunday,Market Close
31/03/2024 10:00,2024033110,Sunday,Market Close
31/03/2024 11:00,2024033111,Sunday,Market Close
31/03/2024 12:00,2024033112,Sunday,Market Close
31/03/2024 13:00,2024033113,Sunday,Market Close
31/03/2024 14:00,2024033114,Sunday,Market Close
31/03/2024 15:00,2024033115,Sunday,Market Close
31/03/2024 16:00,2024033116,Sunday,Market Close
31/03/2024 17:00,2024033117,Sunday,Market Close
31/03/2024 18:00,2024033118,Sunday,Market Close
31/03/2024 19:00,2024033119,Sunday,Market Close
31/03/2024 20:00,2024033120,Sunday,Market Close
5/04/2024 21:00,2024040521,Friday,Market Close
5/04/2024 22:00,2024040522,Friday,Market Close
5/04/2024 23:00,2024040523,Friday,Market Close
6/04/2024 0:00,2024040600,Saturday,Market Close
6/04/2024 1:00,2024040601,Saturday,Market Close
6/04/2024 2:00,2024040602,Saturday,Market Close
6/04/2024 3:00,2024040603,Saturday,Market Close
6/04/2024 4:00,2024040604,Saturday,Market Close
6/04/2024 5:00,2024040605,Saturday,Market Close
6/04/2024 6:00,2024040606,Saturday,Market Close
6/04/2024 7:00,2024040607,Saturday,Market Close
6/04/2024 8:00,2024040608,Saturday,Market Close
6/04/2024 9:00,2024040609,Saturday,Market Close
6/04/2024 10:00,2024040610,Saturday,Market Close
6/04/2024 11:00,2024040611,Saturday,Market Close
6/04/2024 12:00,2024040612,Saturday,Market Close
6/04/2024 13:00,2024040613,Saturday,Market Close
6/04/2024 14:00,2024040614,Saturday,Market Close
6/04/2024 15:00,2024040615,Saturday,Market Close
6/04/2024 16:00,2024040616,Saturday,Market Close
6/04/2024 17:00,2024040617,Saturday,Market Close
6/04/2024 18:00,2024040618,Saturday,Market Close
6/04/2024 19:00,2024040619,Saturday,Market Close
6/04/2024 20:00,2024040620,Saturday,Market Close
6/04/2024 21:00,2024040621,Saturday,Market Close
6/04/2024 22:00,2024040622,Saturday,Market Close
6/04/2024 23:00,2024040623,Saturday,Market Close
7/04/2024 0:00,2024040700,Sunday,Market Close
7/04/2024 1:00,2024040701,Sunday,Market Close
7/04/2024 2:00,2024040702,Sunday,Market Close
7/04/2024 3:00,2024040703,Sunday,Market Close
7/04/2024 4:00,2024040704,Sunday,Market Close
7/04/2024 5:00,2024040705,Sunday,Market Close
7/04/2024 6:00,2024040706,Sunday,Market Close
7/04/2024 7:00,2024040707,Sunday,Market Close
7/04/2024 8:00,2024040708,Sunday,Market Close
7/04/2024 9:00,2024040709,Sunday,Market Close
7/04/2024 10:00,2024040710,Sunday,Market Close
7/04/2024 11:00,2024040711,Sunday,Market Close
7/04/2024 12:00,2024040712,Sunday,Market Close
7/04/2024 13:00,2024040713,Sunday,Market Close
7/04/2024 14:00,2024040714,Sunday,Market Close
7/04/2024 15:00,2024040715,Sunday,Market Close
7/04/2024 16:00,2024040716,Sunday,Market Close
7/04/2024 17:00,2024040717,Sunday,Market Close
7/04/2024 18:00,2024040718,Sunday,Market Close
7/04/2024 19:00,2024040719,Sunday,Market Close
7/04/2024 20:00,2024040720,Sunday,Market Close
12/04/2024 21:00,2024041221,Friday,Market Close
12/04/2024 22:00,2024041222,Friday,Market Close
12/04/2024 23:00,2024041223,Friday,Market Close
13/04/2024 0:00,2024041300,Saturday,Market Close
13/04/2024 1:00,2024041301,Saturday,Market Close
13/04/2024 2:00,2024041302,Saturday,Market Close
13/04/2024 3:00,2024041303,Saturday,Market Close
13/04/2024 4:00,2024041304,Saturday,Market Close
13/04/2024 5:00,2024041305,Saturday,Market Close
13/04/2024 6:00,2024041306,Saturday,Market Close
13/04/2024 7:00,2024041307,Saturday,Market Close
13/04/2024 8:00,2024041308,Saturday,Market Close
13/04/2024 9:00,2024041309,Saturday,Market Close
13/04/2024 10:00,2024041310,Saturday,Market Close
13/04/2024 11:00,2024041311,Saturday,Market Close
13/04/2024 12:00,2024041312,Saturday,Market Close
13/04/2024 13:00,2024041313,Saturday,Market Close
13/04/2024 14:00,2024041314,Saturday,Market Close
13/04/2024 15:00,2024041315,Saturday,Market Close
13/04/2024 16:00,2024041316,Saturday,Market Close
13/04/2024 17:00,2024041317,Saturday,Market Close
13/04/2024 18:00,2024041318,Saturday,Market Close
13/04/2024 19:00,2024041319,Saturday,Market Close
13/04/2024 20:00,2024041320,Saturday,Market Close
13/04/2024 21:00,2024041321,Saturday,Market Close
13/04/2024 22:00,2024041322,Saturday,Market Close
13/04/2024 23:00,2024041323,Saturday,Market Close
14/04/2024 0:00,2024041400,Sunday,Market Close
14/04/2024 1:00,2024041401,Sunday,Market Close
14/04/2024 2:00,2024041402,Sunday,Market Close
14/04/2024 3:00,2024041403,Sunday,Market Close
14/04/2024 4:00,2024041404,Sunday,Market Close
14/04/2024 5:00,2024041405,Sunday,Market Close
14/04/2024 6:00,2024041406,Sunday,Market Close
14/04/2024 7:00,2024041407,Sunday,Market Close
14/04/2024 8:00,2024041408,Sunday,Market Close
14/04/2024 9:00,2024041409,Sunday,Market Close
14/04/2024 10:00,2024041410,Sunday,Market Close
14/04/2024 11:00,2024041411,Sunday,Market Close
14/04/2024 12:00,2024041412,Sunday,Market Close
14/04/2024 13:00,2024041413,Sunday,Market Close
14/04/2024 14:00,2024041414,Sunday,Market Close
14/04/2024 15:00,2024041415,Sunday,Market Close
14/04/2024 16:00,2024041416,Sunday,Market Close
14/04/2024 17:00,2024041417,Sunday,Market Close
14/04/2024 18:00,2024041418,Sunday,Market Close
14/04/2024 19:00,2024041419,Sunday,Market Close
14/04/2024 20:00,2024041420,Sunday,Market Close
19/04/2024 21:00,2024041921,Friday,Market Close
19/04/2024 22:00,2024041922,Friday,Market Close
19/04/2024 23:00,2024041923,Friday,Market Close
20/04/2024 0:00,2024042000,Saturday,Market Close
20/04/2024 1:00,2024042001,Saturday,Market Close
20/04/2024 2:00,2024042002,Saturday,Market Close
20/04/2024 3:00,2024042003,Saturday,Market Close
20/04/2024 4:00,2024042004,Saturday,Market Close
20/04/2024 5:00,2024042005,Saturday,Market Close
20/04/2024 6:00,2024042006,Saturday,Market Close
20/04/2024 7:00,2024042007,Saturday,Market Close
20/04/2024 8:00,2024042008,Saturday,Market Close
20/04/2024 9:00,2024042009,Saturday,Market Close
20/04/2024 10:00,2024042010,Saturday,Market Close
20/04/2024 11:00,2024042011,Saturday,Market Close
20/04/2024 12:00,2024042012,Saturday,Market Close
20/04/2024 13:00,2024042013,Saturday,Market Close
20/04/2024 14:00,2024042014,Saturday,Market Close
20/04/2024 15:00,2024042015,Saturday,Market Close
20/04/2024 16:00,2024042016,Saturday,Market Close
20/04/2024 17:00,2024042017,Saturday,Market Close
20/04/2024 18:00,2024042018,Saturday,Market Close
20/04/2024 19:00,2024042019,Saturday,Market Close
20/04/2024 20:00,2024042020,Saturday,Market Close
20/04/2024 21:00,2024042021,Saturday,Market Close
20/04/2024 22:00,2024042022,Saturday,Market Close
20/04/2024 23:00,2024042023,Saturday,Market Close
21/04/2024 0:00,2024042100,Sunday,Market Close
21/04/2024 1:00,2024042101,Sunday,Market Close
21/04/2024 2:00,2024042102,Sunday,Market Close
21/04/2024 3:00,2024042103,Sunday,Market Close
21/04/2024 4:00,2024042104,Sunday,Market Close
21/04/2024 5:00,2024042105,Sunday,Market Close
21/04/2024 6:00,2024042106,Sunday,Market Close
21/04/2024 7:00,2024042107,Sunday,Market Close
21/04/2024 8:00,2024042108,Sunday,Market Close
21/04/2024 9:00,2024042109,Sunday,Market Close
21/04/2024 10:00,2024042110,Sunday,Market Close
21/04/2024 11:00,2024042111,Sunday,Market Close
21/04/2024 12:00,2024042112,Sunday,Market Close
21/04/2024 13:00,2024042113,Sunday,Market Close
21/04/2024 14:00,2024042114,Sunday,Market Close
21/04/2024 15:00,2024042115,Sunday,Market Close
21/04/2024 16:00,2024042116,Sunday,Market Close
21/04/2024 17:00,2024042117,Sunday,Market Close
21/04/2024 18:00,2024042118,Sunday,Market Close
21/04/2024 19:00,2024042119,Sunday,Market Close
21/04/2024 20:00,2024042120,Sunday,Market Close
26/04/2024 21:00,2024042621,Friday,Market Close
26/04/2024 22:00,2024042622,Friday,Market Close
26/04/2024 23:00,2024042623,Friday,Market Close
27/04/2024 0:00,2024042700,Saturday,Market Close
27/04/2024 1:00,2024042701,Saturday,Market Close
27/04/2024 2:00,2024042702,Saturday,Market Close
27/04/2024 3:00,2024042703,Saturday,Market Close
27/04/2024 4:00,2024042704,Saturday,Market Close
27/04/2024 5:00,2024042705,Saturday,Market Close
27/04/2024 6:00,2024042706,Saturday,Market Close
27/04/2024 7:00,2024042707,Saturday,Market Close
27/04/2024 8:00,2024042708,Saturday,Market Close
27/04/2024 9:00,2024042709,Saturday,Market Close
27/04/2024 10:00,2024042710,Saturday,Market Close
27/04/2024 11:00,2024042711,Saturday,Market Close
27/04/2024 12:00,2024042712,Saturday,Market Close
27/04/2024 13:00,2024042713,Saturday,Market Close
27/04/2024 14:00,2024042714,Saturday,Market Close
27/04/2024 15:00,2024042715,Saturday,Market Close
27/04/2024 16:00,2024042716,Saturday,Market Close
27/04/2024 17:00,2024042717,Saturday,Market Close
27/04/2024 18:00,2024042718,Saturday,Market Close
27/04/2024 19:00,2024042719,Saturday,Market Close
27/04/2024 20:00,2024042720,Saturday,Market Close
27/04/2024 21:00,2024042721,Saturday,Market Close
27/04/2024 22:00,2024042722,Saturday,Market Close
27/04/2024 23:00,2024042723,Saturday,Market Close
28/04/2024 0:00,2024042800,Sunday,Market Close
28/04/2024 1:00,2024042801,Sunday,Market Close
28/04/2024 2:00,2024042802,Sunday,Market Close
28/04/2024 3:00,2024042803,Sunday,Market Close
28/04/2024 4:00,2024042804,Sunday,Market Close
28/04/2024 5:00,2024042805,Sunday,Market Close
28/04/2024 6:00,2024042806,Sunday,Market Close
28/04/2024 7:00,2024042807,Sunday,Market Close
28/04/2024 8:00,2024042808,Sunday,Market Close
28/04/2024 9:00,2024042809,Sunday,Market Close
28/04/2024 10:00,2024042810,Sunday,Market Close
28/04/2024 11:00,2024042811,Sunday,Market Close
28/04/2024 12:00,2024042812,Sunday,Market Close
28/04/2024 13:00,2024042813,Sunday,Market Close
28/04/2024 14:00,2024042814,Sunday,Market Close
28/04/2024 15:00,2024042815,Sunday,Market Close
28/04/2024 16:00,2024042816,Sunday,Market Close
28/04/2024 17:00,2024042817,Sunday,Market Close
28/04/2024 18:00,2024042818,Sunday,Market Close
28/04/2024 19:00,2024042819,Sunday,Market Close
28/04/2024 20:00,2024042820,Sunday,Market Close
3/05/2024 21:00,2024050321,Friday,Market Close
3/05/2024 22:00,2024050322,Friday,Market Close
3/05/2024 23:00,2024050323,Friday,Market Close
4/05/2024 0:00,2024050400,Saturday,Market Close
4/05/2024 1:00,2024050401,Saturday,Market Close
4/05/2024 2:00,2024050402,Saturday,Market Close
4/05/2024 3:00,2024050403,Saturday,Market Close
4/05/2024 4:00,2024050404,Saturday,Market Close
4/05/2024 5:00,2024050405,Saturday,Market Close
4/05/2024 6:00,2024050406,Saturday,Market Close
4/05/2024 7:00,2024050407,Saturday,Market Close
4/05/2024 8:00,2024050408,Saturday,Market Close
4/05/2024 9:00,2024050409,Saturday,Market Close
4/05/2024 10:00,2024050410,Saturday,Market Close
4/05/2024 11:00,2024050411,Saturday,Market Close
4/05/2024 12:00,2024050412,Saturday,Market Close
4/05/2024 13:00,2024050413,Saturday,Market Close
4/05/2024 14:00,2024050414,Saturday,Market Close
4/05/2024 15:00,2024050415,Saturday,Market Close
4/05/2024 16:00,2024050416,Saturday,Market Close
4/05/2024 17:00,2024050417,Saturday,Market Close
4/05/2024 18:00,2024050418,Saturday,Market Close
4/05/2024 19:00,2024050419,Saturday,Market Close
4/05/2024 20:00,2024050420,Saturday,Market Close
4/05/2024 21:00,2024050421,Saturday,Market Close
4/05/2024 22:00,2024050422,Saturday,Market Close
4/05/2024 23:00,2024050423,Saturday,Market Close
5/05/2024 0:00,2024050500,Sunday,Market Close
5/05/2024 1:00,2024050501,Sunday,Market Close
5/05/2024 2:00,2024050502,Sunday,Market Close
5/05/2024 3:00,2024050503,Sunday,Market Close
5/05/2024 4:00,2024050504,Sunday,Market Close
5/05/2024 5:00,2024050505,Sunday,Market Close
5/05/2024 6:00,2024050506,Sunday,Market Close
5/05/2024 7:00,2024050507,Sunday,Market Close
5/05/2024 8:00,2024050508,Sunday,Market Close
5/05/2024 9:00,2024050509,Sunday,Market Close
5/05/2024 10:00,2024050510,Sunday,Market Close
5/05/2024 11:00,2024050511,Sunday,Market Close
5/05/2024 12:00,2024050512,Sunday,Market Close
5/05/2024 13:00,2024050513,Sunday,Market Close
5/05/2024 14:00,2024050514,Sunday,Market Close
5/05/2024 15:00,2024050515,Sunday,Market Close
5/05/2024 16:00,2024050516,Sunday,Market Close
5/05/2024 17:00,2024050517,Sunday,Market Close
5/05/2024 18:00,2024050518,Sunday,Market Close
5/05/2024 19:00,2024050519,Sunday,Market Close
5/05/2024 20:00,2024050520,Sunday,Market Close
10/05/2024 21:00,2024051021,Friday,Market Close
10/05/2024 22:00,2024051022,Friday,Market Close
10/05/2024 23:00,2024051023,Friday,Market Close
11/05/2024 0:00,2024051100,Saturday,Market Close
11/05/2024 1:00,2024051101,Saturday,Market Close
11/05/2024 2:00,2024051102,Saturday,Market Close
11/05/2024 3:00,2024051103,Saturday,Market Close
11/05/2024 4:00,2024051104,Saturday,Market Close
11/05/2024 5:00,2024051105,Saturday,Market Close
11/05/2024 6:00,2024051106,Saturday,Market Close
11/05/2024 7:00,2024051107,Saturday,Market Close
11/05/2024 8:00,2024051108,Saturday,Market Close
11/05/2024 9:00,2024051109,Saturday,Market Close
11/05/2024 10:00,2024051110,Saturday,Market Close
11/05/2024 11:00,2024051111,Saturday,Market Close
11/05/2024 12:00,2024051112,Saturday,Market Close
11/05/2024 13:00,2024051113,Saturday,Market Close
11/05/2024 14:00,2024051114,Saturday,Market Close
11/05/2024 15:00,2024051115,Saturday,Market Close
11/05/2024 16:00,2024051116,Saturday,Market Close
11/05/2024 17:00,2024051117,Saturday,Market Close
11/05/2024 18:00,2024051118,Saturday,Market Close
11/05/2024 19:00,2024051119,Saturday,Market Close
11/05/2024 20:00,2024051120,Saturday,Market Close
11/05/2024 21:00,2024051121,Saturday,Market Close
11/05/2024 22:00,2024051122,Saturday,Market Close
11/05/2024 23:00,2024051123,Saturday,Market Close
12/05/2024 0:00,2024051200,Sunday,Market Close
12/05/2024 1:00,2024051201,Sunday,Market Close
12/05/2024 2:00,2024051202,Sunday,Market Close
12/05/2024 3:00,2024051203,Sunday,Market Close
12/05/2024 4:00,2024051204,Sunday,Market Close
12/05/2024 5:00,2024051205,Sunday,Market Close
12/05/2024 6:00,2024051206,Sunday,Market Close
12/05/2024 7:00,2024051207,Sunday,Market Close
12/05/2024 8:00,2024051208,Sunday,Market Close
12/05/2024 9:00,2024051209,Sunday,Market Close
12/05/2024 10:00,2024051210,Sunday,Market Close
12/05/2024 11:00,2024051211,Sunday,Market Close
12/05/2024 12:00,2024051212,Sunday,Market Close
12/05/2024 13:00,2024051213,Sunday,Market Close
12/05/2024 14:00,2024051214,Sunday,Market Close
12/05/2024 15:00,2024051215,Sunday,Market Close
12/05/2024 16:00,2024051216,Sunday,Market Close
12/05/2024 17:00,2024051217,Sunday,Market Close
12/05/2024 18:00,2024051218,Sunday,Market Close
12/05/2024 19:00,2024051219,Sunday,Market Close
12/05/2024 20:00,2024051220,Sunday,Market Close
17/05/2024 21:00,2024051721,Friday,Market Close
17/05/2024 22:00,2024051722,Friday,Market Close
17/05/2024 23:00,2024051723,Friday,Market Close
18/05/2024 0:00,2024051800,Saturday,Market Close
18/05/2024 1:00,2024051801,Saturday,Market Close
18/05/2024 2:00,2024051802,Saturday,Market Close
18/05/2024 3:00,2024051803,Saturday,Market Close
18/05/2024 4:00,2024051804,Saturday,Market Close
18/05/2024 5:00,2024051805,Saturday,Market Close
18/05/2024 6:00,2024051806,Saturday,Market Close
18/05/2024 7:00,2024051807,Saturday,Market Close
18/05/2024 8:00,2024051808,Saturday,Market Close
18/05/2024 9:00,2024051809,Saturday,Market Close
18/05/2024 10:00,2024051810,Saturday,Market Close
18/05/2024 11:00,2024051811,Saturday,Market Close
18/05/2024 12:00,2024051812,Saturday,Market Close
18/05/2024 13:00,2024051813,Saturday,Market Close
18/05/2024 14:00,2024051814,Saturday,Market Close
18/05/2024 15:00,2024051815,Saturday,Market Close
18/05/2024 16:00,2024051816,Saturday,Market Close
18/05/2024 17:00,2024051817,Saturday,Market Close
18/05/2024 18:00,2024051818,Saturday,Market Close
18/05/2024 19:00,2024051819,Saturday,Market Close
18/05/2024 20:00,2024051820,Saturday,Market Close
18/05/2024 21:00,2024051821,Saturday,Market Close
18/05/2024 22:00,2024051822,Saturday,Market Close
18/05/2024 23:00,2024051823,Saturday,Market Close
19/05/2024 0:00,2024051900,Sunday,Market Close
19/05/2024 1:00,2024051901,Sunday,Market Close
19/05/2024 2:00,2024051902,Sunday,Market Close
19/05/2024 3:00,2024051903,Sunday,Market Close
19/05/2024 4:00,2024051904,Sunday,Market Close
19/05/2024 5:00,2024051905,Sunday,Market Close
19/05/2024 6:00,2024051906,Sunday,Market Close
19/05/2024 7:00,2024051907,Sunday,Market Close
19/05/2024 8:00,2024051908,Sunday,Market Close
19/05/2024 9:00,2024051909,Sunday,Market Close
19/05/2024 10:00,2024051910,Sunday,Market Close
19/05/2024 11:00,2024051911,Sunday,Market Close
19/05/2024 12:00,2024051912,Sunday,Market Close
19/05/2024 13:00,2024051913,Sunday,Market Close
19/05/2024 14:00,2024051914,Sunday,Market Close
19/05/2024 15:00,2024051915,Sunday,Market Close
19/05/2024 16:00,2024051916,Sunday,Market Close
19/05/2024 17:00,2024051917,Sunday,Market Close
19/05/2024 18:00,2024051918,Sunday,Market Close
19/05/2024 19:00,2024051919,Sunday,Market Close
19/05/2024 20:00,2024051920,Sunday,Market Close
24/05/2024 21:00,2024052421,Friday,Market Close
24/05/2024 22:00,2024052422,Friday,Market Close
24/05/2024 23:00,2024052423,Friday,Market Close
25/05/2024 0:00,2024052500,Saturday,Market Close
25/05/2024 1:00,2024052501,Saturday,Market Close
25/05/2024 2:00,2024052502,Saturday,Market Close
25/05/2024 3:00,2024052503,Saturday,Market Close
25/05/2024 4:00,2024052504,Saturday,Market Close
25/05/2024 5:00,2024052505,Saturday,Market Close
25/05/2024 6:00,2024052506,Saturday,Market Close
25/05/2024 7:00,2024052507,Saturday,Market Close
25/05/2024 8:00,2024052508,Saturday,Market Close
25/05/2024 9:00,2024052509,Saturday,Market Close
25/05/2024 10:00,2024052510,Saturday,Market Close
25/05/2024 11:00,2024052511,Saturday,Market Close
25/05/2024 12:00,2024052512,Saturday,Market Close
25/05/2024 13:00,2024052513,Saturday,Market Close
25/05/2024 14:00,2024052514,Saturday,Market Close
25/05/2024 15:00,2024052515,Saturday,Market Close
25/05/2024 16:00,2024052516,Saturday,Market Close
25/05/2024 17:00,2024052517,Saturday,Market Close
25/05/2024 18:00,2024052518,Saturday,Market Close
25/05/2024 19:00,2024052519,Saturday,Market Close
25/05/2024 20:00,2024052520,Saturday,Market Close
25/05/2024 21:00,2024052521,Saturday,Market Close
25/05/2024 22:00,2024052522,Saturday,Market Close
25/05/2024 23:00,2024052523,Saturday,Market Close
26/05/2024 0:00,2024052600,Sunday,Market Close
26/05/2024 1:00,2024052601,Sunday,Market Close
26/05/2024 2:00,2024052602,Sunday,Market Close
26/05/2024 3:00,2024052603,Sunday,Market Close
26/05/2024 4:00,2024052604,Sunday,Market Close
26/05/2024 5:00,2024052605,Sunday,Market Close
26/05/2024 6:00,2024052606,Sunday,Market Close
26/05/2024 7:00,2024052607,Sunday,Market Close
26/05/2024 8:00,2024052608,Sunday,Market Close
26/05/2024 9:00,2024052609,Sunday,Market Close
26/05/2024 10:00,2024052610,Sunday,Market Close
26/05/2024 11:00,2024052611,Sunday,Market Close
26/05/2024 12:00,2024052612,Sunday,Market Close
26/05/2024 13:00,2024052613,Sunday,Market Close
26/05/2024 14:00,2024052614,Sunday,Market Close
26/05/2024 15:00,2024052615,Sunday,Market Close
26/05/2024 16:00,2024052616,Sunday,Market Close
26/05/2024 17:00,2024052617,Sunday,Market Close
26/05/2024 18:00,2024052618,Sunday,Market Close
26/05/2024 19:00,2024052619,Sunday,Market Close
26/05/2024 20:00,2024052620,Sunday,Market Close
31/05/2024 21:00,2024053121,Friday,Market Close
31/05/2024 22:00,2024053122,Friday,Market Close
31/05/2024 23:00,2024053123,Friday,Market Close
1/06/2024 0:00,2024060100,Saturday,Market Close
1/06/2024 1:00,2024060101,Saturday,Market Close
1/06/2024 2:00,2024060102,Saturday,Market Close
1/06/2024 3:00,2024060103,Saturday,Market Close
1/06/2024 4:00,2024060104,Saturday,Market Close
1/06/2024 5:00,2024060105,Saturday,Market Close
1/06/2024 6:00,2024060106,Saturday,Market Close
1/06/2024 7:00,2024060107,Saturday,Market Close
1/06/2024 8:00,2024060108,Saturday,Market Close
1/06/2024 9:00,2024060109,Saturday,Market Close
1/06/2024 10:00,2024060110,Saturday,Market Close
1/06/2024 11:00,2024060111,Saturday,Market Close
1/06/2024 12:00,2024060112,Saturday,Market Close
1/06/2024 13:00,2024060113,Saturday,Market Close
1/06/2024 14:00,2024060114,Saturday,Market Close
1/06/2024 15:00,2024060115,Saturday,Market Close
1/06/2024 16:00,2024060116,Saturday,Market Close
1/06/2024 17:00,2024060117,Saturday,Market Close
1/06/2024 18:00,2024060118,Saturday,Market Close
1/06/2024 19:00,2024060119,Saturday,Market Close
1/06/2024 20:00,2024060120,Saturday,Market Close
1/06/2024 21:00,2024060121,Saturday,Market Close
1/06/2024 22:00,2024060122,Saturday,Market Close
1/06/2024 23:00,2024060123,Saturday,Market Close
2/06/2024 0:00,2024060200,Sunday,Market Close
2/06/2024 1:00,2024060201,Sunday,Market Close
2/06/2024 2:00,2024060202,Sunday,Market Close
2/06/2024 3:00,2024060203,Sunday,Market Close
2/06/2024 4:00,2024060204,Sunday,Market Close
2/06/2024 5:00,2024060205,Sunday,Market Close
2/06/2024 6:00,2024060206,Sunday,Market Close
2/06/2024 7:00,2024060207,Sunday,Market Close
2/06/2024 8:00,2024060208,Sunday,Market Close
2/06/2024 9:00,2024060209,Sunday,Market Close
2/06/2024 10:00,2024060210,Sunday,Market Close
2/06/2024 11:00,2024060211,Sunday,Market Close
2/06/2024 12:00,2024060212,Sunday,Market Close
2/06/2024 13:00,2024060213,Sunday,Market Close
2/06/2024 14:00,2024060214,Sunday,Market Close
2/06/2024 15:00,2024060215,Sunday,Market Close
2/06/2024 16:00,2024060216,Sunday,Market Close
2/06/2024 17:00,2024060217,Sunday,Market Close
2/06/2024 18:00,2024060218,Sunday,Market Close
2/06/2024 19:00,2024060219,Sunday,Market Close
2/06/2024 20:00,2024060220,Sunday,Market Close
7/06/2024 21:00,2024060721,Friday,Market Close
7/06/2024 22:00,2024060722,Friday,Market Close
7/06/2024 23:00,2024060723,Friday,Market Close
8/06/2024 0:00,2024060800,Saturday,Market Close
8/06/2024 1:00,2024060801,Saturday,Market Close
8/06/2024 2:00,2024060802,Saturday,Market Close
8/06/2024 3:00,2024060803,Saturday,Market Close
8/06/2024 4:00,2024060804,Saturday,Market Close
8/06/2024 5:00,2024060805,Saturday,Market Close
8/06/2024 6:00,2024060806,Saturday,Market Close
8/06/2024 7:00,2024060807,Saturday,Market Close
8/06/2024 8:00,2024060808,Saturday,Market Close
8/06/2024 9:00,2024060809,Saturday,Market Close
8/06/2024 10:00,2024060810,Saturday,Market Close
8/06/2024 11:00,2024060811,Saturday,Market Close
8/06/2024 12:00,2024060812,Saturday,Market Close
8/06/2024 13:00,2024060813,Saturday,Market Close
8/06/2024 14:00,2024060814,Saturday,Market Close
8/06/2024 15:00,2024060815,Saturday,Market Close
8/06/2024 16:00,2024060816,Saturday,Market Close
8/06/2024 17:00,2024060817,Saturday,Market Close
8/06/2024 18:00,2024060818,Saturday,Market Close
8/06/2024 19:00,2024060819,Saturday,Market Close
8/06/2024 20:00,2024060820,Saturday,Market Close
8/06/2024 21:00,2024060821,Saturday,Market Close
8/06/2024 22:00,2024060822,Saturday,Market Close
8/06/2024 23:00,2024060823,Saturday,Market Close
9/06/2024 0:00,2024060900,Sunday,Market Close
9/06/2024 1:00,2024060901,Sunday,Market Close
9/06/2024 2:00,2024060902,Sunday,Market Close
9/06/2024 3:00,2024060903,Sunday,Market Close
9/06/2024 4:00,2024060904,Sunday,Market Close
9/06/2024 5:00,2024060905,Sunday,Market Close
9/06/2024 6:00,2024060906,Sunday,Market Close
9/06/2024 7:00,2024060907,Sunday,Market Close
9/06/2024 8:00,2024060908,Sunday,Market Close
9/06/2024 9:00,2024060909,Sunday,Market Close
9/06/2024 10:00,2024060910,Sunday,Market Close
9/06/2024 11:00,2024060911,Sunday,Market Close
9/06/2024 12:00,2024060912,Sunday,Market Close
9/06/2024 13:00,2024060913,Sunday,Market Close
9/06/2024 14:00,2024060914,Sunday,Market Close
9/06/2024 15:00,2024060915,Sunday,Market Close
9/06/2024 16:00,2024060916,Sunday,Market Close
9/06/2024 17:00,2024060917,Sunday,Market Close
9/06/2024 18:00,2024060918,Sunday,Market Close
9/06/2024 19:00,2024060919,Sunday,Market Close
9/06/2024 20:00,2024060920,Sunday,Market Close
14/06/2024 21:00,2024061421,Friday,Market Close
14/06/2024 22:00,2024061422,Friday,Market Close
14/06/2024 23:00,2024061423,Friday,Market Close
15/06/2024 0:00,2024061500,Saturday,Market Close
15/06/2024 1:00,2024061501,Saturday,Market Close
15/06/2024 2:00,2024061502,Saturday,Market Close
15/06/2024 3:00,2024061503,Saturday,Market Close
15/06/2024 4:00,2024061504,Saturday,Market Close
15/06/2024 5:00,2024061505,Saturday,Market Close
15/06/2024 6:00,2024061506,Saturday,Market Close
15/06/2024 7:00,2024061507,Saturday,Market Close
15/06/2024 8:00,2024061508,Saturday,Market Close
15/06/2024 9:00,2024061509,Saturday,Market Close
15/06/2024 10:00,2024061510,Saturday,Market Close
15/06/2024 11:00,2024061511,Saturday,Market Close
15/06/2024 12:00,2024061512,Saturday,Market Close
15/06/2024 13:00,2024061513,Saturday,Market Close
15/06/2024 14:00,2024061514,Saturday,Market Close
15/06/2024 15:00,2024061515,Saturday,Market Close
15/06/2024 16:00,2024061516,Saturday,Market Close
15/06/2024 17:00,2024061517,Saturday,Market Close
15/06/2024 18:00,2024061518,Saturday,Market Close
15/06/2024 19:00,2024061519,Saturday,Market Close
15/06/2024 20:00,2024061520,Saturday,Market Close
15/06/2024 21:00,2024061521,Saturday,Market Close
15/06/2024 22:00,2024061522,Saturday,Market Close
15/06/2024 23:00,2024061523,Saturday,Market Close
16/06/2024 0:00,2024061600,Sunday,Market Close
16/06/2024 1:00,2024061601,Sunday,Market Close
16/06/2024 2:00,2024061602,Sunday,Market Close
16/06/2024 3:00,2024061603,Sunday,Market Close
16/06/2024 4:00,2024061604,Sunday,Market Close
16/06/2024 5:00,2024061605,Sunday,Market Close
16/06/2024 6:00,2024061606,Sunday,Market Close
16/06/2024 7:00,2024061607,Sunday,Market Close
16/06/2024 8:00,2024061608,Sunday,Market Close
16/06/2024 9:00,2024061609,Sunday,Market Close
16/06/2024 10:00,2024061610,Sunday,Market Close
16/06/2024 11:00,2024061611,Sunday,Market Close
16/06/2024 12:00,2024061612,Sunday,Market Close
16/06/2024 13:00,2024061613,Sunday,Market Close
16/06/2024 14:00,2024061614,Sunday,Market Close
16/06/2024 15:00,2024061615,Sunday,Market Close
16/06/2024 16:00,2024061616,Sunday,Market Close
16/06/2024 17:00,2024061617,Sunday,Market Close
16/06/2024 18:00,2024061618,Sunday,Market Close
16/06/2024 19:00,2024061619,Sunday,Market Close
16/06/2024 20:00,2024061620,Sunday,Market Close
21/06/2024 21:00,2024062121,Friday,Market Close
21/06/2024 22:00,2024062122,Friday,Market Close
21/06/2024 23:00,2024062123,Friday,Market Close
22/06/2024 0:00,2024062200,Saturday,Market Close
22/06/2024 1:00,2024062201,Saturday,Market Close
22/06/2024 2:00,2024062202,Saturday,Market Close
22/06/2024 3:00,2024062203,Saturday,Market Close
22/06/2024 4:00,2024062204,Saturday,Market Close
22/06/2024 5:00,2024062205,Saturday,Market Close
22/06/2024 6:00,2024062206,Saturday,Market Close
22/06/2024 7:00,2024062207,Saturday,Market Close
22/06/2024 8:00,2024062208,Saturday,Market Close
22/06/2024 9:00,2024062209,Saturday,Market Close
22/06/2024 10:00,2024062210,Saturday,Market Close
22/06/2024 11:00,2024062211,Saturday,Market Close
22/06/2024 12:00,2024062212,Saturday,Market Close
22/06/2024 13:00,2024062213,Saturday,Market Close
22/06/2024 14:00,2024062214,Saturday,Market Close
22/06/2024 15:00,2024062215,Saturday,Market Close
22/06/2024 16:00,2024062216,Saturday,Market Close
22/06/2024 17:00,2024062217,Saturday,Market Close
22/06/2024 18:00,2024062218,Saturday,Market Close
22/06/2024 19:00,2024062219,Saturday,Market Close
22/06/2024 20:00,2024062220,Saturday,Market Close
22/06/2024 21:00,2024062221,Saturday,Market Close
22/06/2024 22:00,2024062222,Saturday,Market Close
22/06/2024 23:00,2024062223,Saturday,Market Close
23/06/2024 0:00,2024062300,Sunday,Market Close
23/06/2024 1:00,2024062301,Sunday,Market Close
23/06/2024 2:00,2024062302,Sunday,Market Close
23/06/2024 3:00,2024062303,Sunday,Market Close
23/06/2024 4:00,2024062304,Sunday,Market Close
23/06/2024 5:00,2024062305,Sunday,Market Close
23/06/2024 6:00,2024062306,Sunday,Market Close
23/06/2024 7:00,2024062307,Sunday,Market Close
23/06/2024 8:00,2024062308,Sunday,Market Close
23/06/2024 9:00,2024062309,Sunday,Market Close
23/06/2024 10:00,2024062310,Sunday,Market Close
23/06/2024 11:00,2024062311,Sunday,Market Close
23/06/2024 12:00,2024062312,Sunday,Market Close
23/06/2024 13:00,2024062313,Sunday,Market Close
23/06/2024 14:00,2024062314,Sunday,Market Close
23/06/2024 15:00,2024062315,Sunday,Market Close
23/06/2024 16:00,2024062316,Sunday,Market Close
23/06/2024 17:00,2024062317,Sunday,Market Close
23/06/2024 18:00,2024062318,Sunday,Market Close
23/06/2024 19:00,2024062319,Sunday,Market Close
23/06/2024 20:00,2024062320,Sunday,Market Close
28/06/2024 21:00,2024062821,Friday,Market Close
28/06/2024 22:00,2024062822,Friday,Market Close
28/06/2024 23:00,2024062823,Friday,Market Close
29/06/2024 0:00,2024062900,Saturday,Market Close
29/06/2024 1:00,2024062901,Saturday,Market Close
29/06/2024 2:00,2024062902,Saturday,Market Close
29/06/2024 3:00,2024062903,Saturday,Market Close
29/06/2024 4:00,2024062904,Saturday,Market Close
29/06/2024 5:00,2024062905,Saturday,Market Close
29/06/2024 6:00,2024062906,Saturday,Market Close
29/06/2024 7:00,2024062907,Saturday,Market Close
29/06/2024 8:00,2024062908,Saturday,Market Close
29/06/2024 9:00,2024062909,Saturday,Market Close
29/06/2024 10:00,2024062910,Saturday,Market Close
29/06/2024 11:00,2024062911,Saturday,Market Close
29/06/2024 12:00,2024062912,Saturday,Market Close
29/06/2024 13:00,2024062913,Saturday,Market Close
29/06/2024 14:00,2024062914,Saturday,Market Close
29/06/2024 15:00,2024062915,Saturday,Market Close
29/06/2024 16:00,2024062916,Saturday,Market Close
29/06/2024 17:00,2024062917,Saturday,Market Close
29/06/2024 18:00,2024062918,Saturday,Market Close
29/06/2024 19:00,2024062919,Saturday,Market Close
29/06/2024 20:00,2024062920,Saturday,Market Close
29/06/2024 21:00,2024062921,Saturday,Market Close
29/06/2024 22:00,2024062922,Saturday,Market Close
29/06/2024 23:00,2024062923,Saturday,Market Close
30/06/2024 0:00,2024063000,Sunday,Market Close
30/06/2024 1:00,2024063001,Sunday,Market Close
30/06/2024 2:00,2024063002,Sunday,Market Close
30/06/2024 3:00,2024063003,Sunday,Market Close
30/06/2024 4:00,2024063004,Sunday,Market Close
30/06/2024 5:00,2024063005,Sunday,Market Close
30/06/2024 6:00,2024063006,Sunday,Market Close
30/06/2024 7:00,2024063007,Sunday,Market Close
30/06/2024 8:00,2024063008,Sunday,Market Close
30/06/2024 9:00,2024063009,Sunday,Market Close
30/06/2024 10:00,2024063010,Sunday,Market Close
30/06/2024 11:00,2024063011,Sunday,Market Close
30/06/2024 12:00,2024063012,Sunday,Market Close
30/06/2024 13:00,2024063013,Sunday,Market Close
30/06/2024 14:00,2024063014,Sunday,Market Close
30/06/2024 15:00,2024063015,Sunday,Market Close
30/06/2024 16:00,2024063016,Sunday,Market Close
30/06/2024 17:00,2024063017,Sunday,Market Close
30/06/2024 18:00,2024063018,Sunday,Market Close
30/06/2024 19:00,2024063019,Sunday,Market Close
30/06/2024 20:00,2024063020,Sunday,Market Close
5/07/2024 21:00,2024070521,Friday,Market Close
5/07/2024 22:00,2024070522,Friday,Market Close
5/07/2024 23:00,2024070523,Friday,Market Close
6/07/2024 0:00,2024070600,Saturday,Market Close
6/07/2024 1:00,2024070601,Saturday,Market Close
6/07/2024 2:00,2024070602,Saturday,Market Close
6/07/2024 3:00,2024070603,Saturday,Market Close
6/07/2024 4:00,2024070604,Saturday,Market Close
6/07/2024 5:00,2024070605,Saturday,Market Close
6/07/2024 6:00,2024070606,Saturday,Market Close
6/07/2024 7:00,2024070607,Saturday,Market Close
6/07/2024 8:00,2024070608,Saturday,Market Close
6/07/2024 9:00,2024070609,Saturday,Market Close
6/07/2024 10:00,2024070610,Saturday,Market Close
6/07/2024 11:00,2024070611,Saturday,Market Close
6/07/2024 12:00,2024070612,Saturday,Market Close
6/07/2024 13:00,2024070613,Saturday,Market Close
6/07/2024 14:00,2024070614,Saturday,Market Close
6/07/2024 15:00,2024070615,Saturday,Market Close
6/07/2024 16:00,2024070616,Saturday,Market Close
6/07/2024 17:00,2024070617,Saturday,Market Close
6/07/2024 18:00,2024070618,Saturday,Market Close
6/07/2024 19:00,2024070619,Saturday,Market Close
6/07/2024 20:00,2024070620,Saturday,Market Close
6/07/2024 21:00,2024070621,Saturday,Market Close
6/07/2024 22:00,2024070622,Saturday,Market Close
6/07/2024 23:00,2024070623,Saturday,Market Close
7/07/2024 0:00,2024070700,Sunday,Market Close
7/07/2024 1:00,2024070701,Sunday,Market Close
7/07/2024 2:00,2024070702,Sunday,Market Close
7/07/2024 3:00,2024070703,Sunday,Market Close
7/07/2024 4:00,2024070704,Sunday,Market Close
7/07/2024 5:00,2024070705,Sunday,Market Close
7/07/2024 6:00,2024070706,Sunday,Market Close
7/07/2024 7:00,2024070707,Sunday,Market Close
7/07/2024 8:00,2024070708,Sunday,Market Close
7/07/2024 9:00,2024070709,Sunday,Market Close
7/07/2024 10:00,2024070710,Sunday,Market Close
7/07/2024 11:00,2024070711,Sunday,Market Close
7/07/2024 12:00,2024070712,Sunday,Market Close
7/07/2024 13:00,2024070713,Sunday,Market Close
7/07/2024 14:00,2024070714,Sunday,Market Close
7/07/2024 15:00,2024070715,Sunday,Market Close
7/07/2024 16:00,2024070716,Sunday,Market Close
7/07/2024 17:00,2024070717,Sunday,Market Close
7/07/2024 18:00,2024070718,Sunday,Market Close
7/07/2024 19:00,2024070719,Sunday,Market Close
7/07/2024 20:00,2024070720,Sunday,Market Close
12/07/2024 21:00,2024071221,Friday,Market Close
12/07/2024 22:00,2024071222,Friday,Market Close
12/07/2024 23:00,2024071223,Friday,Market Close
13/07/2024 0:00,2024071300,Saturday,Market Close
13/07/2024 1:00,2024071301,Saturday,Market Close
13/07/2024 2:00,2024071302,Saturday,Market Close
13/07/2024 3:00,2024071303,Saturday,Market Close
13/07/2024 4:00,2024071304,Saturday,Market Close
13/07/2024 5:00,2024071305,Saturday,Market Close
13/07/2024 6:00,2024071306,Saturday,Market Close
13/07/2024 7:00,2024071307,Saturday,Market Close
13/07/2024 8:00,2024071308,Saturday,Market Close
13/07/2024 9:00,2024071309,Saturday,Market Close
13/07/2024 10:00,2024071310,Saturday,Market Close
13/07/2024 11:00,2024071311,Saturday,Market Close
13/07/2024 12:00,2024071312,Saturday,Market Close
13/07/2024 13:00,2024071313,Saturday,Market Close
13/07/2024 14:00,2024071314,Saturday,Market Close
13/07/2024 15:00,2024071315,Saturday,Market Close
13/07/2024 16:00,2024071316,Saturday,Market Close
13/07/2024 17:00,2024071317,Saturday,Market Close
13/07/2024 18:00,2024071318,Saturday,Market Close
13/07/2024 19:00,2024071319,Saturday,Market Close
13/07/2024 20:00,2024071320,Saturday,Market Close
13/07/2024 21:00,2024071321,Saturday,Market Close
13/07/2024 22:00,2024071322,Saturday,Market Close
13/07/2024 23:00,2024071323,Saturday,Market Close
14/07/2024 0:00,2024071400,Sunday,Market Close
14/07/2024 1:00,2024071401,Sunday,Market Close
14/07/2024 2:00,2024071402,Sunday,Market Close
14/07/2024 3:00,2024071403,Sunday,Market Close
14/07/2024 4:00,2024071404,Sunday,Market Close
14/07/2024 5:00,2024071405,Sunday,Market Close
14/07/2024 6:00,2024071406,Sunday,Market Close
14/07/2024 7:00,2024071407,Sunday,Market Close
14/07/2024 8:00,2024071408,Sunday,Market Close
14/07/2024 9:00,2024071409,Sunday,Market Close
14/07/2024 10:00,2024071410,Sunday,Market Close
14/07/2024 11:00,2024071411,Sunday,Market Close
14/07/2024 12:00,2024071412,Sunday,Market Close
14/07/2024 13:00,2024071413,Sunday,Market Close
14/07/2024 14:00,2024071414,Sunday,Market Close
14/07/2024 15:00,2024071415,Sunday,Market Close
14/07/2024 16:00,2024071416,Sunday,Market Close
14/07/2024 17:00,2024071417,Sunday,Market Close
14/07/2024 18:00,2024071418,Sunday,Market Close
14/07/2024 19:00,2024071419,Sunday,Market Close
14/07/2024 20:00,2024071420,Sunday,Market Close
19/07/2024 21:00,2024071921,Friday,Market Close
19/07/2024 22:00,2024071922,Friday,Market Close
19/07/2024 23:00,2024071923,Friday,Market Close
20/07/2024 0:00,2024072000,Saturday,Market Close
20/07/2024 1:00,2024072001,Saturday,Market Close
20/07/2024 2:00,2024072002,Saturday,Market Close
20/07/2024 3:00,2024072003,Saturday,Market Close
20/07/2024 4:00,2024072004,Saturday,Market Close
20/07/2024 5:00,2024072005,Saturday,Market Close
20/07/2024 6:00,2024072006,Saturday,Market Close
20/07/2024 7:00,2024072007,Saturday,Market Close
20/07/2024 8:00,2024072008,Saturday,Market Close
20/07/2024 9:00,2024072009,Saturday,Market Close
20/07/2024 10:00,2024072010,Saturday,Market Close
20/07/2024 11:00,2024072011,Saturday,Market Close
20/07/2024 12:00,2024072012,Saturday,Market Close
20/07/2024 13:00,2024072013,Saturday,Market Close
20/07/2024 14:00,2024072014,Saturday,Market Close
20/07/2024 15:00,2024072015,Saturday,Market Close
20/07/2024 16:00,2024072016,Saturday,Market Close
20/07/2024 17:00,2024072017,Saturday,Market Close
20/07/2024 18:00,2024072018,Saturday,Market Close
20/07/2024 19:00,2024072019,Saturday,Market Close
20/07/2024 20:00,2024072020,Saturday,Market Close
20/07/2024 21:00,2024072021,Saturday,Market Close
20/07/2024 22:00,2024072022,Saturday,Market Close
20/07/2024 23:00,2024072023,Saturday,Market Close
21/07/2024 0:00,2024072100,Sunday,Market Close
21/07/2024 1:00,2024072101,Sunday,Market Close
21/07/2024 2:00,2024072102,Sunday,Market Close
21/07/2024 3:00,2024072103,Sunday,Market Close
21/07/2024 4:00,2024072104,Sunday,Market Close
21/07/2024 5:00,2024072105,Sunday,Market Close
21/07/2024 6:00,2024072106,Sunday,Market Close
21/07/2024 7:00,2024072107,Sunday,Market Close
21/07/2024 8:00,2024072108,Sunday,Market Close
21/07/2024 9:00,2024072109,Sunday,Market Close
21/07/2024 10:00,2024072110,Sunday,Market Close
21/07/2024 11:00,2024072111,Sunday,Market Close
21/07/2024 12:00,2024072112,Sunday,Market Close
21/07/2024 13:00,2024072113,Sunday,Market Close
21/07/2024 14:00,2024072114,Sunday,Market Close
21/07/2024 15:00,2024072115,Sunday,Market Close
21/07/2024 16:00,2024072116,Sunday,Market Close
21/07/2024 17:00,2024072117,Sunday,Market Close
21/07/2024 18:00,2024072118,Sunday,Market Close
21/07/2024 19:00,2024072119,Sunday,Market Close
21/07/2024 20:00,2024072120,Sunday,Market Close
26/07/2024 21:00,2024072621,Friday,Market Close
26/07/2024 22:00,2024072622,Friday,Market Close
26/07/2024 23:00,2024072623,Friday,Market Close
27/07/2024 0:00,2024072700,Saturday,Market Close
27/07/2024 1:00,2024072701,Saturday,Market Close
27/07/2024 2:00,2024072702,Saturday,Market Close
27/07/2024 3:00,2024072703,Saturday,Market Close
27/07/2024 4:00,2024072704,Saturday,Market Close
27/07/2024 5:00,2024072705,Saturday,Market Close
27/07/2024 6:00,2024072706,Saturday,Market Close
27/07/2024 7:00,2024072707,Saturday,Market Close
27/07/2024 8:00,2024072708,Saturday,Market Close
27/07/2024 9:00,2024072709,Saturday,Market Close
27/07/2024 10:00,2024072710,Saturday,Market Close
27/07/2024 11:00,2024072711,Saturday,Market Close
27/07/2024 12:00,2024072712,Saturday,Market Close
27/07/2024 13:00,2024072713,Saturday,Market Close
27/07/2024 14:00,2024072714,Saturday,Market Close
27/07/2024 15:00,2024072715,Saturday,Market Close
27/07/2024 16:00,2024072716,Saturday,Market Close
27/07/2024 17:00,2024072717,Saturday,Market Close
27/07/2024 18:00,2024072718,Saturday,Market Close
27/07/2024 19:00,2024072719,Saturday,Market Close
27/07/2024 20:00,2024072720,Saturday,Market Close
27/07/2024 21:00,2024072721,Saturday,Market Close
27/07/2024 22:00,2024072722,Saturday,Market Close
27/07/2024 23:00,2024072723,Saturday,Market Close
28/07/2024 0:00,2024072800,Sunday,Market Close
28/07/2024 1:00,2024072801,Sunday,Market Close
28/07/2024 2:00,2024072802,Sunday,Market Close
28/07/2024 3:00,2024072803,Sunday,Market Close
28/07/2024 4:00,2024072804,Sunday,Market Close
28/07/2024 5:00,2024072805,Sunday,Market Close
28/07/2024 6:00,2024072806,Sunday,Market Close
28/07/2024 7:00,2024072807,Sunday,Market Close
28/07/2024 8:00,2024072808,Sunday,Market Close
28/07/2024 9:00,2024072809,Sunday,Market Close
28/07/2024 10:00,2024072810,Sunday,Market Close
28/07/2024 11:00,2024072811,Sunday,Market Close
28/07/2024 12:00,2024072812,Sunday,Market Close
28/07/2024 13:00,2024072813,Sunday,Market Close
28/07/2024 14:00,2024072814,Sunday,Market Close
28/07/2024 15:00,2024072815,Sunday,Market Close
28/07/2024 16:00,2024072816,Sunday,Market Close
28/07/2024 17:00,2024072817,Sunday,Market Close
28/07/2024 18:00,2024072818,Sunday,Market Close
28/07/2024 19:00,2024072819,Sunday,Market Close
28/07/2024 20:00,2024072820,Sunday,Market Close
2/08/2024 21:00,2024080221,Friday,Market Close
2/08/2024 22:00,2024080222,Friday,Market Close
2/08/2024 23:00,2024080223,Friday,Market Close
3/08/2024 0:00,2024080300,Saturday,Market Close
3/08/2024 1:00,2024080301,Saturday,Market Close
3/08/2024 2:00,2024080302,Saturday,Market Close
3/08/2024 3:00,2024080303,Saturday,Market Close
3/08/2024 4:00,2024080304,Saturday,Market Close
3/08/2024 5:00,2024080305,Saturday,Market Close
3/08/2024 6:00,2024080306,Saturday,Market Close
3/08/2024 7:00,2024080307,Saturday,Market Close
3/08/2024 8:00,2024080308,Saturday,Market Close
3/08/2024 9:00,2024080309,Saturday,Market Close
3/08/2024 10:00,2024080310,Saturday,Market Close
3/08/2024 11:00,2024080311,Saturday,Market Close
3/08/2024 12:00,2024080312,Saturday,Market Close
3/08/2024 13:00,2024080313,Saturday,Market Close
3/08/2024 14:00,2024080314,Saturday,Market Close
3/08/2024 15:00,2024080315,Saturday,Market Close
3/08/2024 16:00,2024080316,Saturday,Market Close
3/08/2024 17:00,2024080317,Saturday,Market Close
3/08/2024 18:00,2024080318,Saturday,Market Close
3/08/2024 19:00,2024080319,Saturday,Market Close
3/08/2024 20:00,2024080320,Saturday,Market Close
3/08/2024 21:00,2024080321,Saturday,Market Close
3/08/2024 22:00,2024080322,Saturday,Market Close
3/08/2024 23:00,2024080323,Saturday,Market Close
4/08/2024 0:00,2024080400,Sunday,Market Close
4/08/2024 1:00,2024080401,Sunday,Market Close
4/08/2024 2:00,2024080402,Sunday,Market Close
4/08/2024 3:00,2024080403,Sunday,Market Close
4/08/2024 4:00,2024080404,Sunday,Market Close
4/08/2024 5:00,2024080405,Sunday,Market Close
4/08/2024 6:00,2024080406,Sunday,Market Close
4/08/2024 7:00,2024080407,Sunday,Market Close
4/08/2024 8:00,2024080408,Sunday,Market Close
4/08/2024 9:00,2024080409,Sunday,Market Close
4/08/2024 10:00,2024080410,Sunday,Market Close
4/08/2024 11:00,2024080411,Sunday,Market Close
4/08/2024 12:00,2024080412,Sunday,Market Close
4/08/2024 13:00,2024080413,Sunday,Market Close
4/08/2024 14:00,2024080414,Sunday,Market Close
4/08/2024 15:00,2024080415,Sunday,Market Close
4/08/2024 16:00,2024080416,Sunday,Market Close
4/08/2024 17:00,2024080417,Sunday,Market Close
4/08/2024 18:00,2024080418,Sunday,Market Close
4/08/2024 19:00,2024080419,Sunday,Market Close
4/08/2024 20:00,2024080420,Sunday,Market Close
9/08/2024 21:00,2024080921,Friday,Market Close
9/08/2024 22:00,2024080922,Friday,Market Close
9/08/2024 23:00,2024080923,Friday,Market Close
10/08/2024 0:00,2024081000,Saturday,Market Close
10/08/2024 1:00,2024081001,Saturday,Market Close
10/08/2024 2:00,2024081002,Saturday,Market Close
10/08/2024 3:00,2024081003,Saturday,Market Close
10/08/2024 4:00,2024081004,Saturday,Market Close
10/08/2024 5:00,2024081005,Saturday,Market Close
10/08/2024 6:00,2024081006,Saturday,Market Close
10/08/2024 7:00,2024081007,Saturday,Market Close
10/08/2024 8:00,2024081008,Saturday,Market Close
10/08/2024 9:00,2024081009,Saturday,Market Close
10/08/2024 10:00,2024081010,Saturday,Market Close
10/08/2024 11:00,2024081011,Saturday,Market Close
10/08/2024 12:00,2024081012,Saturday,Market Close
10/08/2024 13:00,2024081013,Saturday,Market Close
10/08/2024 14:00,2024081014,Saturday,Market Close
10/08/2024 15:00,2024081015,Saturday,Market Close
10/08/2024 16:00,2024081016,Saturday,Market Close
10/08/2024 17:00,2024081017,Saturday,Market Close
10/08/2024 18:00,2024081018,Saturday,Market Close
10/08/2024 19:00,2024081019,Saturday,Market Close
10/08/2024 20:00,2024081020,Saturday,Market Close
10/08/2024 21:00,2024081021,Saturday,Market Close
10/08/2024 22:00,2024081022,Saturday,Market Close
10/08/2024 23:00,2024081023,Saturday,Market Close
11/08/2024 0:00,2024081100,Sunday,Market Close
11/08/2024 1:00,2024081101,Sunday,Market Close
11/08/2024 2:00,2024081102,Sunday,Market Close
11/08/2024 3:00,2024081103,Sunday,Market Close
11/08/2024 4:00,2024081104,Sunday,Market Close
11/08/2024 5:00,2024081105,Sunday,Market Close
11/08/2024 6:00,2024081106,Sunday,Market Close
11/08/2024 7:00,2024081107,Sunday,Market Close
11/08/2024 8:00,2024081108,Sunday,Market Close
11/08/2024 9:00,2024081109,Sunday,Market Close
11/08/2024 10:00,2024081110,Sunday,Market Close
11/08/2024 11:00,2024081111,Sunday,Market Close
11/08/2024 12:00,2024081112,Sunday,Market Close
11/08/2024 13:00,2024081113,Sunday,Market Close
11/08/2024 14:00,2024081114,Sunday,Market Close
11/08/2024 15:00,2024081115,Sunday,Market Close
11/08/2024 16:00,2024081116,Sunday,Market Close
11/08/2024 17:00,2024081117,Sunday,Market Close
11/08/2024 18:00,2024081118,Sunday,Market Close
11/08/2024 19:00,2024081119,Sunday,Market Close
11/08/2024 20:00,2024081120,Sunday,Market Close
16/08/2024 21:00,2024081621,Friday,Market Close
16/08/2024 22:00,2024081622,Friday,Market Close
16/08/2024 23:00,2024081623,Friday,Market Close
17/08/2024 0:00,2024081700,Saturday,Market Close
17/08/2024 1:00,2024081701,Saturday,Market Close
17/08/2024 2:00,2024081702,Saturday,Market Close
17/08/2024 3:00,2024081703,Saturday,Market Close
17/08/2024 4:00,2024081704,Saturday,Market Close
17/08/2024 5:00,2024081705,Saturday,Market Close
17/08/2024 6:00,2024081706,Saturday,Market Close
17/08/2024 7:00,2024081707,Saturday,Market Close
17/08/2024 8:00,2024081708,Saturday,Market Close
17/08/2024 9:00,2024081709,Saturday,Market Close
17/08/2024 10:00,2024081710,Saturday,Market Close
17/08/2024 11:00,2024081711,Saturday,Market Close
17/08/2024 12:00,2024081712,Saturday,Market Close
17/08/2024 13:00,2024081713,Saturday,Market Close
17/08/2024 14:00,2024081714,Saturday,Market Close
17/08/2024 15:00,2024081715,Saturday,Market Close
17/08/2024 16:00,2024081716,Saturday,Market Close
17/08/2024 17:00,2024081717,Saturday,Market Close
17/08/2024 18:00,2024081718,Saturday,Market Close
17/08/2024 19:00,2024081719,Saturday,Market Close
17/08/2024 20:00,2024081720,Saturday,Market Close
17/08/2024 21:00,2024081721,Saturday,Market Close
17/08/2024 22:00,2024081722,Saturday,Market Close
17/08/2024 23:00,2024081723,Saturday,Market Close
18/08/2024 0:00,2024081800,Sunday,Market Close
18/08/2024 1:00,2024081801,Sunday,Market Close
18/08/2024 2:00,2024081802,Sunday,Market Close
18/08/2024 3:00,2024081803,Sunday,Market Close
18/08/2024 4:00,2024081804,Sunday,Market Close
18/08/2024 5:00,2024081805,Sunday,Market Close
18/08/2024 6:00,2024081806,Sunday,Market Close
18/08/2024 7:00,2024081807,Sunday,Market Close
18/08/2024 8:00,2024081808,Sunday,Market Close
18/08/2024 9:00,2024081809,Sunday,Market Close
18/08/2024 10:00,2024081810,Sunday,Market Close
18/08/2024 11:00,2024081811,Sunday,Market Close
18/08/2024 12:00,2024081812,Sunday,Market Close
18/08/2024 13:00,2024081813,Sunday,Market Close
18/08/2024 14:00,2024081814,Sunday,Market Close
18/08/2024 15:00,2024081815,Sunday,Market Close
18/08/2024 16:00,2024081816,Sunday,Market Close
18/08/2024 17:00,2024081817,Sunday,Market Close
18/08/2024 18:00,2024081818,Sunday,Market Close
18/08/2024 19:00,2024081819,Sunday,Market Close
18/08/2024 20:00,2024081820,Sunday,Market Close
23/08/2024 21:00,2024082321,Friday,Market Close
23/08/2024 22:00,2024082322,Friday,Market Close
23/08/2024 23:00,2024082323,Friday,Market Close
24/08/2024 0:00,2024082400,Saturday,Market Close
24/08/2024 1:00,2024082401,Saturday,Market Close
24/08/2024 2:00,2024082402,Saturday,Market Close
24/08/2024 3:00,2024082403,Saturday,Market Close
24/08/2024 4:00,2024082404,Saturday,Market Close
24/08/2024 5:00,2024082405,Saturday,Market Close
24/08/2024 6:00,2024082406,Saturday,Market Close
24/08/2024 7:00,2024082407,Saturday,Market Close
24/08/2024 8:00,2024082408,Saturday,Market Close
24/08/2024 9:00,2024082409,Saturday,Market Close
24/08/2024 10:00,2024082410,Saturday,Market Close
24/08/2024 11:00,2024082411,Saturday,Market Close
24/08/2024 12:00,2024082412,Saturday,Market Close
24/08/2024 13:00,2024082413,Saturday,Market Close
24/08/2024 14:00,2024082414,Saturday,Market Close
24/08/2024 15:00,2024082415,Saturday,Market Close
24/08/2024 16:00,2024082416,Saturday,Market Close
24/08/2024 17:00,2024082417,Saturday,Market Close
24/08/2024 18:00,2024082418,Saturday,Market Close
24/08/2024 19:00,2024082419,Saturday,Market Close
24/08/2024 20:00,2024082420,Saturday,Market Close
24/08/2024 21:00,2024082421,Saturday,Market Close
24/08/2024 22:00,2024082422,Saturday,Market Close
24/08/2024 23:00,2024082423,Saturday,Market Close
25/08/2024 0:00,2024082500,Sunday,Market Close
25/08/2024 1:00,2024082501,Sunday,Market Close
25/08/2024 2:00,2024082502,Sunday,Market Close
25/08/2024 3:00,2024082503,Sunday,Market Close
25/08/2024 4:00,2024082504,Sunday,Market Close
25/08/2024 5:00,2024082505,Sunday,Market Close
25/08/2024 6:00,2024082506,Sunday,Market Close
25/08/2024 7:00,2024082507,Sunday,Market Close
25/08/2024 8:00,2024082508,Sunday,Market Close
25/08/2024 9:00,2024082509,Sunday,Market Close
25/08/2024 10:00,2024082510,Sunday,Market Close
25/08/2024 11:00,2024082511,Sunday,Market Close
25/08/2024 12:00,2024082512,Sunday,Market Close
25/08/2024 13:00,2024082513,Sunday,Market Close
25/08/2024 14:00,2024082514,Sunday,Market Close
25/08/2024 15:00,2024082515,Sunday,Market Close
25/08/2024 16:00,2024082516,Sunday,Market Close
25/08/2024 17:00,2024082517,Sunday,Market Close
25/08/2024 18:00,2024082518,Sunday,Market Close
25/08/2024 19:00,2024082519,Sunday,Market Close
25/08/2024 20:00,2024082520,Sunday,Market Close
30/08/2024 21:00,2024083021,Friday,Market Close
30/08/2024 22:00,2024083022,Friday,Market Close
30/08/2024 23:00,2024083023,Friday,Market Close
31/08/2024 0:00,2024083100,Saturday,Market Close
31/08/2024 1:00,2024083101,Saturday,Market Close
31/08/2024 2:00,2024083102,Saturday,Market Close
31/08/2024 3:00,2024083103,Saturday,Market Close
31/08/2024 4:00,2024083104,Saturday,Market Close
31/08/2024 5:00,2024083105,Saturday,Market Close
31/08/2024 6:00,2024083106,Saturday,Market Close
31/08/2024 7:00,2024083107,Saturday,Market Close
31/08/2024 8:00,2024083108,Saturday,Market Close
31/08/2024 9:00,2024083109,Saturday,Market Close
31/08/2024 10:00,2024083110,Saturday,Market Close
31/08/2024 11:00,2024083111,Saturday,Market Close
31/08/2024 12:00,2024083112,Saturday,Market Close
31/08/2024 13:00,2024083113,Saturday,Market Close
31/08/2024 14:00,2024083114,Saturday,Market Close
31/08/2024 15:00,2024083115,Saturday,Market Close
31/08/2024 16:00,2024083116,Saturday,Market Close
31/08/2024 17:00,2024083117,Saturday,Market Close
31/08/2024 18:00,2024083118,Saturday,Market Close
31/08/2024 19:00,2024083119,Saturday,Market Close
31/08/2024 20:00,2024083120,Saturday,Market Close
31/08/2024 21:00,2024083121,Saturday,Market Close
31/08/2024 22:00,2024083122,Saturday,Market Close
31/08/2024 23:00,2024083123,Saturday,Market Close
1/09/2024 0:00,2024090100,Sunday,Market Close
1/09/2024 1:00,2024090101,Sunday,Market Close
1/09/2024 2:00,2024090102,Sunday,Market Close
1/09/2024 3:00,2024090103,Sunday,Market Close
1/09/2024 4:00,2024090104,Sunday,Market Close
1/09/2024 5:00,2024090105,Sunday,Market Close
1/09/2024 6:00,2024090106,Sunday,Market Close
1/09/2024 7:00,2024090107,Sunday,Market Close
1/09/2024 8:00,2024090108,Sunday,Market Close
1/09/2024 9:00,2024090109,Sunday,Market Close
1/09/2024 10:00,2024090110,Sunday,Market Close
1/09/2024 11:00,2024090111,Sunday,Market Close
1/09/2024 12:00,2024090112,Sunday,Market Close
1/09/2024 13:00,2024090113,Sunday,Market Close
1/09/2024 14:00,2024090114,Sunday,Market Close
1/09/2024 15:00,2024090115,Sunday,Market Close
1/09/2024 16:00,2024090116,Sunday,Market Close
1/09/2024 17:00,2024090117,Sunday,Market Close
1/09/2024 18:00,2024090118,Sunday,Market Close
1/09/2024 19:00,2024090119,Sunday,Market Close
1/09/2024 20:00,2024090120,Sunday,Market Close
6/09/2024 21:00,2024090621,Friday,Market Close
6/09/2024 22:00,2024090622,Friday,Market Close
6/09/2024 23:00,2024090623,Friday,Market Close
7/09/2024 0:00,2024090700,Saturday,Market Close
7/09/2024 1:00,2024090701,Saturday,Market Close
7/09/2024 2:00,2024090702,Saturday,Market Close
7/09/2024 3:00,2024090703,Saturday,Market Close
7/09/2024 4:00,2024090704,Saturday,Market Close
7/09/2024 5:00,2024090705,Saturday,Market Close
7/09/2024 6:00,2024090706,Saturday,Market Close
7/09/2024 7:00,2024090707,Saturday,Market Close
7/09/2024 8:00,2024090708,Saturday,Market Close
7/09/2024 9:00,2024090709,Saturday,Market Close
7/09/2024 10:00,2024090710,Saturday,Market Close
7/09/2024 11:00,2024090711,Saturday,Market Close
7/09/2024 12:00,2024090712,Saturday,Market Close
7/09/2024 13:00,2024090713,Saturday,Market Close
7/09/2024 14:00,2024090714,Saturday,Market Close
7/09/2024 15:00,2024090715,Saturday,Market Close
7/09/2024 16:00,2024090716,Saturday,Market Close
7/09/2024 17:00,2024090717,Saturday,Market Close
7/09/2024 18:00,2024090718,Saturday,Market Close
7/09/2024 19:00,2024090719,Saturday,Market Close
7/09/2024 20:00,2024090720,Saturday,Market Close
7/09/2024 21:00,2024090721,Saturday,Market Close
7/09/2024 22:00,2024090722,Saturday,Market Close
7/09/2024 23:00,2024090723,Saturday,Market Close
8/09/2024 0:00,2024090800,Sunday,Market Close
8/09/2024 1:00,2024090801,Sunday,Market Close
8/09/2024 2:00,2024090802,Sunday,Market Close
8/09/2024 3:00,2024090803,Sunday,Market Close
8/09/2024 4:00,2024090804,Sunday,Market Close
8/09/2024 5:00,2024090805,Sunday,Market Close
8/09/2024 6:00,2024090806,Sunday,Market Close
8/09/2024 7:00,2024090807,Sunday,Market Close
8/09/2024 8:00,2024090808,Sunday,Market Close
8/09/2024 9:00,2024090809,Sunday,Market Close
8/09/2024 10:00,2024090810,Sunday,Market Close
8/09/2024 11:00,2024090811,Sunday,Market Close
8/09/2024 12:00,2024090812,Sunday,Market Close
8/09/2024 13:00,2024090813,Sunday,Market Close
8/09/2024 14:00,2024090814,Sunday,Market Close
8/09/2024 15:00,2024090815,Sunday,Market Close
8/09/2024 16:00,2024090816,Sunday,Market Close
8/09/2024 17:00,2024090817,Sunday,Market Close
8/09/2024 18:00,2024090818,Sunday,Market Close
8/09/2024 19:00,2024090819,Sunday,Market Close
8/09/2024 20:00,2024090820,Sunday,Market Close
13/09/2024 21:00,2024091321,Friday,Market Close
13/09/2024 22:00,2024091322,Friday,Market Close
13/09/2024 23:00,2024091323,Friday,Market Close
14/09/2024 0:00,2024091400,Saturday,Market Close
14/09/2024 1:00,2024091401,Saturday,Market Close
14/09/2024 2:00,2024091402,Saturday,Market Close
14/09/2024 3:00,2024091403,Saturday,Market Close
14/09/2024 4:00,2024091404,Saturday,Market Close
14/09/2024 5:00,2024091405,Saturday,Market Close
14/09/2024 6:00,2024091406,Saturday,Market Close
14/09/2024 7:00,2024091407,Saturday,Market Close
14/09/2024 8:00,2024091408,Saturday,Market Close
14/09/2024 9:00,2024091409,Saturday,Market Close
14/09/2024 10:00,2024091410,Saturday,Market Close
14/09/2024 11:00,2024091411,Saturday,Market Close
14/09/2024 12:00,2024091412,Saturday,Market Close
14/09/2024 13:00,2024091413,Saturday,Market Close
14/09/2024 14:00,2024091414,Saturday,Market Close
14/09/2024 15:00,2024091415,Saturday,Market Close
14/09/2024 16:00,2024091416,Saturday,Market Close
14/09/2024 17:00,2024091417,Saturday,Market Close
14/09/2024 18:00,2024091418,Saturday,Market Close
14/09/2024 19:00,2024091419,Saturday,Market Close
14/09/2024 20:00,2024091420,Saturday,Market Close
14/09/2024 21:00,2024091421,Saturday,Market Close
14/09/2024 22:00,2024091422,Saturday,Market Close
14/09/2024 23:00,2024091423,Saturday,Market Close
15/09/2024 0:00,2024091500,Sunday,Market Close
15/09/2024 1:00,2024091501,Sunday,Market Close
15/09/2024 2:00,2024091502,Sunday,Market Close
15/09/2024 3:00,2024091503,Sunday,Market Close
15/09/2024 4:00,2024091504,Sunday,Market Close
15/09/2024 5:00,2024091505,Sunday,Market Close
15/09/2024 6:00,2024091506,Sunday,Market Close
15/09/2024 7:00,2024091507,Sunday,Market Close
15/09/2024 8:00,2024091508,Sunday,Market Close
15/09/2024 9:00,2024091509,Sunday,Market Close
15/09/2024 10:00,2024091510,Sunday,Market Close
15/09/2024 11:00,2024091511,Sunday,Market Close
15/09/2024 12:00,2024091512,Sunday,Market Close
15/09/2024 13:00,2024091513,Sunday,Market Close
15/09/2024 14:00,2024091514,Sunday,Market Close
15/09/2024 15:00,2024091515,Sunday,Market Close
15/09/2024 16:00,2024091516,Sunday,Market Close
15/09/2024 17:00,2024091517,Sunday,Market Close
15/09/2024 18:00,2024091518,Sunday,Market Close
15/09/2024 19:00,2024091519,Sunday,Market Close
15/09/2024 20:00,2024091520,Sunday,Market Close
20/09/2024 21:00,2024092021,Friday,Market Close
20/09/2024 22:00,2024092022,Friday,Market Close
20/09/2024 23:00,2024092023,Friday,Market Close
21/09/2024 0:00,2024092100,Saturday,Market Close
21/09/2024 1:00,2024092101,Saturday,Market Close
21/09/2024 2:00,2024092102,Saturday,Market Close
21/09/2024 3:00,2024092103,Saturday,Market Close
21/09/2024 4:00,2024092104,Saturday,Market Close
21/09/2024 5:00,2024092105,Saturday,Market Close
21/09/2024 6:00,2024092106,Saturday,Market Close
21/09/2024 7:00,2024092107,Saturday,Market Close
21/09/2024 8:00,2024092108,Saturday,Market Close
21/09/2024 9:00,2024092109,Saturday,Market Close
21/09/2024 10:00,2024092110,Saturday,Market Close
21/09/2024 11:00,2024092111,Saturday,Market Close
21/09/2024 12:00,2024092112,Saturday,Market Close
21/09/2024 13:00,2024092113,Saturday,Market Close
21/09/2024 14:00,2024092114,Saturday,Market Close
21/09/2024 15:00,2024092115,Saturday,Market Close
21/09/2024 16:00,2024092116,Saturday,Market Close
21/09/2024 17:00,2024092117,Saturday,Market Close
21/09/2024 18:00,2024092118,Saturday,Market Close
21/09/2024 19:00,2024092119,Saturday,Market Close
21/09/2024 20:00,2024092120,Saturday,Market Close
21/09/2024 21:00,2024092121,Saturday,Market Close
21/09/2024 22:00,2024092122,Saturday,Market Close
21/09/2024 23:00,2024092123,Saturday,Market Close
22/09/2024 0:00,2024092200,Sunday,Market Close
22/09/2024 1:00,2024092201,Sunday,Market Close
22/09/2024 2:00,2024092202,Sunday,Market Close
22/09/2024 3:00,2024092203,Sunday,Market Close
22/09/2024 4:00,2024092204,Sunday,Market Close
22/09/2024 5:00,2024092205,Sunday,Market Close
22/09/2024 6:00,2024092206,Sunday,Market Close
22/09/2024 7:00,2024092207,Sunday,Market Close
22/09/2024 8:00,2024092208,Sunday,Market Close
22/09/2024 9:00,2024092209,Sunday,Market Close
22/09/2024 10:00,2024092210,Sunday,Market Close
22/09/2024 11:00,2024092211,Sunday,Market Close
22/09/2024 12:00,2024092212,Sunday,Market Close
22/09/2024 13:00,2024092213,Sunday,Market Close
22/09/2024 14:00,2024092214,Sunday,Market Close
22/09/2024 15:00,2024092215,Sunday,Market Close
22/09/2024 16:00,2024092216,Sunday,Market Close
22/09/2024 17:00,2024092217,Sunday,Market Close
22/09/2024 18:00,2024092218,Sunday,Market Close
22/09/2024 19:00,2024092219,Sunday,Market Close
22/09/2024 20:00,2024092220,Sunday,Market Close
27/09/2024 21:00,2024092721,Friday,Market Close
27/09/2024 22:00,2024092722,Friday,Market Close
27/09/2024 23:00,2024092723,Friday,Market Close
28/09/2024 0:00,2024092800,Saturday,Market Close
28/09/2024 1:00,2024092801,Saturday,Market Close
28/09/2024 2:00,2024092802,Saturday,Market Close
28/09/2024 3:00,2024092803,Saturday,Market Close
28/09/2024 4:00,2024092804,Saturday,Market Close
28/09/2024 5:00,2024092805,Saturday,Market Close
28/09/2024 6:00,2024092806,Saturday,Market Close
28/09/2024 7:00,2024092807,Saturday,Market Close
28/09/2024 8:00,2024092808,Saturday,Market Close
28/09/2024 9:00,2024092809,Saturday,Market Close
28/09/2024 10:00,2024092810,Saturday,Market Close
28/09/2024 11:00,2024092811,Saturday,Market Close
28/09/2024 12:00,2024092812,Saturday,Market Close
28/09/2024 13:00,2024092813,Saturday,Market Close
28/09/2024 14:00,2024092814,Saturday,Market Close
28/09/2024 15:00,2024092815,Saturday,Market Close
28/09/2024 16:00,2024092816,Saturday,Market Close
28/09/2024 17:00,2024092817,Saturday,Market Close
28/09/2024 18:00,2024092818,Saturday,Market Close
28/09/2024 19:00,2024092819,Saturday,Market Close
28/09/2024 20:00,2024092820,Saturday,Market Close
28/09/2024 21:00,2024092821,Saturday,Market Close
28/09/2024 22:00,2024092822,Saturday,Market Close
28/09/2024 23:00,2024092823,Saturday,Market Close
29/09/2024 0:00,2024092900,Sunday,Market Close
29/09/2024 1:00,2024092901,Sunday,Market Close
29/09/2024 2:00,2024092902,Sunday,Market Close
29/09/2024 3:00,2024092903,Sunday,Market Close
29/09/2024 4:00,2024092904,Sunday,Market Close
29/09/2024 5:00,2024092905,Sunday,Market Close
29/09/2024 6:00,2024092906,Sunday,Market Close
29/09/2024 7:00,2024092907,Sunday,Market Close
29/09/2024 8:00,2024092908,Sunday,Market Close
29/09/2024 9:00,2024092909,Sunday,Market Close
29/09/2024 10:00,2024092910,Sunday,Market Close
29/09/2024 11:00,2024092911,Sunday,Market Close
29/09/2024 12:00,2024092912,Sunday,Market Close
29/09/2024 13:00,2024092913,Sunday,Market Close
29/09/2024 14:00,2024092914,Sunday,Market Close
29/09/2024 15:00,2024092915,Sunday,Market Close
29/09/2024 16:00,2024092916,Sunday,Market Close
29/09/2024 17:00,2024092917,Sunday,Market Close
29/09/2024 18:00,2024092918,Sunday,Market Close
29/09/2024 19:00,2024092919,Sunday,Market Close
29/09/2024 20:00,2024092920,Sunday,Market Close
4/10/2024 21:00,2024100421,Friday,Market Close
4/10/2024 22:00,2024100422,Friday,Market Close
4/10/2024 23:00,2024100423,Friday,Market Close
5/10/2024 0:00,2024100500,Saturday,Market Close
5/10/2024 1:00,2024100501,Saturday,Market Close
5/10/2024 2:00,2024100502,Saturday,Market Close
5/10/2024 3:00,2024100503,Saturday,Market Close
5/10/2024 4:00,2024100504,Saturday,Market Close
5/10/2024 5:00,2024100505,Saturday,Market Close
5/10/2024 6:00,2024100506,Saturday,Market Close
5/10/2024 7:00,2024100507,Saturday,Market Close
5/10/2024 8:00,2024100508,Saturday,Market Close
5/10/2024 9:00,2024100509,Saturday,Market Close
5/10/2024 10:00,2024100510,Saturday,Market Close
5/10/2024 11:00,2024100511,Saturday,Market Close
5/10/2024 12:00,2024100512,Saturday,Market Close
5/10/2024 13:00,2024100513,Saturday,Market Close
5/10/2024 14:00,2024100514,Saturday,Market Close
5/10/2024 15:00,2024100515,Saturday,Market Close
5/10/2024 16:00,2024100516,Saturday,Market Close
5/10/2024 17:00,2024100517,Saturday,Market Close
5/10/2024 18:00,2024100518,Saturday,Market Close
5/10/2024 19:00,2024100519,Saturday,Market Close
5/10/2024 20:00,2024100520,Saturday,Market Close
5/10/2024 21:00,2024100521,Saturday,Market Close
5/10/2024 22:00,2024100522,Saturday,Market Close
5/10/2024 23:00,2024100523,Saturday,Market Close
6/10/2024 0:00,2024100600,Sunday,Market Close
6/10/2024 1:00,2024100601,Sunday,Market Close
6/10/2024 2:00,2024100602,Sunday,Market Close
6/10/2024 3:00,2024100603,Sunday,Market Close
6/10/2024 4:00,2024100604,Sunday,Market Close
6/10/2024 5:00,2024100605,Sunday,Market Close
6/10/2024 6:00,2024100606,Sunday,Market Close
6/10/2024 7:00,2024100607,Sunday,Market Close
6/10/2024 8:00,2024100608,Sunday,Market Close
6/10/2024 9:00,2024100609,Sunday,Market Close
6/10/2024 10:00,2024100610,Sunday,Market Close
6/10/2024 11:00,2024100611,Sunday,Market Close
6/10/2024 12:00,2024100612,Sunday,Market Close
6/10/2024 13:00,2024100613,Sunday,Market Close
6/10/2024 14:00,2024100614,Sunday,Market Close
6/10/2024 15:00,2024100615,Sunday,Market Close
6/10/2024 16:00,2024100616,Sunday,Market Close
6/10/2024 17:00,2024100617,Sunday,Market Close
6/10/2024 18:00,2024100618,Sunday,Market Close
6/10/2024 19:00,2024100619,Sunday,Market Close
6/10/2024 20:00,2024100620,Sunday,Market Close
11/10/2024 21:00,2024101121,Friday,Market Close
11/10/2024 22:00,2024101122,Friday,Market Close
11/10/2024 23:00,2024101123,Friday,Market Close
12/10/2024 0:00,2024101200,Saturday,Market Close
12/10/2024 1:00,2024101201,Saturday,Market Close
12/10/2024 2:00,2024101202,Saturday,Market Close
12/10/2024 3:00,2024101203,Saturday,Market Close
12/10/2024 4:00,2024101204,Saturday,Market Close
12/10/2024 5:00,2024101205,Saturday,Market Close
12/10/2024 6:00,2024101206,Saturday,Market Close
12/10/2024 7:00,2024101207,Saturday,Market Close
12/10/2024 8:00,2024101208,Saturday,Market Close
12/10/2024 9:00,2024101209,Saturday,Market Close
12/10/2024 10:00,2024101210,Saturday,Market Close
12/10/2024 11:00,2024101211,Saturday,Market Close
12/10/2024 12:00,2024101212,Saturday,Market Close
12/10/2024 13:00,2024101213,Saturday,Market Close
12/10/2024 14:00,2024101214,Saturday,Market Close
12/10/2024 15:00,2024101215,Saturday,Market Close
12/10/2024 16:00,2024101216,Saturday,Market Close
12/10/2024 17:00,2024101217,Saturday,Market Close
12/10/2024 18:00,2024101218,Saturday,Market Close
12/10/2024 19:00,2024101219,Saturday,Market Close
12/10/2024 20:00,2024101220,Saturday,Market Close
12/10/2024 21:00,2024101221,Saturday,Market Close
12/10/2024 22:00,2024101222,Saturday,Market Close
12/10/2024 23:00,2024101223,Saturday,Market Close
13/10/2024 0:00,2024101300,Sunday,Market Close
13/10/2024 1:00,2024101301,Sunday,Market Close
13/10/2024 2:00,2024101302,Sunday,Market Close
13/10/2024 3:00,2024101303,Sunday,Market Close
13/10/2024 4:00,2024101304,Sunday,Market Close
13/10/2024 5:00,2024101305,Sunday,Market Close
13/10/2024 6:00,2024101306,Sunday,Market Close
13/10/2024 7:00,2024101307,Sunday,Market Close
13/10/2024 8:00,2024101308,Sunday,Market Close
13/10/2024 9:00,2024101309,Sunday,Market Close
13/10/2024 10:00,2024101310,Sunday,Market Close
13/10/2024 11:00,2024101311,Sunday,Market Close
13/10/2024 12:00,2024101312,Sunday,Market Close
13/10/2024 13:00,2024101313,Sunday,Market Close
13/10/2024 14:00,2024101314,Sunday,Market Close
13/10/2024 15:00,2024101315,Sunday,Market Close
13/10/2024 16:00,2024101316,Sunday,Market Close
13/10/2024 17:00,2024101317,Sunday,Market Close
13/10/2024 18:00,2024101318,Sunday,Market Close
13/10/2024 19:00,2024101319,Sunday,Market Close
13/10/2024 20:00,2024101320,Sunday,Market Close
18/10/2024 21:00,2024101821,Friday,Market Close
18/10/2024 22:00,2024101822,Friday,Market Close
18/10/2024 23:00,2024101823,Friday,Market Close
19/10/2024 0:00,2024101900,Saturday,Market Close
19/10/2024 1:00,2024101901,Saturday,Market Close
19/10/2024 2:00,2024101902,Saturday,Market Close
19/10/2024 3:00,2024101903,Saturday,Market Close
19/10/2024 4:00,2024101904,Saturday,Market Close
19/10/2024 5:00,2024101905,Saturday,Market Close
19/10/2024 6:00,2024101906,Saturday,Market Close
19/10/2024 7:00,2024101907,Saturday,Market Close
19/10/2024 8:00,2024101908,Saturday,Market Close
19/10/2024 9:00,2024101909,Saturday,Market Close
19/10/2024 10:00,2024101910,Saturday,Market Close
19/10/2024 11:00,2024101911,Saturday,Market Close
19/10/2024 12:00,2024101912,Saturday,Market Close
19/10/2024 13:00,2024101913,Saturday,Market Close
19/10/2024 14:00,2024101914,Saturday,Market Close
19/10/2024 15:00,2024101915,Saturday,Market Close
19/10/2024 16:00,2024101916,Saturday,Market Close
19/10/2024 17:00,2024101917,Saturday,Market Close
19/10/2024 18:00,2024101918,Saturday,Market Close
19/10/2024 19:00,2024101919,Saturday,Market Close
19/10/2024 20:00,2024101920,Saturday,Market Close
19/10/2024 21:00,2024101921,Saturday,Market Close
19/10/2024 22:00,2024101922,Saturday,Market Close
19/10/2024 23:00,2024101923,Saturday,Market Close
20/10/2024 0:00,2024102000,Sunday,Market Close
20/10/2024 1:00,2024102001,Sunday,Market Close
20/10/2024 2:00,2024102002,Sunday,Market Close
20/10/2024 3:00,2024102003,Sunday,Market Close
20/10/2024 4:00,2024102004,Sunday,Market Close
20/10/2024 5:00,2024102005,Sunday,Market Close
20/10/2024 6:00,2024102006,Sunday,Market Close
20/10/2024 7:00,2024102007,Sunday,Market Close
20/10/2024 8:00,2024102008,Sunday,Market Close
20/10/2024 9:00,2024102009,Sunday,Market Close
20/10/2024 10:00,2024102010,Sunday,Market Close
20/10/2024 11:00,2024102011,Sunday,Market Close
20/10/2024 12:00,2024102012,Sunday,Market Close
20/10/2024 13:00,2024102013,Sunday,Market Close
20/10/2024 14:00,2024102014,Sunday,Market Close
20/10/2024 15:00,2024102015,Sunday,Market Close
20/10/2024 16:00,2024102016,Sunday,Market Close
20/10/2024 17:00,2024102017,Sunday,Market Close
20/10/2024 18:00,2024102018,Sunday,Market Close
20/10/2024 19:00,2024102019,Sunday,Market Close
20/10/2024 20:00,2024102020,Sunday,Market Close
25/10/2024 21:00,2024102521,Friday,Market Close
25/10/2024 22:00,2024102522,Friday,Market Close
25/10/2024 23:00,2024102523,Friday,Market Close
26/10/2024 0:00,2024102600,Saturday,Market Close
26/10/2024 1:00,2024102601,Saturday,Market Close
26/10/2024 2:00,2024102602,Saturday,Market Close
26/10/2024 3:00,2024102603,Saturday,Market Close
26/10/2024 4:00,2024102604,Saturday,Market Close
26/10/2024 5:00,2024102605,Saturday,Market Close
26/10/2024 6:00,2024102606,Saturday,Market Close
26/10/2024 7:00,2024102607,Saturday,Market Close
26/10/2024 8:00,2024102608,Saturday,Market Close
26/10/2024 9:00,2024102609,Saturday,Market Close
26/10/2024 10:00,2024102610,Saturday,Market Close
26/10/2024 11:00,2024102611,Saturday,Market Close
26/10/2024 12:00,2024102612,Saturday,Market Close
26/10/2024 13:00,2024102613,Saturday,Market Close
26/10/2024 14:00,2024102614,Saturday,Market Close
26/10/2024 15:00,2024102615,Saturday,Market Close
26/10/2024 16:00,2024102616,Saturday,Market Close
26/10/2024 17:00,2024102617,Saturday,Market Close
26/10/2024 18:00,2024102618,Saturday,Market Close
26/10/2024 19:00,2024102619,Saturday,Market Close
26/10/2024 20:00,2024102620,Saturday,Market Close
26/10/2024 21:00,2024102621,Saturday,Market Close
26/10/2024 22:00,2024102622,Saturday,Market Close
26/10/2024 23:00,2024102623,Saturday,Market Close
27/10/2024 0:00,2024102700,Sunday,Market Close
27/10/2024 1:00,2024102701,Sunday,Market Close
27/10/2024 2:00,2024102702,Sunday,Market Close
27/10/2024 3:00,2024102703,Sunday,Market Close
27/10/2024 4:00,2024102704,Sunday,Market Close
27/10/2024 5:00,2024102705,Sunday,Market Close
27/10/2024 6:00,2024102706,Sunday,Market Close
27/10/2024 7:00,2024102707,Sunday,Market Close
27/10/2024 8:00,2024102708,Sunday,Market Close
27/10/2024 9:00,2024102709,Sunday,Market Close
27/10/2024 10:00,2024102710,Sunday,Market Close
27/10/2024 11:00,2024102711,Sunday,Market Close
27/10/2024 12:00,2024102712,Sunday,Market Close
27/10/2024 13:00,2024102713,Sunday,Market Close
27/10/2024 14:00,2024102714,Sunday,Market Close
27/10/2024 15:00,2024102715,Sunday,Market Close
27/10/2024 16:00,2024102716,Sunday,Market Close
27/10/2024 17:00,2024102717,Sunday,Market Close
27/10/2024 18:00,2024102718,Sunday,Market Close
27/10/2024 19:00,2024102719,Sunday,Market Close
27/10/2024 20:00,2024102720,Sunday,Market Close
1/11/2024 21:00,2024110121,Friday,Market Close
1/11/2024 22:00,2024110122,Friday,Market Close
1/11/2024 23:00,2024110123,Friday,Market Close
2/11/2024 0:00,2024110200,Saturday,Market Close
2/11/2024 1:00,2024110201,Saturday,Market Close
2/11/2024 2:00,2024110202,Saturday,Market Close
2/11/2024 3:00,2024110203,Saturday,Market Close
2/11/2024 4:00,2024110204,Saturday,Market Close
2/11/2024 5:00,2024110205,Saturday,Market Close
2/11/2024 6:00,2024110206,Saturday,Market Close
2/11/2024 7:00,2024110207,Saturday,Market Close
2/11/2024 8:00,2024110208,Saturday,Market Close
2/11/2024 9:00,2024110209,Saturday,Market Close
2/11/2024 10:00,2024110210,Saturday,Market Close
2/11/2024 11:00,2024110211,Saturday,Market Close
2/11/2024 12:00,2024110212,Saturday,Market Close
2/11/2024 13:00,2024110213,Saturday,Market Close
2/11/2024 14:00,2024110214,Saturday,Market Close
2/11/2024 15:00,2024110215,Saturday,Market Close
2/11/2024 16:00,2024110216,Saturday,Market Close
2/11/2024 17:00,2024110217,Saturday,Market Close
2/11/2024 18:00,2024110218,Saturday,Market Close
2/11/2024 19:00,2024110219,Saturday,Market Close
2/11/2024 20:00,2024110220,Saturday,Market Close
2/11/2024 21:00,2024110221,Saturday,Market Close
2/11/2024 22:00,2024110222,Saturday,Market Close
2/11/2024 23:00,2024110223,Saturday,Market Close
3/11/2024 0:00,2024110300,Sunday,Market Close
3/11/2024 1:00,2024110301,Sunday,Market Close
3/11/2024 2:00,2024110302,Sunday,Market Close
3/11/2024 3:00,2024110303,Sunday,Market Close
3/11/2024 4:00,2024110304,Sunday,Market Close
3/11/2024 5:00,2024110305,Sunday,Market Close
3/11/2024 6:00,2024110306,Sunday,Market Close
3/11/2024 7:00,2024110307,Sunday,Market Close
3/11/2024 8:00,2024110308,Sunday,Market Close
3/11/2024 9:00,2024110309,Sunday,Market Close
3/11/2024 10:00,2024110310,Sunday,Market Close
3/11/2024 11:00,2024110311,Sunday,Market Close
3/11/2024 12:00,2024110312,Sunday,Market Close
3/11/2024 13:00,2024110313,Sunday,Market Close
3/11/2024 14:00,2024110314,Sunday,Market Close
3/11/2024 15:00,2024110315,Sunday,Market Close
3/11/2024 16:00,2024110316,Sunday,Market Close
3/11/2024 17:00,2024110317,Sunday,Market Close
3/11/2024 18:00,2024110318,Sunday,Market Close
3/11/2024 19:00,2024110319,Sunday,Market Close
3/11/2024 20:00,2024110320,Sunday,Market Close
3/11/2024 21:00,2024110321,Sunday,Market Close
8/11/2024 22:00,2024110822,Friday,Market Close
8/11/2024 23:00,2024110823,Friday,Market Close
9/11/2024 0:00,2024110900,Saturday,Market Close
9/11/2024 1:00,2024110901,Saturday,Market Close
9/11/2024 2:00,2024110902,Saturday,Market Close
9/11/2024 3:00,2024110903,Saturday,Market Close
9/11/2024 4:00,2024110904,Saturday,Market Close
9/11/2024 5:00,2024110905,Saturday,Market Close
9/11/2024 6:00,2024110906,Saturday,Market Close
9/11/2024 7:00,2024110907,Saturday,Market Close
9/11/2024 8:00,2024110908,Saturday,Market Close
9/11/2024 9:00,2024110909,Saturday,Market Close
9/11/2024 10:00,2024110910,Saturday,Market Close
9/11/2024 11:00,2024110911,Saturday,Market Close
9/11/2024 12:00,2024110912,Saturday,Market Close
9/11/2024 13:00,2024110913,Saturday,Market Close
9/11/2024 14:00,2024110914,Saturday,Market Close
9/11/2024 15:00,2024110915,Saturday,Market Close
9/11/2024 16:00,2024110916,Saturday,Market Close
9/11/2024 17:00,2024110917,Saturday,Market Close
9/11/2024 18:00,2024110918,Saturday,Market Close
9/11/2024 19:00,2024110919,Saturday,Market Close
9/11/2024 20:00,2024110920,Saturday,Market Close
9/11/2024 21:00,2024110921,Saturday,Market Close
9/11/2024 22:00,2024110922,Saturday,Market Close
9/11/2024 23:00,2024110923,Saturday,Market Close
10/11/2024 0:00,2024111000,Sunday,Market Close
10/11/2024 1:00,2024111001,Sunday,Market Close
10/11/2024 2:00,2024111002,Sunday,Market Close
10/11/2024 3:00,2024111003,Sunday,Market Close
10/11/2024 4:00,2024111004,Sunday,Market Close
10/11/2024 5:00,2024111005,Sunday,Market Close
10/11/2024 6:00,2024111006,Sunday,Market Close
10/11/2024 7:00,2024111007,Sunday,Market Close
10/11/2024 8:00,2024111008,Sunday,Market Close
10/11/2024 9:00,2024111009,Sunday,Market Close
10/11/2024 10:00,2024111010,Sunday,Market Close
10/11/2024 11:00,2024111011,Sunday,Market Close
10/11/2024 12:00,2024111012,Sunday,Market Close
10/11/2024 13:00,2024111013,Sunday,Market Close
10/11/2024 14:00,2024111014,Sunday,Market Close
10/11/2024 15:00,2024111015,Sunday,Market Close
10/11/2024 16:00,2024111016,Sunday,Market Close
10/11/2024 17:00,2024111017,Sunday,Market Close
10/11/2024 18:00,2024111018,Sunday,Market Close
10/11/2024 19:00,2024111019,Sunday,Market Close
10/11/2024 20:00,2024111020,Sunday,Market Close
10/11/2024 21:00,2024111021,Sunday,Market Close
15/11/2024 22:00,2024111522,Friday,Market Close
15/11/2024 23:00,2024111523,Friday,Market Close
16/11/2024 0:00,2024111600,Saturday,Market Close
16/11/2024 1:00,2024111601,Saturday,Market Close
16/11/2024 2:00,2024111602,Saturday,Market Close
16/11/2024 3:00,2024111603,Saturday,Market Close
16/11/2024 4:00,2024111604,Saturday,Market Close
16/11/2024 5:00,2024111605,Saturday,Market Close
16/11/2024 6:00,2024111606,Saturday,Market Close
16/11/2024 7:00,2024111607,Saturday,Market Close
16/11/2024 8:00,2024111608,Saturday,Market Close
16/11/2024 9:00,2024111609,Saturday,Market Close
16/11/2024 10:00,2024111610,Saturday,Market Close
16/11/2024 11:00,2024111611,Saturday,Market Close
16/11/2024 12:00,2024111612,Saturday,Market Close
16/11/2024 13:00,2024111613,Saturday,Market Close
16/11/2024 14:00,2024111614,Saturday,Market Close
16/11/2024 15:00,2024111615,Saturday,Market Close
16/11/2024 16:00,2024111616,Saturday,Market Close
16/11/2024 17:00,2024111617,Saturday,Market Close
16/11/2024 18:00,2024111618,Saturday,Market Close
16/11/2024 19:00,2024111619,Saturday,Market Close
16/11/2024 20:00,2024111620,Saturday,Market Close
16/11/2024 21:00,2024111621,Saturday,Market Close
16/11/2024 22:00,2024111622,Saturday,Market Close
16/11/2024 23:00,2024111623,Saturday,Market Close
17/11/2024 0:00,2024111700,Sunday,Market Close
17/11/2024 1:00,2024111701,Sunday,Market Close
17/11/2024 2:00,2024111702,Sunday,Market Close
17/11/2024 3:00,2024111703,Sunday,Market Close
17/11/2024 4:00,2024111704,Sunday,Market Close
17/11/2024 5:00,2024111705,Sunday,Market Close
17/11/2024 6:00,2024111706,Sunday,Market Close
17/11/2024 7:00,2024111707,Sunday,Market Close
17/11/2024 8:00,2024111708,Sunday,Market Close
17/11/2024 9:00,2024111709,Sunday,Market Close
17/11/2024 10:00,2024111710,Sunday,Market Close
17/11/2024 11:00,2024111711,Sunday,Market Close
17/11/2024 12:00,2024111712,Sunday,Market Close
17/11/2024 13:00,2024111713,Sunday,Market Close
17/11/2024 14:00,2024111714,Sunday,Market Close
17/11/2024 15:00,2024111715,Sunday,Market Close
17/11/2024 16:00,2024111716,Sunday,Market Close
17/11/2024 17:00,2024111717,Sunday,Market Close
17/11/2024 18:00,2024111718,Sunday,Market Close
17/11/2024 19:00,2024111719,Sunday,Market Close
17/11/2024 20:00,2024111720,Sunday,Market Close
17/11/2024 21:00,2024111721,Sunday,Market Close
22/11/2024 22:00,2024112222,Friday,Market Close
22/11/2024 23:00,2024112223,Friday,Market Close
23/11/2024 0:00,2024112300,Saturday,Market Close
23/11/2024 1:00,2024112301,Saturday,Market Close
23/11/2024 2:00,2024112302,Saturday,Market Close
23/11/2024 3:00,2024112303,Saturday,Market Close
23/11/2024 4:00,2024112304,Saturday,Market Close
23/11/2024 5:00,2024112305,Saturday,Market Close
23/11/2024 6:00,2024112306,Saturday,Market Close
23/11/2024 7:00,2024112307,Saturday,Market Close
23/11/2024 8:00,2024112308,Saturday,Market Close
23/11/2024 9:00,2024112309,Saturday,Market Close
23/11/2024 10:00,2024112310,Saturday,Market Close
23/11/2024 11:00,2024112311,Saturday,Market Close
23/11/2024 12:00,2024112312,Saturday,Market Close
23/11/2024 13:00,2024112313,Saturday,Market Close
23/11/2024 14:00,2024112314,Saturday,Market Close
23/11/2024 15:00,2024112315,Saturday,Market Close
23/11/2024 16:00,2024112316,Saturday,Market Close
23/11/2024 17:00,2024112317,Saturday,Market Close
23/11/2024 18:00,2024112318,Saturday,Market Close
23/11/2024 19:00,2024112319,Saturday,Market Close
23/11/2024 20:00,2024112320,Saturday,Market Close
23/11/2024 21:00,2024112321,Saturday,Market Close
23/11/2024 22:00,2024112322,Saturday,Market Close
23/11/2024 23:00,2024112323,Saturday,Market Close
24/11/2024 0:00,2024112400,Sunday,Market Close
24/11/2024 1:00,2024112401,Sunday,Market Close
24/11/2024 2:00,2024112402,Sunday,Market Close
24/11/2024 3:00,2024112403,Sunday,Market Close
24/11/2024 4:00,2024112404,Sunday,Market Close
24/11/2024 5:00,2024112405,Sunday,Market Close
24/11/2024 6:00,2024112406,Sunday,Market Close
24/11/2024 7:00,2024112407,Sunday,Market Close
24/11/2024 8:00,2024112408,Sunday,Market Close
24/11/2024 9:00,2024112409,Sunday,Market Close
24/11/2024 10:00,2024112410,Sunday,Market Close
24/11/2024 11:00,2024112411,Sunday,Market Close
24/11/2024 12:00,2024112412,Sunday,Market Close
24/11/2024 13:00,2024112413,Sunday,Market Close
24/11/2024 14:00,2024112414,Sunday,Market Close
24/11/2024 15:00,2024112415,Sunday,Market Close
24/11/2024 16:00,2024112416,Sunday,Market Close
24/11/2024 17:00,2024112417,Sunday,Market Close
24/11/2024 18:00,2024112418,Sunday,Market Close
24/11/2024 19:00,2024112419,Sunday,Market Close
24/11/2024 20:00,2024112420,Sunday,Market Close
24/11/2024 21:00,2024112421,Sunday,Market Close
29/11/2024 22:00,2024112922,Friday,Market Close
29/11/2024 23:00,2024112923,Friday,Market Close
30/11/2024 0:00,2024113000,Saturday,Market Close
30/11/2024 1:00,2024113001,Saturday,Market Close
30/11/2024 2:00,2024113002,Saturday,Market Close
30/11/2024 3:00,2024113003,Saturday,Market Close
30/11/2024 4:00,2024113004,Saturday,Market Close
30/11/2024 5:00,2024113005,Saturday,Market Close
30/11/2024 6:00,2024113006,Saturday,Market Close
30/11/2024 7:00,2024113007,Saturday,Market Close
30/11/2024 8:00,2024113008,Saturday,Market Close
30/11/2024 9:00,2024113009,Saturday,Market Close
30/11/2024 10:00,2024113010,Saturday,Market Close
30/11/2024 11:00,2024113011,Saturday,Market Close
30/11/2024 12:00,2024113012,Saturday,Market Close
30/11/2024 13:00,2024113013,Saturday,Market Close
30/11/2024 14:00,2024113014,Saturday,Market Close
30/11/2024 15:00,2024113015,Saturday,Market Close
30/11/2024 16:00,2024113016,Saturday,Market Close
30/11/2024 17:00,2024113017,Saturday,Market Close
30/11/2024 18:00,2024113018,Saturday,Market Close
30/11/2024 19:00,2024113019,Saturday,Market Close
30/11/2024 20:00,2024113020,Saturday,Market Close
30/11/2024 21:00,2024113021,Saturday,Market Close
30/11/2024 22:00,2024113022,Saturday,Market Close
30/11/2024 23:00,2024113023,Saturday,Market Close
1/12/2024 0:00,2024120100,Sunday,Market Close
1/12/2024 1:00,2024120101,Sunday,Market Close
1/12/2024 2:00,2024120102,Sunday,Market Close
1/12/2024 3:00,2024120103,Sunday,Market Close
1/12/2024 4:00,2024120104,Sunday,Market Close
1/12/2024 5:00,2024120105,Sunday,Market Close
1/12/2024 6:00,2024120106,Sunday,Market Close
1/12/2024 7:00,2024120107,Sunday,Market Close
1/12/2024 8:00,2024120108,Sunday,Market Close
1/12/2024 9:00,2024120109,Sunday,Market Close
1/12/2024 10:00,2024120110,Sunday,Market Close
1/12/2024 11:00,2024120111,Sunday,Market Close
1/12/2024 12:00,2024120112,Sunday,Market Close
1/12/2024 13:00,2024120113,Sunday,Market Close
1/12/2024 14:00,2024120114,Sunday,Market Close
1/12/2024 15:00,2024120115,Sunday,Market Close
1/12/2024 16:00,2024120116,Sunday,Market Close
1/12/2024 17:00,2024120117,Sunday,Market Close
1/12/2024 18:00,2024120118,Sunday,Market Close
1/12/2024 19:00,2024120119,Sunday,Market Close
1/12/2024 20:00,2024120120,Sunday,Market Close
1/12/2024 21:00,2024120121,Sunday,Market Close
6/12/2024 22:00,2024120622,Friday,Market Close
6/12/2024 23:00,2024120623,Friday,Market Close
7/12/2024 0:00,2024120700,Saturday,Market Close
7/12/2024 1:00,2024120701,Saturday,Market Close
7/12/2024 2:00,2024120702,Saturday,Market Close
7/12/2024 3:00,2024120703,Saturday,Market Close
7/12/2024 4:00,2024120704,Saturday,Market Close
7/12/2024 5:00,2024120705,Saturday,Market Close
7/12/2024 6:00,2024120706,Saturday,Market Close
7/12/2024 7:00,2024120707,Saturday,Market Close
7/12/2024 8:00,2024120708,Saturday,Market Close
7/12/2024 9:00,2024120709,Saturday,Market Close
7/12/2024 10:00,2024120710,Saturday,Market Close
7/12/2024 11:00,2024120711,Saturday,Market Close
7/12/2024 12:00,2024120712,Saturday,Market Close
7/12/2024 13:00,2024120713,Saturday,Market Close
7/12/2024 14:00,2024120714,Saturday,Market Close
7/12/2024 15:00,2024120715,Saturday,Market Close
7/12/2024 16:00,2024120716,Saturday,Market Close
7/12/2024 17:00,2024120717,Saturday,Market Close
7/12/2024 18:00,2024120718,Saturday,Market Close
7/12/2024 19:00,2024120719,Saturday,Market Close
7/12/2024 20:00,2024120720,Saturday,Market Close
7/12/2024 21:00,2024120721,Saturday,Market Close
7/12/2024 22:00,2024120722,Saturday,Market Close
7/12/2024 23:00,2024120723,Saturday,Market Close
8/12/2024 0:00,2024120800,Sunday,Market Close
8/12/2024 1:00,2024120801,Sunday,Market Close
8/12/2024 2:00,2024120802,Sunday,Market Close
8/12/2024 3:00,2024120803,Sunday,Market Close
8/12/2024 4:00,2024120804,Sunday,Market Close
8/12/2024 5:00,2024120805,Sunday,Market Close
8/12/2024 6:00,2024120806,Sunday,Market Close
8/12/2024 7:00,2024120807,Sunday,Market Close
8/12/2024 8:00,2024120808,Sunday,Market Close
8/12/2024 9:00,2024120809,Sunday,Market Close
8/12/2024 10:00,2024120810,Sunday,Market Close
8/12/2024 11:00,2024120811,Sunday,Market Close
8/12/2024 12:00,2024120812,Sunday,Market Close
8/12/2024 13:00,2024120813,Sunday,Market Close
8/12/2024 14:00,2024120814,Sunday,Market Close
8/12/2024 15:00,2024120815,Sunday,Market Close
8/12/2024 16:00,2024120816,Sunday,Market Close
8/12/2024 17:00,2024120817,Sunday,Market Close
8/12/2024 18:00,2024120818,Sunday,Market Close
8/12/2024 19:00,2024120819,Sunday,Market Close
8/12/2024 20:00,2024120820,Sunday,Market Close
8/12/2024 21:00,2024120821,Sunday,Market Close
13/12/2024 22:00,2024121322,Friday,Market Close
13/12/2024 23:00,2024121323,Friday,Market Close
14/12/2024 0:00,2024121400,Saturday,Market Close
14/12/2024 1:00,2024121401,Saturday,Market Close
14/12/2024 2:00,2024121402,Saturday,Market Close
14/12/2024 3:00,2024121403,Saturday,Market Close
14/12/2024 4:00,2024121404,Saturday,Market Close
14/12/2024 5:00,2024121405,Saturday,Market Close
14/12/2024 6:00,2024121406,Saturday,Market Close
14/12/2024 7:00,2024121407,Saturday,Market Close
14/12/2024 8:00,2024121408,Saturday,Market Close
14/12/2024 9:00,2024121409,Saturday,Market Close
14/12/2024 10:00,2024121410,Saturday,Market Close
14/12/2024 11:00,2024121411,Saturday,Market Close
14/12/2024 12:00,2024121412,Saturday,Market Close
14/12/2024 13:00,2024121413,Saturday,Market Close
14/12/2024 14:00,2024121414,Saturday,Market Close
14/12/2024 15:00,2024121415,Saturday,Market Close
14/12/2024 16:00,2024121416,Saturday,Market Close
14/12/2024 17:00,2024121417,Saturday,Market Close
14/12/2024 18:00,2024121418,Saturday,Market Close
14/12/2024 19:00,2024121419,Saturday,Market Close
14/12/2024 20:00,2024121420,Saturday,Market Close
14/12/2024 21:00,2024121421,Saturday,Market Close
14/12/2024 22:00,2024121422,Saturday,Market Close
14/12/2024 23:00,2024121423,Saturday,Market Close
15/12/2024 0:00,2024121500,Sunday,Market Close
15/12/2024 1:00,2024121501,Sunday,Market Close
15/12/2024 2:00,2024121502,Sunday,Market Close
15/12/2024 3:00,2024121503,Sunday,Market Close
15/12/2024 4:00,2024121504,Sunday,Market Close
15/12/2024 5:00,2024121505,Sunday,Market Close
15/12/2024 6:00,2024121506,Sunday,Market Close
15/12/2024 7:00,2024121507,Sunday,Market Close
15/12/2024 8:00,2024121508,Sunday,Market Close
15/12/2024 9:00,2024121509,Sunday,Market Close
15/12/2024 10:00,2024121510,Sunday,Market Close
15/12/2024 11:00,2024121511,Sunday,Market Close
15/12/2024 12:00,2024121512,Sunday,Market Close
15/12/2024 13:00,2024121513,Sunday,Market Close
15/12/2024 14:00,2024121514,Sunday,Market Close
15/12/2024 15:00,2024121515,Sunday,Market Close
15/12/2024 16:00,2024121516,Sunday,Market Close
15/12/2024 17:00,2024121517,Sunday,Market Close
15/12/2024 18:00,2024121518,Sunday,Market Close
15/12/2024 19:00,2024121519,Sunday,Market Close
15/12/2024 20:00,2024121520,Sunday,Market Close
15/12/2024 21:00,2024121521,Sunday,Market Close
20/12/2024 22:00,2024122022,Friday,Market Close
20/12/2024 23:00,2024122023,Friday,Market Close
21/12/2024 0:00,2024122100,Saturday,Market Close
21/12/2024 1:00,2024122101,Saturday,Market Close
21/12/2024 2:00,2024122102,Saturday,Market Close
21/12/2024 3:00,2024122103,Saturday,Market Close
21/12/2024 4:00,2024122104,Saturday,Market Close
21/12/2024 5:00,2024122105,Saturday,Market Close
21/12/2024 6:00,2024122106,Saturday,Market Close
21/12/2024 7:00,2024122107,Saturday,Market Close
21/12/2024 8:00,2024122108,Saturday,Market Close
21/12/2024 9:00,2024122109,Saturday,Market Close
21/12/2024 10:00,2024122110,Saturday,Market Close
21/12/2024 11:00,2024122111,Saturday,Market Close
21/12/2024 12:00,2024122112,Saturday,Market Close
21/12/2024 13:00,2024122113,Saturday,Market Close
21/12/2024 14:00,2024122114,Saturday,Market Close
21/12/2024 15:00,2024122115,Saturday,Market Close
21/12/2024 16:00,2024122116,Saturday,Market Close
21/12/2024 17:00,2024122117,Saturday,Market Close
21/12/2024 18:00,2024122118,Saturday,Market Close
21/12/2024 19:00,2024122119,Saturday,Market Close
21/12/2024 20:00,2024122120,Saturday,Market Close
21/12/2024 21:00,2024122121,Saturday,Market Close
21/12/2024 22:00,2024122122,Saturday,Market Close
21/12/2024 23:00,2024122123,Saturday,Market Close
22/12/2024 0:00,2024122200,Sunday,Market Close
22/12/2024 1:00,2024122201,Sunday,Market Close
22/12/2024 2:00,2024122202,Sunday,Market Close
22/12/2024 3:00,2024122203,Sunday,Market Close
22/12/2024 4:00,2024122204,Sunday,Market Close
22/12/2024 5:00,2024122205,Sunday,Market Close
22/12/2024 6:00,2024122206,Sunday,Market Close
22/12/2024 7:00,2024122207,Sunday,Market Close
22/12/2024 8:00,2024122208,Sunday,Market Close
22/12/2024 9:00,2024122209,Sunday,Market Close
22/12/2024 10:00,2024122210,Sunday,Market Close
22/12/2024 11:00,2024122211,Sunday,Market Close
22/12/2024 12:00,2024122212,Sunday,Market Close
22/12/2024 13:00,2024122213,Sunday,Market Close
22/12/2024 14:00,2024122214,Sunday,Market Close
22/12/2024 15:00,2024122215,Sunday,Market Close
22/12/2024 16:00,2024122216,Sunday,Market Close
22/12/2024 17:00,2024122217,Sunday,Market Close
22/12/2024 18:00,2024122218,Sunday,Market Close
22/12/2024 19:00,2024122219,Sunday,Market Close
22/12/2024 20:00,2024122220,Sunday,Market Close
22/12/2024 21:00,2024122221,Sunday,Market Close
27/12/2024 22:00,2024122722,Friday,Market Close
27/12/2024 23:00,2024122723,Friday,Market Close
28/12/2024 0:00,2024122800,Saturday,Market Close
28/12/2024 1:00,2024122801,Saturday,Market Close
28/12/2024 2:00,2024122802,Saturday,Market Close
28/12/2024 3:00,2024122803,Saturday,Market Close
28/12/2024 4:00,2024122804,Saturday,Market Close
28/12/2024 5:00,2024122805,Saturday,Market Close
28/12/2024 6:00,2024122806,Saturday,Market Close
28/12/2024 7:00,2024122807,Saturday,Market Close
28/12/2024 8:00,2024122808,Saturday,Market Close
28/12/2024 9:00,2024122809,Saturday,Market Close
28/12/2024 10:00,2024122810,Saturday,Market Close
28/12/2024 11:00,2024122811,Saturday,Market Close
28/12/2024 12:00,2024122812,Saturday,Market Close
28/12/2024 13:00,2024122813,Saturday,Market Close
28/12/2024 14:00,2024122814,Saturday,Market Close
28/12/2024 15:00,2024122815,Saturday,Market Close
28/12/2024 16:00,2024122816,Saturday,Market Close
28/12/2024 17:00,2024122817,Saturday,Market Close
28/12/2024 18:00,2024122818,Saturday,Market Close
28/12/2024 19:00,2024122819,Saturday,Market Close
28/12/2024 20:00,2024122820,Saturday,Market Close
28/12/2024 21:00,2024122821,Saturday,Market Close
28/12/2024 22:00,2024122822,Saturday,Market Close
28/12/2024 23:00,2024122823,Saturday,Market Close
29/12/2024 0:00,2024122900,Sunday,Market Close
29/12/2024 1:00,2024122901,Sunday,Market Close
29/12/2024 2:00,2024122902,Sunday,Market Close
29/12/2024 3:00,2024122903,Sunday,Market Close
29/12/2024 4:00,2024122904,Sunday,Market Close
29/12/2024 5:00,2024122905,Sunday,Market Close
29/12/2024 6:00,2024122906,Sunday,Market Close
29/12/2024 7:00,2024122907,Sunday,Market Close
29/12/2024 8:00,2024122908,Sunday,Market Close
29/12/2024 9:00,2024122909,Sunday,Market Close
29/12/2024 10:00,2024122910,Sunday,Market Close
29/12/2024 11:00,2024122911,Sunday,Market Close
29/12/2024 12:00,2024122912,Sunday,Market Close
29/12/2024 13:00,2024122913,Sunday,Market Close
29/12/2024 14:00,2024122914,Sunday,Market Close
29/12/2024 15:00,2024122915,Sunday,Market Close
29/12/2024 16:00,2024122916,Sunday,Market Close
29/12/2024 17:00,2024122917,Sunday,Market Close
29/12/2024 18:00,2024122918,Sunday,Market Close
29/12/2024 19:00,2024122919,Sunday,Market Close
29/12/2024 20:00,2024122920,Sunday,Market Close
29/12/2024 21:00,2024122921,Sunday,Market Close
3/01/2025 22:00,2025010322,Friday,Market Close
3/01/2025 23:00,2025010323,Friday,Market Close
4/01/2025 0:00,2025010400,Saturday,Market Close
4/01/2025 1:00,2025010401,Saturday,Market Close
4/01/2025 2:00,2025010402,Saturday,Market Close
4/01/2025 3:00,2025010403,Saturday,Market Close
4/01/2025 4:00,2025010404,Saturday,Market Close
4/01/2025 5:00,2025010405,Saturday,Market Close
4/01/2025 6:00,2025010406,Saturday,Market Close
4/01/2025 7:00,2025010407,Saturday,Market Close
4/01/2025 8:00,2025010408,Saturday,Market Close
4/01/2025 9:00,2025010409,Saturday,Market Close
4/01/2025 10:00,2025010410,Saturday,Market Close
4/01/2025 11:00,2025010411,Saturday,Market Close
4/01/2025 12:00,2025010412,Saturday,Market Close
4/01/2025 13:00,2025010413,Saturday,Market Close
4/01/2025 14:00,2025010414,Saturday,Market Close
4/01/2025 15:00,2025010415,Saturday,Market Close
4/01/2025 16:00,2025010416,Saturday,Market Close
4/01/2025 17:00,2025010417,Saturday,Market Close
4/01/2025 18:00,2025010418,Saturday,Market Close
4/01/2025 19:00,2025010419,Saturday,Market Close
4/01/2025 20:00,2025010420,Saturday,Market Close
4/01/2025 21:00,2025010421,Saturday,Market Close
4/01/2025 22:00,2025010422,Saturday,Market Close
4/01/2025 23:00,2025010423,Saturday,Market Close
5/01/2025 0:00,2025010500,Sunday,Market Close
5/01/2025 1:00,2025010501,Sunday,Market Close
5/01/2025 2:00,2025010502,Sunday,Market Close
5/01/2025 3:00,2025010503,Sunday,Market Close
5/01/2025 4:00,2025010504,Sunday,Market Close
5/01/2025 5:00,2025010505,Sunday,Market Close
5/01/2025 6:00,2025010506,Sunday,Market Close
5/01/2025 7:00,2025010507,Sunday,Market Close
5/01/2025 8:00,2025010508,Sunday,Market Close
5/01/2025 9:00,2025010509,Sunday,Market Close
5/01/2025 10:00,2025010510,Sunday,Market Close
5/01/2025 11:00,2025010511,Sunday,Market Close
5/01/2025 12:00,2025010512,Sunday,Market Close
5/01/2025 13:00,2025010513,Sunday,Market Close
5/01/2025 14:00,2025010514,Sunday,Market Close
5/01/2025 15:00,2025010515,Sunday,Market Close
5/01/2025 16:00,2025010516,Sunday,Market Close
5/01/2025 17:00,2025010517,Sunday,Market Close
5/01/2025 18:00,2025010518,Sunday,Market Close
5/01/2025 19:00,2025010519,Sunday,Market Close
5/01/2025 20:00,2025010520,Sunday,Market Close
5/01/2025 21:00,2025010521,Sunday,Market Close
10/01/2025 22:00,2025011022,Friday,Market Close
10/01/2025 23:00,2025011023,Friday,Market Close
11/01/2025 0:00,2025011100,Saturday,Market Close
11/01/2025 1:00,2025011101,Saturday,Market Close
11/01/2025 2:00,2025011102,Saturday,Market Close
11/01/2025 3:00,2025011103,Saturday,Market Close
11/01/2025 4:00,2025011104,Saturday,Market Close
11/01/2025 5:00,2025011105,Saturday,Market Close
11/01/2025 6:00,2025011106,Saturday,Market Close
11/01/2025 7:00,2025011107,Saturday,Market Close
11/01/2025 8:00,2025011108,Saturday,Market Close
11/01/2025 9:00,2025011109,Saturday,Market Close
11/01/2025 10:00,2025011110,Saturday,Market Close
11/01/2025 11:00,2025011111,Saturday,Market Close
11/01/2025 12:00,2025011112,Saturday,Market Close
11/01/2025 13:00,2025011113,Saturday,Market Close
11/01/2025 14:00,2025011114,Saturday,Market Close
11/01/2025 15:00,2025011115,Saturday,Market Close
11/01/2025 16:00,2025011116,Saturday,Market Close
11/01/2025 17:00,2025011117,Saturday,Market Close
11/01/2025 18:00,2025011118,Saturday,Market Close
11/01/2025 19:00,2025011119,Saturday,Market Close
11/01/2025 20:00,2025011120,Saturday,Market Close
11/01/2025 21:00,2025011121,Saturday,Market Close
11/01/2025 22:00,2025011122,Saturday,Market Close
11/01/2025 23:00,2025011123,Saturday,Market Close
12/01/2025 0:00,2025011200,Sunday,Market Close
12/01/2025 1:00,2025011201,Sunday,Market Close
12/01/2025 2:00,2025011202,Sunday,Market Close
12/01/2025 3:00,2025011203,Sunday,Market Close
12/01/2025 4:00,2025011204,Sunday,Market Close
12/01/2025 5:00,2025011205,Sunday,Market Close
12/01/2025 6:00,2025011206,Sunday,Market Close
12/01/2025 7:00,2025011207,Sunday,Market Close
12/01/2025 8:00,2025011208,Sunday,Market Close
12/01/2025 9:00,2025011209,Sunday,Market Close
12/01/2025 10:00,2025011210,Sunday,Market Close
12/01/2025 11:00,2025011211,Sunday,Market Close
12/01/2025 12:00,2025011212,Sunday,Market Close
12/01/2025 13:00,2025011213,Sunday,Market Close
12/01/2025 14:00,2025011214,Sunday,Market Close
12/01/2025 15:00,2025011215,Sunday,Market Close
12/01/2025 16:00,2025011216,Sunday,Market Close
12/01/2025 17:00,2025011217,Sunday,Market Close
12/01/2025 18:00,2025011218,Sunday,Market Close
12/01/2025 19:00,2025011219,Sunday,Market Close
12/01/2025 20:00,2025011220,Sunday,Market Close
12/01/2025 21:00,2025011221,Sunday,Market Close
17/01/2025 22:00,2025011722,Friday,Market Close
17/01/2025 23:00,2025011723,Friday,Market Close
18/01/2025 0:00,2025011800,Saturday,Market Close
18/01/2025 1:00,2025011801,Saturday,Market Close
18/01/2025 2:00,2025011802,Saturday,Market Close
18/01/2025 3:00,2025011803,Saturday,Market Close
18/01/2025 4:00,2025011804,Saturday,Market Close
18/01/2025 5:00,2025011805,Saturday,Market Close
18/01/2025 6:00,2025011806,Saturday,Market Close
18/01/2025 7:00,2025011807,Saturday,Market Close
18/01/2025 8:00,2025011808,Saturday,Market Close
18/01/2025 9:00,2025011809,Saturday,Market Close
18/01/2025 10:00,2025011810,Saturday,Market Close
18/01/2025 11:00,2025011811,Saturday,Market Close
18/01/2025 12:00,2025011812,Saturday,Market Close
18/01/2025 13:00,2025011813,Saturday,Market Close
18/01/2025 14:00,2025011814,Saturday,Market Close
18/01/2025 15:00,2025011815,Saturday,Market Close
18/01/2025 16:00,2025011816,Saturday,Market Close
18/01/2025 17:00,2025011817,Saturday,Market Close
18/01/2025 18:00,2025011818,Saturday,Market Close
18/01/2025 19:00,2025011819,Saturday,Market Close
18/01/2025 20:00,2025011820,Saturday,Market Close
18/01/2025 21:00,2025011821,Saturday,Market Close
18/01/2025 22:00,2025011822,Saturday,Market Close
18/01/2025 23:00,2025011823,Saturday,Market Close
19/01/2025 0:00,2025011900,Sunday,Market Close
19/01/2025 1:00,2025011901,Sunday,Market Close
19/01/2025 2:00,2025011902,Sunday,Market Close
19/01/2025 3:00,2025011903,Sunday,Market Close
19/01/2025 4:00,2025011904,Sunday,Market Close
19/01/2025 5:00,2025011905,Sunday,Market Close
19/01/2025 6:00,2025011906,Sunday,Market Close
19/01/2025 7:00,2025011907,Sunday,Market Close
19/01/2025 8:00,2025011908,Sunday,Market Close
19/01/2025 9:00,2025011909,Sunday,Market Close
19/01/2025 10:00,2025011910,Sunday,Market Close
19/01/2025 11:00,2025011911,Sunday,Market Close
19/01/2025 12:00,2025011912,Sunday,Market Close
19/01/2025 13:00,2025011913,Sunday,Market Close
19/01/2025 14:00,2025011914,Sunday,Market Close
19/01/2025 15:00,2025011915,Sunday,Market Close
19/01/2025 16:00,2025011916,Sunday,Market Close
19/01/2025 17:00,2025011917,Sunday,Market Close
19/01/2025 18:00,2025011918,Sunday,Market Close
19/01/2025 19:00,2025011919,Sunday,Market Close
19/01/2025 20:00,2025011920,Sunday,Market Close
19/01/2025 21:00,2025011921,Sunday,Market Close
24/01/2025 22:00,2025012422,Friday,Market Close
24/01/2025 23:00,2025012423,Friday,Market Close
25/01/2025 0:00,2025012500,Saturday,Market Close
25/01/2025 1:00,2025012501,Saturday,Market Close
25/01/2025 2:00,2025012502,Saturday,Market Close
25/01/2025 3:00,2025012503,Saturday,Market Close
25/01/2025 4:00,2025012504,Saturday,Market Close
25/01/2025 5:00,2025012505,Saturday,Market Close
25/01/2025 6:00,2025012506,Saturday,Market Close
25/01/2025 7:00,2025012507,Saturday,Market Close
25/01/2025 8:00,2025012508,Saturday,Market Close
25/01/2025 9:00,2025012509,Saturday,Market Close
25/01/2025 10:00,2025012510,Saturday,Market Close
25/01/2025 11:00,2025012511,Saturday,Market Close
25/01/2025 12:00,2025012512,Saturday,Market Close
25/01/2025 13:00,2025012513,Saturday,Market Close
25/01/2025 14:00,2025012514,Saturday,Market Close
25/01/2025 15:00,2025012515,Saturday,Market Close
25/01/2025 16:00,2025012516,Saturday,Market Close
25/01/2025 17:00,2025012517,Saturday,Market Close
25/01/2025 18:00,2025012518,Saturday,Market Close
25/01/2025 19:00,2025012519,Saturday,Market Close
25/01/2025 20:00,2025012520,Saturday,Market Close
25/01/2025 21:00,2025012521,Saturday,Market Close
25/01/2025 22:00,2025012522,Saturday,Market Close
25/01/2025 23:00,2025012523,Saturday,Market Close
26/01/2025 0:00,2025012600,Sunday,Market Close
26/01/2025 1:00,2025012601,Sunday,Market Close
26/01/2025 2:00,2025012602,Sunday,Market Close
26/01/2025 3:00,2025012603,Sunday,Market Close
26/01/2025 4:00,2025012604,Sunday,Market Close
26/01/2025 5:00,2025012605,Sunday,Market Close
26/01/2025 6:00,2025012606,Sunday,Market Close
26/01/2025 7:00,2025012607,Sunday,Market Close
26/01/2025 8:00,2025012608,Sunday,Market Close
26/01/2025 9:00,2025012609,Sunday,Market Close
26/01/2025 10:00,2025012610,Sunday,Market Close
26/01/2025 11:00,2025012611,Sunday,Market Close
26/01/2025 12:00,2025012612,Sunday,Market Close
26/01/2025 13:00,2025012613,Sunday,Market Close
26/01/2025 14:00,2025012614,Sunday,Market Close
26/01/2025 15:00,2025012615,Sunday,Market Close
26/01/2025 16:00,2025012616,Sunday,Market Close
26/01/2025 17:00,2025012617,Sunday,Market Close
26/01/2025 18:00,2025012618,Sunday,Market Close
26/01/2025 19:00,2025012619,Sunday,Market Close
26/01/2025 20:00,2025012620,Sunday,Market Close
26/01/2025 21:00,2025012621,Sunday,Market Close
31/01/2025 22:00,2025013122,Friday,Market Close
31/01/2025 23:00,2025013123,Friday,Market Close
1/02/2025 0:00,2025020100,Saturday,Market Close
1/02/2025 1:00,2025020101,Saturday,Market Close
1/02/2025 2:00,2025020102,Saturday,Market Close
1/02/2025 3:00,2025020103,Saturday,Market Close
1/02/2025 4:00,2025020104,Saturday,Market Close
1/02/2025 5:00,2025020105,Saturday,Market Close
1/02/2025 6:00,2025020106,Saturday,Market Close
1/02/2025 7:00,2025020107,Saturday,Market Close
1/02/2025 8:00,2025020108,Saturday,Market Close
1/02/2025 9:00,2025020109,Saturday,Market Close
1/02/2025 10:00,2025020110,Saturday,Market Close
1/02/2025 11:00,2025020111,Saturday,Market Close
1/02/2025 12:00,2025020112,Saturday,Market Close
1/02/2025 13:00,2025020113,Saturday,Market Close
1/02/2025 14:00,2025020114,Saturday,Market Close
1/02/2025 15:00,2025020115,Saturday,Market Close
1/02/2025 16:00,2025020116,Saturday,Market Close
1/02/2025 17:00,2025020117,Saturday,Market Close
1/02/2025 18:00,2025020118,Saturday,Market Close
1/02/2025 19:00,2025020119,Saturday,Market Close
1/02/2025 20:00,2025020120,Saturday,Market Close
1/02/2025 21:00,2025020121,Saturday,Market Close
1/02/2025 22:00,2025020122,Saturday,Market Close
1/02/2025 23:00,2025020123,Saturday,Market Close
2/02/2025 0:00,2025020200,Sunday,Market Close
2/02/2025 1:00,2025020201,Sunday,Market Close
2/02/2025 2:00,2025020202,Sunday,Market Close
2/02/2025 3:00,2025020203,Sunday,Market Close
2/02/2025 4:00,2025020204,Sunday,Market Close
2/02/2025 5:00,2025020205,Sunday,Market Close
2/02/2025 6:00,2025020206,Sunday,Market Close
2/02/2025 7:00,2025020207,Sunday,Market Close
2/02/2025 8:00,2025020208,Sunday,Market Close
2/02/2025 9:00,2025020209,Sunday,Market Close
2/02/2025 10:00,2025020210,Sunday,Market Close
2/02/2025 11:00,2025020211,Sunday,Market Close
2/02/2025 12:00,2025020212,Sunday,Market Close
2/02/2025 13:00,2025020213,Sunday,Market Close
2/02/2025 14:00,2025020214,Sunday,Market Close
2/02/2025 15:00,2025020215,Sunday,Market Close
2/02/2025 16:00,2025020216,Sunday,Market Close
2/02/2025 17:00,2025020217,Sunday,Market Close
2/02/2025 18:00,2025020218,Sunday,Market Close
2/02/2025 19:00,2025020219,Sunday,Market Close
2/02/2025 20:00,2025020220,Sunday,Market Close
2/02/2025 21:00,2025020221,Sunday,Market Close
7/02/2025 22:00,2025020722,Friday,Market Close
7/02/2025 23:00,2025020723,Friday,Market Close
8/02/2025 0:00,2025020800,Saturday,Market Close
8/02/2025 1:00,2025020801,Saturday,Market Close
8/02/2025 2:00,2025020802,Saturday,Market Close
8/02/2025 3:00,2025020803,Saturday,Market Close
8/02/2025 4:00,2025020804,Saturday,Market Close
8/02/2025 5:00,2025020805,Saturday,Market Close
8/02/2025 6:00,2025020806,Saturday,Market Close
8/02/2025 7:00,2025020807,Saturday,Market Close
8/02/2025 8:00,2025020808,Saturday,Market Close
8/02/2025 9:00,2025020809,Saturday,Market Close
8/02/2025 10:00,2025020810,Saturday,Market Close
8/02/2025 11:00,2025020811,Saturday,Market Close
8/02/2025 12:00,2025020812,Saturday,Market Close
8/02/2025 13:00,2025020813,Saturday,Market Close
8/02/2025 14:00,2025020814,Saturday,Market Close
8/02/2025 15:00,2025020815,Saturday,Market Close
8/02/2025 16:00,2025020816,Saturday,Market Close
8/02/2025 17:00,2025020817,Saturday,Market Close
8/02/2025 18:00,2025020818,Saturday,Market Close
8/02/2025 19:00,2025020819,Saturday,Market Close
8/02/2025 20:00,2025020820,Saturday,Market Close
8/02/2025 21:00,2025020821,Saturday,Market Close
8/02/2025 22:00,2025020822,Saturday,Market Close
8/02/2025 23:00,2025020823,Saturday,Market Close
9/02/2025 0:00,2025020900,Sunday,Market Close
9/02/2025 1:00,2025020901,Sunday,Market Close
9/02/2025 2:00,2025020902,Sunday,Market Close
9/02/2025 3:00,2025020903,Sunday,Market Close
9/02/2025 4:00,2025020904,Sunday,Market Close
9/02/2025 5:00,2025020905,Sunday,Market Close
9/02/2025 6:00,2025020906,Sunday,Market Close
9/02/2025 7:00,2025020907,Sunday,Market Close
9/02/2025 8:00,2025020908,Sunday,Market Close
9/02/2025 9:00,2025020909,Sunday,Market Close
9/02/2025 10:00,2025020910,Sunday,Market Close
9/02/2025 11:00,2025020911,Sunday,Market Close
9/02/2025 12:00,2025020912,Sunday,Market Close
9/02/2025 13:00,2025020913,Sunday,Market Close
9/02/2025 14:00,2025020914,Sunday,Market Close
9/02/2025 15:00,2025020915,Sunday,Market Close
9/02/2025 16:00,2025020916,Sunday,Market Close
9/02/2025 17:00,2025020917,Sunday,Market Close
9/02/2025 18:00,2025020918,Sunday,Market Close
9/02/2025 19:00,2025020919,Sunday,Market Close
9/02/2025 20:00,2025020920,Sunday,Market Close
9/02/2025 21:00,2025020921,Sunday,Market Close
14/02/2025 22:00,2025021422,Friday,Market Close
14/02/2025 23:00,2025021423,Friday,Market Close
15/02/2025 0:00,2025021500,Saturday,Market Close
15/02/2025 1:00,2025021501,Saturday,Market Close
15/02/2025 2:00,2025021502,Saturday,Market Close
15/02/2025 3:00,2025021503,Saturday,Market Close
15/02/2025 4:00,2025021504,Saturday,Market Close
15/02/2025 5:00,2025021505,Saturday,Market Close
15/02/2025 6:00,2025021506,Saturday,Market Close
15/02/2025 7:00,2025021507,Saturday,Market Close
15/02/2025 8:00,2025021508,Saturday,Market Close
15/02/2025 9:00,2025021509,Saturday,Market Close
15/02/2025 10:00,2025021510,Saturday,Market Close
15/02/2025 11:00,2025021511,Saturday,Market Close
15/02/2025 12:00,2025021512,Saturday,Market Close
15/02/2025 13:00,2025021513,Saturday,Market Close
15/02/2025 14:00,2025021514,Saturday,Market Close
15/02/2025 15:00,2025021515,Saturday,Market Close
15/02/2025 16:00,2025021516,Saturday,Market Close
15/02/2025 17:00,2025021517,Saturday,Market Close
15/02/2025 18:00,2025021518,Saturday,Market Close
15/02/2025 19:00,2025021519,Saturday,Market Close
15/02/2025 20:00,2025021520,Saturday,Market Close
15/02/2025 21:00,2025021521,Saturday,Market Close
15/02/2025 22:00,2025021522,Saturday,Market Close
15/02/2025 23:00,2025021523,Saturday,Market Close
16/02/2025 0:00,2025021600,Sunday,Market Close
16/02/2025 1:00,2025021601,Sunday,Market Close
16/02/2025 2:00,2025021602,Sunday,Market Close
16/02/2025 3:00,2025021603,Sunday,Market Close
16/02/2025 4:00,2025021604,Sunday,Market Close
16/02/2025 5:00,2025021605,Sunday,Market Close
16/02/2025 6:00,2025021606,Sunday,Market Close
16/02/2025 7:00,2025021607,Sunday,Market Close
16/02/2025 8:00,2025021608,Sunday,Market Close
16/02/2025 9:00,2025021609,Sunday,Market Close
16/02/2025 10:00,2025021610,Sunday,Market Close
16/02/2025 11:00,2025021611,Sunday,Market Close
16/02/2025 12:00,2025021612,Sunday,Market Close
16/02/2025 13:00,2025021613,Sunday,Market Close
16/02/2025 14:00,2025021614,Sunday,Market Close
16/02/2025 15:00,2025021615,Sunday,Market Close
16/02/2025 16:00,2025021616,Sunday,Market Close
16/02/2025 17:00,2025021617,Sunday,Market Close
16/02/2025 18:00,2025021618,Sunday,Market Close
16/02/2025 19:00,2025021619,Sunday,Market Close
16/02/2025 20:00,2025021620,Sunday,Market Close
16/02/2025 21:00,2025021621,Sunday,Market Close
21/02/2025 22:00,2025022122,Friday,Market Close
21/02/2025 23:00,2025022123,Friday,Market Close
22/02/2025 0:00,2025022200,Saturday,Market Close
22/02/2025 1:00,2025022201,Saturday,Market Close
22/02/2025 2:00,2025022202,Saturday,Market Close
22/02/2025 3:00,2025022203,Saturday,Market Close
22/02/2025 4:00,2025022204,Saturday,Market Close
22/02/2025 5:00,2025022205,Saturday,Market Close
22/02/2025 6:00,2025022206,Saturday,Market Close
22/02/2025 7:00,2025022207,Saturday,Market Close
22/02/2025 8:00,2025022208,Saturday,Market Close
22/02/2025 9:00,2025022209,Saturday,Market Close
22/02/2025 10:00,2025022210,Saturday,Market Close
22/02/2025 11:00,2025022211,Saturday,Market Close
22/02/2025 12:00,2025022212,Saturday,Market Close
22/02/2025 13:00,2025022213,Saturday,Market Close
22/02/2025 14:00,2025022214,Saturday,Market Close
22/02/2025 15:00,2025022215,Saturday,Market Close
22/02/2025 16:00,2025022216,Saturday,Market Close
22/02/2025 17:00,2025022217,Saturday,Market Close
22/02/2025 18:00,2025022218,Saturday,Market Close
22/02/2025 19:00,2025022219,Saturday,Market Close
22/02/2025 20:00,2025022220,Saturday,Market Close
22/02/2025 21:00,2025022221,Saturday,Market Close
22/02/2025 22:00,2025022222,Saturday,Market Close
22/02/2025 23:00,2025022223,Saturday,Market Close
23/02/2025 0:00,2025022300,Sunday,Market Close
23/02/2025 1:00,2025022301,Sunday,Market Close
23/02/2025 2:00,2025022302,Sunday,Market Close
23/02/2025 3:00,2025022303,Sunday,Market Close
23/02/2025 4:00,2025022304,Sunday,Market Close
23/02/2025 5:00,2025022305,Sunday,Market Close
23/02/2025 6:00,2025022306,Sunday,Market Close
23/02/2025 7:00,2025022307,Sunday,Market Close
23/02/2025 8:00,2025022308,Sunday,Market Close
23/02/2025 9:00,2025022309,Sunday,Market Close
23/02/2025 10:00,2025022310,Sunday,Market Close
23/02/2025 11:00,2025022311,Sunday,Market Close
23/02/2025 12:00,2025022312,Sunday,Market Close
23/02/2025 13:00,2025022313,Sunday,Market Close
23/02/2025 14:00,2025022314,Sunday,Market Close
23/02/2025 15:00,2025022315,Sunday,Market Close
23/02/2025 16:00,2025022316,Sunday,Market Close
23/02/2025 17:00,2025022317,Sunday,Market Close
23/02/2025 18:00,2025022318,Sunday,Market Close
23/02/2025 19:00,2025022319,Sunday,Market Close
23/02/2025 20:00,2025022320,Sunday,Market Close
23/02/2025 21:00,2025022321,Sunday,Market Close
28/02/2025 22:00,2025022822,Friday,Market Close
28/02/2025 23:00,2025022823,Friday,Market Close
1/03/2025 0:00,2025030100,Saturday,Market Close
1/03/2025 1:00,2025030101,Saturday,Market Close
1/03/2025 2:00,2025030102,Saturday,Market Close
1/03/2025 3:00,2025030103,Saturday,Market Close
1/03/2025 4:00,2025030104,Saturday,Market Close
1/03/2025 5:00,2025030105,Saturday,Market Close
1/03/2025 6:00,2025030106,Saturday,Market Close
1/03/2025 7:00,2025030107,Saturday,Market Close
1/03/2025 8:00,2025030108,Saturday,Market Close
1/03/2025 9:00,2025030109,Saturday,Market Close
1/03/2025 10:00,2025030110,Saturday,Market Close
1/03/2025 11:00,2025030111,Saturday,Market Close
1/03/2025 12:00,2025030112,Saturday,Market Close
1/03/2025 13:00,2025030113,Saturday,Market Close
1/03/2025 14:00,2025030114,Saturday,Market Close
1/03/2025 15:00,2025030115,Saturday,Market Close
1/03/2025 16:00,2025030116,Saturday,Market Close
1/03/2025 17:00,2025030117,Saturday,Market Close
1/03/2025 18:00,2025030118,Saturday,Market Close
1/03/2025 19:00,2025030119,Saturday,Market Close
1/03/2025 20:00,2025030120,Saturday,Market Close
1/03/2025 21:00,2025030121,Saturday,Market Close
1/03/2025 22:00,2025030122,Saturday,Market Close
1/03/2025 23:00,2025030123,Saturday,Market Close
2/03/2025 0:00,2025030200,Sunday,Market Close
2/03/2025 1:00,2025030201,Sunday,Market Close
2/03/2025 2:00,2025030202,Sunday,Market Close
2/03/2025 3:00,2025030203,Sunday,Market Close
2/03/2025 4:00,2025030204,Sunday,Market Close
2/03/2025 5:00,2025030205,Sunday,Market Close
2/03/2025 6:00,2025030206,Sunday,Market Close
2/03/2025 7:00,2025030207,Sunday,Market Close
2/03/2025 8:00,2025030208,Sunday,Market Close
2/03/2025 9:00,2025030209,Sunday,Market Close
2/03/2025 10:00,2025030210,Sunday,Market Close
2/03/2025 11:00,2025030211,Sunday,Market Close
2/03/2025 12:00,2025030212,Sunday,Market Close
2/03/2025 13:00,2025030213,Sunday,Market Close
2/03/2025 14:00,2025030214,Sunday,Market Close
2/03/2025 15:00,2025030215,Sunday,Market Close
2/03/2025 16:00,2025030216,Sunday,Market Close
2/03/2025 17:00,2025030217,Sunday,Market Close
2/03/2025 18:00,2025030218,Sunday,Market Close
2/03/2025 19:00,2025030219,Sunday,Market Close
2/03/2025 20:00,2025030220,Sunday,Market Close
2/03/2025 21:00,2025030221,Sunday,Market Close
7/03/2025 22:00,2025030722,Friday,Market Close
7/03/2025 23:00,2025030723,Friday,Market Close
8/03/2025 0:00,2025030800,Saturday,Market Close
8/03/2025 1:00,2025030801,Saturday,Market Close
8/03/2025 2:00,2025030802,Saturday,Market Close
8/03/2025 3:00,2025030803,Saturday,Market Close
8/03/2025 4:00,2025030804,Saturday,Market Close
8/03/2025 5:00,2025030805,Saturday,Market Close
8/03/2025 6:00,2025030806,Saturday,Market Close
8/03/2025 7:00,2025030807,Saturday,Market Close
8/03/2025 8:00,2025030808,Saturday,Market Close
8/03/2025 9:00,2025030809,Saturday,Market Close
8/03/2025 10:00,2025030810,Saturday,Market Close
8/03/2025 11:00,2025030811,Saturday,Market Close
8/03/2025 12:00,2025030812,Saturday,Market Close
8/03/2025 13:00,2025030813,Saturday,Market Close
8/03/2025 14:00,2025030814,Saturday,Market Close
8/03/2025 15:00,2025030815,Saturday,Market Close
8/03/2025 16:00,2025030816,Saturday,Market Close
8/03/2025 17:00,2025030817,Saturday,Market Close
8/03/2025 18:00,2025030818,Saturday,Market Close
8/03/2025 19:00,2025030819,Saturday,Market Close
8/03/2025 20:00,2025030820,Saturday,Market Close
8/03/2025 21:00,2025030821,Saturday,Market Close
8/03/2025 22:00,2025030822,Saturday,Market Close
8/03/2025 23:00,2025030823,Saturday,Market Close
9/03/2025 0:00,2025030900,Sunday,Market Close
9/03/2025 1:00,2025030901,Sunday,Market Close
9/03/2025 2:00,2025030902,Sunday,Market Close
9/03/2025 3:00,2025030903,Sunday,Market Close
9/03/2025 4:00,2025030904,Sunday,Market Close
9/03/2025 5:00,2025030905,Sunday,Market Close
9/03/2025 6:00,2025030906,Sunday,Market Close
9/03/2025 7:00,2025030907,Sunday,Market Close
9/03/2025 8:00,2025030908,Sunday,Market Close
9/03/2025 9:00,2025030909,Sunday,Market Close
9/03/2025 10:00,2025030910,Sunday,Market Close
9/03/2025 11:00,2025030911,Sunday,Market Close
9/03/2025 12:00,2025030912,Sunday,Market Close
9/03/2025 13:00,2025030913,Sunday,Market Close
9/03/2025 14:00,2025030914,Sunday,Market Close
9/03/2025 15:00,2025030915,Sunday,Market Close
9/03/2025 16:00,2025030916,Sunday,Market Close
9/03/2025 17:00,2025030917,Sunday,Market Close
9/03/2025 18:00,2025030918,Sunday,Market Close
9/03/2025 19:00,2025030919,Sunday,Market Close
9/03/2025 20:00,2025030920,Sunday,Market Close
14/03/2025 21:00,2025031421,Friday,Market Close
14/03/2025 22:00,2025031422,Friday,Market Close
14/03/2025 23:00,2025031423,Friday,Market Close
15/03/2025 0:00,2025031500,Saturday,Market Close
15/03/2025 1:00,2025031501,Saturday,Market Close
15/03/2025 2:00,2025031502,Saturday,Market Close
15/03/2025 3:00,2025031503,Saturday,Market Close
15/03/2025 4:00,2025031504,Saturday,Market Close
15/03/2025 5:00,2025031505,Saturday,Market Close
15/03/2025 6:00,2025031506,Saturday,Market Close
15/03/2025 7:00,2025031507,Saturday,Market Close
15/03/2025 8:00,2025031508,Saturday,Market Close
15/03/2025 9:00,2025031509,Saturday,Market Close
15/03/2025 10:00,2025031510,Saturday,Market Close
15/03/2025 11:00,2025031511,Saturday,Market Close
15/03/2025 12:00,2025031512,Saturday,Market Close
15/03/2025 13:00,2025031513,Saturday,Market Close
15/03/2025 14:00,2025031514,Saturday,Market Close
15/03/2025 15:00,2025031515,Saturday,Market Close
15/03/2025 16:00,2025031516,Saturday,Market Close
15/03/2025 17:00,2025031517,Saturday,Market Close
15/03/2025 18:00,2025031518,Saturday,Market Close
15/03/2025 19:00,2025031519,Saturday,Market Close
15/03/2025 20:00,2025031520,Saturday,Market Close
15/03/2025 21:00,2025031521,Saturday,Market Close
15/03/2025 22:00,2025031522,Saturday,Market Close
15/03/2025 23:00,2025031523,Saturday,Market Close
16/03/2025 0:00,2025031600,Sunday,Market Close
16/03/2025 1:00,2025031601,Sunday,Market Close
16/03/2025 2:00,2025031602,Sunday,Market Close
16/03/2025 3:00,2025031603,Sunday,Market Close
16/03/2025 4:00,2025031604,Sunday,Market Close
16/03/2025 5:00,2025031605,Sunday,Market Close
16/03/2025 6:00,2025031606,Sunday,Market Close
16/03/2025 7:00,2025031607,Sunday,Market Close
16/03/2025 8:00,2025031608,Sunday,Market Close
16/03/2025 9:00,2025031609,Sunday,Market Close
16/03/2025 10:00,2025031610,Sunday,Market Close
16/03/2025 11:00,2025031611,Sunday,Market Close
16/03/2025 12:00,2025031612,Sunday,Market Close
16/03/2025 13:00,2025031613,Sunday,Market Close
16/03/2025 14:00,2025031614,Sunday,Market Close
16/03/2025 15:00,2025031615,Sunday,Market Close
16/03/2025 16:00,2025031616,Sunday,Market Close
16/03/2025 17:00,2025031617,Sunday,Market Close
16/03/2025 18:00,2025031618,Sunday,Market Close
16/03/2025 19:00,2025031619,Sunday,Market Close
16/03/2025 20:00,2025031620,Sunday,Market Close
21/03/2025 21:00,2025032121,Friday,Market Close
21/03/2025 22:00,2025032122,Friday,Market Close
21/03/2025 23:00,2025032123,Friday,Market Close
22/03/2025 0:00,2025032200,Saturday,Market Close
22/03/2025 1:00,2025032201,Saturday,Market Close
22/03/2025 2:00,2025032202,Saturday,Market Close
22/03/2025 3:00,2025032203,Saturday,Market Close
22/03/2025 4:00,2025032204,Saturday,Market Close
22/03/2025 5:00,2025032205,Saturday,Market Close
22/03/2025 6:00,2025032206,Saturday,Market Close
22/03/2025 7:00,2025032207,Saturday,Market Close
22/03/2025 8:00,2025032208,Saturday,Market Close
22/03/2025 9:00,2025032209,Saturday,Market Close
22/03/2025 10:00,2025032210,Saturday,Market Close
22/03/2025 11:00,2025032211,Saturday,Market Close
22/03/2025 12:00,2025032212,Saturday,Market Close
22/03/2025 13:00,2025032213,Saturday,Market Close
22/03/2025 14:00,2025032214,Saturday,Market Close
22/03/2025 15:00,2025032215,Saturday,Market Close
22/03/2025 16:00,2025032216,Saturday,Market Close
22/03/2025 17:00,2025032217,Saturday,Market Close
22/03/2025 18:00,2025032218,Saturday,Market Close
22/03/2025 19:00,2025032219,Saturday,Market Close
22/03/2025 20:00,2025032220,Saturday,Market Close
22/03/2025 21:00,2025032221,Saturday,Market Close
22/03/2025 22:00,2025032222,Saturday,Market Close
22/03/2025 23:00,2025032223,Saturday,Market Close
23/03/2025 0:00,2025032300,Sunday,Market Close
23/03/2025 1:00,2025032301,Sunday,Market Close
23/03/2025 2:00,2025032302,Sunday,Market Close
23/03/2025 3:00,2025032303,Sunday,Market Close
23/03/2025 4:00,2025032304,Sunday,Market Close
23/03/2025 5:00,2025032305,Sunday,Market Close
23/03/2025 6:00,2025032306,Sunday,Market Close
23/03/2025 7:00,2025032307,Sunday,Market Close
23/03/2025 8:00,2025032308,Sunday,Market Close
23/03/2025 9:00,2025032309,Sunday,Market Close
23/03/2025 10:00,2025032310,Sunday,Market Close
23/03/2025 11:00,2025032311,Sunday,Market Close
23/03/2025 12:00,2025032312,Sunday,Market Close
23/03/2025 13:00,2025032313,Sunday,Market Close
23/03/2025 14:00,2025032314,Sunday,Market Close
23/03/2025 15:00,2025032315,Sunday,Market Close
23/03/2025 16:00,2025032316,Sunday,Market Close
23/03/2025 17:00,2025032317,Sunday,Market Close
23/03/2025 18:00,2025032318,Sunday,Market Close
23/03/2025 19:00,2025032319,Sunday,Market Close
23/03/2025 20:00,2025032320,Sunday,Market Close
28/03/2025 21:00,2025032821,Friday,Market Close
28/03/2025 22:00,2025032822,Friday,Market Close
28/03/2025 23:00,2025032823,Friday,Market Close
29/03/2025 0:00,2025032900,Saturday,Market Close
29/03/2025 1:00,2025032901,Saturday,Market Close
29/03/2025 2:00,2025032902,Saturday,Market Close
29/03/2025 3:00,2025032903,Saturday,Market Close
29/03/2025 4:00,2025032904,Saturday,Market Close
29/03/2025 5:00,2025032905,Saturday,Market Close
29/03/2025 6:00,2025032906,Saturday,Market Close
29/03/2025 7:00,2025032907,Saturday,Market Close
29/03/2025 8:00,2025032908,Saturday,Market Close
29/03/2025 9:00,2025032909,Saturday,Market Close
29/03/2025 10:00,2025032910,Saturday,Market Close
29/03/2025 11:00,2025032911,Saturday,Market Close
29/03/2025 12:00,2025032912,Saturday,Market Close
29/03/2025 13:00,2025032913,Saturday,Market Close
29/03/2025 14:00,2025032914,Saturday,Market Close
29/03/2025 15:00,2025032915,Saturday,Market Close
29/03/2025 16:00,2025032916,Saturday,Market Close
29/03/2025 17:00,2025032917,Saturday,Market Close
29/03/2025 18:00,2025032918,Saturday,Market Close
29/03/2025 19:00,2025032919,Saturday,Market Close
29/03/2025 20:00,2025032920,Saturday,Market Close
29/03/2025 21:00,2025032921,Saturday,Market Close
29/03/2025 22:00,2025032922,Saturday,Market Close
29/03/2025 23:00,2025032923,Saturday,Market Close
30/03/2025 0:00,2025033000,Sunday,Market Close
30/03/2025 1:00,2025033001,Sunday,Market Close
30/03/2025 2:00,2025033002,Sunday,Market Close
30/03/2025 3:00,2025033003,Sunday,Market Close
30/03/2025 4:00,2025033004,Sunday,Market Close
30/03/2025 5:00,2025033005,Sunday,Market Close
30/03/2025 6:00,2025033006,Sunday,Market Close
30/03/2025 7:00,2025033007,Sunday,Market Close
30/03/2025 8:00,2025033008,Sunday,Market Close
30/03/2025 9:00,2025033009,Sunday,Market Close
30/03/2025 10:00,2025033010,Sunday,Market Close
30/03/2025 11:00,2025033011,Sunday,Market Close
30/03/2025 12:00,2025033012,Sunday,Market Close
30/03/2025 13:00,2025033013,Sunday,Market Close
30/03/2025 14:00,2025033014,Sunday,Market Close
30/03/2025 15:00,2025033015,Sunday,Market Close
30/03/2025 16:00,2025033016,Sunday,Market Close
30/03/2025 17:00,2025033017,Sunday,Market Close
30/03/2025 18:00,2025033018,Sunday,Market Close
30/03/2025 19:00,2025033019,Sunday,Market Close
30/03/2025 20:00,2025033020,Sunday,Market Close
4/04/2025 21:00,2025040421,Friday,Market Close
4/04/2025 22:00,2025040422,Friday,Market Close
4/04/2025 23:00,2025040423,Friday,Market Close
5/04/2025 0:00,2025040500,Saturday,Market Close
5/04/2025 1:00,2025040501,Saturday,Market Close
5/04/2025 2:00,2025040502,Saturday,Market Close
5/04/2025 3:00,2025040503,Saturday,Market Close
5/04/2025 4:00,2025040504,Saturday,Market Close
5/04/2025 5:00,2025040505,Saturday,Market Close
5/04/2025 6:00,2025040506,Saturday,Market Close
5/04/2025 7:00,2025040507,Saturday,Market Close
5/04/2025 8:00,2025040508,Saturday,Market Close
5/04/2025 9:00,2025040509,Saturday,Market Close
5/04/2025 10:00,2025040510,Saturday,Market Close
5/04/2025 11:00,2025040511,Saturday,Market Close
5/04/2025 12:00,2025040512,Saturday,Market Close
5/04/2025 13:00,2025040513,Saturday,Market Close
5/04/2025 14:00,2025040514,Saturday,Market Close
5/04/2025 15:00,2025040515,Saturday,Market Close
5/04/2025 16:00,2025040516,Saturday,Market Close
5/04/2025 17:00,2025040517,Saturday,Market Close
5/04/2025 18:00,2025040518,Saturday,Market Close
5/04/2025 19:00,2025040519,Saturday,Market Close
5/04/2025 20:00,2025040520,Saturday,Market Close
5/04/2025 21:00,2025040521,Saturday,Market Close
5/04/2025 22:00,2025040522,Saturday,Market Close
5/04/2025 23:00,2025040523,Saturday,Market Close
6/04/2025 0:00,2025040600,Sunday,Market Close
6/04/2025 1:00,2025040601,Sunday,Market Close
6/04/2025 2:00,2025040602,Sunday,Market Close
6/04/2025 3:00,2025040603,Sunday,Market Close
6/04/2025 4:00,2025040604,Sunday,Market Close
6/04/2025 5:00,2025040605,Sunday,Market Close
6/04/2025 6:00,2025040606,Sunday,Market Close
6/04/2025 7:00,2025040607,Sunday,Market Close
6/04/2025 8:00,2025040608,Sunday,Market Close
6/04/2025 9:00,2025040609,Sunday,Market Close
6/04/2025 10:00,2025040610,Sunday,Market Close
6/04/2025 11:00,2025040611,Sunday,Market Close
6/04/2025 12:00,2025040612,Sunday,Market Close
6/04/2025 13:00,2025040613,Sunday,Market Close
6/04/2025 14:00,2025040614,Sunday,Market Close
6/04/2025 15:00,2025040615,Sunday,Market Close
6/04/2025 16:00,2025040616,Sunday,Market Close
6/04/2025 17:00,2025040617,Sunday,Market Close
6/04/2025 18:00,2025040618,Sunday,Market Close
6/04/2025 19:00,2025040619,Sunday,Market Close
6/04/2025 20:00,2025040620,Sunday,Market Close
11/04/2025 21:00,2025041121,Friday,Market Close
11/04/2025 22:00,2025041122,Friday,Market Close
11/04/2025 23:00,2025041123,Friday,Market Close
12/04/2025 0:00,2025041200,Saturday,Market Close
12/04/2025 1:00,2025041201,Saturday,Market Close
12/04/2025 2:00,2025041202,Saturday,Market Close
12/04/2025 3:00,2025041203,Saturday,Market Close
12/04/2025 4:00,2025041204,Saturday,Market Close
12/04/2025 5:00,2025041205,Saturday,Market Close
12/04/2025 6:00,2025041206,Saturday,Market Close
12/04/2025 7:00,2025041207,Saturday,Market Close
12/04/2025 8:00,2025041208,Saturday,Market Close
12/04/2025 9:00,2025041209,Saturday,Market Close
12/04/2025 10:00,2025041210,Saturday,Market Close
12/04/2025 11:00,2025041211,Saturday,Market Close
12/04/2025 12:00,2025041212,Saturday,Market Close
12/04/2025 13:00,2025041213,Saturday,Market Close
12/04/2025 14:00,2025041214,Saturday,Market Close
12/04/2025 15:00,2025041215,Saturday,Market Close
12/04/2025 16:00,2025041216,Saturday,Market Close
12/04/2025 17:00,2025041217,Saturday,Market Close
12/04/2025 18:00,2025041218,Saturday,Market Close
12/04/2025 19:00,2025041219,Saturday,Market Close
12/04/2025 20:00,2025041220,Saturday,Market Close
12/04/2025 21:00,2025041221,Saturday,Market Close
12/04/2025 22:00,2025041222,Saturday,Market Close
12/04/2025 23:00,2025041223,Saturday,Market Close
13/04/2025 0:00,2025041300,Sunday,Market Close
13/04/2025 1:00,2025041301,Sunday,Market Close
13/04/2025 2:00,2025041302,Sunday,Market Close
13/04/2025 3:00,2025041303,Sunday,Market Close
13/04/2025 4:00,2025041304,Sunday,Market Close
13/04/2025 5:00,2025041305,Sunday,Market Close
13/04/2025 6:00,2025041306,Sunday,Market Close
13/04/2025 7:00,2025041307,Sunday,Market Close
13/04/2025 8:00,2025041308,Sunday,Market Close
13/04/2025 9:00,2025041309,Sunday,Market Close
13/04/2025 10:00,2025041310,Sunday,Market Close
13/04/2025 11:00,2025041311,Sunday,Market Close
13/04/2025 12:00,2025041312,Sunday,Market Close
13/04/2025 13:00,2025041313,Sunday,Market Close
13/04/2025 14:00,2025041314,Sunday,Market Close
13/04/2025 15:00,2025041315,Sunday,Market Close
13/04/2025 16:00,2025041316,Sunday,Market Close
13/04/2025 17:00,2025041317,Sunday,Market Close
13/04/2025 18:00,2025041318,Sunday,Market Close
13/04/2025 19:00,2025041319,Sunday,Market Close
13/04/2025 20:00,2025041320,Sunday,Market Close
18/04/2025 21:00,2025041821,Friday,Market Close
18/04/2025 22:00,2025041822,Friday,Market Close
18/04/2025 23:00,2025041823,Friday,Market Close
19/04/2025 0:00,2025041900,Saturday,Market Close
19/04/2025 1:00,2025041901,Saturday,Market Close
19/04/2025 2:00,2025041902,Saturday,Market Close
19/04/2025 3:00,2025041903,Saturday,Market Close
19/04/2025 4:00,2025041904,Saturday,Market Close
19/04/2025 5:00,2025041905,Saturday,Market Close
19/04/2025 6:00,2025041906,Saturday,Market Close
19/04/2025 7:00,2025041907,Saturday,Market Close
19/04/2025 8:00,2025041908,Saturday,Market Close
19/04/2025 9:00,2025041909,Saturday,Market Close
19/04/2025 10:00,2025041910,Saturday,Market Close
19/04/2025 11:00,2025041911,Saturday,Market Close
19/04/2025 12:00,2025041912,Saturday,Market Close
19/04/2025 13:00,2025041913,Saturday,Market Close
19/04/2025 14:00,2025041914,Saturday,Market Close
19/04/2025 15:00,2025041915,Saturday,Market Close
19/04/2025 16:00,2025041916,Saturday,Market Close
19/04/2025 17:00,2025041917,Saturday,Market Close
19/04/2025 18:00,2025041918,Saturday,Market Close
19/04/2025 19:00,2025041919,Saturday,Market Close
19/04/2025 20:00,2025041920,Saturday,Market Close
19/04/2025 21:00,2025041921,Saturday,Market Close
19/04/2025 22:00,2025041922,Saturday,Market Close
19/04/2025 23:00,2025041923,Saturday,Market Close
20/04/2025 0:00,2025042000,Sunday,Market Close
20/04/2025 1:00,2025042001,Sunday,Market Close
20/04/2025 2:00,2025042002,Sunday,Market Close
20/04/2025 3:00,2025042003,Sunday,Market Close
20/04/2025 4:00,2025042004,Sunday,Market Close
20/04/2025 5:00,2025042005,Sunday,Market Close
20/04/2025 6:00,2025042006,Sunday,Market Close
20/04/2025 7:00,2025042007,Sunday,Market Close
20/04/2025 8:00,2025042008,Sunday,Market Close
20/04/2025 9:00,2025042009,Sunday,Market Close
20/04/2025 10:00,2025042010,Sunday,Market Close
20/04/2025 11:00,2025042011,Sunday,Market Close
20/04/2025 12:00,2025042012,Sunday,Market Close
20/04/2025 13:00,2025042013,Sunday,Market Close
20/04/2025 14:00,2025042014,Sunday,Market Close
20/04/2025 15:00,2025042015,Sunday,Market Close
20/04/2025 16:00,2025042016,Sunday,Market Close
20/04/2025 17:00,2025042017,Sunday,Market Close
20/04/2025 18:00,2025042018,Sunday,Market Close
20/04/2025 19:00,2025042019,Sunday,Market Close
20/04/2025 20:00,2025042020,Sunday,Market Close
25/04/2025 21:00,2025042521,Friday,Market Close
25/04/2025 22:00,2025042522,Friday,Market Close
25/04/2025 23:00,2025042523,Friday,Market Close
26/04/2025 0:00,2025042600,Saturday,Market Close
26/04/2025 1:00,2025042601,Saturday,Market Close
26/04/2025 2:00,2025042602,Saturday,Market Close
26/04/2025 3:00,2025042603,Saturday,Market Close
26/04/2025 4:00,2025042604,Saturday,Market Close
26/04/2025 5:00,2025042605,Saturday,Market Close
26/04/2025 6:00,2025042606,Saturday,Market Close
26/04/2025 7:00,2025042607,Saturday,Market Close
26/04/2025 8:00,2025042608,Saturday,Market Close
26/04/2025 9:00,2025042609,Saturday,Market Close
26/04/2025 10:00,2025042610,Saturday,Market Close
26/04/2025 11:00,2025042611,Saturday,Market Close
26/04/2025 12:00,2025042612,Saturday,Market Close
26/04/2025 13:00,2025042613,Saturday,Market Close
26/04/2025 14:00,2025042614,Saturday,Market Close
26/04/2025 15:00,2025042615,Saturday,Market Close
26/04/2025 16:00,2025042616,Saturday,Market Close
26/04/2025 17:00,2025042617,Saturday,Market Close
26/04/2025 18:00,2025042618,Saturday,Market Close
26/04/2025 19:00,2025042619,Saturday,Market Close
26/04/2025 20:00,2025042620,Saturday,Market Close
26/04/2025 21:00,2025042621,Saturday,Market Close
26/04/2025 22:00,2025042622,Saturday,Market Close
26/04/2025 23:00,2025042623,Saturday,Market Close
27/04/2025 0:00,2025042700,Sunday,Market Close
27/04/2025 1:00,2025042701,Sunday,Market Close
27/04/2025 2:00,2025042702,Sunday,Market Close
27/04/2025 3:00,2025042703,Sunday,Market Close
27/04/2025 4:00,2025042704,Sunday,Market Close
27/04/2025 5:00,2025042705,Sunday,Market Close
27/04/2025 6:00,2025042706,Sunday,Market Close
27/04/2025 7:00,2025042707,Sunday,Market Close
27/04/2025 8:00,2025042708,Sunday,Market Close
27/04/2025 9:00,2025042709,Sunday,Market Close
27/04/2025 10:00,2025042710,Sunday,Market Close
27/04/2025 11:00,2025042711,Sunday,Market Close
27/04/2025 12:00,2025042712,Sunday,Market Close
27/04/2025 13:00,2025042713,Sunday,Market Close
27/04/2025 14:00,2025042714,Sunday,Market Close
27/04/2025 15:00,2025042715,Sunday,Market Close
27/04/2025 16:00,2025042716,Sunday,Market Close
27/04/2025 17:00,2025042717,Sunday,Market Close
27/04/2025 18:00,2025042718,Sunday,Market Close
27/04/2025 19:00,2025042719,Sunday,Market Close
27/04/2025 20:00,2025042720,Sunday,Market Close
2/05/2025 21:00,2025050221,Friday,Market Close
2/05/2025 22:00,2025050222,Friday,Market Close
2/05/2025 23:00,2025050223,Friday,Market Close
3/05/2025 0:00,2025050300,Saturday,Market Close
3/05/2025 1:00,2025050301,Saturday,Market Close
3/05/2025 2:00,2025050302,Saturday,Market Close
3/05/2025 3:00,2025050303,Saturday,Market Close
3/05/2025 4:00,2025050304,Saturday,Market Close
3/05/2025 5:00,2025050305,Saturday,Market Close
3/05/2025 6:00,2025050306,Saturday,Market Close
3/05/2025 7:00,2025050307,Saturday,Market Close
3/05/2025 8:00,2025050308,Saturday,Market Close
3/05/2025 9:00,2025050309,Saturday,Market Close
3/05/2025 10:00,2025050310,Saturday,Market Close
3/05/2025 11:00,2025050311,Saturday,Market Close
3/05/2025 12:00,2025050312,Saturday,Market Close
3/05/2025 13:00,2025050313,Saturday,Market Close
3/05/2025 14:00,2025050314,Saturday,Market Close
3/05/2025 15:00,2025050315,Saturday,Market Close
3/05/2025 16:00,2025050316,Saturday,Market Close
3/05/2025 17:00,2025050317,Saturday,Market Close
3/05/2025 18:00,2025050318,Saturday,Market Close
3/05/2025 19:00,2025050319,Saturday,Market Close
3/05/2025 20:00,2025050320,Saturday,Market Close
3/05/2025 21:00,2025050321,Saturday,Market Close
3/05/2025 22:00,2025050322,Saturday,Market Close
3/05/2025 23:00,2025050323,Saturday,Market Close
4/05/2025 0:00,2025050400,Sunday,Market Close
4/05/2025 1:00,2025050401,Sunday,Market Close
4/05/2025 2:00,2025050402,Sunday,Market Close
4/05/2025 3:00,2025050403,Sunday,Market Close
4/05/2025 4:00,2025050404,Sunday,Market Close
4/05/2025 5:00,2025050405,Sunday,Market Close
4/05/2025 6:00,2025050406,Sunday,Market Close
4/05/2025 7:00,2025050407,Sunday,Market Close
4/05/2025 8:00,2025050408,Sunday,Market Close
4/05/2025 9:00,2025050409,Sunday,Market Close
4/05/2025 10:00,2025050410,Sunday,Market Close
4/05/2025 11:00,2025050411,Sunday,Market Close
4/05/2025 12:00,2025050412,Sunday,Market Close
4/05/2025 13:00,2025050413,Sunday,Market Close
4/05/2025 14:00,2025050414,Sunday,Market Close
4/05/2025 15:00,2025050415,Sunday,Market Close
4/05/2025 16:00,2025050416,Sunday,Market Close
4/05/2025 17:00,2025050417,Sunday,Market Close
4/05/2025 18:00,2025050418,Sunday,Market Close
4/05/2025 19:00,2025050419,Sunday,Market Close
4/05/2025 20:00,2025050420,Sunday,Market Close
9/05/2025 21:00,2025050921,Friday,Market Close
9/05/2025 22:00,2025050922,Friday,Market Close
9/05/2025 23:00,2025050923,Friday,Market Close
10/05/2025 0:00,2025051000,Saturday,Market Close
10/05/2025 1:00,2025051001,Saturday,Market Close
10/05/2025 2:00,2025051002,Saturday,Market Close
10/05/2025 3:00,2025051003,Saturday,Market Close
10/05/2025 4:00,2025051004,Saturday,Market Close
10/05/2025 5:00,2025051005,Saturday,Market Close
10/05/2025 6:00,2025051006,Saturday,Market Close
10/05/2025 7:00,2025051007,Saturday,Market Close
10/05/2025 8:00,2025051008,Saturday,Market Close
10/05/2025 9:00,2025051009,Saturday,Market Close
10/05/2025 10:00,2025051010,Saturday,Market Close
10/05/2025 11:00,2025051011,Saturday,Market Close
10/05/2025 12:00,2025051012,Saturday,Market Close
10/05/2025 13:00,2025051013,Saturday,Market Close
10/05/2025 14:00,2025051014,Saturday,Market Close
10/05/2025 15:00,2025051015,Saturday,Market Close
10/05/2025 16:00,2025051016,Saturday,Market Close
10/05/2025 17:00,2025051017,Saturday,Market Close
10/05/2025 18:00,2025051018,Saturday,Market Close
10/05/2025 19:00,2025051019,Saturday,Market Close
10/05/2025 20:00,2025051020,Saturday,Market Close
10/05/2025 21:00,2025051021,Saturday,Market Close
10/05/2025 22:00,2025051022,Saturday,Market Close
10/05/2025 23:00,2025051023,Saturday,Market Close
11/05/2025 0:00,2025051100,Sunday,Market Close
11/05/2025 1:00,2025051101,Sunday,Market Close
11/05/2025 2:00,2025051102,Sunday,Market Close
11/05/2025 3:00,2025051103,Sunday,Market Close
11/05/2025 4:00,2025051104,Sunday,Market Close
11/05/2025 5:00,2025051105,Sunday,Market Close
11/05/2025 6:00,2025051106,Sunday,Market Close
11/05/2025 7:00,2025051107,Sunday,Market Close
11/05/2025 8:00,2025051108,Sunday,Market Close
11/05/2025 9:00,2025051109,Sunday,Market Close
11/05/2025 10:00,2025051110,Sunday,Market Close
11/05/2025 11:00,2025051111,Sunday,Market Close
11/05/2025 12:00,2025051112,Sunday,Market Close
11/05/2025 13:00,2025051113,Sunday,Market Close
11/05/2025 14:00,2025051114,Sunday,Market Close
11/05/2025 15:00,2025051115,Sunday,Market Close
11/05/2025 16:00,2025051116,Sunday,Market Close
11/05/2025 17:00,2025051117,Sunday,Market Close
11/05/2025 18:00,2025051118,Sunday,Market Close
11/05/2025 19:00,2025051119,Sunday,Market Close
11/05/2025 20:00,2025051120,Sunday,Market Close
16/05/2025 21:00,2025051621,Friday,Market Close
16/05/2025 22:00,2025051622,Friday,Market Close
16/05/2025 23:00,2025051623,Friday,Market Close
17/05/2025 0:00,2025051700,Saturday,Market Close
17/05/2025 1:00,2025051701,Saturday,Market Close
17/05/2025 2:00,2025051702,Saturday,Market Close
17/05/2025 3:00,2025051703,Saturday,Market Close
17/05/2025 4:00,2025051704,Saturday,Market Close
17/05/2025 5:00,2025051705,Saturday,Market Close
17/05/2025 6:00,2025051706,Saturday,Market Close
17/05/2025 7:00,2025051707,Saturday,Market Close
17/05/2025 8:00,2025051708,Saturday,Market Close
17/05/2025 9:00,2025051709,Saturday,Market Close
17/05/2025 10:00,2025051710,Saturday,Market Close
17/05/2025 11:00,2025051711,Saturday,Market Close
17/05/2025 12:00,2025051712,Saturday,Market Close
17/05/2025 13:00,2025051713,Saturday,Market Close
17/05/2025 14:00,2025051714,Saturday,Market Close
17/05/2025 15:00,2025051715,Saturday,Market Close
17/05/2025 16:00,2025051716,Saturday,Market Close
17/05/2025 17:00,2025051717,Saturday,Market Close
17/05/2025 18:00,2025051718,Saturday,Market Close
17/05/2025 19:00,2025051719,Saturday,Market Close
17/05/2025 20:00,2025051720,Saturday,Market Close
17/05/2025 21:00,2025051721,Saturday,Market Close
17/05/2025 22:00,2025051722,Saturday,Market Close
17/05/2025 23:00,2025051723,Saturday,Market Close
18/05/2025 0:00,2025051800,Sunday,Market Close
18/05/2025 1:00,2025051801,Sunday,Market Close
18/05/2025 2:00,2025051802,Sunday,Market Close
18/05/2025 3:00,2025051803,Sunday,Market Close
18/05/2025 4:00,2025051804,Sunday,Market Close
18/05/2025 5:00,2025051805,Sunday,Market Close
18/05/2025 6:00,2025051806,Sunday,Market Close
18/05/2025 7:00,2025051807,Sunday,Market Close
18/05/2025 8:00,2025051808,Sunday,Market Close
18/05/2025 9:00,2025051809,Sunday,Market Close
18/05/2025 10:00,2025051810,Sunday,Market Close
18/05/2025 11:00,2025051811,Sunday,Market Close
18/05/2025 12:00,2025051812,Sunday,Market Close
18/05/2025 13:00,2025051813,Sunday,Market Close
18/05/2025 14:00,2025051814,Sunday,Market Close
18/05/2025 15:00,2025051815,Sunday,Market Close
18/05/2025 16:00,2025051816,Sunday,Market Close
18/05/2025 17:00,2025051817,Sunday,Market Close
18/05/2025 18:00,2025051818,Sunday,Market Close
18/05/2025 19:00,2025051819,Sunday,Market Close
18/05/2025 20:00,2025051820,Sunday,Market Close
23/05/2025 21:00,2025052321,Friday,Market Close
23/05/2025 22:00,2025052322,Friday,Market Close
23/05/2025 23:00,2025052323,Friday,Market Close
24/05/2025 0:00,2025052400,Saturday,Market Close
24/05/2025 1:00,2025052401,Saturday,Market Close
24/05/2025 2:00,2025052402,Saturday,Market Close
24/05/2025 3:00,2025052403,Saturday,Market Close
24/05/2025 4:00,2025052404,Saturday,Market Close
24/05/2025 5:00,2025052405,Saturday,Market Close
24/05/2025 6:00,2025052406,Saturday,Market Close
24/05/2025 7:00,2025052407,Saturday,Market Close
24/05/2025 8:00,2025052408,Saturday,Market Close
24/05/2025 9:00,2025052409,Saturday,Market Close
24/05/2025 10:00,2025052410,Saturday,Market Close
24/05/2025 11:00,2025052411,Saturday,Market Close
24/05/2025 12:00,2025052412,Saturday,Market Close
24/05/2025 13:00,2025052413,Saturday,Market Close
24/05/2025 14:00,2025052414,Saturday,Market Close
24/05/2025 15:00,2025052415,Saturday,Market Close
24/05/2025 16:00,2025052416,Saturday,Market Close
24/05/2025 17:00,2025052417,Saturday,Market Close
24/05/2025 18:00,2025052418,Saturday,Market Close
24/05/2025 19:00,2025052419,Saturday,Market Close
24/05/2025 20:00,2025052420,Saturday,Market Close
24/05/2025 21:00,2025052421,Saturday,Market Close
24/05/2025 22:00,2025052422,Saturday,Market Close
24/05/2025 23:00,2025052423,Saturday,Market Close
25/05/2025 0:00,2025052500,Sunday,Market Close
25/05/2025 1:00,2025052501,Sunday,Market Close
25/05/2025 2:00,2025052502,Sunday,Market Close
25/05/2025 3:00,2025052503,Sunday,Market Close
25/05/2025 4:00,2025052504,Sunday,Market Close
25/05/2025 5:00,2025052505,Sunday,Market Close
25/05/2025 6:00,2025052506,Sunday,Market Close
25/05/2025 7:00,2025052507,Sunday,Market Close
25/05/2025 8:00,2025052508,Sunday,Market Close
25/05/2025 9:00,2025052509,Sunday,Market Close
25/05/2025 10:00,2025052510,Sunday,Market Close
25/05/2025 11:00,2025052511,Sunday,Market Close
25/05/2025 12:00,2025052512,Sunday,Market Close
25/05/2025 13:00,2025052513,Sunday,Market Close
25/05/2025 14:00,2025052514,Sunday,Market Close
25/05/2025 15:00,2025052515,Sunday,Market Close
25/05/2025 16:00,2025052516,Sunday,Market Close
25/05/2025 17:00,2025052517,Sunday,Market Close
25/05/2025 18:00,2025052518,Sunday,Market Close
25/05/2025 19:00,2025052519,Sunday,Market Close
25/05/2025 20:00,2025052520,Sunday,Market Close
30/05/2025 21:00,2025053021,Friday,Market Close
30/05/2025 22:00,2025053022,Friday,Market Close
30/05/2025 23:00,2025053023,Friday,Market Close
31/05/2025 0:00,2025053100,Saturday,Market Close
31/05/2025 1:00,2025053101,Saturday,Market Close
31/05/2025 2:00,2025053102,Saturday,Market Close
31/05/2025 3:00,2025053103,Saturday,Market Close
31/05/2025 4:00,2025053104,Saturday,Market Close
31/05/2025 5:00,2025053105,Saturday,Market Close
31/05/2025 6:00,2025053106,Saturday,Market Close
31/05/2025 7:00,2025053107,Saturday,Market Close
31/05/2025 8:00,2025053108,Saturday,Market Close
31/05/2025 9:00,2025053109,Saturday,Market Close
31/05/2025 10:00,2025053110,Saturday,Market Close
31/05/2025 11:00,2025053111,Saturday,Market Close
31/05/2025 12:00,2025053112,Saturday,Market Close
31/05/2025 13:00,2025053113,Saturday,Market Close
31/05/2025 14:00,2025053114,Saturday,Market Close
31/05/2025 15:00,2025053115,Saturday,Market Close
31/05/2025 16:00,2025053116,Saturday,Market Close
31/05/2025 17:00,2025053117,Saturday,Market Close
31/05/2025 18:00,2025053118,Saturday,Market Close
31/05/2025 19:00,2025053119,Saturday,Market Close
31/05/2025 20:00,2025053120,Saturday,Market Close
31/05/2025 21:00,2025053121,Saturday,Market Close
31/05/2025 22:00,2025053122,Saturday,Market Close
31/05/2025 23:00,2025053123,Saturday,Market Close
1/06/2025 0:00,2025060100,Sunday,Market Close
1/06/2025 1:00,2025060101,Sunday,Market Close
1/06/2025 2:00,2025060102,Sunday,Market Close
1/06/2025 3:00,2025060103,Sunday,Market Close
1/06/2025 4:00,2025060104,Sunday,Market Close
1/06/2025 5:00,2025060105,Sunday,Market Close
1/06/2025 6:00,2025060106,Sunday,Market Close
1/06/2025 7:00,2025060107,Sunday,Market Close
1/06/2025 8:00,2025060108,Sunday,Market Close
1/06/2025 9:00,2025060109,Sunday,Market Close
1/06/2025 10:00,2025060110,Sunday,Market Close
1/06/2025 11:00,2025060111,Sunday,Market Close
1/06/2025 12:00,2025060112,Sunday,Market Close
1/06/2025 13:00,2025060113,Sunday,Market Close
1/06/2025 14:00,2025060114,Sunday,Market Close
1/06/2025 15:00,2025060115,Sunday,Market Close
1/06/2025 16:00,2025060116,Sunday,Market Close
1/06/2025 17:00,2025060117,Sunday,Market Close
1/06/2025 18:00,2025060118,Sunday,Market Close
1/06/2025 19:00,2025060119,Sunday,Market Close
1/06/2025 20:00,2025060120,Sunday,Market Close
6/06/2025 21:00,2025060621,Friday,Market Close
6/06/2025 22:00,2025060622,Friday,Market Close
6/06/2025 23:00,2025060623,Friday,Market Close
7/06/2025 0:00,2025060700,Saturday,Market Close
7/06/2025 1:00,2025060701,Saturday,Market Close
7/06/2025 2:00,2025060702,Saturday,Market Close
7/06/2025 3:00,2025060703,Saturday,Market Close
7/06/2025 4:00,2025060704,Saturday,Market Close
7/06/2025 5:00,2025060705,Saturday,Market Close
7/06/2025 6:00,2025060706,Saturday,Market Close
7/06/2025 7:00,2025060707,Saturday,Market Close
7/06/2025 8:00,2025060708,Saturday,Market Close
7/06/2025 9:00,2025060709,Saturday,Market Close
7/06/2025 10:00,2025060710,Saturday,Market Close
7/06/2025 11:00,2025060711,Saturday,Market Close
7/06/2025 12:00,2025060712,Saturday,Market Close
7/06/2025 13:00,2025060713,Saturday,Market Close
7/06/2025 14:00,2025060714,Saturday,Market Close
7/06/2025 15:00,2025060715,Saturday,Market Close
7/06/2025 16:00,2025060716,Saturday,Market Close
7/06/2025 17:00,2025060717,Saturday,Market Close
7/06/2025 18:00,2025060718,Saturday,Market Close
7/06/2025 19:00,2025060719,Saturday,Market Close
7/06/2025 20:00,2025060720,Saturday,Market Close
7/06/2025 21:00,2025060721,Saturday,Market Close
7/06/2025 22:00,2025060722,Saturday,Market Close
7/06/2025 23:00,2025060723,Saturday,Market Close
8/06/2025 0:00,2025060800,Sunday,Market Close
8/06/2025 1:00,2025060801,Sunday,Market Close
8/06/2025 2:00,2025060802,Sunday,Market Close
8/06/2025 3:00,2025060803,Sunday,Market Close
8/06/2025 4:00,2025060804,Sunday,Market Close
8/06/2025 5:00,2025060805,Sunday,Market Close
8/06/2025 6:00,2025060806,Sunday,Market Close
8/06/2025 7:00,2025060807,Sunday,Market Close
8/06/2025 8:00,2025060808,Sunday,Market Close
8/06/2025 9:00,2025060809,Sunday,Market Close
8/06/2025 10:00,2025060810,Sunday,Market Close
8/06/2025 11:00,2025060811,Sunday,Market Close
8/06/2025 12:00,2025060812,Sunday,Market Close
8/06/2025 13:00,2025060813,Sunday,Market Close
8/06/2025 14:00,2025060814,Sunday,Market Close
8/06/2025 15:00,2025060815,Sunday,Market Close
8/06/2025 16:00,2025060816,Sunday,Market Close
8/06/2025 17:00,2025060817,Sunday,Market Close
8/06/2025 18:00,2025060818,Sunday,Market Close
8/06/2025 19:00,2025060819,Sunday,Market Close
8/06/2025 20:00,2025060820,Sunday,Market Close
13/06/2025 21:00,2025061321,Friday,Market Close
13/06/2025 22:00,2025061322,Friday,Market Close
13/06/2025 23:00,2025061323,Friday,Market Close
14/06/2025 0:00,2025061400,Saturday,Market Close
14/06/2025 1:00,2025061401,Saturday,Market Close
14/06/2025 2:00,2025061402,Saturday,Market Close
14/06/2025 3:00,2025061403,Saturday,Market Close
14/06/2025 4:00,2025061404,Saturday,Market Close
14/06/2025 5:00,2025061405,Saturday,Market Close
14/06/2025 6:00,2025061406,Saturday,Market Close
14/06/2025 7:00,2025061407,Saturday,Market Close
14/06/2025 8:00,2025061408,Saturday,Market Close
14/06/2025 9:00,2025061409,Saturday,Market Close
14/06/2025 10:00,2025061410,Saturday,Market Close
14/06/2025 11:00,2025061411,Saturday,Market Close
14/06/2025 12:00,2025061412,Saturday,Market Close
14/06/2025 13:00,2025061413,Saturday,Market Close
14/06/2025 14:00,2025061414,Saturday,Market Close
14/06/2025 15:00,2025061415,Saturday,Market Close
14/06/2025 16:00,2025061416,Saturday,Market Close
14/06/2025 17:00,2025061417,Saturday,Market Close
14/06/2025 18:00,2025061418,Saturday,Market Close
14/06/2025 19:00,2025061419,Saturday,Market Close
14/06/2025 20:00,2025061420,Saturday,Market Close
14/06/2025 21:00,2025061421,Saturday,Market Close
14/06/2025 22:00,2025061422,Saturday,Market Close
14/06/2025 23:00,2025061423,Saturday,Market Close
15/06/2025 0:00,2025061500,Sunday,Market Close
15/06/2025 1:00,2025061501,Sunday,Market Close
15/06/2025 2:00,2025061502,Sunday,Market Close
15/06/2025 3:00,2025061503,Sunday,Market Close
15/06/2025 4:00,2025061504,Sunday,Market Close
15/06/2025 5:00,2025061505,Sunday,Market Close
15/06/2025 6:00,2025061506,Sunday,Market Close
15/06/2025 7:00,2025061507,Sunday,Market Close
15/06/2025 8:00,2025061508,Sunday,Market Close
15/06/2025 9:00,2025061509,Sunday,Market Close
15/06/2025 10:00,2025061510,Sunday,Market Close
15/06/2025 11:00,2025061511,Sunday,Market Close
15/06/2025 12:00,2025061512,Sunday,Market Close
15/06/2025 13:00,2025061513,Sunday,Market Close
15/06/2025 14:00,2025061514,Sunday,Market Close
15/06/2025 15:00,2025061515,Sunday,Market Close
15/06/2025 16:00,2025061516,Sunday,Market Close
15/06/2025 17:00,2025061517,Sunday,Market Close
15/06/2025 18:00,2025061518,Sunday,Market Close
15/06/2025 19:00,2025061519,Sunday,Market Close
15/06/2025 20:00,2025061520,Sunday,Market Close
20/06/2025 21:00,2025062021,Friday,Market Close
20/06/2025 22:00,2025062022,Friday,Market Close
20/06/2025 23:00,2025062023,Friday,Market Close
21/06/2025 0:00,2025062100,Saturday,Market Close
21/06/2025 1:00,2025062101,Saturday,Market Close
21/06/2025 2:00,2025062102,Saturday,Market Close
21/06/2025 3:00,2025062103,Saturday,Market Close
21/06/2025 4:00,2025062104,Saturday,Market Close
21/06/2025 5:00,2025062105,Saturday,Market Close
21/06/2025 6:00,2025062106,Saturday,Market Close
21/06/2025 7:00,2025062107,Saturday,Market Close
21/06/2025 8:00,2025062108,Saturday,Market Close
21/06/2025 9:00,2025062109,Saturday,Market Close
21/06/2025 10:00,2025062110,Saturday,Market Close
21/06/2025 11:00,2025062111,Saturday,Market Close
21/06/2025 12:00,2025062112,Saturday,Market Close
21/06/2025 13:00,2025062113,Saturday,Market Close
21/06/2025 14:00,2025062114,Saturday,Market Close
21/06/2025 15:00,2025062115,Saturday,Market Close
21/06/2025 16:00,2025062116,Saturday,Market Close
21/06/2025 17:00,2025062117,Saturday,Market Close
21/06/2025 18:00,2025062118,Saturday,Market Close
21/06/2025 19:00,2025062119,Saturday,Market Close
21/06/2025 20:00,2025062120,Saturday,Market Close
21/06/2025 21:00,2025062121,Saturday,Market Close
21/06/2025 22:00,2025062122,Saturday,Market Close
21/06/2025 23:00,2025062123,Saturday,Market Close
22/06/2025 0:00,2025062200,Sunday,Market Close
22/06/2025 1:00,2025062201,Sunday,Market Close
22/06/2025 2:00,2025062202,Sunday,Market Close
22/06/2025 3:00,2025062203,Sunday,Market Close
22/06/2025 4:00,2025062204,Sunday,Market Close
22/06/2025 5:00,2025062205,Sunday,Market Close
22/06/2025 6:00,2025062206,Sunday,Market Close
22/06/2025 7:00,2025062207,Sunday,Market Close
22/06/2025 8:00,2025062208,Sunday,Market Close
22/06/2025 9:00,2025062209,Sunday,Market Close
22/06/2025 10:00,2025062210,Sunday,Market Close
22/06/2025 11:00,2025062211,Sunday,Market Close
22/06/2025 12:00,2025062212,Sunday,Market Close
22/06/2025 13:00,2025062213,Sunday,Market Close
22/06/2025 14:00,2025062214,Sunday,Market Close
22/06/2025 15:00,2025062215,Sunday,Market Close
22/06/2025 16:00,2025062216,Sunday,Market Close
22/06/2025 17:00,2025062217,Sunday,Market Close
22/06/2025 18:00,2025062218,Sunday,Market Close
22/06/2025 19:00,2025062219,Sunday,Market Close
22/06/2025 20:00,2025062220,Sunday,Market Close
27/06/2025 21:00,2025062721,Friday,Market Close
27/06/2025 22:00,2025062722,Friday,Market Close
27/06/2025 23:00,2025062723,Friday,Market Close
28/06/2025 0:00,2025062800,Saturday,Market Close
28/06/2025 1:00,2025062801,Saturday,Market Close
28/06/2025 2:00,2025062802,Saturday,Market Close
28/06/2025 3:00,2025062803,Saturday,Market Close
28/06/2025 4:00,2025062804,Saturday,Market Close
28/06/2025 5:00,2025062805,Saturday,Market Close
28/06/2025 6:00,2025062806,Saturday,Market Close
28/06/2025 7:00,2025062807,Saturday,Market Close
28/06/2025 8:00,2025062808,Saturday,Market Close
28/06/2025 9:00,2025062809,Saturday,Market Close
28/06/2025 10:00,2025062810,Saturday,Market Close
28/06/2025 11:00,2025062811,Saturday,Market Close
28/06/2025 12:00,2025062812,Saturday,Market Close
28/06/2025 13:00,2025062813,Saturday,Market Close
28/06/2025 14:00,2025062814,Saturday,Market Close
28/06/2025 15:00,2025062815,Saturday,Market Close
28/06/2025 16:00,2025062816,Saturday,Market Close
28/06/2025 17:00,2025062817,Saturday,Market Close
28/06/2025 18:00,2025062818,Saturday,Market Close
28/06/2025 19:00,2025062819,Saturday,Market Close
28/06/2025 20:00,2025062820,Saturday,Market Close
28/06/2025 21:00,2025062821,Saturday,Market Close
28/06/2025 22:00,2025062822,Saturday,Market Close
28/06/2025 23:00,2025062823,Saturday,Market Close
29/06/2025 0:00,2025062900,Sunday,Market Close
29/06/2025 1:00,2025062901,Sunday,Market Close
29/06/2025 2:00,2025062902,Sunday,Market Close
29/06/2025 3:00,2025062903,Sunday,Market Close
29/06/2025 4:00,2025062904,Sunday,Market Close
29/06/2025 5:00,2025062905,Sunday,Market Close
29/06/2025 6:00,2025062906,Sunday,Market Close
29/06/2025 7:00,2025062907,Sunday,Market Close
29/06/2025 8:00,2025062908,Sunday,Market Close
29/06/2025 9:00,2025062909,Sunday,Market Close
29/06/2025 10:00,2025062910,Sunday,Market Close
29/06/2025 11:00,2025062911,Sunday,Market Close
29/06/2025 12:00,2025062912,Sunday,Market Close
29/06/2025 13:00,2025062913,Sunday,Market Close
29/06/2025 14:00,2025062914,Sunday,Market Close
29/06/2025 15:00,2025062915,Sunday,Market Close
29/06/2025 16:00,2025062916,Sunday,Market Close
29/06/2025 17:00,2025062917,Sunday,Market Close
29/06/2025 18:00,2025062918,Sunday,Market Close
29/06/2025 19:00,2025062919,Sunday,Market Close
29/06/2025 20:00,2025062920,Sunday,Market Close
4/07/2025 21:00,2025070421,Friday,Market Close
4/07/2025 22:00,2025070422,Friday,Market Close
4/07/2025 23:00,2025070423,Friday,Market Close
5/07/2025 0:00,2025070500,Saturday,Market Close
5/07/2025 1:00,2025070501,Saturday,Market Close
5/07/2025 2:00,2025070502,Saturday,Market Close
5/07/2025 3:00,2025070503,Saturday,Market Close
5/07/2025 4:00,2025070504,Saturday,Market Close
5/07/2025 5:00,2025070505,Saturday,Market Close
5/07/2025 6:00,2025070506,Saturday,Market Close
5/07/2025 7:00,2025070507,Saturday,Market Close
5/07/2025 8:00,2025070508,Saturday,Market Close
5/07/2025 9:00,2025070509,Saturday,Market Close
5/07/2025 10:00,2025070510,Saturday,Market Close
5/07/2025 11:00,2025070511,Saturday,Market Close
5/07/2025 12:00,2025070512,Saturday,Market Close
5/07/2025 13:00,2025070513,Saturday,Market Close
5/07/2025 14:00,2025070514,Saturday,Market Close
5/07/2025 15:00,2025070515,Saturday,Market Close
5/07/2025 16:00,2025070516,Saturday,Market Close
5/07/2025 17:00,2025070517,Saturday,Market Close
5/07/2025 18:00,2025070518,Saturday,Market Close
5/07/2025 19:00,2025070519,Saturday,Market Close
5/07/2025 20:00,2025070520,Saturday,Market Close
5/07/2025 21:00,2025070521,Saturday,Market Close
5/07/2025 22:00,2025070522,Saturday,Market Close
5/07/2025 23:00,2025070523,Saturday,Market Close
6/07/2025 0:00,2025070600,Sunday,Market Close
6/07/2025 1:00,2025070601,Sunday,Market Close
6/07/2025 2:00,2025070602,Sunday,Market Close
6/07/2025 3:00,2025070603,Sunday,Market Close
6/07/2025 4:00,2025070604,Sunday,Market Close
6/07/2025 5:00,2025070605,Sunday,Market Close
6/07/2025 6:00,2025070606,Sunday,Market Close
6/07/2025 7:00,2025070607,Sunday,Market Close
6/07/2025 8:00,2025070608,Sunday,Market Close
6/07/2025 9:00,2025070609,Sunday,Market Close
6/07/2025 10:00,2025070610,Sunday,Market Close
6/07/2025 11:00,2025070611,Sunday,Market Close
6/07/2025 12:00,2025070612,Sunday,Market Close
6/07/2025 13:00,2025070613,Sunday,Market Close
6/07/2025 14:00,2025070614,Sunday,Market Close
6/07/2025 15:00,2025070615,Sunday,Market Close
6/07/2025 16:00,2025070616,Sunday,Market Close
6/07/2025 17:00,2025070617,Sunday,Market Close
6/07/2025 18:00,2025070618,Sunday,Market Close
6/07/2025 19:00,2025070619,Sunday,Market Close
6/07/2025 20:00,2025070620,Sunday,Market Close
11/07/2025 21:00,2025071121,Friday,Market Close
11/07/2025 22:00,2025071122,Friday,Market Close
11/07/2025 23:00,2025071123,Friday,Market Close
12/07/2025 0:00,2025071200,Saturday,Market Close
12/07/2025 1:00,2025071201,Saturday,Market Close
12/07/2025 2:00,2025071202,Saturday,Market Close
12/07/2025 3:00,2025071203,Saturday,Market Close
12/07/2025 4:00,2025071204,Saturday,Market Close
12/07/2025 5:00,2025071205,Saturday,Market Close
12/07/2025 6:00,2025071206,Saturday,Market Close
12/07/2025 7:00,2025071207,Saturday,Market Close
12/07/2025 8:00,2025071208,Saturday,Market Close
12/07/2025 9:00,2025071209,Saturday,Market Close
12/07/2025 10:00,2025071210,Saturday,Market Close
12/07/2025 11:00,2025071211,Saturday,Market Close
12/07/2025 12:00,2025071212,Saturday,Market Close
12/07/2025 13:00,2025071213,Saturday,Market Close
12/07/2025 14:00,2025071214,Saturday,Market Close
12/07/2025 15:00,2025071215,Saturday,Market Close
12/07/2025 16:00,2025071216,Saturday,Market Close
12/07/2025 17:00,2025071217,Saturday,Market Close
12/07/2025 18:00,2025071218,Saturday,Market Close
12/07/2025 19:00,2025071219,Saturday,Market Close
12/07/2025 20:00,2025071220,Saturday,Market Close
12/07/2025 21:00,2025071221,Saturday,Market Close
12/07/2025 22:00,2025071222,Saturday,Market Close
12/07/2025 23:00,2025071223,Saturday,Market Close
13/07/2025 0:00,2025071300,Sunday,Market Close
13/07/2025 1:00,2025071301,Sunday,Market Close
13/07/2025 2:00,2025071302,Sunday,Market Close
13/07/2025 3:00,2025071303,Sunday,Market Close
13/07/2025 4:00,2025071304,Sunday,Market Close
13/07/2025 5:00,2025071305,Sunday,Market Close
13/07/2025 6:00,2025071306,Sunday,Market Close
13/07/2025 7:00,2025071307,Sunday,Market Close
13/07/2025 8:00,2025071308,Sunday,Market Close
13/07/2025 9:00,2025071309,Sunday,Market Close
13/07/2025 10:00,2025071310,Sunday,Market Close
13/07/2025 11:00,2025071311,Sunday,Market Close
13/07/2025 12:00,2025071312,Sunday,Market Close
13/07/2025 13:00,2025071313,Sunday,Market Close
13/07/2025 14:00,2025071314,Sunday,Market Close
13/07/2025 15:00,2025071315,Sunday,Market Close
13/07/2025 16:00,2025071316,Sunday,Market Close
13/07/2025 17:00,2025071317,Sunday,Market Close
13/07/2025 18:00,2025071318,Sunday,Market Close
13/07/2025 19:00,2025071319,Sunday,Market Close
13/07/2025 20:00,2025071320,Sunday,Market Close
18/07/2025 21:00,2025071821,Friday,Market Close
18/07/2025 22:00,2025071822,Friday,Market Close
18/07/2025 23:00,2025071823,Friday,Market Close
19/07/2025 0:00,2025071900,Saturday,Market Close
19/07/2025 1:00,2025071901,Saturday,Market Close
19/07/2025 2:00,2025071902,Saturday,Market Close
19/07/2025 3:00,2025071903,Saturday,Market Close
19/07/2025 4:00,2025071904,Saturday,Market Close
19/07/2025 5:00,2025071905,Saturday,Market Close
19/07/2025 6:00,2025071906,Saturday,Market Close
19/07/2025 7:00,2025071907,Saturday,Market Close
19/07/2025 8:00,2025071908,Saturday,Market Close
19/07/2025 9:00,2025071909,Saturday,Market Close
19/07/2025 10:00,2025071910,Saturday,Market Close
19/07/2025 11:00,2025071911,Saturday,Market Close
19/07/2025 12:00,2025071912,Saturday,Market Close
19/07/2025 13:00,2025071913,Saturday,Market Close
19/07/2025 14:00,2025071914,Saturday,Market Close
19/07/2025 15:00,2025071915,Saturday,Market Close
19/07/2025 16:00,2025071916,Saturday,Market Close
19/07/2025 17:00,2025071917,Saturday,Market Close
19/07/2025 18:00,2025071918,Saturday,Market Close
19/07/2025 19:00,2025071919,Saturday,Market Close
19/07/2025 20:00,2025071920,Saturday,Market Close
19/07/2025 21:00,2025071921,Saturday,Market Close
19/07/2025 22:00,2025071922,Saturday,Market Close
19/07/2025 23:00,2025071923,Saturday,Market Close
20/07/2025 0:00,2025072000,Sunday,Market Close
20/07/2025 1:00,2025072001,Sunday,Market Close
20/07/2025 2:00,2025072002,Sunday,Market Close
20/07/2025 3:00,2025072003,Sunday,Market Close
20/07/2025 4:00,2025072004,Sunday,Market Close
20/07/2025 5:00,2025072005,Sunday,Market Close
20/07/2025 6:00,2025072006,Sunday,Market Close
20/07/2025 7:00,2025072007,Sunday,Market Close
20/07/2025 8:00,2025072008,Sunday,Market Close
20/07/2025 9:00,2025072009,Sunday,Market Close
20/07/2025 10:00,2025072010,Sunday,Market Close
20/07/2025 11:00,2025072011,Sunday,Market Close
20/07/2025 12:00,2025072012,Sunday,Market Close
20/07/2025 13:00,2025072013,Sunday,Market Close
20/07/2025 14:00,2025072014,Sunday,Market Close
20/07/2025 15:00,2025072015,Sunday,Market Close
20/07/2025 16:00,2025072016,Sunday,Market Close
20/07/2025 17:00,2025072017,Sunday,Market Close
20/07/2025 18:00,2025072018,Sunday,Market Close
20/07/2025 19:00,2025072019,Sunday,Market Close
20/07/2025 20:00,2025072020,Sunday,Market Close
25/07/2025 21:00,2025072521,Friday,Market Close
25/07/2025 22:00,2025072522,Friday,Market Close
25/07/2025 23:00,2025072523,Friday,Market Close
26/07/2025 0:00,2025072600,Saturday,Market Close
26/07/2025 1:00,2025072601,Saturday,Market Close
26/07/2025 2:00,2025072602,Saturday,Market Close
26/07/2025 3:00,2025072603,Saturday,Market Close
26/07/2025 4:00,2025072604,Saturday,Market Close
26/07/2025 5:00,2025072605,Saturday,Market Close
26/07/2025 6:00,2025072606,Saturday,Market Close
26/07/2025 7:00,2025072607,Saturday,Market Close
26/07/2025 8:00,2025072608,Saturday,Market Close
26/07/2025 9:00,2025072609,Saturday,Market Close
26/07/2025 10:00,2025072610,Saturday,Market Close
26/07/2025 11:00,2025072611,Saturday,Market Close
26/07/2025 12:00,2025072612,Saturday,Market Close
26/07/2025 13:00,2025072613,Saturday,Market Close
26/07/2025 14:00,2025072614,Saturday,Market Close
26/07/2025 15:00,2025072615,Saturday,Market Close
26/07/2025 16:00,2025072616,Saturday,Market Close
26/07/2025 17:00,2025072617,Saturday,Market Close
26/07/2025 18:00,2025072618,Saturday,Market Close
26/07/2025 19:00,2025072619,Saturday,Market Close
26/07/2025 20:00,2025072620,Saturday,Market Close
26/07/2025 21:00,2025072621,Saturday,Market Close
26/07/2025 22:00,2025072622,Saturday,Market Close
26/07/2025 23:00,2025072623,Saturday,Market Close
27/07/2025 0:00,2025072700,Sunday,Market Close
27/07/2025 1:00,2025072701,Sunday,Market Close
27/07/2025 2:00,2025072702,Sunday,Market Close
27/07/2025 3:00,2025072703,Sunday,Market Close
27/07/2025 4:00,2025072704,Sunday,Market Close
27/07/2025 5:00,2025072705,Sunday,Market Close
27/07/2025 6:00,2025072706,Sunday,Market Close
27/07/2025 7:00,2025072707,Sunday,Market Close
27/07/2025 8:00,2025072708,Sunday,Market Close
27/07/2025 9:00,2025072709,Sunday,Market Close
27/07/2025 10:00,2025072710,Sunday,Market Close
27/07/2025 11:00,2025072711,Sunday,Market Close
27/07/2025 12:00,2025072712,Sunday,Market Close
27/07/2025 13:00,2025072713,Sunday,Market Close
27/07/2025 14:00,2025072714,Sunday,Market Close
27/07/2025 15:00,2025072715,Sunday,Market Close
27/07/2025 16:00,2025072716,Sunday,Market Close
27/07/2025 17:00,2025072717,Sunday,Market Close
27/07/2025 18:00,2025072718,Sunday,Market Close
27/07/2025 19:00,2025072719,Sunday,Market Close
27/07/2025 20:00,2025072720,Sunday,Market Close
1/08/2025 21:00,2025080121,Friday,Market Close
1/08/2025 22:00,2025080122,Friday,Market Close
1/08/2025 23:00,2025080123,Friday,Market Close
2/08/2025 0:00,2025080200,Saturday,Market Close
2/08/2025 1:00,2025080201,Saturday,Market Close
2/08/2025 2:00,2025080202,Saturday,Market Close
2/08/2025 3:00,2025080203,Saturday,Market Close
2/08/2025 4:00,2025080204,Saturday,Market Close
2/08/2025 5:00,2025080205,Saturday,Market Close
2/08/2025 6:00,2025080206,Saturday,Market Close
2/08/2025 7:00,2025080207,Saturday,Market Close
2/08/2025 8:00,2025080208,Saturday,Market Close
2/08/2025 9:00,2025080209,Saturday,Market Close
2/08/2025 10:00,2025080210,Saturday,Market Close
2/08/2025 11:00,2025080211,Saturday,Market Close
2/08/2025 12:00,2025080212,Saturday,Market Close
2/08/2025 13:00,2025080213,Saturday,Market Close
2/08/2025 14:00,2025080214,Saturday,Market Close
2/08/2025 15:00,2025080215,Saturday,Market Close
2/08/2025 16:00,2025080216,Saturday,Market Close
2/08/2025 17:00,2025080217,Saturday,Market Close
2/08/2025 18:00,2025080218,Saturday,Market Close
2/08/2025 19:00,2025080219,Saturday,Market Close
2/08/2025 20:00,2025080220,Saturday,Market Close
2/08/2025 21:00,2025080221,Saturday,Market Close
2/08/2025 22:00,2025080222,Saturday,Market Close
2/08/2025 23:00,2025080223,Saturday,Market Close
3/08/2025 0:00,2025080300,Sunday,Market Close
3/08/2025 1:00,2025080301,Sunday,Market Close
3/08/2025 2:00,2025080302,Sunday,Market Close
3/08/2025 3:00,2025080303,Sunday,Market Close
3/08/2025 4:00,2025080304,Sunday,Market Close
3/08/2025 5:00,2025080305,Sunday,Market Close
3/08/2025 6:00,2025080306,Sunday,Market Close
3/08/2025 7:00,2025080307,Sunday,Market Close
3/08/2025 8:00,2025080308,Sunday,Market Close
3/08/2025 9:00,2025080309,Sunday,Market Close
3/08/2025 10:00,2025080310,Sunday,Market Close
3/08/2025 11:00,2025080311,Sunday,Market Close
3/08/2025 12:00,2025080312,Sunday,Market Close
3/08/2025 13:00,2025080313,Sunday,Market Close
3/08/2025 14:00,2025080314,Sunday,Market Close
3/08/2025 15:00,2025080315,Sunday,Market Close
3/08/2025 16:00,2025080316,Sunday,Market Close
3/08/2025 17:00,2025080317,Sunday,Market Close
3/08/2025 18:00,2025080318,Sunday,Market Close
3/08/2025 19:00,2025080319,Sunday,Market Close
3/08/2025 20:00,2025080320,Sunday,Market Close
8/08/2025 21:00,2025080821,Friday,Market Close
8/08/2025 22:00,2025080822,Friday,Market Close
8/08/2025 23:00,2025080823,Friday,Market Close
9/08/2025 0:00,2025080900,Saturday,Market Close
9/08/2025 1:00,2025080901,Saturday,Market Close
9/08/2025 2:00,2025080902,Saturday,Market Close
9/08/2025 3:00,2025080903,Saturday,Market Close
9/08/2025 4:00,2025080904,Saturday,Market Close
9/08/2025 5:00,2025080905,Saturday,Market Close
9/08/2025 6:00,2025080906,Saturday,Market Close
9/08/2025 7:00,2025080907,Saturday,Market Close
9/08/2025 8:00,2025080908,Saturday,Market Close
9/08/2025 9:00,2025080909,Saturday,Market Close
9/08/2025 10:00,2025080910,Saturday,Market Close
9/08/2025 11:00,2025080911,Saturday,Market Close
9/08/2025 12:00,2025080912,Saturday,Market Close
9/08/2025 13:00,2025080913,Saturday,Market Close
9/08/2025 14:00,2025080914,Saturday,Market Close
9/08/2025 15:00,2025080915,Saturday,Market Close
9/08/2025 16:00,2025080916,Saturday,Market Close
9/08/2025 17:00,2025080917,Saturday,Market Close
9/08/2025 18:00,2025080918,Saturday,Market Close
9/08/2025 19:00,2025080919,Saturday,Market Close
9/08/2025 20:00,2025080920,Saturday,Market Close
9/08/2025 21:00,2025080921,Saturday,Market Close
9/08/2025 22:00,2025080922,Saturday,Market Close
9/08/2025 23:00,2025080923,Saturday,Market Close
10/08/2025 0:00,2025081000,Sunday,Market Close
10/08/2025 1:00,2025081001,Sunday,Market Close
10/08/2025 2:00,2025081002,Sunday,Market Close
10/08/2025 3:00,2025081003,Sunday,Market Close
10/08/2025 4:00,2025081004,Sunday,Market Close
10/08/2025 5:00,2025081005,Sunday,Market Close
10/08/2025 6:00,2025081006,Sunday,Market Close
10/08/2025 7:00,2025081007,Sunday,Market Close
10/08/2025 8:00,2025081008,Sunday,Market Close
10/08/2025 9:00,2025081009,Sunday,Market Close
10/08/2025 10:00,2025081010,Sunday,Market Close
10/08/2025 11:00,2025081011,Sunday,Market Close
10/08/2025 12:00,2025081012,Sunday,Market Close
10/08/2025 13:00,2025081013,Sunday,Market Close
10/08/2025 14:00,2025081014,Sunday,Market Close
10/08/2025 15:00,2025081015,Sunday,Market Close
10/08/2025 16:00,2025081016,Sunday,Market Close
10/08/2025 17:00,2025081017,Sunday,Market Close
10/08/2025 18:00,2025081018,Sunday,Market Close
10/08/2025 19:00,2025081019,Sunday,Market Close
10/08/2025 20:00,2025081020,Sunday,Market Close
15/08/2025 21:00,2025081521,Friday,Market Close
15/08/2025 22:00,2025081522,Friday,Market Close
15/08/2025 23:00,2025081523,Friday,Market Close
16/08/2025 0:00,2025081600,Saturday,Market Close
16/08/2025 1:00,2025081601,Saturday,Market Close
16/08/2025 2:00,2025081602,Saturday,Market Close
16/08/2025 3:00,2025081603,Saturday,Market Close
16/08/2025 4:00,2025081604,Saturday,Market Close
16/08/2025 5:00,2025081605,Saturday,Market Close
16/08/2025 6:00,2025081606,Saturday,Market Close
16/08/2025 7:00,2025081607,Saturday,Market Close
16/08/2025 8:00,2025081608,Saturday,Market Close
16/08/2025 9:00,2025081609,Saturday,Market Close
16/08/2025 10:00,2025081610,Saturday,Market Close
16/08/2025 11:00,2025081611,Saturday,Market Close
16/08/2025 12:00,2025081612,Saturday,Market Close
16/08/2025 13:00,2025081613,Saturday,Market Close
16/08/2025 14:00,2025081614,Saturday,Market Close
16/08/2025 15:00,2025081615,Saturday,Market Close
16/08/2025 16:00,2025081616,Saturday,Market Close
16/08/2025 17:00,2025081617,Saturday,Market Close
16/08/2025 18:00,2025081618,Saturday,Market Close
16/08/2025 19:00,2025081619,Saturday,Market Close
16/08/2025 20:00,2025081620,Saturday,Market Close
16/08/2025 21:00,2025081621,Saturday,Market Close
16/08/2025 22:00,2025081622,Saturday,Market Close
16/08/2025 23:00,2025081623,Saturday,Market Close
17/08/2025 0:00,2025081700,Sunday,Market Close
17/08/2025 1:00,2025081701,Sunday,Market Close
17/08/2025 2:00,2025081702,Sunday,Market Close
17/08/2025 3:00,2025081703,Sunday,Market Close
17/08/2025 4:00,2025081704,Sunday,Market Close
17/08/2025 5:00,2025081705,Sunday,Market Close
17/08/2025 6:00,2025081706,Sunday,Market Close
17/08/2025 7:00,2025081707,Sunday,Market Close
17/08/2025 8:00,2025081708,Sunday,Market Close
17/08/2025 9:00,2025081709,Sunday,Market Close
17/08/2025 10:00,2025081710,Sunday,Market Close
17/08/2025 11:00,2025081711,Sunday,Market Close
17/08/2025 12:00,2025081712,Sunday,Market Close
17/08/2025 13:00,2025081713,Sunday,Market Close
17/08/2025 14:00,2025081714,Sunday,Market Close
17/08/2025 15:00,2025081715,Sunday,Market Close
17/08/2025 16:00,2025081716,Sunday,Market Close
17/08/2025 17:00,2025081717,Sunday,Market Close
17/08/2025 18:00,2025081718,Sunday,Market Close
17/08/2025 19:00,2025081719,Sunday,Market Close
17/08/2025 20:00,2025081720,Sunday,Market Close
22/08/2025 21:00,2025082221,Friday,Market Close
22/08/2025 22:00,2025082222,Friday,Market Close
22/08/2025 23:00,2025082223,Friday,Market Close
23/08/2025 0:00,2025082300,Saturday,Market Close
23/08/2025 1:00,2025082301,Saturday,Market Close
23/08/2025 2:00,2025082302,Saturday,Market Close
23/08/2025 3:00,2025082303,Saturday,Market Close
23/08/2025 4:00,2025082304,Saturday,Market Close
23/08/2025 5:00,2025082305,Saturday,Market Close
23/08/2025 6:00,2025082306,Saturday,Market Close
23/08/2025 7:00,2025082307,Saturday,Market Close
23/08/2025 8:00,2025082308,Saturday,Market Close
23/08/2025 9:00,2025082309,Saturday,Market Close
23/08/2025 10:00,2025082310,Saturday,Market Close
23/08/2025 11:00,2025082311,Saturday,Market Close
23/08/2025 12:00,2025082312,Saturday,Market Close
23/08/2025 13:00,2025082313,Saturday,Market Close
23/08/2025 14:00,2025082314,Saturday,Market Close
23/08/2025 15:00,2025082315,Saturday,Market Close
23/08/2025 16:00,2025082316,Saturday,Market Close
23/08/2025 17:00,2025082317,Saturday,Market Close
23/08/2025 18:00,2025082318,Saturday,Market Close
23/08/2025 19:00,2025082319,Saturday,Market Close
23/08/2025 20:00,2025082320,Saturday,Market Close
23/08/2025 21:00,2025082321,Saturday,Market Close
23/08/2025 22:00,2025082322,Saturday,Market Close
23/08/2025 23:00,2025082323,Saturday,Market Close
24/08/2025 0:00,2025082400,Sunday,Market Close
24/08/2025 1:00,2025082401,Sunday,Market Close
24/08/2025 2:00,2025082402,Sunday,Market Close
24/08/2025 3:00,2025082403,Sunday,Market Close
24/08/2025 4:00,2025082404,Sunday,Market Close
24/08/2025 5:00,2025082405,Sunday,Market Close
24/08/2025 6:00,2025082406,Sunday,Market Close
24/08/2025 7:00,2025082407,Sunday,Market Close
24/08/2025 8:00,2025082408,Sunday,Market Close
24/08/2025 9:00,2025082409,Sunday,Market Close
24/08/2025 10:00,2025082410,Sunday,Market Close
24/08/2025 11:00,2025082411,Sunday,Market Close
24/08/2025 12:00,2025082412,Sunday,Market Close
24/08/2025 13:00,2025082413,Sunday,Market Close
24/08/2025 14:00,2025082414,Sunday,Market Close
24/08/2025 15:00,2025082415,Sunday,Market Close
24/08/2025 16:00,2025082416,Sunday,Market Close
24/08/2025 17:00,2025082417,Sunday,Market Close
24/08/2025 18:00,2025082418,Sunday,Market Close
24/08/2025 19:00,2025082419,Sunday,Market Close
24/08/2025 20:00,2025082420,Sunday,Market Close
29/08/2025 21:00,2025082921,Friday,Market Close
29/08/2025 22:00,2025082922,Friday,Market Close
29/08/2025 23:00,2025082923,Friday,Market Close
30/08/2025 0:00,2025083000,Saturday,Market Close
30/08/2025 1:00,2025083001,Saturday,Market Close
30/08/2025 2:00,2025083002,Saturday,Market Close
30/08/2025 3:00,2025083003,Saturday,Market Close
30/08/2025 4:00,2025083004,Saturday,Market Close
30/08/2025 5:00,2025083005,Saturday,Market Close
30/08/2025 6:00,2025083006,Saturday,Market Close
30/08/2025 7:00,2025083007,Saturday,Market Close
30/08/2025 8:00,2025083008,Saturday,Market Close
30/08/2025 9:00,2025083009,Saturday,Market Close
30/08/2025 10:00,2025083010,Saturday,Market Close
30/08/2025 11:00,2025083011,Saturday,Market Close
30/08/2025 12:00,2025083012,Saturday,Market Close
30/08/2025 13:00,2025083013,Saturday,Market Close
30/08/2025 14:00,2025083014,Saturday,Market Close
30/08/2025 15:00,2025083015,Saturday,Market Close
30/08/2025 16:00,2025083016,Saturday,Market Close
30/08/2025 17:00,2025083017,Saturday,Market Close
30/08/2025 18:00,2025083018,Saturday,Market Close
30/08/2025 19:00,2025083019,Saturday,Market Close
30/08/2025 20:00,2025083020,Saturday,Market Close
30/08/2025 21:00,2025083021,Saturday,Market Close
30/08/2025 22:00,2025083022,Saturday,Market Close
30/08/2025 23:00,2025083023,Saturday,Market Close
31/08/2025 0:00,2025083100,Sunday,Market Close
31/08/2025 1:00,2025083101,Sunday,Market Close
31/08/2025 2:00,2025083102,Sunday,Market Close
31/08/2025 3:00,2025083103,Sunday,Market Close
31/08/2025 4:00,2025083104,Sunday,Market Close
31/08/2025 5:00,2025083105,Sunday,Market Close
31/08/2025 6:00,2025083106,Sunday,Market Close
31/08/2025 7:00,2025083107,Sunday,Market Close
31/08/2025 8:00,2025083108,Sunday,Market Close
31/08/2025 9:00,2025083109,Sunday,Market Close
31/08/2025 10:00,2025083110,Sunday,Market Close
31/08/2025 11:00,2025083111,Sunday,Market Close
31/08/2025 12:00,2025083112,Sunday,Market Close
31/08/2025 13:00,2025083113,Sunday,Market Close
31/08/2025 14:00,2025083114,Sunday,Market Close
31/08/2025 15:00,2025083115,Sunday,Market Close
31/08/2025 16:00,2025083116,Sunday,Market Close
31/08/2025 17:00,2025083117,Sunday,Market Close
31/08/2025 18:00,2025083118,Sunday,Market Close
31/08/2025 19:00,2025083119,Sunday,Market Close
31/08/2025 20:00,2025083120,Sunday,Market Close
5/09/2025 21:00,2025090521,Friday,Market Close
5/09/2025 22:00,2025090522,Friday,Market Close
5/09/2025 23:00,2025090523,Friday,Market Close
6/09/2025 0:00,2025090600,Saturday,Market Close
6/09/2025 1:00,2025090601,Saturday,Market Close
6/09/2025 2:00,2025090602,Saturday,Market Close
6/09/2025 3:00,2025090603,Saturday,Market Close
6/09/2025 4:00,2025090604,Saturday,Market Close
6/09/2025 5:00,2025090605,Saturday,Market Close
6/09/2025 6:00,2025090606,Saturday,Market Close
6/09/2025 7:00,2025090607,Saturday,Market Close
6/09/2025 8:00,2025090608,Saturday,Market Close
6/09/2025 9:00,2025090609,Saturday,Market Close
6/09/2025 10:00,2025090610,Saturday,Market Close
6/09/2025 11:00,2025090611,Saturday,Market Close
6/09/2025 12:00,2025090612,Saturday,Market Close
6/09/2025 13:00,2025090613,Saturday,Market Close
6/09/2025 14:00,2025090614,Saturday,Market Close
6/09/2025 15:00,2025090615,Saturday,Market Close
6/09/2025 16:00,2025090616,Saturday,Market Close
6/09/2025 17:00,2025090617,Saturday,Market Close
6/09/2025 18:00,2025090618,Saturday,Market Close
6/09/2025 19:00,2025090619,Saturday,Market Close
6/09/2025 20:00,2025090620,Saturday,Market Close
6/09/2025 21:00,2025090621,Saturday,Market Close
6/09/2025 22:00,2025090622,Saturday,Market Close
6/09/2025 23:00,2025090623,Saturday,Market Close
7/09/2025 0:00,2025090700,Sunday,Market Close
7/09/2025 1:00,2025090701,Sunday,Market Close
7/09/2025 2:00,2025090702,Sunday,Market Close
7/09/2025 3:00,2025090703,Sunday,Market Close
7/09/2025 4:00,2025090704,Sunday,Market Close
7/09/2025 5:00,2025090705,Sunday,Market Close
7/09/2025 6:00,2025090706,Sunday,Market Close
7/09/2025 7:00,2025090707,Sunday,Market Close
7/09/2025 8:00,2025090708,Sunday,Market Close
7/09/2025 9:00,2025090709,Sunday,Market Close
7/09/2025 10:00,2025090710,Sunday,Market Close
7/09/2025 11:00,2025090711,Sunday,Market Close
7/09/2025 12:00,2025090712,Sunday,Market Close
7/09/2025 13:00,2025090713,Sunday,Market Close
7/09/2025 14:00,2025090714,Sunday,Market Close
7/09/2025 15:00,2025090715,Sunday,Market Close
7/09/2025 16:00,2025090716,Sunday,Market Close
7/09/2025 17:00,2025090717,Sunday,Market Close
7/09/2025 18:00,2025090718,Sunday,Market Close
7/09/2025 19:00,2025090719,Sunday,Market Close
7/09/2025 20:00,2025090720,Sunday,Market Close
12/09/2025 21:00,2025091221,Friday,Market Close
12/09/2025 22:00,2025091222,Friday,Market Close
12/09/2025 23:00,2025091223,Friday,Market Close
13/09/2025 0:00,2025091300,Saturday,Market Close
13/09/2025 1:00,2025091301,Saturday,Market Close
13/09/2025 2:00,2025091302,Saturday,Market Close
13/09/2025 3:00,2025091303,Saturday,Market Close
13/09/2025 4:00,2025091304,Saturday,Market Close
13/09/2025 5:00,2025091305,Saturday,Market Close
13/09/2025 6:00,2025091306,Saturday,Market Close
13/09/2025 7:00,2025091307,Saturday,Market Close
13/09/2025 8:00,2025091308,Saturday,Market Close
13/09/2025 9:00,2025091309,Saturday,Market Close
13/09/2025 10:00,2025091310,Saturday,Market Close
13/09/2025 11:00,2025091311,Saturday,Market Close
13/09/2025 12:00,2025091312,Saturday,Market Close
13/09/2025 13:00,2025091313,Saturday,Market Close
13/09/2025 14:00,2025091314,Saturday,Market Close
13/09/2025 15:00,2025091315,Saturday,Market Close
13/09/2025 16:00,2025091316,Saturday,Market Close
13/09/2025 17:00,2025091317,Saturday,Market Close
13/09/2025 18:00,2025091318,Saturday,Market Close
13/09/2025 19:00,2025091319,Saturday,Market Close
13/09/2025 20:00,2025091320,Saturday,Market Close
13/09/2025 21:00,2025091321,Saturday,Market Close
13/09/2025 22:00,2025091322,Saturday,Market Close
13/09/2025 23:00,2025091323,Saturday,Market Close
14/09/2025 0:00,2025091400,Sunday,Market Close
14/09/2025 1:00,2025091401,Sunday,Market Close
14/09/2025 2:00,2025091402,Sunday,Market Close
14/09/2025 3:00,2025091403,Sunday,Market Close
14/09/2025 4:00,2025091404,Sunday,Market Close
14/09/2025 5:00,2025091405,Sunday,Market Close
14/09/2025 6:00,2025091406,Sunday,Market Close
14/09/2025 7:00,2025091407,Sunday,Market Close
14/09/2025 8:00,2025091408,Sunday,Market Close
14/09/2025 9:00,2025091409,Sunday,Market Close
14/09/2025 10:00,2025091410,Sunday,Market Close
14/09/2025 11:00,2025091411,Sunday,Market Close
14/09/2025 12:00,2025091412,Sunday,Market Close
14/09/2025 13:00,2025091413,Sunday,Market Close
14/09/2025 14:00,2025091414,Sunday,Market Close
14/09/2025 15:00,2025091415,Sunday,Market Close
14/09/2025 16:00,2025091416,Sunday,Market Close
14/09/2025 17:00,2025091417,Sunday,Market Close
14/09/2025 18:00,2025091418,Sunday,Market Close
14/09/2025 19:00,2025091419,Sunday,Market Close
14/09/2025 20:00,2025091420,Sunday,Market Close
19/09/2025 21:00,2025091921,Friday,Market Close
19/09/2025 22:00,2025091922,Friday,Market Close
19/09/2025 23:00,2025091923,Friday,Market Close
20/09/2025 0:00,2025092000,Saturday,Market Close
20/09/2025 1:00,2025092001,Saturday,Market Close
20/09/2025 2:00,2025092002,Saturday,Market Close
20/09/2025 3:00,2025092003,Saturday,Market Close
20/09/2025 4:00,2025092004,Saturday,Market Close
20/09/2025 5:00,2025092005,Saturday,Market Close
20/09/2025 6:00,2025092006,Saturday,Market Close
20/09/2025 7:00,2025092007,Saturday,Market Close
20/09/2025 8:00,2025092008,Saturday,Market Close
20/09/2025 9:00,2025092009,Saturday,Market Close
20/09/2025 10:00,2025092010,Saturday,Market Close
20/09/2025 11:00,2025092011,Saturday,Market Close
20/09/2025 12:00,2025092012,Saturday,Market Close
20/09/2025 13:00,2025092013,Saturday,Market Close
20/09/2025 14:00,2025092014,Saturday,Market Close
20/09/2025 15:00,2025092015,Saturday,Market Close
20/09/2025 16:00,2025092016,Saturday,Market Close
20/09/2025 17:00,2025092017,Saturday,Market Close
20/09/2025 18:00,2025092018,Saturday,Market Close
20/09/2025 19:00,2025092019,Saturday,Market Close
20/09/2025 20:00,2025092020,Saturday,Market Close
20/09/2025 21:00,2025092021,Saturday,Market Close
20/09/2025 22:00,2025092022,Saturday,Market Close
20/09/2025 23:00,2025092023,Saturday,Market Close
21/09/2025 0:00,2025092100,Sunday,Market Close
21/09/2025 1:00,2025092101,Sunday,Market Close
21/09/2025 2:00,2025092102,Sunday,Market Close
21/09/2025 3:00,2025092103,Sunday,Market Close
21/09/2025 4:00,2025092104,Sunday,Market Close
21/09/2025 5:00,2025092105,Sunday,Market Close
21/09/2025 6:00,2025092106,Sunday,Market Close
21/09/2025 7:00,2025092107,Sunday,Market Close
21/09/2025 8:00,2025092108,Sunday,Market Close
21/09/2025 9:00,2025092109,Sunday,Market Close
21/09/2025 10:00,2025092110,Sunday,Market Close
21/09/2025 11:00,2025092111,Sunday,Market Close
21/09/2025 12:00,2025092112,Sunday,Market Close
21/09/2025 13:00,2025092113,Sunday,Market Close
21/09/2025 14:00,2025092114,Sunday,Market Close
21/09/2025 15:00,2025092115,Sunday,Market Close
21/09/2025 16:00,2025092116,Sunday,Market Close
21/09/2025 17:00,2025092117,Sunday,Market Close
21/09/2025 18:00,2025092118,Sunday,Market Close
21/09/2025 19:00,2025092119,Sunday,Market Close
21/09/2025 20:00,2025092120,Sunday,Market Close
26/09/2025 21:00,2025092621,Friday,Market Close
26/09/2025 22:00,2025092622,Friday,Market Close
26/09/2025 23:00,2025092623,Friday,Market Close
27/09/2025 0:00,2025092700,Saturday,Market Close
27/09/2025 1:00,2025092701,Saturday,Market Close
27/09/2025 2:00,2025092702,Saturday,Market Close
27/09/2025 3:00,2025092703,Saturday,Market Close
27/09/2025 4:00,2025092704,Saturday,Market Close
27/09/2025 5:00,2025092705,Saturday,Market Close
27/09/2025 6:00,2025092706,Saturday,Market Close
27/09/2025 7:00,2025092707,Saturday,Market Close
27/09/2025 8:00,2025092708,Saturday,Market Close
27/09/2025 9:00,2025092709,Saturday,Market Close
27/09/2025 10:00,2025092710,Saturday,Market Close
27/09/2025 11:00,2025092711,Saturday,Market Close
27/09/2025 12:00,2025092712,Saturday,Market Close
27/09/2025 13:00,2025092713,Saturday,Market Close
27/09/2025 14:00,2025092714,Saturday,Market Close
27/09/2025 15:00,2025092715,Saturday,Market Close
27/09/2025 16:00,2025092716,Saturday,Market Close
27/09/2025 17:00,2025092717,Saturday,Market Close
27/09/2025 18:00,2025092718,Saturday,Market Close
27/09/2025 19:00,2025092719,Saturday,Market Close
27/09/2025 20:00,2025092720,Saturday,Market Close
27/09/2025 21:00,2025092721,Saturday,Market Close
27/09/2025 22:00,2025092722,Saturday,Market Close
27/09/2025 23:00,2025092723,Saturday,Market Close
28/09/2025 0:00,2025092800,Sunday,Market Close
28/09/2025 1:00,2025092801,Sunday,Market Close
28/09/2025 2:00,2025092802,Sunday,Market Close
28/09/2025 3:00,2025092803,Sunday,Market Close
28/09/2025 4:00,2025092804,Sunday,Market Close
28/09/2025 5:00,2025092805,Sunday,Market Close
28/09/2025 6:00,2025092806,Sunday,Market Close
28/09/2025 7:00,2025092807,Sunday,Market Close
28/09/2025 8:00,2025092808,Sunday,Market Close
28/09/2025 9:00,2025092809,Sunday,Market Close
28/09/2025 10:00,2025092810,Sunday,Market Close
28/09/2025 11:00,2025092811,Sunday,Market Close
28/09/2025 12:00,2025092812,Sunday,Market Close
28/09/2025 13:00,2025092813,Sunday,Market Close
28/09/2025 14:00,2025092814,Sunday,Market Close
28/09/2025 15:00,2025092815,Sunday,Market Close
28/09/2025 16:00,2025092816,Sunday,Market Close
28/09/2025 17:00,2025092817,Sunday,Market Close
28/09/2025 18:00,2025092818,Sunday,Market Close
28/09/2025 19:00,2025092819,Sunday,Market Close
28/09/2025 20:00,2025092820,Sunday,Market Close
3/10/2025 21:00,2025100321,Friday,Market Close
3/10/2025 22:00,2025100322,Friday,Market Close
3/10/2025 23:00,2025100323,Friday,Market Close
4/10/2025 0:00,2025100400,Saturday,Market Close
4/10/2025 1:00,2025100401,Saturday,Market Close
4/10/2025 2:00,2025100402,Saturday,Market Close
4/10/2025 3:00,2025100403,Saturday,Market Close
4/10/2025 4:00,2025100404,Saturday,Market Close
4/10/2025 5:00,2025100405,Saturday,Market Close
4/10/2025 6:00,2025100406,Saturday,Market Close
4/10/2025 7:00,2025100407,Saturday,Market Close
4/10/2025 8:00,2025100408,Saturday,Market Close
4/10/2025 9:00,2025100409,Saturday,Market Close
4/10/2025 10:00,2025100410,Saturday,Market Close
4/10/2025 11:00,2025100411,Saturday,Market Close
4/10/2025 12:00,2025100412,Saturday,Market Close
4/10/2025 13:00,2025100413,Saturday,Market Close
4/10/2025 14:00,2025100414,Saturday,Market Close
4/10/2025 15:00,2025100415,Saturday,Market Close
4/10/2025 16:00,2025100416,Saturday,Market Close
4/10/2025 17:00,2025100417,Saturday,Market Close
4/10/2025 18:00,2025100418,Saturday,Market Close
4/10/2025 19:00,2025100419,Saturday,Market Close
4/10/2025 20:00,2025100420,Saturday,Market Close
4/10/2025 21:00,2025100421,Saturday,Market Close
4/10/2025 22:00,2025100422,Saturday,Market Close
4/10/2025 23:00,2025100423,Saturday,Market Close
5/10/2025 0:00,2025100500,Sunday,Market Close
5/10/2025 1:00,2025100501,Sunday,Market Close
5/10/2025 2:00,2025100502,Sunday,Market Close
5/10/2025 3:00,2025100503,Sunday,Market Close
5/10/2025 4:00,2025100504,Sunday,Market Close
5/10/2025 5:00,2025100505,Sunday,Market Close
5/10/2025 6:00,2025100506,Sunday,Market Close
5/10/2025 7:00,2025100507,Sunday,Market Close
5/10/2025 8:00,2025100508,Sunday,Market Close
5/10/2025 9:00,2025100509,Sunday,Market Close
5/10/2025 10:00,2025100510,Sunday,Market Close
5/10/2025 11:00,2025100511,Sunday,Market Close
5/10/2025 12:00,2025100512,Sunday,Market Close
5/10/2025 13:00,2025100513,Sunday,Market Close
5/10/2025 14:00,2025100514,Sunday,Market Close
5/10/2025 15:00,2025100515,Sunday,Market Close
5/10/2025 16:00,2025100516,Sunday,Market Close
5/10/2025 17:00,2025100517,Sunday,Market Close
5/10/2025 18:00,2025100518,Sunday,Market Close
5/10/2025 19:00,2025100519,Sunday,Market Close
5/10/2025 20:00,2025100520,Sunday,Market Close
10/10/2025 21:00,2025101021,Friday,Market Close
10/10/2025 22:00,2025101022,Friday,Market Close
10/10/2025 23:00,2025101023,Friday,Market Close
11/10/2025 0:00,2025101100,Saturday,Market Close
11/10/2025 1:00,2025101101,Saturday,Market Close
11/10/2025 2:00,2025101102,Saturday,Market Close
11/10/2025 3:00,2025101103,Saturday,Market Close
11/10/2025 4:00,2025101104,Saturday,Market Close
11/10/2025 5:00,2025101105,Saturday,Market Close
11/10/2025 6:00,2025101106,Saturday,Market Close
11/10/2025 7:00,2025101107,Saturday,Market Close
11/10/2025 8:00,2025101108,Saturday,Market Close
11/10/2025 9:00,2025101109,Saturday,Market Close
11/10/2025 10:00,2025101110,Saturday,Market Close
11/10/2025 11:00,2025101111,Saturday,Market Close
11/10/2025 12:00,2025101112,Saturday,Market Close
11/10/2025 13:00,2025101113,Saturday,Market Close
11/10/2025 14:00,2025101114,Saturday,Market Close
11/10/2025 15:00,2025101115,Saturday,Market Close
11/10/2025 16:00,2025101116,Saturday,Market Close
11/10/2025 17:00,2025101117,Saturday,Market Close
11/10/2025 18:00,2025101118,Saturday,Market Close
11/10/2025 19:00,2025101119,Saturday,Market Close
11/10/2025 20:00,2025101120,Saturday,Market Close
11/10/2025 21:00,2025101121,Saturday,Market Close
11/10/2025 22:00,2025101122,Saturday,Market Close
11/10/2025 23:00,2025101123,Saturday,Market Close
12/10/2025 0:00,2025101200,Sunday,Market Close
12/10/2025 1:00,2025101201,Sunday,Market Close
12/10/2025 2:00,2025101202,Sunday,Market Close
12/10/2025 3:00,2025101203,Sunday,Market Close
12/10/2025 4:00,2025101204,Sunday,Market Close
12/10/2025 5:00,2025101205,Sunday,Market Close
12/10/2025 6:00,2025101206,Sunday,Market Close
12/10/2025 7:00,2025101207,Sunday,Market Close
12/10/2025 8:00,2025101208,Sunday,Market Close
12/10/2025 9:00,2025101209,Sunday,Market Close
12/10/2025 10:00,2025101210,Sunday,Market Close
12/10/2025 11:00,2025101211,Sunday,Market Close
12/10/2025 12:00,2025101212,Sunday,Market Close
12/10/2025 13:00,2025101213,Sunday,Market Close
12/10/2025 14:00,2025101214,Sunday,Market Close
12/10/2025 15:00,2025101215,Sunday,Market Close
12/10/2025 16:00,2025101216,Sunday,Market Close
12/10/2025 17:00,2025101217,Sunday,Market Close
12/10/2025 18:00,2025101218,Sunday,Market Close
12/10/2025 19:00,2025101219,Sunday,Market Close
12/10/2025 20:00,2025101220,Sunday,Market Close
17/10/2025 21:00,2025101721,Friday,Market Close
17/10/2025 22:00,2025101722,Friday,Market Close
17/10/2025 23:00,2025101723,Friday,Market Close
18/10/2025 0:00,2025101800,Saturday,Market Close
18/10/2025 1:00,2025101801,Saturday,Market Close
18/10/2025 2:00,2025101802,Saturday,Market Close
18/10/2025 3:00,2025101803,Saturday,Market Close
18/10/2025 4:00,2025101804,Saturday,Market Close
18/10/2025 5:00,2025101805,Saturday,Market Close
18/10/2025 6:00,2025101806,Saturday,Market Close
18/10/2025 7:00,2025101807,Saturday,Market Close
18/10/2025 8:00,2025101808,Saturday,Market Close
18/10/2025 9:00,2025101809,Saturday,Market Close
18/10/2025 10:00,2025101810,Saturday,Market Close
18/10/2025 11:00,2025101811,Saturday,Market Close
18/10/2025 12:00,2025101812,Saturday,Market Close
18/10/2025 13:00,2025101813,Saturday,Market Close
18/10/2025 14:00,2025101814,Saturday,Market Close
18/10/2025 15:00,2025101815,Saturday,Market Close
18/10/2025 16:00,2025101816,Saturday,Market Close
18/10/2025 17:00,2025101817,Saturday,Market Close
18/10/2025 18:00,2025101818,Saturday,Market Close
18/10/2025 19:00,2025101819,Saturday,Market Close
18/10/2025 20:00,2025101820,Saturday,Market Close
18/10/2025 21:00,2025101821,Saturday,Market Close
18/10/2025 22:00,2025101822,Saturday,Market Close
18/10/2025 23:00,2025101823,Saturday,Market Close
19/10/2025 0:00,2025101900,Sunday,Market Close
19/10/2025 1:00,2025101901,Sunday,Market Close
19/10/2025 2:00,2025101902,Sunday,Market Close
19/10/2025 3:00,2025101903,Sunday,Market Close
19/10/2025 4:00,2025101904,Sunday,Market Close
19/10/2025 5:00,2025101905,Sunday,Market Close
19/10/2025 6:00,2025101906,Sunday,Market Close
19/10/2025 7:00,2025101907,Sunday,Market Close
19/10/2025 8:00,2025101908,Sunday,Market Close
19/10/2025 9:00,2025101909,Sunday,Market Close
19/10/2025 10:00,2025101910,Sunday,Market Close
19/10/2025 11:00,2025101911,Sunday,Market Close
19/10/2025 12:00,2025101912,Sunday,Market Close
19/10/2025 13:00,2025101913,Sunday,Market Close
19/10/2025 14:00,2025101914,Sunday,Market Close
19/10/2025 15:00,2025101915,Sunday,Market Close
19/10/2025 16:00,2025101916,Sunday,Market Close
19/10/2025 17:00,2025101917,Sunday,Market Close
19/10/2025 18:00,2025101918,Sunday,Market Close
19/10/2025 19:00,2025101919,Sunday,Market Close
19/10/2025 20:00,2025101920,Sunday,Market Close
24/10/2025 21:00,2025102421,Friday,Market Close
24/10/2025 22:00,2025102422,Friday,Market Close
24/10/2025 23:00,2025102423,Friday,Market Close
25/10/2025 0:00,2025102500,Saturday,Market Close
25/10/2025 1:00,2025102501,Saturday,Market Close
25/10/2025 2:00,2025102502,Saturday,Market Close
25/10/2025 3:00,2025102503,Saturday,Market Close
25/10/2025 4:00,2025102504,Saturday,Market Close
25/10/2025 5:00,2025102505,Saturday,Market Close
25/10/2025 6:00,2025102506,Saturday,Market Close
25/10/2025 7:00,2025102507,Saturday,Market Close
25/10/2025 8:00,2025102508,Saturday,Market Close
25/10/2025 9:00,2025102509,Saturday,Market Close
25/10/2025 10:00,2025102510,Saturday,Market Close
25/10/2025 11:00,2025102511,Saturday,Market Close
25/10/2025 12:00,2025102512,Saturday,Market Close
25/10/2025 13:00,2025102513,Saturday,Market Close
25/10/2025 14:00,2025102514,Saturday,Market Close
25/10/2025 15:00,2025102515,Saturday,Market Close
25/10/2025 16:00,2025102516,Saturday,Market Close
25/10/2025 17:00,2025102517,Saturday,Market Close
25/10/2025 18:00,2025102518,Saturday,Market Close
25/10/2025 19:00,2025102519,Saturday,Market Close
25/10/2025 20:00,2025102520,Saturday,Market Close
25/10/2025 21:00,2025102521,Saturday,Market Close
25/10/2025 22:00,2025102522,Saturday,Market Close
25/10/2025 23:00,2025102523,Saturday,Market Close
26/10/2025 0:00,2025102600,Sunday,Market Close
26/10/2025 1:00,2025102601,Sunday,Market Close
26/10/2025 2:00,2025102602,Sunday,Market Close
26/10/2025 3:00,2025102603,Sunday,Market Close
26/10/2025 4:00,2025102604,Sunday,Market Close
26/10/2025 5:00,2025102605,Sunday,Market Close
26/10/2025 6:00,2025102606,Sunday,Market Close
26/10/2025 7:00,2025102607,Sunday,Market Close
26/10/2025 8:00,2025102608,Sunday,Market Close
26/10/2025 9:00,2025102609,Sunday,Market Close
26/10/2025 10:00,2025102610,Sunday,Market Close
26/10/2025 11:00,2025102611,Sunday,Market Close
26/10/2025 12:00,2025102612,Sunday,Market Close
26/10/2025 13:00,2025102613,Sunday,Market Close
26/10/2025 14:00,2025102614,Sunday,Market Close
26/10/2025 15:00,2025102615,Sunday,Market Close
26/10/2025 16:00,2025102616,Sunday,Market Close
26/10/2025 17:00,2025102617,Sunday,Market Close
26/10/2025 18:00,2025102618,Sunday,Market Close
26/10/2025 19:00,2025102619,Sunday,Market Close
26/10/2025 20:00,2025102620,Sunday,Market Close
31/10/2025 21:00,2025103121,Friday,Market Close
31/10/2025 22:00,2025103122,Friday,Market Close
31/10/2025 23:00,2025103123,Friday,Market Close
1/11/2025 0:00,2025110100,Saturday,Market Close
1/11/2025 1:00,2025110101,Saturday,Market Close
1/11/2025 2:00,2025110102,Saturday,Market Close
1/11/2025 3:00,2025110103,Saturday,Market Close
1/11/2025 4:00,2025110104,Saturday,Market Close
1/11/2025 5:00,2025110105,Saturday,Market Close
1/11/2025 6:00,2025110106,Saturday,Market Close
1/11/2025 7:00,2025110107,Saturday,Market Close
1/11/2025 8:00,2025110108,Saturday,Market Close
1/11/2025 9:00,2025110109,Saturday,Market Close
1/11/2025 10:00,2025110110,Saturday,Market Close
1/11/2025 11:00,2025110111,Saturday,Market Close
1/11/2025 12:00,2025110112,Saturday,Market Close
1/11/2025 13:00,2025110113,Saturday,Market Close
1/11/2025 14:00,2025110114,Saturday,Market Close
1/11/2025 15:00,2025110115,Saturday,Market Close
1/11/2025 16:00,2025110116,Saturday,Market Close
1/11/2025 17:00,2025110117,Saturday,Market Close
1/11/2025 18:00,2025110118,Saturday,Market Close
1/11/2025 19:00,2025110119,Saturday,Market Close
1/11/2025 20:00,2025110120,Saturday,Market Close
1/11/2025 21:00,2025110121,Saturday,Market Close
1/11/2025 22:00,2025110122,Saturday,Market Close
1/11/2025 23:00,2025110123,Saturday,Market Close
2/11/2025 0:00,2025110200,Sunday,Market Close
2/11/2025 1:00,2025110201,Sunday,Market Close
2/11/2025 2:00,2025110202,Sunday,Market Close
2/11/2025 3:00,2025110203,Sunday,Market Close
2/11/2025 4:00,2025110204,Sunday,Market Close
2/11/2025 5:00,2025110205,Sunday,Market Close
2/11/2025 6:00,2025110206,Sunday,Market Close
2/11/2025 7:00,2025110207,Sunday,Market Close
2/11/2025 8:00,2025110208,Sunday,Market Close
2/11/2025 9:00,2025110209,Sunday,Market Close
2/11/2025 10:00,2025110210,Sunday,Market Close
2/11/2025 11:00,2025110211,Sunday,Market Close
2/11/2025 12:00,2025110212,Sunday,Market Close
2/11/2025 13:00,2025110213,Sunday,Market Close
2/11/2025 14:00,2025110214,Sunday,Market Close
2/11/2025 15:00,2025110215,Sunday,Market Close
2/11/2025 16:00,2025110216,Sunday,Market Close
2/11/2025 17:00,2025110217,Sunday,Market Close
2/11/2025 18:00,2025110218,Sunday,Market Close
2/11/2025 19:00,2025110219,Sunday,Market Close
2/11/2025 20:00,2025110220,Sunday,Market Close
2/11/2025 21:00,2025110221,Sunday,Market Close
7/11/2025 22:00,2025110722,Friday,Market Close
7/11/2025 23:00,2025110723,Friday,Market Close
8/11/2025 0:00,2025110800,Saturday,Market Close
8/11/2025 1:00,2025110801,Saturday,Market Close
8/11/2025 2:00,2025110802,Saturday,Market Close
8/11/2025 3:00,2025110803,Saturday,Market Close
8/11/2025 4:00,2025110804,Saturday,Market Close
8/11/2025 5:00,2025110805,Saturday,Market Close
8/11/2025 6:00,2025110806,Saturday,Market Close
8/11/2025 7:00,2025110807,Saturday,Market Close
8/11/2025 8:00,2025110808,Saturday,Market Close
8/11/2025 9:00,2025110809,Saturday,Market Close
8/11/2025 10:00,2025110810,Saturday,Market Close
8/11/2025 11:00,2025110811,Saturday,Market Close
8/11/2025 12:00,2025110812,Saturday,Market Close
8/11/2025 13:00,2025110813,Saturday,Market Close
8/11/2025 14:00,2025110814,Saturday,Market Close
8/11/2025 15:00,2025110815,Saturday,Market Close
8/11/2025 16:00,2025110816,Saturday,Market Close
8/11/2025 17:00,2025110817,Saturday,Market Close
8/11/2025 18:00,2025110818,Saturday,Market Close
8/11/2025 19:00,2025110819,Saturday,Market Close
8/11/2025 20:00,2025110820,Saturday,Market Close
8/11/2025 21:00,2025110821,Saturday,Market Close
8/11/2025 22:00,2025110822,Saturday,Market Close
8/11/2025 23:00,2025110823,Saturday,Market Close
9/11/2025 0:00,2025110900,Sunday,Market Close
9/11/2025 1:00,2025110901,Sunday,Market Close
9/11/2025 2:00,2025110902,Sunday,Market Close
9/11/2025 3:00,2025110903,Sunday,Market Close
9/11/2025 4:00,2025110904,Sunday,Market Close
9/11/2025 5:00,2025110905,Sunday,Market Close
9/11/2025 6:00,2025110906,Sunday,Market Close
9/11/2025 7:00,2025110907,Sunday,Market Close
9/11/2025 8:00,2025110908,Sunday,Market Close
9/11/2025 9:00,2025110909,Sunday,Market Close
9/11/2025 10:00,2025110910,Sunday,Market Close
9/11/2025 11:00,2025110911,Sunday,Market Close
9/11/2025 12:00,2025110912,Sunday,Market Close
9/11/2025 13:00,2025110913,Sunday,Market Close
9/11/2025 14:00,2025110914,Sunday,Market Close
9/11/2025 15:00,2025110915,Sunday,Market Close
9/11/2025 16:00,2025110916,Sunday,Market Close
9/11/2025 17:00,2025110917,Sunday,Market Close
9/11/2025 18:00,2025110918,Sunday,Market Close
9/11/2025 19:00,2025110919,Sunday,Market Close
9/11/2025 20:00,2025110920,Sunday,Market Close
9/11/2025 21:00,2025110921,Sunday,Market Close
14/11/2025 22:00,2025111422,Friday,Market Close
14/11/2025 23:00,2025111423,Friday,Market Close
15/11/2025 0:00,2025111500,Saturday,Market Close
15/11/2025 1:00,2025111501,Saturday,Market Close
15/11/2025 2:00,2025111502,Saturday,Market Close
15/11/2025 3:00,2025111503,Saturday,Market Close
15/11/2025 4:00,2025111504,Saturday,Market Close
15/11/2025 5:00,2025111505,Saturday,Market Close
15/11/2025 6:00,2025111506,Saturday,Market Close
15/11/2025 7:00,2025111507,Saturday,Market Close
15/11/2025 8:00,2025111508,Saturday,Market Close
15/11/2025 9:00,2025111509,Saturday,Market Close
15/11/2025 10:00,2025111510,Saturday,Market Close
15/11/2025 11:00,2025111511,Saturday,Market Close
15/11/2025 12:00,2025111512,Saturday,Market Close
15/11/2025 13:00,2025111513,Saturday,Market Close
15/11/2025 14:00,2025111514,Saturday,Market Close
15/11/2025 15:00,2025111515,Saturday,Market Close
15/11/2025 16:00,2025111516,Saturday,Market Close
15/11/2025 17:00,2025111517,Saturday,Market Close
15/11/2025 18:00,2025111518,Saturday,Market Close
15/11/2025 19:00,2025111519,Saturday,Market Close
15/11/2025 20:00,2025111520,Saturday,Market Close
15/11/2025 21:00,2025111521,Saturday,Market Close
15/11/2025 22:00,2025111522,Saturday,Market Close
15/11/2025 23:00,2025111523,Saturday,Market Close
16/11/2025 0:00,2025111600,Sunday,Market Close
16/11/2025 1:00,2025111601,Sunday,Market Close
16/11/2025 2:00,2025111602,Sunday,Market Close
16/11/2025 3:00,2025111603,Sunday,Market Close
16/11/2025 4:00,2025111604,Sunday,Market Close
16/11/2025 5:00,2025111605,Sunday,Market Close
16/11/2025 6:00,2025111606,Sunday,Market Close
16/11/2025 7:00,2025111607,Sunday,Market Close
16/11/2025 8:00,2025111608,Sunday,Market Close
16/11/2025 9:00,2025111609,Sunday,Market Close
16/11/2025 10:00,2025111610,Sunday,Market Close
16/11/2025 11:00,2025111611,Sunday,Market Close
16/11/2025 12:00,2025111612,Sunday,Market Close
16/11/2025 13:00,2025111613,Sunday,Market Close
16/11/2025 14:00,2025111614,Sunday,Market Close
16/11/2025 15:00,2025111615,Sunday,Market Close
16/11/2025 16:00,2025111616,Sunday,Market Close
16/11/2025 17:00,2025111617,Sunday,Market Close
16/11/2025 18:00,2025111618,Sunday,Market Close
16/11/2025 19:00,2025111619,Sunday,Market Close
16/11/2025 20:00,2025111620,Sunday,Market Close
16/11/2025 21:00,2025111621,Sunday,Market Close
21/11/2025 22:00,2025112122,Friday,Market Close
21/11/2025 23:00,2025112123,Friday,Market Close
22/11/2025 0:00,2025112200,Saturday,Market Close
22/11/2025 1:00,2025112201,Saturday,Market Close
22/11/2025 2:00,2025112202,Saturday,Market Close
22/11/2025 3:00,2025112203,Saturday,Market Close
22/11/2025 4:00,2025112204,Saturday,Market Close
22/11/2025 5:00,2025112205,Saturday,Market Close
22/11/2025 6:00,2025112206,Saturday,Market Close
22/11/2025 7:00,2025112207,Saturday,Market Close
22/11/2025 8:00,2025112208,Saturday,Market Close
22/11/2025 9:00,2025112209,Saturday,Market Close
22/11/2025 10:00,2025112210,Saturday,Market Close
22/11/2025 11:00,2025112211,Saturday,Market Close
22/11/2025 12:00,2025112212,Saturday,Market Close
22/11/2025 13:00,2025112213,Saturday,Market Close
22/11/2025 14:00,2025112214,Saturday,Market Close
22/11/2025 15:00,2025112215,Saturday,Market Close
22/11/2025 16:00,2025112216,Saturday,Market Close
22/11/2025 17:00,2025112217,Saturday,Market Close
22/11/2025 18:00,2025112218,Saturday,Market Close
22/11/2025 19:00,2025112219,Saturday,Market Close
22/11/2025 20:00,2025112220,Saturday,Market Close
22/11/2025 21:00,2025112221,Saturday,Market Close
22/11/2025 22:00,2025112222,Saturday,Market Close
22/11/2025 23:00,2025112223,Saturday,Market Close
23/11/2025 0:00,2025112300,Sunday,Market Close
23/11/2025 1:00,2025112301,Sunday,Market Close
23/11/2025 2:00,2025112302,Sunday,Market Close
23/11/2025 3:00,2025112303,Sunday,Market Close
23/11/2025 4:00,2025112304,Sunday,Market Close
23/11/2025 5:00,2025112305,Sunday,Market Close
23/11/2025 6:00,2025112306,Sunday,Market Close
23/11/2025 7:00,2025112307,Sunday,Market Close
23/11/2025 8:00,2025112308,Sunday,Market Close
23/11/2025 9:00,2025112309,Sunday,Market Close
23/11/2025 10:00,2025112310,Sunday,Market Close
23/11/2025 11:00,2025112311,Sunday,Market Close
23/11/2025 12:00,2025112312,Sunday,Market Close
23/11/2025 13:00,2025112313,Sunday,Market Close
23/11/2025 14:00,2025112314,Sunday,Market Close
23/11/2025 15:00,2025112315,Sunday,Market Close
23/11/2025 16:00,2025112316,Sunday,Market Close
23/11/2025 17:00,2025112317,Sunday,Market Close
23/11/2025 18:00,2025112318,Sunday,Market Close
23/11/2025 19:00,2025112319,Sunday,Market Close
23/11/2025 20:00,2025112320,Sunday,Market Close
23/11/2025 21:00,2025112321,Sunday,Market Close
28/11/2025 22:00,2025112822,Friday,Market Close
28/11/2025 23:00,2025112823,Friday,Market Close
29/11/2025 0:00,2025112900,Saturday,Market Close
29/11/2025 1:00,2025112901,Saturday,Market Close
29/11/2025 2:00,2025112902,Saturday,Market Close
29/11/2025 3:00,2025112903,Saturday,Market Close
29/11/2025 4:00,2025112904,Saturday,Market Close
29/11/2025 5:00,2025112905,Saturday,Market Close
29/11/2025 6:00,2025112906,Saturday,Market Close
29/11/2025 7:00,2025112907,Saturday,Market Close
29/11/2025 8:00,2025112908,Saturday,Market Close
29/11/2025 9:00,2025112909,Saturday,Market Close
29/11/2025 10:00,2025112910,Saturday,Market Close
29/11/2025 11:00,2025112911,Saturday,Market Close
29/11/2025 12:00,2025112912,Saturday,Market Close
29/11/2025 13:00,2025112913,Saturday,Market Close
29/11/2025 14:00,2025112914,Saturday,Market Close
29/11/2025 15:00,2025112915,Saturday,Market Close
29/11/2025 16:00,2025112916,Saturday,Market Close
29/11/2025 17:00,2025112917,Saturday,Market Close
29/11/2025 18:00,2025112918,Saturday,Market Close
29/11/2025 19:00,2025112919,Saturday,Market Close
29/11/2025 20:00,2025112920,Saturday,Market Close
29/11/2025 21:00,2025112921,Saturday,Market Close
29/11/2025 22:00,2025112922,Saturday,Market Close
29/11/2025 23:00,2025112923,Saturday,Market Close
30/11/2025 0:00,2025113000,Sunday,Market Close
30/11/2025 1:00,2025113001,Sunday,Market Close
30/11/2025 2:00,2025113002,Sunday,Market Close
30/11/2025 3:00,2025113003,Sunday,Market Close
30/11/2025 4:00,2025113004,Sunday,Market Close
30/11/2025 5:00,2025113005,Sunday,Market Close
30/11/2025 6:00,2025113006,Sunday,Market Close
30/11/2025 7:00,2025113007,Sunday,Market Close
30/11/2025 8:00,2025113008,Sunday,Market Close
30/11/2025 9:00,2025113009,Sunday,Market Close
30/11/2025 10:00,2025113010,Sunday,Market Close
30/11/2025 11:00,2025113011,Sunday,Market Close
30/11/2025 12:00,2025113012,Sunday,Market Close
30/11/2025 13:00,2025113013,Sunday,Market Close
30/11/2025 14:00,2025113014,Sunday,Market Close
30/11/2025 15:00,2025113015,Sunday,Market Close
30/11/2025 16:00,2025113016,Sunday,Market Close
30/11/2025 17:00,2025113017,Sunday,Market Close
30/11/2025 18:00,2025113018,Sunday,Market Close
30/11/2025 19:00,2025113019,Sunday,Market Close
30/11/2025 20:00,2025113020,Sunday,Market Close
30/11/2025 21:00,2025113021,Sunday,Market Close
5/12/2025 22:00,2025120522,Friday,Market Close
5/12/2025 23:00,2025120523,Friday,Market Close
6/12/2025 0:00,2025120600,Saturday,Market Close
6/12/2025 1:00,2025120601,Saturday,Market Close
6/12/2025 2:00,2025120602,Saturday,Market Close
6/12/2025 3:00,2025120603,Saturday,Market Close
6/12/2025 4:00,2025120604,Saturday,Market Close
6/12/2025 5:00,2025120605,Saturday,Market Close
6/12/2025 6:00,2025120606,Saturday,Market Close
6/12/2025 7:00,2025120607,Saturday,Market Close
6/12/2025 8:00,2025120608,Saturday,Market Close
6/12/2025 9:00,2025120609,Saturday,Market Close
6/12/2025 10:00,2025120610,Saturday,Market Close
6/12/2025 11:00,2025120611,Saturday,Market Close
6/12/2025 12:00,2025120612,Saturday,Market Close
6/12/2025 13:00,2025120613,Saturday,Market Close
6/12/2025 14:00,2025120614,Saturday,Market Close
6/12/2025 15:00,2025120615,Saturday,Market Close
6/12/2025 16:00,2025120616,Saturday,Market Close
6/12/2025 17:00,2025120617,Saturday,Market Close
6/12/2025 18:00,2025120618,Saturday,Market Close
6/12/2025 19:00,2025120619,Saturday,Market Close
6/12/2025 20:00,2025120620,Saturday,Market Close
6/12/2025 21:00,2025120621,Saturday,Market Close
6/12/2025 22:00,2025120622,Saturday,Market Close
6/12/2025 23:00,2025120623,Saturday,Market Close
7/12/2025 0:00,2025120700,Sunday,Market Close
7/12/2025 1:00,2025120701,Sunday,Market Close
7/12/2025 2:00,2025120702,Sunday,Market Close
7/12/2025 3:00,2025120703,Sunday,Market Close
7/12/2025 4:00,2025120704,Sunday,Market Close
7/12/2025 5:00,2025120705,Sunday,Market Close
7/12/2025 6:00,2025120706,Sunday,Market Close
7/12/2025 7:00,2025120707,Sunday,Market Close
7/12/2025 8:00,2025120708,Sunday,Market Close
7/12/2025 9:00,2025120709,Sunday,Market Close
7/12/2025 10:00,2025120710,Sunday,Market Close
7/12/2025 11:00,2025120711,Sunday,Market Close
7/12/2025 12:00,2025120712,Sunday,Market Close
7/12/2025 13:00,2025120713,Sunday,Market Close
7/12/2025 14:00,2025120714,Sunday,Market Close
7/12/2025 15:00,2025120715,Sunday,Market Close
7/12/2025 16:00,2025120716,Sunday,Market Close
7/12/2025 17:00,2025120717,Sunday,Market Close
7/12/2025 18:00,2025120718,Sunday,Market Close
7/12/2025 19:00,2025120719,Sunday,Market Close
7/12/2025 20:00,2025120720,Sunday,Market Close
7/12/2025 21:00,2025120721,Sunday,Market Close
12/12/2025 22:00,2025121222,Friday,Market Close
12/12/2025 23:00,2025121223,Friday,Market Close
13/12/2025 0:00,2025121300,Saturday,Market Close
13/12/2025 1:00,2025121301,Saturday,Market Close
13/12/2025 2:00,2025121302,Saturday,Market Close
13/12/2025 3:00,2025121303,Saturday,Market Close
13/12/2025 4:00,2025121304,Saturday,Market Close
13/12/2025 5:00,2025121305,Saturday,Market Close
13/12/2025 6:00,2025121306,Saturday,Market Close
13/12/2025 7:00,2025121307,Saturday,Market Close
13/12/2025 8:00,2025121308,Saturday,Market Close
13/12/2025 9:00,2025121309,Saturday,Market Close
13/12/2025 10:00,2025121310,Saturday,Market Close
13/12/2025 11:00,2025121311,Saturday,Market Close
13/12/2025 12:00,2025121312,Saturday,Market Close
13/12/2025 13:00,2025121313,Saturday,Market Close
13/12/2025 14:00,2025121314,Saturday,Market Close
13/12/2025 15:00,2025121315,Saturday,Market Close
13/12/2025 16:00,2025121316,Saturday,Market Close
13/12/2025 17:00,2025121317,Saturday,Market Close
13/12/2025 18:00,2025121318,Saturday,Market Close
13/12/2025 19:00,2025121319,Saturday,Market Close
13/12/2025 20:00,2025121320,Saturday,Market Close
13/12/2025 21:00,2025121321,Saturday,Market Close
13/12/2025 22:00,2025121322,Saturday,Market Close
13/12/2025 23:00,2025121323,Saturday,Market Close
14/12/2025 0:00,2025121400,Sunday,Market Close
14/12/2025 1:00,2025121401,Sunday,Market Close
14/12/2025 2:00,2025121402,Sunday,Market Close
14/12/2025 3:00,2025121403,Sunday,Market Close
14/12/2025 4:00,2025121404,Sunday,Market Close
14/12/2025 5:00,2025121405,Sunday,Market Close
14/12/2025 6:00,2025121406,Sunday,Market Close
14/12/2025 7:00,2025121407,Sunday,Market Close
14/12/2025 8:00,2025121408,Sunday,Market Close
14/12/2025 9:00,2025121409,Sunday,Market Close
14/12/2025 10:00,2025121410,Sunday,Market Close
14/12/2025 11:00,2025121411,Sunday,Market Close
14/12/2025 12:00,2025121412,Sunday,Market Close
14/12/2025 13:00,2025121413,Sunday,Market Close
14/12/2025 14:00,2025121414,Sunday,Market Close
14/12/2025 15:00,2025121415,Sunday,Market Close
14/12/2025 16:00,2025121416,Sunday,Market Close
14/12/2025 17:00,2025121417,Sunday,Market Close
14/12/2025 18:00,2025121418,Sunday,Market Close
14/12/2025 19:00,2025121419,Sunday,Market Close
14/12/2025 20:00,2025121420,Sunday,Market Close
14/12/2025 21:00,2025121421,Sunday,Market Close
19/12/2025 22:00,2025121922,Friday,Market Close
19/12/2025 23:00,2025121923,Friday,Market Close
20/12/2025 0:00,2025122000,Saturday,Market Close
20/12/2025 1:00,2025122001,Saturday,Market Close
20/12/2025 2:00,2025122002,Saturday,Market Close
20/12/2025 3:00,2025122003,Saturday,Market Close
20/12/2025 4:00,2025122004,Saturday,Market Close
20/12/2025 5:00,2025122005,Saturday,Market Close
20/12/2025 6:00,2025122006,Saturday,Market Close
20/12/2025 7:00,2025122007,Saturday,Market Close
20/12/2025 8:00,2025122008,Saturday,Market Close
20/12/2025 9:00,2025122009,Saturday,Market Close
20/12/2025 10:00,2025122010,Saturday,Market Close
20/12/2025 11:00,2025122011,Saturday,Market Close
20/12/2025 12:00,2025122012,Saturday,Market Close
20/12/2025 13:00,2025122013,Saturday,Market Close
20/12/2025 14:00,2025122014,Saturday,Market Close
20/12/2025 15:00,2025122015,Saturday,Market Close
20/12/2025 16:00,2025122016,Saturday,Market Close
20/12/2025 17:00,2025122017,Saturday,Market Close
20/12/2025 18:00,2025122018,Saturday,Market Close
20/12/2025 19:00,2025122019,Saturday,Market Close
20/12/2025 20:00,2025122020,Saturday,Market Close
20/12/2025 21:00,2025122021,Saturday,Market Close
20/12/2025 22:00,2025122022,Saturday,Market Close
20/12/2025 23:00,2025122023,Saturday,Market Close
21/12/2025 0:00,2025122100,Sunday,Market Close
21/12/2025 1:00,2025122101,Sunday,Market Close
21/12/2025 2:00,2025122102,Sunday,Market Close
21/12/2025 3:00,2025122103,Sunday,Market Close
21/12/2025 4:00,2025122104,Sunday,Market Close
21/12/2025 5:00,2025122105,Sunday,Market Close
21/12/2025 6:00,2025122106,Sunday,Market Close
21/12/2025 7:00,2025122107,Sunday,Market Close
21/12/2025 8:00,2025122108,Sunday,Market Close
21/12/2025 9:00,2025122109,Sunday,Market Close
21/12/2025 10:00,2025122110,Sunday,Market Close
21/12/2025 11:00,2025122111,Sunday,Market Close
21/12/2025 12:00,2025122112,Sunday,Market Close
21/12/2025 13:00,2025122113,Sunday,Market Close
21/12/2025 14:00,2025122114,Sunday,Market Close
21/12/2025 15:00,2025122115,Sunday,Market Close
21/12/2025 16:00,2025122116,Sunday,Market Close
21/12/2025 17:00,2025122117,Sunday,Market Close
21/12/2025 18:00,2025122118,Sunday,Market Close
21/12/2025 19:00,2025122119,Sunday,Market Close
21/12/2025 20:00,2025122120,Sunday,Market Close
21/12/2025 21:00,2025122121,Sunday,Market Close
26/12/2025 22:00,2025122622,Friday,Market Close
26/12/2025 23:00,2025122623,Friday,Market Close
27/12/2025 0:00,2025122700,Saturday,Market Close
27/12/2025 1:00,2025122701,Saturday,Market Close
27/12/2025 2:00,2025122702,Saturday,Market Close
27/12/2025 3:00,2025122703,Saturday,Market Close
27/12/2025 4:00,2025122704,Saturday,Market Close
27/12/2025 5:00,2025122705,Saturday,Market Close
27/12/2025 6:00,2025122706,Saturday,Market Close
27/12/2025 7:00,2025122707,Saturday,Market Close
27/12/2025 8:00,2025122708,Saturday,Market Close
27/12/2025 9:00,2025122709,Saturday,Market Close
27/12/2025 10:00,2025122710,Saturday,Market Close
27/12/2025 11:00,2025122711,Saturday,Market Close
27/12/2025 12:00,2025122712,Saturday,Market Close
27/12/2025 13:00,2025122713,Saturday,Market Close
27/12/2025 14:00,2025122714,Saturday,Market Close
27/12/2025 15:00,2025122715,Saturday,Market Close
27/12/2025 16:00,2025122716,Saturday,Market Close
27/12/2025 17:00,2025122717,Saturday,Market Close
27/12/2025 18:00,2025122718,Saturday,Market Close
27/12/2025 19:00,2025122719,Saturday,Market Close
27/12/2025 20:00,2025122720,Saturday,Market Close
27/12/2025 21:00,2025122721,Saturday,Market Close
27/12/2025 22:00,2025122722,Saturday,Market Close
27/12/2025 23:00,2025122723,Saturday,Market Close
28/12/2025 0:00,2025122800,Sunday,Market Close
28/12/2025 1:00,2025122801,Sunday,Market Close
28/12/2025 2:00,2025122802,Sunday,Market Close
28/12/2025 3:00,2025122803,Sunday,Market Close
28/12/2025 4:00,2025122804,Sunday,Market Close
28/12/2025 5:00,2025122805,Sunday,Market Close
28/12/2025 6:00,2025122806,Sunday,Market Close
28/12/2025 7:00,2025122807,Sunday,Market Close
28/12/2025 8:00,2025122808,Sunday,Market Close
28/12/2025 9:00,2025122809,Sunday,Market Close
28/12/2025 10:00,2025122810,Sunday,Market Close
28/12/2025 11:00,2025122811,Sunday,Market Close
28/12/2025 12:00,2025122812,Sunday,Market Close
28/12/2025 13:00,2025122813,Sunday,Market Close
28/12/2025 14:00,2025122814,Sunday,Market Close
28/12/2025 15:00,2025122815,Sunday,Market Close
28/12/2025 16:00,2025122816,Sunday,Market Close
28/12/2025 17:00,2025122817,Sunday,Market Close
28/12/2025 18:00,2025122818,Sunday,Market Close
28/12/2025 19:00,2025122819,Sunday,Market Close
28/12/2025 20:00,2025122820,Sunday,Market Close
28/12/2025 21:00,2025122821,Sunday,Market Close
2/01/2026 22:00,2026010222,Friday,Market Close
2/01/2026 23:00,2026010223,Friday,Market Close
3/01/2026 0:00,2026010300,Saturday,Market Close
3/01/2026 1:00,2026010301,Saturday,Market Close
3/01/2026 2:00,2026010302,Saturday,Market Close
3/01/2026 3:00,2026010303,Saturday,Market Close
3/01/2026 4:00,2026010304,Saturday,Market Close
3/01/2026 5:00,2026010305,Saturday,Market Close
3/01/2026 6:00,2026010306,Saturday,Market Close
3/01/2026 7:00,2026010307,Saturday,Market Close
3/01/2026 8:00,2026010308,Saturday,Market Close
3/01/2026 9:00,2026010309,Saturday,Market Close
3/01/2026 10:00,2026010310,Saturday,Market Close
3/01/2026 11:00,2026010311,Saturday,Market Close
3/01/2026 12:00,2026010312,Saturday,Market Close
3/01/2026 13:00,2026010313,Saturday,Market Close
3/01/2026 14:00,2026010314,Saturday,Market Close
3/01/2026 15:00,2026010315,Saturday,Market Close
3/01/2026 16:00,2026010316,Saturday,Market Close
3/01/2026 17:00,2026010317,Saturday,Market Close
3/01/2026 18:00,2026010318,Saturday,Market Close
3/01/2026 19:00,2026010319,Saturday,Market Close
3/01/2026 20:00,2026010320,Saturday,Market Close
3/01/2026 21:00,2026010321,Saturday,Market Close
3/01/2026 22:00,2026010322,Saturday,Market Close
3/01/2026 23:00,2026010323,Saturday,Market Close
4/01/2026 0:00,2026010400,Sunday,Market Close
4/01/2026 1:00,2026010401,Sunday,Market Close
4/01/2026 2:00,2026010402,Sunday,Market Close
4/01/2026 3:00,2026010403,Sunday,Market Close
4/01/2026 4:00,2026010404,Sunday,Market Close
4/01/2026 5:00,2026010405,Sunday,Market Close
4/01/2026 6:00,2026010406,Sunday,Market Close
4/01/2026 7:00,2026010407,Sunday,Market Close
4/01/2026 8:00,2026010408,Sunday,Market Close
4/01/2026 9:00,2026010409,Sunday,Market Close
4/01/2026 10:00,2026010410,Sunday,Market Close
4/01/2026 11:00,2026010411,Sunday,Market Close
4/01/2026 12:00,2026010412,Sunday,Market Close
4/01/2026 13:00,2026010413,Sunday,Market Close
4/01/2026 14:00,2026010414,Sunday,Market Close
4/01/2026 15:00,2026010415,Sunday,Market Close
4/01/2026 16:00,2026010416,Sunday,Market Close
4/01/2026 17:00,2026010417,Sunday,Market Close
4/01/2026 18:00,2026010418,Sunday,Market Close
4/01/2026 19:00,2026010419,Sunday,Market Close
4/01/2026 20:00,2026010420,Sunday,Market Close
4/01/2026 21:00,2026010421,Sunday,Market Close
9/01/2026 22:00,2026010922,Friday,Market Close
9/01/2026 23:00,2026010923,Friday,Market Close
10/01/2026 0:00,2026011000,Saturday,Market Close
10/01/2026 1:00,2026011001,Saturday,Market Close
10/01/2026 2:00,2026011002,Saturday,Market Close
10/01/2026 3:00,2026011003,Saturday,Market Close
10/01/2026 4:00,2026011004,Saturday,Market Close
10/01/2026 5:00,2026011005,Saturday,Market Close
10/01/2026 6:00,2026011006,Saturday,Market Close
10/01/2026 7:00,2026011007,Saturday,Market Close
10/01/2026 8:00,2026011008,Saturday,Market Close
10/01/2026 9:00,2026011009,Saturday,Market Close
10/01/2026 10:00,2026011010,Saturday,Market Close
10/01/2026 11:00,2026011011,Saturday,Market Close
10/01/2026 12:00,2026011012,Saturday,Market Close
10/01/2026 13:00,2026011013,Saturday,Market Close
10/01/2026 14:00,2026011014,Saturday,Market Close
10/01/2026 15:00,2026011015,Saturday,Market Close
10/01/2026 16:00,2026011016,Saturday,Market Close
10/01/2026 17:00,2026011017,Saturday,Market Close
10/01/2026 18:00,2026011018,Saturday,Market Close
10/01/2026 19:00,2026011019,Saturday,Market Close
10/01/2026 20:00,2026011020,Saturday,Market Close
10/01/2026 21:00,2026011021,Saturday,Market Close
10/01/2026 22:00,2026011022,Saturday,Market Close
10/01/2026 23:00,2026011023,Saturday,Market Close
11/01/2026 0:00,2026011100,Sunday,Market Close
11/01/2026 1:00,2026011101,Sunday,Market Close
11/01/2026 2:00,2026011102,Sunday,Market Close
11/01/2026 3:00,2026011103,Sunday,Market Close
11/01/2026 4:00,2026011104,Sunday,Market Close
11/01/2026 5:00,2026011105,Sunday,Market Close
11/01/2026 6:00,2026011106,Sunday,Market Close
11/01/2026 7:00,2026011107,Sunday,Market Close
11/01/2026 8:00,2026011108,Sunday,Market Close
11/01/2026 9:00,2026011109,Sunday,Market Close
11/01/2026 10:00,2026011110,Sunday,Market Close
11/01/2026 11:00,2026011111,Sunday,Market Close
11/01/2026 12:00,2026011112,Sunday,Market Close
11/01/2026 13:00,2026011113,Sunday,Market Close
11/01/2026 14:00,2026011114,Sunday,Market Close
11/01/2026 15:00,2026011115,Sunday,Market Close
11/01/2026 16:00,2026011116,Sunday,Market Close
11/01/2026 17:00,2026011117,Sunday,Market Close
11/01/2026 18:00,2026011118,Sunday,Market Close
11/01/2026 19:00,2026011119,Sunday,Market Close
11/01/2026 20:00,2026011120,Sunday,Market Close
11/01/2026 21:00,2026011121,Sunday,Market Close
16/01/2026 22:00,2026011622,Friday,Market Close
16/01/2026 23:00,2026011623,Friday,Market Close
17/01/2026 0:00,2026011700,Saturday,Market Close
17/01/2026 1:00,2026011701,Saturday,Market Close
17/01/2026 2:00,2026011702,Saturday,Market Close
17/01/2026 3:00,2026011703,Saturday,Market Close
17/01/2026 4:00,2026011704,Saturday,Market Close
17/01/2026 5:00,2026011705,Saturday,Market Close
17/01/2026 6:00,2026011706,Saturday,Market Close
17/01/2026 7:00,2026011707,Saturday,Market Close
17/01/2026 8:00,2026011708,Saturday,Market Close
17/01/2026 9:00,2026011709,Saturday,Market Close
17/01/2026 10:00,2026011710,Saturday,Market Close
17/01/2026 11:00,2026011711,Saturday,Market Close
17/01/2026 12:00,2026011712,Saturday,Market Close
17/01/2026 13:00,2026011713,Saturday,Market Close
17/01/2026 14:00,2026011714,Saturday,Market Close
17/01/2026 15:00,2026011715,Saturday,Market Close
17/01/2026 16:00,2026011716,Saturday,Market Close
17/01/2026 17:00,2026011717,Saturday,Market Close
17/01/2026 18:00,2026011718,Saturday,Market Close
17/01/2026 19:00,2026011719,Saturday,Market Close
17/01/2026 20:00,2026011720,Saturday,Market Close
17/01/2026 21:00,2026011721,Saturday,Market Close
17/01/2026 22:00,2026011722,Saturday,Market Close
17/01/2026 23:00,2026011723,Saturday,Market Close
18/01/2026 0:00,2026011800,Sunday,Market Close
18/01/2026 1:00,2026011801,Sunday,Market Close
18/01/2026 2:00,2026011802,Sunday,Market Close
18/01/2026 3:00,2026011803,Sunday,Market Close
18/01/2026 4:00,2026011804,Sunday,Market Close
18/01/2026 5:00,2026011805,Sunday,Market Close
18/01/2026 6:00,2026011806,Sunday,Market Close
18/01/2026 7:00,2026011807,Sunday,Market Close
18/01/2026 8:00,2026011808,Sunday,Market Close
18/01/2026 9:00,2026011809,Sunday,Market Close
18/01/2026 10:00,2026011810,Sunday,Market Close
18/01/2026 11:00,2026011811,Sunday,Market Close
18/01/2026 12:00,2026011812,Sunday,Market Close
18/01/2026 13:00,2026011813,Sunday,Market Close
18/01/2026 14:00,2026011814,Sunday,Market Close
18/01/2026 15:00,2026011815,Sunday,Market Close
18/01/2026 16:00,2026011816,Sunday,Market Close
18/01/2026 17:00,2026011817,Sunday,Market Close
18/01/2026 18:00,2026011818,Sunday,Market Close
18/01/2026 19:00,2026011819,Sunday,Market Close
18/01/2026 20:00,2026011820,Sunday,Market Close
18/01/2026 21:00,2026011821,Sunday,Market Close
23/01/2026 22:00,2026012322,Friday,Market Close
23/01/2026 23:00,2026012323,Friday,Market Close
24/01/2026 0:00,2026012400,Saturday,Market Close
24/01/2026 1:00,2026012401,Saturday,Market Close
24/01/2026 2:00,2026012402,Saturday,Market Close
24/01/2026 3:00,2026012403,Saturday,Market Close
24/01/2026 4:00,2026012404,Saturday,Market Close
24/01/2026 5:00,2026012405,Saturday,Market Close
24/01/2026 6:00,2026012406,Saturday,Market Close
24/01/2026 7:00,2026012407,Saturday,Market Close
24/01/2026 8:00,2026012408,Saturday,Market Close
24/01/2026 9:00,2026012409,Saturday,Market Close
24/01/2026 10:00,2026012410,Saturday,Market Close
24/01/2026 11:00,2026012411,Saturday,Market Close
24/01/2026 12:00,2026012412,Saturday,Market Close
24/01/2026 13:00,2026012413,Saturday,Market Close
24/01/2026 14:00,2026012414,Saturday,Market Close
24/01/2026 15:00,2026012415,Saturday,Market Close
24/01/2026 16:00,2026012416,Saturday,Market Close
24/01/2026 17:00,2026012417,Saturday,Market Close
24/01/2026 18:00,2026012418,Saturday,Market Close
24/01/2026 19:00,2026012419,Saturday,Market Close
24/01/2026 20:00,2026012420,Saturday,Market Close
24/01/2026 21:00,2026012421,Saturday,Market Close
24/01/2026 22:00,2026012422,Saturday,Market Close
24/01/2026 23:00,2026012423,Saturday,Market Close
25/01/2026 0:00,2026012500,Sunday,Market Close
25/01/2026 1:00,2026012501,Sunday,Market Close
25/01/2026 2:00,2026012502,Sunday,Market Close
25/01/2026 3:00,2026012503,Sunday,Market Close
25/01/2026 4:00,2026012504,Sunday,Market Close
25/01/2026 5:00,2026012505,Sunday,Market Close
25/01/2026 6:00,2026012506,Sunday,Market Close
25/01/2026 7:00,2026012507,Sunday,Market Close
25/01/2026 8:00,2026012508,Sunday,Market Close
25/01/2026 9:00,2026012509,Sunday,Market Close
25/01/2026 10:00,2026012510,Sunday,Market Close
25/01/2026 11:00,2026012511,Sunday,Market Close
25/01/2026 12:00,2026012512,Sunday,Market Close
25/01/2026 13:00,2026012513,Sunday,Market Close
25/01/2026 14:00,2026012514,Sunday,Market Close
25/01/2026 15:00,2026012515,Sunday,Market Close
25/01/2026 16:00,2026012516,Sunday,Market Close
25/01/2026 17:00,2026012517,Sunday,Market Close
25/01/2026 18:00,2026012518,Sunday,Market Close
25/01/2026 19:00,2026012519,Sunday,Market Close
25/01/2026 20:00,2026012520,Sunday,Market Close
25/01/2026 21:00,2026012521,Sunday,Market Close
30/01/2026 22:00,2026013022,Friday,Market Close
30/01/2026 23:00,2026013023,Friday,Market Close
31/01/2026 0:00,2026013100,Saturday,Market Close
31/01/2026 1:00,2026013101,Saturday,Market Close
31/01/2026 2:00,2026013102,Saturday,Market Close
31/01/2026 3:00,2026013103,Saturday,Market Close
31/01/2026 4:00,2026013104,Saturday,Market Close
31/01/2026 5:00,2026013105,Saturday,Market Close
31/01/2026 6:00,2026013106,Saturday,Market Close
31/01/2026 7:00,2026013107,Saturday,Market Close
31/01/2026 8:00,2026013108,Saturday,Market Close
31/01/2026 9:00,2026013109,Saturday,Market Close
31/01/2026 10:00,2026013110,Saturday,Market Close
31/01/2026 11:00,2026013111,Saturday,Market Close
31/01/2026 12:00,2026013112,Saturday,Market Close
31/01/2026 13:00,2026013113,Saturday,Market Close
31/01/2026 14:00,2026013114,Saturday,Market Close
31/01/2026 15:00,2026013115,Saturday,Market Close
31/01/2026 16:00,2026013116,Saturday,Market Close
31/01/2026 17:00,2026013117,Saturday,Market Close
31/01/2026 18:00,2026013118,Saturday,Market Close
31/01/2026 19:00,2026013119,Saturday,Market Close
31/01/2026 20:00,2026013120,Saturday,Market Close
31/01/2026 21:00,2026013121,Saturday,Market Close
31/01/2026 22:00,2026013122,Saturday,Market Close
31/01/2026 23:00,2026013123,Saturday,Market Close
1/02/2026 0:00,2026020100,Sunday,Market Close
1/02/2026 1:00,2026020101,Sunday,Market Close
1/02/2026 2:00,2026020102,Sunday,Market Close
1/02/2026 3:00,2026020103,Sunday,Market Close
1/02/2026 4:00,2026020104,Sunday,Market Close
1/02/2026 5:00,2026020105,Sunday,Market Close
1/02/2026 6:00,2026020106,Sunday,Market Close
1/02/2026 7:00,2026020107,Sunday,Market Close
1/02/2026 8:00,2026020108,Sunday,Market Close
1/02/2026 9:00,2026020109,Sunday,Market Close
1/02/2026 10:00,2026020110,Sunday,Market Close
1/02/2026 11:00,2026020111,Sunday,Market Close
1/02/2026 12:00,2026020112,Sunday,Market Close
1/02/2026 13:00,2026020113,Sunday,Market Close
1/02/2026 14:00,2026020114,Sunday,Market Close
1/02/2026 15:00,2026020115,Sunday,Market Close
1/02/2026 16:00,2026020116,Sunday,Market Close
1/02/2026 17:00,2026020117,Sunday,Market Close
1/02/2026 18:00,2026020118,Sunday,Market Close
1/02/2026 19:00,2026020119,Sunday,Market Close
1/02/2026 20:00,2026020120,Sunday,Market Close
1/02/2026 21:00,2026020121,Sunday,Market Close
6/02/2026 22:00,2026020622,Friday,Market Close
6/02/2026 23:00,2026020623,Friday,Market Close
7/02/2026 0:00,2026020700,Saturday,Market Close
7/02/2026 1:00,2026020701,Saturday,Market Close
7/02/2026 2:00,2026020702,Saturday,Market Close
7/02/2026 3:00,2026020703,Saturday,Market Close
7/02/2026 4:00,2026020704,Saturday,Market Close
7/02/2026 5:00,2026020705,Saturday,Market Close
7/02/2026 6:00,2026020706,Saturday,Market Close
7/02/2026 7:00,2026020707,Saturday,Market Close
7/02/2026 8:00,2026020708,Saturday,Market Close
7/02/2026 9:00,2026020709,Saturday,Market Close
7/02/2026 10:00,2026020710,Saturday,Market Close
7/02/2026 11:00,2026020711,Saturday,Market Close
7/02/2026 12:00,2026020712,Saturday,Market Close
7/02/2026 13:00,2026020713,Saturday,Market Close
7/02/2026 14:00,2026020714,Saturday,Market Close
7/02/2026 15:00,2026020715,Saturday,Market Close
7/02/2026 16:00,2026020716,Saturday,Market Close
7/02/2026 17:00,2026020717,Saturday,Market Close
7/02/2026 18:00,2026020718,Saturday,Market Close
7/02/2026 19:00,2026020719,Saturday,Market Close
7/02/2026 20:00,2026020720,Saturday,Market Close
7/02/2026 21:00,2026020721,Saturday,Market Close
7/02/2026 22:00,2026020722,Saturday,Market Close
7/02/2026 23:00,2026020723,Saturday,Market Close
8/02/2026 0:00,2026020800,Sunday,Market Close
8/02/2026 1:00,2026020801,Sunday,Market Close
8/02/2026 2:00,2026020802,Sunday,Market Close
8/02/2026 3:00,2026020803,Sunday,Market Close
8/02/2026 4:00,2026020804,Sunday,Market Close
8/02/2026 5:00,2026020805,Sunday,Market Close
8/02/2026 6:00,2026020806,Sunday,Market Close
8/02/2026 7:00,2026020807,Sunday,Market Close
8/02/2026 8:00,2026020808,Sunday,Market Close
8/02/2026 9:00,2026020809,Sunday,Market Close
8/02/2026 10:00,2026020810,Sunday,Market Close
8/02/2026 11:00,2026020811,Sunday,Market Close
8/02/2026 12:00,2026020812,Sunday,Market Close
8/02/2026 13:00,2026020813,Sunday,Market Close
8/02/2026 14:00,2026020814,Sunday,Market Close
8/02/2026 15:00,2026020815,Sunday,Market Close
8/02/2026 16:00,2026020816,Sunday,Market Close
8/02/2026 17:00,2026020817,Sunday,Market Close
8/02/2026 18:00,2026020818,Sunday,Market Close
8/02/2026 19:00,2026020819,Sunday,Market Close
8/02/2026 20:00,2026020820,Sunday,Market Close
8/02/2026 21:00,2026020821,Sunday,Market Close
13/02/2026 22:00,2026021322,Friday,Market Close
13/02/2026 23:00,2026021323,Friday,Market Close
14/02/2026 0:00,2026021400,Saturday,Market Close
14/02/2026 1:00,2026021401,Saturday,Market Close
14/02/2026 2:00,2026021402,Saturday,Market Close
14/02/2026 3:00,2026021403,Saturday,Market Close
14/02/2026 4:00,2026021404,Saturday,Market Close
14/02/2026 5:00,2026021405,Saturday,Market Close
14/02/2026 6:00,2026021406,Saturday,Market Close
14/02/2026 7:00,2026021407,Saturday,Market Close
14/02/2026 8:00,2026021408,Saturday,Market Close
14/02/2026 9:00,2026021409,Saturday,Market Close
14/02/2026 10:00,2026021410,Saturday,Market Close
14/02/2026 11:00,2026021411,Saturday,Market Close
14/02/2026 12:00,2026021412,Saturday,Market Close
14/02/2026 13:00,2026021413,Saturday,Market Close
14/02/2026 14:00,2026021414,Saturday,Market Close
14/02/2026 15:00,2026021415,Saturday,Market Close
14/02/2026 16:00,2026021416,Saturday,Market Close
14/02/2026 17:00,2026021417,Saturday,Market Close
14/02/2026 18:00,2026021418,Saturday,Market Close
14/02/2026 19:00,2026021419,Saturday,Market Close
14/02/2026 20:00,2026021420,Saturday,Market Close
14/02/2026 21:00,2026021421,Saturday,Market Close
14/02/2026 22:00,2026021422,Saturday,Market Close
14/02/2026 23:00,2026021423,Saturday,Market Close
15/02/2026 0:00,2026021500,Sunday,Market Close
15/02/2026 1:00,2026021501,Sunday,Market Close
15/02/2026 2:00,2026021502,Sunday,Market Close
15/02/2026 3:00,2026021503,Sunday,Market Close
15/02/2026 4:00,2026021504,Sunday,Market Close
15/02/2026 5:00,2026021505,Sunday,Market Close
15/02/2026 6:00,2026021506,Sunday,Market Close
15/02/2026 7:00,2026021507,Sunday,Market Close
15/02/2026 8:00,2026021508,Sunday,Market Close
15/02/2026 9:00,2026021509,Sunday,Market Close
15/02/2026 10:00,2026021510,Sunday,Market Close
15/02/2026 11:00,2026021511,Sunday,Market Close
15/02/2026 12:00,2026021512,Sunday,Market Close
15/02/2026 13:00,2026021513,Sunday,Market Close
15/02/2026 14:00,2026021514,Sunday,Market Close
15/02/2026 15:00,2026021515,Sunday,Market Close
15/02/2026 16:00,2026021516,Sunday,Market Close
15/02/2026 17:00,2026021517,Sunday,Market Close
15/02/2026 18:00,2026021518,Sunday,Market Close
15/02/2026 19:00,2026021519,Sunday,Market Close
15/02/2026 20:00,2026021520,Sunday,Market Close
15/02/2026 21:00,2026021521,Sunday,Market Close
20/02/2026 22:00,2026022022,Friday,Market Close
20/02/2026 23:00,2026022023,Friday,Market Close
21/02/2026 0:00,2026022100,Saturday,Market Close
21/02/2026 1:00,2026022101,Saturday,Market Close
21/02/2026 2:00,2026022102,Saturday,Market Close
21/02/2026 3:00,2026022103,Saturday,Market Close
21/02/2026 4:00,2026022104,Saturday,Market Close
21/02/2026 5:00,2026022105,Saturday,Market Close
21/02/2026 6:00,2026022106,Saturday,Market Close
21/02/2026 7:00,2026022107,Saturday,Market Close
21/02/2026 8:00,2026022108,Saturday,Market Close
21/02/2026 9:00,2026022109,Saturday,Market Close
21/02/2026 10:00,2026022110,Saturday,Market Close
21/02/2026 11:00,2026022111,Saturday,Market Close
21/02/2026 12:00,2026022112,Saturday,Market Close
21/02/2026 13:00,2026022113,Saturday,Market Close
21/02/2026 14:00,2026022114,Saturday,Market Close
21/02/2026 15:00,2026022115,Saturday,Market Close
21/02/2026 16:00,2026022116,Saturday,Market Close
21/02/2026 17:00,2026022117,Saturday,Market Close
21/02/2026 18:00,2026022118,Saturday,Market Close
21/02/2026 19:00,2026022119,Saturday,Market Close
21/02/2026 20:00,2026022120,Saturday,Market Close
21/02/2026 21:00,2026022121,Saturday,Market Close
21/02/2026 22:00,2026022122,Saturday,Market Close
21/02/2026 23:00,2026022123,Saturday,Market Close
22/02/2026 0:00,2026022200,Sunday,Market Close
22/02/2026 1:00,2026022201,Sunday,Market Close
22/02/2026 2:00,2026022202,Sunday,Market Close
22/02/2026 3:00,2026022203,Sunday,Market Close
22/02/2026 4:00,2026022204,Sunday,Market Close
22/02/2026 5:00,2026022205,Sunday,Market Close
22/02/2026 6:00,2026022206,Sunday,Market Close
22/02/2026 7:00,2026022207,Sunday,Market Close
22/02/2026 8:00,2026022208,Sunday,Market Close
22/02/2026 9:00,2026022209,Sunday,Market Close
22/02/2026 10:00,2026022210,Sunday,Market Close
22/02/2026 11:00,2026022211,Sunday,Market Close
22/02/2026 12:00,2026022212,Sunday,Market Close
22/02/2026 13:00,2026022213,Sunday,Market Close
22/02/2026 14:00,2026022214,Sunday,Market Close
22/02/2026 15:00,2026022215,Sunday,Market Close
22/02/2026 16:00,2026022216,Sunday,Market Close
22/02/2026 17:00,2026022217,Sunday,Market Close
22/02/2026 18:00,2026022218,Sunday,Market Close
22/02/2026 19:00,2026022219,Sunday,Market Close
22/02/2026 20:00,2026022220,Sunday,Market Close
22/02/2026 21:00,2026022221,Sunday,Market Close
27/02/2026 22:00,2026022722,Friday,Market Close
27/02/2026 23:00,2026022723,Friday,Market Close
28/02/2026 0:00,2026022800,Saturday,Market Close
28/02/2026 1:00,2026022801,Saturday,Market Close
28/02/2026 2:00,2026022802,Saturday,Market Close
28/02/2026 3:00,2026022803,Saturday,Market Close
28/02/2026 4:00,2026022804,Saturday,Market Close
28/02/2026 5:00,2026022805,Saturday,Market Close
28/02/2026 6:00,2026022806,Saturday,Market Close
28/02/2026 7:00,2026022807,Saturday,Market Close
28/02/2026 8:00,2026022808,Saturday,Market Close
28/02/2026 9:00,2026022809,Saturday,Market Close
28/02/2026 10:00,2026022810,Saturday,Market Close
28/02/2026 11:00,2026022811,Saturday,Market Close
28/02/2026 12:00,2026022812,Saturday,Market Close
28/02/2026 13:00,2026022813,Saturday,Market Close
28/02/2026 14:00,2026022814,Saturday,Market Close
28/02/2026 15:00,2026022815,Saturday,Market Close
28/02/2026 16:00,2026022816,Saturday,Market Close
28/02/2026 17:00,2026022817,Saturday,Market Close
28/02/2026 18:00,2026022818,Saturday,Market Close
28/02/2026 19:00,2026022819,Saturday,Market Close
28/02/2026 20:00,2026022820,Saturday,Market Close
28/02/2026 21:00,2026022821,Saturday,Market Close
28/02/2026 22:00,2026022822,Saturday,Market Close
28/02/2026 23:00,2026022823,Saturday,Market Close
1/03/2026 0:00,2026030100,Sunday,Market Close
1/03/2026 1:00,2026030101,Sunday,Market Close
1/03/2026 2:00,2026030102,Sunday,Market Close
1/03/2026 3:00,2026030103,Sunday,Market Close
1/03/2026 4:00,2026030104,Sunday,Market Close
1/03/2026 5:00,2026030105,Sunday,Market Close
1/03/2026 6:00,2026030106,Sunday,Market Close
1/03/2026 7:00,2026030107,Sunday,Market Close
1/03/2026 8:00,2026030108,Sunday,Market Close
1/03/2026 9:00,2026030109,Sunday,Market Close
1/03/2026 10:00,2026030110,Sunday,Market Close
1/03/2026 11:00,2026030111,Sunday,Market Close
1/03/2026 12:00,2026030112,Sunday,Market Close
1/03/2026 13:00,2026030113,Sunday,Market Close
1/03/2026 14:00,2026030114,Sunday,Market Close
1/03/2026 15:00,2026030115,Sunday,Market Close
1/03/2026 16:00,2026030116,Sunday,Market Close
1/03/2026 17:00,2026030117,Sunday,Market Close
1/03/2026 18:00,2026030118,Sunday,Market Close
1/03/2026 19:00,2026030119,Sunday,Market Close
1/03/2026 20:00,2026030120,Sunday,Market Close
1/03/2026 21:00,2026030121,Sunday,Market Close
6/03/2026 22:00,2026030622,Friday,Market Close
6/03/2026 23:00,2026030623,Friday,Market Close
7/03/2026 0:00,2026030700,Saturday,Market Close
7/03/2026 1:00,2026030701,Saturday,Market Close
7/03/2026 2:00,2026030702,Saturday,Market Close
7/03/2026 3:00,2026030703,Saturday,Market Close
7/03/2026 4:00,2026030704,Saturday,Market Close
7/03/2026 5:00,2026030705,Saturday,Market Close
7/03/2026 6:00,2026030706,Saturday,Market Close
7/03/2026 7:00,2026030707,Saturday,Market Close
7/03/2026 8:00,2026030708,Saturday,Market Close
7/03/2026 9:00,2026030709,Saturday,Market Close
7/03/2026 10:00,2026030710,Saturday,Market Close
7/03/2026 11:00,2026030711,Saturday,Market Close
7/03/2026 12:00,2026030712,Saturday,Market Close
7/03/2026 13:00,2026030713,Saturday,Market Close
7/03/2026 14:00,2026030714,Saturday,Market Close
7/03/2026 15:00,2026030715,Saturday,Market Close
7/03/2026 16:00,2026030716,Saturday,Market Close
7/03/2026 17:00,2026030717,Saturday,Market Close
7/03/2026 18:00,2026030718,Saturday,Market Close
7/03/2026 19:00,2026030719,Saturday,Market Close
7/03/2026 20:00,2026030720,Saturday,Market Close
7/03/2026 21:00,2026030721,Saturday,Market Close
7/03/2026 22:00,2026030722,Saturday,Market Close
7/03/2026 23:00,2026030723,Saturday,Market Close
8/03/2026 0:00,2026030800,Sunday,Market Close
8/03/2026 1:00,2026030801,Sunday,Market Close
8/03/2026 2:00,2026030802,Sunday,Market Close
8/03/2026 3:00,2026030803,Sunday,Market Close
8/03/2026 4:00,2026030804,Sunday,Market Close
8/03/2026 5:00,2026030805,Sunday,Market Close
8/03/2026 6:00,2026030806,Sunday,Market Close
8/03/2026 7:00,2026030807,Sunday,Market Close
8/03/2026 8:00,2026030808,Sunday,Market Close
8/03/2026 9:00,2026030809,Sunday,Market Close
8/03/2026 10:00,2026030810,Sunday,Market Close
8/03/2026 11:00,2026030811,Sunday,Market Close
8/03/2026 12:00,2026030812,Sunday,Market Close
8/03/2026 13:00,2026030813,Sunday,Market Close
8/03/2026 14:00,2026030814,Sunday,Market Close
8/03/2026 15:00,2026030815,Sunday,Market Close
8/03/2026 16:00,2026030816,Sunday,Market Close
8/03/2026 17:00,2026030817,Sunday,Market Close
8/03/2026 18:00,2026030818,Sunday,Market Close
8/03/2026 19:00,2026030819,Sunday,Market Close
8/03/2026 20:00,2026030820,Sunday,Market Close
13/03/2026 21:00,2026031321,Friday,Market Close
13/03/2026 22:00,2026031322,Friday,Market Close
13/03/2026 23:00,2026031323,Friday,Market Close
14/03/2026 0:00,2026031400,Saturday,Market Close
14/03/2026 1:00,2026031401,Saturday,Market Close
14/03/2026 2:00,2026031402,Saturday,Market Close
14/03/2026 3:00,2026031403,Saturday,Market Close
14/03/2026 4:00,2026031404,Saturday,Market Close
14/03/2026 5:00,2026031405,Saturday,Market Close
14/03/2026 6:00,2026031406,Saturday,Market Close
14/03/2026 7:00,2026031407,Saturday,Market Close
14/03/2026 8:00,2026031408,Saturday,Market Close
14/03/2026 9:00,2026031409,Saturday,Market Close
14/03/2026 10:00,2026031410,Saturday,Market Close
14/03/2026 11:00,2026031411,Saturday,Market Close
14/03/2026 12:00,2026031412,Saturday,Market Close
14/03/2026 13:00,2026031413,Saturday,Market Close
14/03/2026 14:00,2026031414,Saturday,Market Close
14/03/2026 15:00,2026031415,Saturday,Market Close
14/03/2026 16:00,2026031416,Saturday,Market Close
14/03/2026 17:00,2026031417,Saturday,Market Close
14/03/2026 18:00,2026031418,Saturday,Market Close
14/03/2026 19:00,2026031419,Saturday,Market Close
14/03/2026 20:00,2026031420,Saturday,Market Close
14/03/2026 21:00,2026031421,Saturday,Market Close
14/03/2026 22:00,2026031422,Saturday,Market Close
14/03/2026 23:00,2026031423,Saturday,Market Close
15/03/2026 0:00,2026031500,Sunday,Market Close
15/03/2026 1:00,2026031501,Sunday,Market Close
15/03/2026 2:00,2026031502,Sunday,Market Close
15/03/2026 3:00,2026031503,Sunday,Market Close
15/03/2026 4:00,2026031504,Sunday,Market Close
15/03/2026 5:00,2026031505,Sunday,Market Close
15/03/2026 6:00,2026031506,Sunday,Market Close
15/03/2026 7:00,2026031507,Sunday,Market Close
15/03/2026 8:00,2026031508,Sunday,Market Close
15/03/2026 9:00,2026031509,Sunday,Market Close
15/03/2026 10:00,2026031510,Sunday,Market Close
15/03/2026 11:00,2026031511,Sunday,Market Close
15/03/2026 12:00,2026031512,Sunday,Market Close
15/03/2026 13:00,2026031513,Sunday,Market Close
15/03/2026 14:00,2026031514,Sunday,Market Close
15/03/2026 15:00,2026031515,Sunday,Market Close
15/03/2026 16:00,2026031516,Sunday,Market Close
15/03/2026 17:00,2026031517,Sunday,Market Close
15/03/2026 18:00,2026031518,Sunday,Market Close
15/03/2026 19:00,2026031519,Sunday,Market Close
15/03/2026 20:00,2026031520,Sunday,Market Close
20/03/2026 21:00,2026032021,Friday,Market Close
20/03/2026 22:00,2026032022,Friday,Market Close
20/03/2026 23:00,2026032023,Friday,Market Close
21/03/2026 0:00,2026032100,Saturday,Market Close
21/03/2026 1:00,2026032101,Saturday,Market Close
21/03/2026 2:00,2026032102,Saturday,Market Close
21/03/2026 3:00,2026032103,Saturday,Market Close
21/03/2026 4:00,2026032104,Saturday,Market Close
21/03/2026 5:00,2026032105,Saturday,Market Close
21/03/2026 6:00,2026032106,Saturday,Market Close
21/03/2026 7:00,2026032107,Saturday,Market Close
21/03/2026 8:00,2026032108,Saturday,Market Close
21/03/2026 9:00,2026032109,Saturday,Market Close
21/03/2026 10:00,2026032110,Saturday,Market Close
21/03/2026 11:00,2026032111,Saturday,Market Close
21/03/2026 12:00,2026032112,Saturday,Market Close
21/03/2026 13:00,2026032113,Saturday,Market Close
21/03/2026 14:00,2026032114,Saturday,Market Close
21/03/2026 15:00,2026032115,Saturday,Market Close
21/03/2026 16:00,2026032116,Saturday,Market Close
21/03/2026 17:00,2026032117,Saturday,Market Close
21/03/2026 18:00,2026032118,Saturday,Market Close
21/03/2026 19:00,2026032119,Saturday,Market Close
21/03/2026 20:00,2026032120,Saturday,Market Close
21/03/2026 21:00,2026032121,Saturday,Market Close
21/03/2026 22:00,2026032122,Saturday,Market Close
21/03/2026 23:00,2026032123,Saturday,Market Close
22/03/2026 0:00,2026032200,Sunday,Market Close
22/03/2026 1:00,2026032201,Sunday,Market Close
22/03/2026 2:00,2026032202,Sunday,Market Close
22/03/2026 3:00,2026032203,Sunday,Market Close
22/03/2026 4:00,2026032204,Sunday,Market Close
22/03/2026 5:00,2026032205,Sunday,Market Close
22/03/2026 6:00,2026032206,Sunday,Market Close
22/03/2026 7:00,2026032207,Sunday,Market Close
22/03/2026 8:00,2026032208,Sunday,Market Close
22/03/2026 9:00,2026032209,Sunday,Market Close
22/03/2026 10:00,2026032210,Sunday,Market Close
22/03/2026 11:00,2026032211,Sunday,Market Close
22/03/2026 12:00,2026032212,Sunday,Market Close
22/03/2026 13:00,2026032213,Sunday,Market Close
22/03/2026 14:00,2026032214,Sunday,Market Close
22/03/2026 15:00,2026032215,Sunday,Market Close
22/03/2026 16:00,2026032216,Sunday,Market Close
22/03/2026 17:00,2026032217,Sunday,Market Close
22/03/2026 18:00,2026032218,Sunday,Market Close
22/03/2026 19:00,2026032219,Sunday,Market Close
22/03/2026 20:00,2026032220,Sunday,Market Close
27/03/2026 21:00,2026032721,Friday,Market Close
27/03/2026 22:00,2026032722,Friday,Market Close
27/03/2026 23:00,2026032723,Friday,Market Close
28/03/2026 0:00,2026032800,Saturday,Market Close
28/03/2026 1:00,2026032801,Saturday,Market Close
28/03/2026 2:00,2026032802,Saturday,Market Close
28/03/2026 3:00,2026032803,Saturday,Market Close
28/03/2026 4:00,2026032804,Saturday,Market Close
28/03/2026 5:00,2026032805,Saturday,Market Close
28/03/2026 6:00,2026032806,Saturday,Market Close
28/03/2026 7:00,2026032807,Saturday,Market Close
28/03/2026 8:00,2026032808,Saturday,Market Close
28/03/2026 9:00,2026032809,Saturday,Market Close
28/03/2026 10:00,2026032810,Saturday,Market Close
28/03/2026 11:00,2026032811,Saturday,Market Close
28/03/2026 12:00,2026032812,Saturday,Market Close
28/03/2026 13:00,2026032813,Saturday,Market Close
28/03/2026 14:00,2026032814,Saturday,Market Close
28/03/2026 15:00,2026032815,Saturday,Market Close
28/03/2026 16:00,2026032816,Saturday,Market Close
28/03/2026 17:00,2026032817,Saturday,Market Close
28/03/2026 18:00,2026032818,Saturday,Market Close
28/03/2026 19:00,2026032819,Saturday,Market Close
28/03/2026 20:00,2026032820,Saturday,Market Close
28/03/2026 21:00,2026032821,Saturday,Market Close
28/03/2026 22:00,2026032822,Saturday,Market Close
28/03/2026 23:00,2026032823,Saturday,Market Close
29/03/2026 0:00,2026032900,Sunday,Market Close
29/03/2026 1:00,2026032901,Sunday,Market Close
29/03/2026 2:00,2026032902,Sunday,Market Close
29/03/2026 3:00,2026032903,Sunday,Market Close
29/03/2026 4:00,2026032904,Sunday,Market Close
29/03/2026 5:00,2026032905,Sunday,Market Close
29/03/2026 6:00,2026032906,Sunday,Market Close
29/03/2026 7:00,2026032907,Sunday,Market Close
29/03/2026 8:00,2026032908,Sunday,Market Close
29/03/2026 9:00,2026032909,Sunday,Market Close
29/03/2026 10:00,2026032910,Sunday,Market Close
29/03/2026 11:00,2026032911,Sunday,Market Close
29/03/2026 12:00,2026032912,Sunday,Market Close
29/03/2026 13:00,2026032913,Sunday,Market Close
29/03/2026 14:00,2026032914,Sunday,Market Close
29/03/2026 15:00,2026032915,Sunday,Market Close
29/03/2026 16:00,2026032916,Sunday,Market Close
29/03/2026 17:00,2026032917,Sunday,Market Close
29/03/2026 18:00,2026032918,Sunday,Market Close
29/03/2026 19:00,2026032919,Sunday,Market Close
29/03/2026 20:00,2026032920,Sunday,Market Close
3/04/2026 21:00,2026040321,Friday,Market Close
3/04/2026 22:00,2026040322,Friday,Market Close
3/04/2026 23:00,2026040323,Friday,Market Close
4/04/2026 0:00,2026040400,Saturday,Market Close
4/04/2026 1:00,2026040401,Saturday,Market Close
4/04/2026 2:00,2026040402,Saturday,Market Close
4/04/2026 3:00,2026040403,Saturday,Market Close
4/04/2026 4:00,2026040404,Saturday,Market Close
4/04/2026 5:00,2026040405,Saturday,Market Close
4/04/2026 6:00,2026040406,Saturday,Market Close
4/04/2026 7:00,2026040407,Saturday,Market Close
4/04/2026 8:00,2026040408,Saturday,Market Close
4/04/2026 9:00,2026040409,Saturday,Market Close
4/04/2026 10:00,2026040410,Saturday,Market Close
4/04/2026 11:00,2026040411,Saturday,Market Close
4/04/2026 12:00,2026040412,Saturday,Market Close
4/04/2026 13:00,2026040413,Saturday,Market Close
4/04/2026 14:00,2026040414,Saturday,Market Close
4/04/2026 15:00,2026040415,Saturday,Market Close
4/04/2026 16:00,2026040416,Saturday,Market Close
4/04/2026 17:00,2026040417,Saturday,Market Close
4/04/2026 18:00,2026040418,Saturday,Market Close
4/04/2026 19:00,2026040419,Saturday,Market Close
4/04/2026 20:00,2026040420,Saturday,Market Close
4/04/2026 21:00,2026040421,Saturday,Market Close
4/04/2026 22:00,2026040422,Saturday,Market Close
4/04/2026 23:00,2026040423,Saturday,Market Close
5/04/2026 0:00,2026040500,Sunday,Market Close
5/04/2026 1:00,2026040501,Sunday,Market Close
5/04/2026 2:00,2026040502,Sunday,Market Close
5/04/2026 3:00,2026040503,Sunday,Market Close
5/04/2026 4:00,2026040504,Sunday,Market Close
5/04/2026 5:00,2026040505,Sunday,Market Close
5/04/2026 6:00,2026040506,Sunday,Market Close
5/04/2026 7:00,2026040507,Sunday,Market Close
5/04/2026 8:00,2026040508,Sunday,Market Close
5/04/2026 9:00,2026040509,Sunday,Market Close
5/04/2026 10:00,2026040510,Sunday,Market Close
5/04/2026 11:00,2026040511,Sunday,Market Close
5/04/2026 12:00,2026040512,Sunday,Market Close
5/04/2026 13:00,2026040513,Sunday,Market Close
5/04/2026 14:00,2026040514,Sunday,Market Close
5/04/2026 15:00,2026040515,Sunday,Market Close
5/04/2026 16:00,2026040516,Sunday,Market Close
5/04/2026 17:00,2026040517,Sunday,Market Close
5/04/2026 18:00,2026040518,Sunday,Market Close
5/04/2026 19:00,2026040519,Sunday,Market Close
5/04/2026 20:00,2026040520,Sunday,Market Close
10/04/2026 21:00,2026041021,Friday,Market Close
10/04/2026 22:00,2026041022,Friday,Market Close
10/04/2026 23:00,2026041023,Friday,Market Close
11/04/2026 0:00,2026041100,Saturday,Market Close
11/04/2026 1:00,2026041101,Saturday,Market Close
11/04/2026 2:00,2026041102,Saturday,Market Close
11/04/2026 3:00,2026041103,Saturday,Market Close
11/04/2026 4:00,2026041104,Saturday,Market Close
11/04/2026 5:00,2026041105,Saturday,Market Close
11/04/2026 6:00,2026041106,Saturday,Market Close
11/04/2026 7:00,2026041107,Saturday,Market Close
11/04/2026 8:00,2026041108,Saturday,Market Close
11/04/2026 9:00,2026041109,Saturday,Market Close
11/04/2026 10:00,2026041110,Saturday,Market Close
11/04/2026 11:00,2026041111,Saturday,Market Close
11/04/2026 12:00,2026041112,Saturday,Market Close
11/04/2026 13:00,2026041113,Saturday,Market Close
11/04/2026 14:00,2026041114,Saturday,Market Close
11/04/2026 15:00,2026041115,Saturday,Market Close
11/04/2026 16:00,2026041116,Saturday,Market Close
11/04/2026 17:00,2026041117,Saturday,Market Close
11/04/2026 18:00,2026041118,Saturday,Market Close
11/04/2026 19:00,2026041119,Saturday,Market Close
11/04/2026 20:00,2026041120,Saturday,Market Close
11/04/2026 21:00,2026041121,Saturday,Market Close
11/04/2026 22:00,2026041122,Saturday,Market Close
11/04/2026 23:00,2026041123,Saturday,Market Close
12/04/2026 0:00,2026041200,Sunday,Market Close
12/04/2026 1:00,2026041201,Sunday,Market Close
12/04/2026 2:00,2026041202,Sunday,Market Close
12/04/2026 3:00,2026041203,Sunday,Market Close
12/04/2026 4:00,2026041204,Sunday,Market Close
12/04/2026 5:00,2026041205,Sunday,Market Close
12/04/2026 6:00,2026041206,Sunday,Market Close
12/04/2026 7:00,2026041207,Sunday,Market Close
12/04/2026 8:00,2026041208,Sunday,Market Close
12/04/2026 9:00,2026041209,Sunday,Market Close
12/04/2026 10:00,2026041210,Sunday,Market Close
12/04/2026 11:00,2026041211,Sunday,Market Close
12/04/2026 12:00,2026041212,Sunday,Market Close
12/04/2026 13:00,2026041213,Sunday,Market Close
12/04/2026 14:00,2026041214,Sunday,Market Close
12/04/2026 15:00,2026041215,Sunday,Market Close
12/04/2026 16:00,2026041216,Sunday,Market Close
12/04/2026 17:00,2026041217,Sunday,Market Close
12/04/2026 18:00,2026041218,Sunday,Market Close
12/04/2026 19:00,2026041219,Sunday,Market Close
12/04/2026 20:00,2026041220,Sunday,Market Close
17/04/2026 21:00,2026041721,Friday,Market Close
17/04/2026 22:00,2026041722,Friday,Market Close
17/04/2026 23:00,2026041723,Friday,Market Close
18/04/2026 0:00,2026041800,Saturday,Market Close
18/04/2026 1:00,2026041801,Saturday,Market Close
18/04/2026 2:00,2026041802,Saturday,Market Close
18/04/2026 3:00,2026041803,Saturday,Market Close
18/04/2026 4:00,2026041804,Saturday,Market Close
18/04/2026 5:00,2026041805,Saturday,Market Close
18/04/2026 6:00,2026041806,Saturday,Market Close
18/04/2026 7:00,2026041807,Saturday,Market Close
18/04/2026 8:00,2026041808,Saturday,Market Close
18/04/2026 9:00,2026041809,Saturday,Market Close
18/04/2026 10:00,2026041810,Saturday,Market Close
18/04/2026 11:00,2026041811,Saturday,Market Close
18/04/2026 12:00,2026041812,Saturday,Market Close
18/04/2026 13:00,2026041813,Saturday,Market Close
18/04/2026 14:00,2026041814,Saturday,Market Close
18/04/2026 15:00,2026041815,Saturday,Market Close
18/04/2026 16:00,2026041816,Saturday,Market Close
18/04/2026 17:00,2026041817,Saturday,Market Close
18/04/2026 18:00,2026041818,Saturday,Market Close
18/04/2026 19:00,2026041819,Saturday,Market Close
18/04/2026 20:00,2026041820,Saturday,Market Close
18/04/2026 21:00,2026041821,Saturday,Market Close
18/04/2026 22:00,2026041822,Saturday,Market Close
18/04/2026 23:00,2026041823,Saturday,Market Close
19/04/2026 0:00,2026041900,Sunday,Market Close
19/04/2026 1:00,2026041901,Sunday,Market Close
19/04/2026 2:00,2026041902,Sunday,Market Close
19/04/2026 3:00,2026041903,Sunday,Market Close
19/04/2026 4:00,2026041904,Sunday,Market Close
19/04/2026 5:00,2026041905,Sunday,Market Close
19/04/2026 6:00,2026041906,Sunday,Market Close
19/04/2026 7:00,2026041907,Sunday,Market Close
19/04/2026 8:00,2026041908,Sunday,Market Close
19/04/2026 9:00,2026041909,Sunday,Market Close
19/04/2026 10:00,2026041910,Sunday,Market Close
19/04/2026 11:00,2026041911,Sunday,Market Close
19/04/2026 12:00,2026041912,Sunday,Market Close
19/04/2026 13:00,2026041913,Sunday,Market Close
19/04/2026 14:00,2026041914,Sunday,Market Close
19/04/2026 15:00,2026041915,Sunday,Market Close
19/04/2026 16:00,2026041916,Sunday,Market Close
19/04/2026 17:00,2026041917,Sunday,Market Close
19/04/2026 18:00,2026041918,Sunday,Market Close
19/04/2026 19:00,2026041919,Sunday,Market Close
19/04/2026 20:00,2026041920,Sunday,Market Close
24/04/2026 21:00,2026042421,Friday,Market Close
24/04/2026 22:00,2026042422,Friday,Market Close
24/04/2026 23:00,2026042423,Friday,Market Close
25/04/2026 0:00,2026042500,Saturday,Market Close
25/04/2026 1:00,2026042501,Saturday,Market Close
25/04/2026 2:00,2026042502,Saturday,Market Close
25/04/2026 3:00,2026042503,Saturday,Market Close
25/04/2026 4:00,2026042504,Saturday,Market Close
25/04/2026 5:00,2026042505,Saturday,Market Close
25/04/2026 6:00,2026042506,Saturday,Market Close
25/04/2026 7:00,2026042507,Saturday,Market Close
25/04/2026 8:00,2026042508,Saturday,Market Close
25/04/2026 9:00,2026042509,Saturday,Market Close
25/04/2026 10:00,2026042510,Saturday,Market Close
25/04/2026 11:00,2026042511,Saturday,Market Close
25/04/2026 12:00,2026042512,Saturday,Market Close
25/04/2026 13:00,2026042513,Saturday,Market Close
25/04/2026 14:00,2026042514,Saturday,Market Close
25/04/2026 15:00,2026042515,Saturday,Market Close
25/04/2026 16:00,2026042516,Saturday,Market Close
25/04/2026 17:00,2026042517,Saturday,Market Close
25/04/2026 18:00,2026042518,Saturday,Market Close
25/04/2026 19:00,2026042519,Saturday,Market Close
25/04/2026 20:00,2026042520,Saturday,Market Close
25/04/2026 21:00,2026042521,Saturday,Market Close
25/04/2026 22:00,2026042522,Saturday,Market Close
25/04/2026 23:00,2026042523,Saturday,Market Close
26/04/2026 0:00,2026042600,Sunday,Market Close
26/04/2026 1:00,2026042601,Sunday,Market Close
26/04/2026 2:00,2026042602,Sunday,Market Close
26/04/2026 3:00,2026042603,Sunday,Market Close
26/04/2026 4:00,2026042604,Sunday,Market Close
26/04/2026 5:00,2026042605,Sunday,Market Close
26/04/2026 6:00,2026042606,Sunday,Market Close
26/04/2026 7:00,2026042607,Sunday,Market Close
26/04/2026 8:00,2026042608,Sunday,Market Close
26/04/2026 9:00,2026042609,Sunday,Market Close
26/04/2026 10:00,2026042610,Sunday,Market Close
26/04/2026 11:00,2026042611,Sunday,Market Close
26/04/2026 12:00,2026042612,Sunday,Market Close
26/04/2026 13:00,2026042613,Sunday,Market Close
26/04/2026 14:00,2026042614,Sunday,Market Close
26/04/2026 15:00,2026042615,Sunday,Market Close
26/04/2026 16:00,2026042616,Sunday,Market Close
26/04/2026 17:00,2026042617,Sunday,Market Close
26/04/2026 18:00,2026042618,Sunday,Market Close
26/04/2026 19:00,2026042619,Sunday,Market Close
26/04/2026 20:00,2026042620,Sunday,Market Close
1/05/2026 21:00,2026050121,Friday,Market Close
1/05/2026 22:00,2026050122,Friday,Market Close
1/05/2026 23:00,2026050123,Friday,Market Close
2/05/2026 0:00,2026050200,Saturday,Market Close
2/05/2026 1:00,2026050201,Saturday,Market Close
2/05/2026 2:00,2026050202,Saturday,Market Close
2/05/2026 3:00,2026050203,Saturday,Market Close
2/05/2026 4:00,2026050204,Saturday,Market Close
2/05/2026 5:00,2026050205,Saturday,Market Close
2/05/2026 6:00,2026050206,Saturday,Market Close
2/05/2026 7:00,2026050207,Saturday,Market Close
2/05/2026 8:00,2026050208,Saturday,Market Close
2/05/2026 9:00,2026050209,Saturday,Market Close
2/05/2026 10:00,2026050210,Saturday,Market Close
2/05/2026 11:00,2026050211,Saturday,Market Close
2/05/2026 12:00,2026050212,Saturday,Market Close
2/05/2026 13:00,2026050213,Saturday,Market Close
2/05/2026 14:00,2026050214,Saturday,Market Close
2/05/2026 15:00,2026050215,Saturday,Market Close
2/05/2026 16:00,2026050216,Saturday,Market Close
2/05/2026 17:00,2026050217,Saturday,Market Close
2/05/2026 18:00,2026050218,Saturday,Market Close
2/05/2026 19:00,2026050219,Saturday,Market Close
2/05/2026 20:00,2026050220,Saturday,Market Close
2/05/2026 21:00,2026050221,Saturday,Market Close
2/05/2026 22:00,2026050222,Saturday,Market Close
2/05/2026 23:00,2026050223,Saturday,Market Close
3/05/2026 0:00,2026050300,Sunday,Market Close
3/05/2026 1:00,2026050301,Sunday,Market Close
3/05/2026 2:00,2026050302,Sunday,Market Close
3/05/2026 3:00,2026050303,Sunday,Market Close
3/05/2026 4:00,2026050304,Sunday,Market Close
3/05/2026 5:00,2026050305,Sunday,Market Close
3/05/2026 6:00,2026050306,Sunday,Market Close
3/05/2026 7:00,2026050307,Sunday,Market Close
3/05/2026 8:00,2026050308,Sunday,Market Close
3/05/2026 9:00,2026050309,Sunday,Market Close
3/05/2026 10:00,2026050310,Sunday,Market Close
3/05/2026 11:00,2026050311,Sunday,Market Close
3/05/2026 12:00,2026050312,Sunday,Market Close
3/05/2026 13:00,2026050313,Sunday,Market Close
3/05/2026 14:00,2026050314,Sunday,Market Close
3/05/2026 15:00,2026050315,Sunday,Market Close
3/05/2026 16:00,2026050316,Sunday,Market Close
3/05/2026 17:00,2026050317,Sunday,Market Close
3/05/2026 18:00,2026050318,Sunday,Market Close
3/05/2026 19:00,2026050319,Sunday,Market Close
3/05/2026 20:00,2026050320,Sunday,Market Close
8/05/2026 21:00,2026050821,Friday,Market Close
8/05/2026 22:00,2026050822,Friday,Market Close
8/05/2026 23:00,2026050823,Friday,Market Close
9/05/2026 0:00,2026050900,Saturday,Market Close
9/05/2026 1:00,2026050901,Saturday,Market Close
9/05/2026 2:00,2026050902,Saturday,Market Close
9/05/2026 3:00,2026050903,Saturday,Market Close
9/05/2026 4:00,2026050904,Saturday,Market Close
9/05/2026 5:00,2026050905,Saturday,Market Close
9/05/2026 6:00,2026050906,Saturday,Market Close
9/05/2026 7:00,2026050907,Saturday,Market Close
9/05/2026 8:00,2026050908,Saturday,Market Close
9/05/2026 9:00,2026050909,Saturday,Market Close
9/05/2026 10:00,2026050910,Saturday,Market Close
9/05/2026 11:00,2026050911,Saturday,Market Close
9/05/2026 12:00,2026050912,Saturday,Market Close
9/05/2026 13:00,2026050913,Saturday,Market Close
9/05/2026 14:00,2026050914,Saturday,Market Close
9/05/2026 15:00,2026050915,Saturday,Market Close
9/05/2026 16:00,2026050916,Saturday,Market Close
9/05/2026 17:00,2026050917,Saturday,Market Close
9/05/2026 18:00,2026050918,Saturday,Market Close
9/05/2026 19:00,2026050919,Saturday,Market Close
9/05/2026 20:00,2026050920,Saturday,Market Close
9/05/2026 21:00,2026050921,Saturday,Market Close
9/05/2026 22:00,2026050922,Saturday,Market Close
9/05/2026 23:00,2026050923,Saturday,Market Close
10/05/2026 0:00,2026051000,Sunday,Market Close
10/05/2026 1:00,2026051001,Sunday,Market Close
10/05/2026 2:00,2026051002,Sunday,Market Close
10/05/2026 3:00,2026051003,Sunday,Market Close
10/05/2026 4:00,2026051004,Sunday,Market Close
10/05/2026 5:00,2026051005,Sunday,Market Close
10/05/2026 6:00,2026051006,Sunday,Market Close
10/05/2026 7:00,2026051007,Sunday,Market Close
10/05/2026 8:00,2026051008,Sunday,Market Close
10/05/2026 9:00,2026051009,Sunday,Market Close
10/05/2026 10:00,2026051010,Sunday,Market Close
10/05/2026 11:00,2026051011,Sunday,Market Close
10/05/2026 12:00,2026051012,Sunday,Market Close
10/05/2026 13:00,2026051013,Sunday,Market Close
10/05/2026 14:00,2026051014,Sunday,Market Close
10/05/2026 15:00,2026051015,Sunday,Market Close
10/05/2026 16:00,2026051016,Sunday,Market Close
10/05/2026 17:00,2026051017,Sunday,Market Close
10/05/2026 18:00,2026051018,Sunday,Market Close
10/05/2026 19:00,2026051019,Sunday,Market Close
10/05/2026 20:00,2026051020,Sunday,Market Close
15/05/2026 21:00,2026051521,Friday,Market Close
15/05/2026 22:00,2026051522,Friday,Market Close
15/05/2026 23:00,2026051523,Friday,Market Close
16/05/2026 0:00,2026051600,Saturday,Market Close
16/05/2026 1:00,2026051601,Saturday,Market Close
16/05/2026 2:00,2026051602,Saturday,Market Close
16/05/2026 3:00,2026051603,Saturday,Market Close
16/05/2026 4:00,2026051604,Saturday,Market Close
16/05/2026 5:00,2026051605,Saturday,Market Close
16/05/2026 6:00,2026051606,Saturday,Market Close
16/05/2026 7:00,2026051607,Saturday,Market Close
16/05/2026 8:00,2026051608,Saturday,Market Close
16/05/2026 9:00,2026051609,Saturday,Market Close
16/05/2026 10:00,2026051610,Saturday,Market Close
16/05/2026 11:00,2026051611,Saturday,Market Close
16/05/2026 12:00,2026051612,Saturday,Market Close
16/05/2026 13:00,2026051613,Saturday,Market Close
16/05/2026 14:00,2026051614,Saturday,Market Close
16/05/2026 15:00,2026051615,Saturday,Market Close
16/05/2026 16:00,2026051616,Saturday,Market Close
16/05/2026 17:00,2026051617,Saturday,Market Close
16/05/2026 18:00,2026051618,Saturday,Market Close
16/05/2026 19:00,2026051619,Saturday,Market Close
16/05/2026 20:00,2026051620,Saturday,Market Close
16/05/2026 21:00,2026051621,Saturday,Market Close
16/05/2026 22:00,2026051622,Saturday,Market Close
16/05/2026 23:00,2026051623,Saturday,Market Close
17/05/2026 0:00,2026051700,Sunday,Market Close
17/05/2026 1:00,2026051701,Sunday,Market Close
17/05/2026 2:00,2026051702,Sunday,Market Close
17/05/2026 3:00,2026051703,Sunday,Market Close
17/05/2026 4:00,2026051704,Sunday,Market Close
17/05/2026 5:00,2026051705,Sunday,Market Close
17/05/2026 6:00,2026051706,Sunday,Market Close
17/05/2026 7:00,2026051707,Sunday,Market Close
17/05/2026 8:00,2026051708,Sunday,Market Close
17/05/2026 9:00,2026051709,Sunday,Market Close
17/05/2026 10:00,2026051710,Sunday,Market Close
17/05/2026 11:00,2026051711,Sunday,Market Close
17/05/2026 12:00,2026051712,Sunday,Market Close
17/05/2026 13:00,2026051713,Sunday,Market Close
17/05/2026 14:00,2026051714,Sunday,Market Close
17/05/2026 15:00,2026051715,Sunday,Market Close
17/05/2026 16:00,2026051716,Sunday,Market Close
17/05/2026 17:00,2026051717,Sunday,Market Close
17/05/2026 18:00,2026051718,Sunday,Market Close
17/05/2026 19:00,2026051719,Sunday,Market Close
17/05/2026 20:00,2026051720,Sunday,Market Close
22/05/2026 21:00,2026052221,Friday,Market Close
22/05/2026 22:00,2026052222,Friday,Market Close
22/05/2026 23:00,2026052223,Friday,Market Close
23/05/2026 0:00,2026052300,Saturday,Market Close
23/05/2026 1:00,2026052301,Saturday,Market Close
23/05/2026 2:00,2026052302,Saturday,Market Close
23/05/2026 3:00,2026052303,Saturday,Market Close
23/05/2026 4:00,2026052304,Saturday,Market Close
23/05/2026 5:00,2026052305,Saturday,Market Close
23/05/2026 6:00,2026052306,Saturday,Market Close
23/05/2026 7:00,2026052307,Saturday,Market Close
23/05/2026 8:00,2026052308,Saturday,Market Close
23/05/2026 9:00,2026052309,Saturday,Market Close
23/05/2026 10:00,2026052310,Saturday,Market Close
23/05/2026 11:00,2026052311,Saturday,Market Close
23/05/2026 12:00,2026052312,Saturday,Market Close
23/05/2026 13:00,2026052313,Saturday,Market Close
23/05/2026 14:00,2026052314,Saturday,Market Close
23/05/2026 15:00,2026052315,Saturday,Market Close
23/05/2026 16:00,2026052316,Saturday,Market Close
23/05/2026 17:00,2026052317,Saturday,Market Close
23/05/2026 18:00,2026052318,Saturday,Market Close
23/05/2026 19:00,2026052319,Saturday,Market Close
23/05/2026 20:00,2026052320,Saturday,Market Close
23/05/2026 21:00,2026052321,Saturday,Market Close
23/05/2026 22:00,2026052322,Saturday,Market Close
23/05/2026 23:00,2026052323,Saturday,Market Close
24/05/2026 0:00,2026052400,Sunday,Market Close
24/05/2026 1:00,2026052401,Sunday,Market Close
24/05/2026 2:00,2026052402,Sunday,Market Close
24/05/2026 3:00,2026052403,Sunday,Market Close
24/05/2026 4:00,2026052404,Sunday,Market Close
24/05/2026 5:00,2026052405,Sunday,Market Close
24/05/2026 6:00,2026052406,Sunday,Market Close
24/05/2026 7:00,2026052407,Sunday,Market Close
24/05/2026 8:00,2026052408,Sunday,Market Close
24/05/2026 9:00,2026052409,Sunday,Market Close
24/05/2026 10:00,2026052410,Sunday,Market Close
24/05/2026 11:00,2026052411,Sunday,Market Close
24/05/2026 12:00,2026052412,Sunday,Market Close
24/05/2026 13:00,2026052413,Sunday,Market Close
24/05/2026 14:00,2026052414,Sunday,Market Close
24/05/2026 15:00,2026052415,Sunday,Market Close
24/05/2026 16:00,2026052416,Sunday,Market Close
24/05/2026 17:00,2026052417,Sunday,Market Close
24/05/2026 18:00,2026052418,Sunday,Market Close
24/05/2026 19:00,2026052419,Sunday,Market Close
24/05/2026 20:00,2026052420,Sunday,Market Close
29/05/2026 21:00,2026052921,Friday,Market Close
29/05/2026 22:00,2026052922,Friday,Market Close
29/05/2026 23:00,2026052923,Friday,Market Close
30/05/2026 0:00,2026053000,Saturday,Market Close
30/05/2026 1:00,2026053001,Saturday,Market Close
30/05/2026 2:00,2026053002,Saturday,Market Close
30/05/2026 3:00,2026053003,Saturday,Market Close
30/05/2026 4:00,2026053004,Saturday,Market Close
30/05/2026 5:00,2026053005,Saturday,Market Close
30/05/2026 6:00,2026053006,Saturday,Market Close
30/05/2026 7:00,2026053007,Saturday,Market Close
30/05/2026 8:00,2026053008,Saturday,Market Close
30/05/2026 9:00,2026053009,Saturday,Market Close
30/05/2026 10:00,2026053010,Saturday,Market Close
30/05/2026 11:00,2026053011,Saturday,Market Close
30/05/2026 12:00,2026053012,Saturday,Market Close
30/05/2026 13:00,2026053013,Saturday,Market Close
30/05/2026 14:00,2026053014,Saturday,Market Close
30/05/2026 15:00,2026053015,Saturday,Market Close
30/05/2026 16:00,2026053016,Saturday,Market Close
30/05/2026 17:00,2026053017,Saturday,Market Close
30/05/2026 18:00,2026053018,Saturday,Market Close
30/05/2026 19:00,2026053019,Saturday,Market Close
30/05/2026 20:00,2026053020,Saturday,Market Close
30/05/2026 21:00,2026053021,Saturday,Market Close
30/05/2026 22:00,2026053022,Saturday,Market Close
30/05/2026 23:00,2026053023,Saturday,Market Close
31/05/2026 0:00,2026053100,Sunday,Market Close
31/05/2026 1:00,2026053101,Sunday,Market Close
31/05/2026 2:00,2026053102,Sunday,Market Close
31/05/2026 3:00,2026053103,Sunday,Market Close
31/05/2026 4:00,2026053104,Sunday,Market Close
31/05/2026 5:00,2026053105,Sunday,Market Close
31/05/2026 6:00,2026053106,Sunday,Market Close
31/05/2026 7:00,2026053107,Sunday,Market Close
31/05/2026 8:00,2026053108,Sunday,Market Close
31/05/2026 9:00,2026053109,Sunday,Market Close
31/05/2026 10:00,2026053110,Sunday,Market Close
31/05/2026 11:00,2026053111,Sunday,Market Close
31/05/2026 12:00,2026053112,Sunday,Market Close
31/05/2026 13:00,2026053113,Sunday,Market Close
31/05/2026 14:00,2026053114,Sunday,Market Close
31/05/2026 15:00,2026053115,Sunday,Market Close
31/05/2026 16:00,2026053116,Sunday,Market Close
31/05/2026 17:00,2026053117,Sunday,Market Close
31/05/2026 18:00,2026053118,Sunday,Market Close
31/05/2026 19:00,2026053119,Sunday,Market Close
31/05/2026 20:00,2026053120,Sunday,Market Close
5/06/2026 21:00,2026060521,Friday,Market Close
5/06/2026 22:00,2026060522,Friday,Market Close
5/06/2026 23:00,2026060523,Friday,Market Close
6/06/2026 0:00,2026060600,Saturday,Market Close
6/06/2026 1:00,2026060601,Saturday,Market Close
6/06/2026 2:00,2026060602,Saturday,Market Close
6/06/2026 3:00,2026060603,Saturday,Market Close
6/06/2026 4:00,2026060604,Saturday,Market Close
6/06/2026 5:00,2026060605,Saturday,Market Close
6/06/2026 6:00,2026060606,Saturday,Market Close
6/06/2026 7:00,2026060607,Saturday,Market Close
6/06/2026 8:00,2026060608,Saturday,Market Close
6/06/2026 9:00,2026060609,Saturday,Market Close
6/06/2026 10:00,2026060610,Saturday,Market Close
6/06/2026 11:00,2026060611,Saturday,Market Close
6/06/2026 12:00,2026060612,Saturday,Market Close
6/06/2026 13:00,2026060613,Saturday,Market Close
6/06/2026 14:00,2026060614,Saturday,Market Close
6/06/2026 15:00,2026060615,Saturday,Market Close
6/06/2026 16:00,2026060616,Saturday,Market Close
6/06/2026 17:00,2026060617,Saturday,Market Close
6/06/2026 18:00,2026060618,Saturday,Market Close
6/06/2026 19:00,2026060619,Saturday,Market Close
6/06/2026 20:00,2026060620,Saturday,Market Close
6/06/2026 21:00,2026060621,Saturday,Market Close
6/06/2026 22:00,2026060622,Saturday,Market Close
6/06/2026 23:00,2026060623,Saturday,Market Close
7/06/2026 0:00,2026060700,Sunday,Market Close
7/06/2026 1:00,2026060701,Sunday,Market Close
7/06/2026 2:00,2026060702,Sunday,Market Close
7/06/2026 3:00,2026060703,Sunday,Market Close
7/06/2026 4:00,2026060704,Sunday,Market Close
7/06/2026 5:00,2026060705,Sunday,Market Close
7/06/2026 6:00,2026060706,Sunday,Market Close
7/06/2026 7:00,2026060707,Sunday,Market Close
7/06/2026 8:00,2026060708,Sunday,Market Close
7/06/2026 9:00,2026060709,Sunday,Market Close
7/06/2026 10:00,2026060710,Sunday,Market Close
7/06/2026 11:00,2026060711,Sunday,Market Close
7/06/2026 12:00,2026060712,Sunday,Market Close
7/06/2026 13:00,2026060713,Sunday,Market Close
7/06/2026 14:00,2026060714,Sunday,Market Close
7/06/2026 15:00,2026060715,Sunday,Market Close
7/06/2026 16:00,2026060716,Sunday,Market Close
7/06/2026 17:00,2026060717,Sunday,Market Close
7/06/2026 18:00,2026060718,Sunday,Market Close
7/06/2026 19:00,2026060719,Sunday,Market Close
7/06/2026 20:00,2026060720,Sunday,Market Close
12/06/2026 21:00,2026061221,Friday,Market Close
12/06/2026 22:00,2026061222,Friday,Market Close
12/06/2026 23:00,2026061223,Friday,Market Close
13/06/2026 0:00,2026061300,Saturday,Market Close
13/06/2026 1:00,2026061301,Saturday,Market Close
13/06/2026 2:00,2026061302,Saturday,Market Close
13/06/2026 3:00,2026061303,Saturday,Market Close
13/06/2026 4:00,2026061304,Saturday,Market Close
13/06/2026 5:00,2026061305,Saturday,Market Close
13/06/2026 6:00,2026061306,Saturday,Market Close
13/06/2026 7:00,2026061307,Saturday,Market Close
13/06/2026 8:00,2026061308,Saturday,Market Close
13/06/2026 9:00,2026061309,Saturday,Market Close
13/06/2026 10:00,2026061310,Saturday,Market Close
13/06/2026 11:00,2026061311,Saturday,Market Close
13/06/2026 12:00,2026061312,Saturday,Market Close
13/06/2026 13:00,2026061313,Saturday,Market Close
13/06/2026 14:00,2026061314,Saturday,Market Close
13/06/2026 15:00,2026061315,Saturday,Market Close
13/06/2026 16:00,2026061316,Saturday,Market Close
13/06/2026 17:00,2026061317,Saturday,Market Close
13/06/2026 18:00,2026061318,Saturday,Market Close
13/06/2026 19:00,2026061319,Saturday,Market Close
13/06/2026 20:00,2026061320,Saturday,Market Close
13/06/2026 21:00,2026061321,Saturday,Market Close
13/06/2026 22:00,2026061322,Saturday,Market Close
13/06/2026 23:00,2026061323,Saturday,Market Close
14/06/2026 0:00,2026061400,Sunday,Market Close
14/06/2026 1:00,2026061401,Sunday,Market Close
14/06/2026 2:00,2026061402,Sunday,Market Close
14/06/2026 3:00,2026061403,Sunday,Market Close
14/06/2026 4:00,2026061404,Sunday,Market Close
14/06/2026 5:00,2026061405,Sunday,Market Close
14/06/2026 6:00,2026061406,Sunday,Market Close
14/06/2026 7:00,2026061407,Sunday,Market Close
14/06/2026 8:00,2026061408,Sunday,Market Close
14/06/2026 9:00,2026061409,Sunday,Market Close
14/06/2026 10:00,2026061410,Sunday,Market Close
14/06/2026 11:00,2026061411,Sunday,Market Close
14/06/2026 12:00,2026061412,Sunday,Market Close
14/06/2026 13:00,2026061413,Sunday,Market Close
14/06/2026 14:00,2026061414,Sunday,Market Close
14/06/2026 15:00,2026061415,Sunday,Market Close
14/06/2026 16:00,2026061416,Sunday,Market Close
14/06/2026 17:00,2026061417,Sunday,Market Close
14/06/2026 18:00,2026061418,Sunday,Market Close
14/06/2026 19:00,2026061419,Sunday,Market Close
14/06/2026 20:00,2026061420,Sunday,Market Close
19/06/2026 21:00,2026061921,Friday,Market Close
19/06/2026 22:00,2026061922,Friday,Market Close
19/06/2026 23:00,2026061923,Friday,Market Close
20/06/2026 0:00,2026062000,Saturday,Market Close
20/06/2026 1:00,2026062001,Saturday,Market Close
20/06/2026 2:00,2026062002,Saturday,Market Close
20/06/2026 3:00,2026062003,Saturday,Market Close
20/06/2026 4:00,2026062004,Saturday,Market Close
20/06/2026 5:00,2026062005,Saturday,Market Close
20/06/2026 6:00,2026062006,Saturday,Market Close
20/06/2026 7:00,2026062007,Saturday,Market Close
20/06/2026 8:00,2026062008,Saturday,Market Close
20/06/2026 9:00,2026062009,Saturday,Market Close
20/06/2026 10:00,2026062010,Saturday,Market Close
20/06/2026 11:00,2026062011,Saturday,Market Close
20/06/2026 12:00,2026062012,Saturday,Market Close
20/06/2026 13:00,2026062013,Saturday,Market Close
20/06/2026 14:00,2026062014,Saturday,Market Close
20/06/2026 15:00,2026062015,Saturday,Market Close
20/06/2026 16:00,2026062016,Saturday,Market Close
20/06/2026 17:00,2026062017,Saturday,Market Close
20/06/2026 18:00,2026062018,Saturday,Market Close
20/06/2026 19:00,2026062019,Saturday,Market Close
20/06/2026 20:00,2026062020,Saturday,Market Close
20/06/2026 21:00,2026062021,Saturday,Market Close
20/06/2026 22:00,2026062022,Saturday,Market Close
20/06/2026 23:00,2026062023,Saturday,Market Close
21/06/2026 0:00,2026062100,Sunday,Market Close
21/06/2026 1:00,2026062101,Sunday,Market Close
21/06/2026 2:00,2026062102,Sunday,Market Close
21/06/2026 3:00,2026062103,Sunday,Market Close
21/06/2026 4:00,2026062104,Sunday,Market Close
21/06/2026 5:00,2026062105,Sunday,Market Close
21/06/2026 6:00,2026062106,Sunday,Market Close
21/06/2026 7:00,2026062107,Sunday,Market Close
21/06/2026 8:00,2026062108,Sunday,Market Close
21/06/2026 9:00,2026062109,Sunday,Market Close
21/06/2026 10:00,2026062110,Sunday,Market Close
21/06/2026 11:00,2026062111,Sunday,Market Close
21/06/2026 12:00,2026062112,Sunday,Market Close
21/06/2026 13:00,2026062113,Sunday,Market Close
21/06/2026 14:00,2026062114,Sunday,Market Close
21/06/2026 15:00,2026062115,Sunday,Market Close
21/06/2026 16:00,2026062116,Sunday,Market Close
21/06/2026 17:00,2026062117,Sunday,Market Close
21/06/2026 18:00,2026062118,Sunday,Market Close
21/06/2026 19:00,2026062119,Sunday,Market Close
21/06/2026 20:00,2026062120,Sunday,Market Close
26/06/2026 21:00,2026062621,Friday,Market Close
26/06/2026 22:00,2026062622,Friday,Market Close
26/06/2026 23:00,2026062623,Friday,Market Close
27/06/2026 0:00,2026062700,Saturday,Market Close
27/06/2026 1:00,2026062701,Saturday,Market Close
27/06/2026 2:00,2026062702,Saturday,Market Close
27/06/2026 3:00,2026062703,Saturday,Market Close
27/06/2026 4:00,2026062704,Saturday,Market Close
27/06/2026 5:00,2026062705,Saturday,Market Close
27/06/2026 6:00,2026062706,Saturday,Market Close
27/06/2026 7:00,2026062707,Saturday,Market Close
27/06/2026 8:00,2026062708,Saturday,Market Close
27/06/2026 9:00,2026062709,Saturday,Market Close
27/06/2026 10:00,2026062710,Saturday,Market Close
27/06/2026 11:00,2026062711,Saturday,Market Close
27/06/2026 12:00,2026062712,Saturday,Market Close
27/06/2026 13:00,2026062713,Saturday,Market Close
27/06/2026 14:00,2026062714,Saturday,Market Close
27/06/2026 15:00,2026062715,Saturday,Market Close
27/06/2026 16:00,2026062716,Saturday,Market Close
27/06/2026 17:00,2026062717,Saturday,Market Close
27/06/2026 18:00,2026062718,Saturday,Market Close
27/06/2026 19:00,2026062719,Saturday,Market Close
27/06/2026 20:00,2026062720,Saturday,Market Close
27/06/2026 21:00,2026062721,Saturday,Market Close
27/06/2026 22:00,2026062722,Saturday,Market Close
27/06/2026 23:00,2026062723,Saturday,Market Close
28/06/2026 0:00,2026062800,Sunday,Market Close
28/06/2026 1:00,2026062801,Sunday,Market Close
28/06/2026 2:00,2026062802,Sunday,Market Close
28/06/2026 3:00,2026062803,Sunday,Market Close
28/06/2026 4:00,2026062804,Sunday,Market Close
28/06/2026 5:00,2026062805,Sunday,Market Close
28/06/2026 6:00,2026062806,Sunday,Market Close
28/06/2026 7:00,2026062807,Sunday,Market Close
28/06/2026 8:00,2026062808,Sunday,Market Close
28/06/2026 9:00,2026062809,Sunday,Market Close
28/06/2026 10:00,2026062810,Sunday,Market Close
28/06/2026 11:00,2026062811,Sunday,Market Close
28/06/2026 12:00,2026062812,Sunday,Market Close
28/06/2026 13:00,2026062813,Sunday,Market Close
28/06/2026 14:00,2026062814,Sunday,Market Close
28/06/2026 15:00,2026062815,Sunday,Market Close
28/06/2026 16:00,2026062816,Sunday,Market Close
28/06/2026 17:00,2026062817,Sunday,Market Close
28/06/2026 18:00,2026062818,Sunday,Market Close
28/06/2026 19:00,2026062819,Sunday,Market Close
28/06/2026 20:00,2026062820,Sunday,Market Close
3/07/2026 21:00,2026070321,Friday,Market Close
3/07/2026 22:00,2026070322,Friday,Market Close
3/07/2026 23:00,2026070323,Friday,Market Close
4/07/2026 0:00,2026070400,Saturday,Market Close
4/07/2026 1:00,2026070401,Saturday,Market Close
4/07/2026 2:00,2026070402,Saturday,Market Close
4/07/2026 3:00,2026070403,Saturday,Market Close
4/07/2026 4:00,2026070404,Saturday,Market Close
4/07/2026 5:00,2026070405,Saturday,Market Close
4/07/2026 6:00,2026070406,Saturday,Market Close
4/07/2026 7:00,2026070407,Saturday,Market Close
4/07/2026 8:00,2026070408,Saturday,Market Close
4/07/2026 9:00,2026070409,Saturday,Market Close
4/07/2026 10:00,2026070410,Saturday,Market Close
4/07/2026 11:00,2026070411,Saturday,Market Close
4/07/2026 12:00,2026070412,Saturday,Market Close
4/07/2026 13:00,2026070413,Saturday,Market Close
4/07/2026 14:00,2026070414,Saturday,Market Close
4/07/2026 15:00,2026070415,Saturday,Market Close
4/07/2026 16:00,2026070416,Saturday,Market Close
4/07/2026 17:00,2026070417,Saturday,Market Close
4/07/2026 18:00,2026070418,Saturday,Market Close
4/07/2026 19:00,2026070419,Saturday,Market Close
4/07/2026 20:00,2026070420,Saturday,Market Close
4/07/2026 21:00,2026070421,Saturday,Market Close
4/07/2026 22:00,2026070422,Saturday,Market Close
4/07/2026 23:00,2026070423,Saturday,Market Close
5/07/2026 0:00,2026070500,Sunday,Market Close
5/07/2026 1:00,2026070501,Sunday,Market Close
5/07/2026 2:00,2026070502,Sunday,Market Close
5/07/2026 3:00,2026070503,Sunday,Market Close
5/07/2026 4:00,2026070504,Sunday,Market Close
5/07/2026 5:00,2026070505,Sunday,Market Close
5/07/2026 6:00,2026070506,Sunday,Market Close
5/07/2026 7:00,2026070507,Sunday,Market Close
5/07/2026 8:00,2026070508,Sunday,Market Close
5/07/2026 9:00,2026070509,Sunday,Market Close
5/07/2026 10:00,2026070510,Sunday,Market Close
5/07/2026 11:00,2026070511,Sunday,Market Close
5/07/2026 12:00,2026070512,Sunday,Market Close
5/07/2026 13:00,2026070513,Sunday,Market Close
5/07/2026 14:00,2026070514,Sunday,Market Close
5/07/2026 15:00,2026070515,Sunday,Market Close
5/07/2026 16:00,2026070516,Sunday,Market Close
5/07/2026 17:00,2026070517,Sunday,Market Close
5/07/2026 18:00,2026070518,Sunday,Market Close
5/07/2026 19:00,2026070519,Sunday,Market Close
5/07/2026 20:00,2026070520,Sunday,Market Close
10/07/2026 21:00,2026071021,Friday,Market Close
10/07/2026 22:00,2026071022,Friday,Market Close
10/07/2026 23:00,2026071023,Friday,Market Close
11/07/2026 0:00,2026071100,Saturday,Market Close
11/07/2026 1:00,2026071101,Saturday,Market Close
11/07/2026 2:00,2026071102,Saturday,Market Close
11/07/2026 3:00,2026071103,Saturday,Market Close
11/07/2026 4:00,2026071104,Saturday,Market Close
11/07/2026 5:00,2026071105,Saturday,Market Close
11/07/2026 6:00,2026071106,Saturday,Market Close
11/07/2026 7:00,2026071107,Saturday,Market Close
11/07/2026 8:00,2026071108,Saturday,Market Close
11/07/2026 9:00,2026071109,Saturday,Market Close
11/07/2026 10:00,2026071110,Saturday,Market Close
11/07/2026 11:00,2026071111,Saturday,Market Close
11/07/2026 12:00,2026071112,Saturday,Market Close
11/07/2026 13:00,2026071113,Saturday,Market Close
11/07/2026 14:00,2026071114,Saturday,Market Close
11/07/2026 15:00,2026071115,Saturday,Market Close
11/07/2026 16:00,2026071116,Saturday,Market Close
11/07/2026 17:00,2026071117,Saturday,Market Close
11/07/2026 18:00,2026071118,Saturday,Market Close
11/07/2026 19:00,2026071119,Saturday,Market Close
11/07/2026 20:00,2026071120,Saturday,Market Close
11/07/2026 21:00,2026071121,Saturday,Market Close
11/07/2026 22:00,2026071122,Saturday,Market Close
11/07/2026 23:00,2026071123,Saturday,Market Close
12/07/2026 0:00,2026071200,Sunday,Market Close
12/07/2026 1:00,2026071201,Sunday,Market Close
12/07/2026 2:00,2026071202,Sunday,Market Close
12/07/2026 3:00,2026071203,Sunday,Market Close
12/07/2026 4:00,2026071204,Sunday,Market Close
12/07/2026 5:00,2026071205,Sunday,Market Close
12/07/2026 6:00,2026071206,Sunday,Market Close
12/07/2026 7:00,2026071207,Sunday,Market Close
12/07/2026 8:00,2026071208,Sunday,Market Close
12/07/2026 9:00,2026071209,Sunday,Market Close
12/07/2026 10:00,2026071210,Sunday,Market Close
12/07/2026 11:00,2026071211,Sunday,Market Close
12/07/2026 12:00,2026071212,Sunday,Market Close
12/07/2026 13:00,2026071213,Sunday,Market Close
12/07/2026 14:00,2026071214,Sunday,Market Close
12/07/2026 15:00,2026071215,Sunday,Market Close
12/07/2026 16:00,2026071216,Sunday,Market Close
12/07/2026 17:00,2026071217,Sunday,Market Close
12/07/2026 18:00,2026071218,Sunday,Market Close
12/07/2026 19:00,2026071219,Sunday,Market Close
12/07/2026 20:00,2026071220,Sunday,Market Close
17/07/2026 21:00,2026071721,Friday,Market Close
17/07/2026 22:00,2026071722,Friday,Market Close
17/07/2026 23:00,2026071723,Friday,Market Close
18/07/2026 0:00,2026071800,Saturday,Market Close
18/07/2026 1:00,2026071801,Saturday,Market Close
18/07/2026 2:00,2026071802,Saturday,Market Close
18/07/2026 3:00,2026071803,Saturday,Market Close
18/07/2026 4:00,2026071804,Saturday,Market Close
18/07/2026 5:00,2026071805,Saturday,Market Close
18/07/2026 6:00,2026071806,Saturday,Market Close
18/07/2026 7:00,2026071807,Saturday,Market Close
18/07/2026 8:00,2026071808,Saturday,Market Close
18/07/2026 9:00,2026071809,Saturday,Market Close
18/07/2026 10:00,2026071810,Saturday,Market Close
18/07/2026 11:00,2026071811,Saturday,Market Close
18/07/2026 12:00,2026071812,Saturday,Market Close
18/07/2026 13:00,2026071813,Saturday,Market Close
18/07/2026 14:00,2026071814,Saturday,Market Close
18/07/2026 15:00,2026071815,Saturday,Market Close
18/07/2026 16:00,2026071816,Saturday,Market Close
18/07/2026 17:00,2026071817,Saturday,Market Close
18/07/2026 18:00,2026071818,Saturday,Market Close
18/07/2026 19:00,2026071819,Saturday,Market Close
18/07/2026 20:00,2026071820,Saturday,Market Close
18/07/2026 21:00,2026071821,Saturday,Market Close
18/07/2026 22:00,2026071822,Saturday,Market Close
18/07/2026 23:00,2026071823,Saturday,Market Close
19/07/2026 0:00,2026071900,Sunday,Market Close
19/07/2026 1:00,2026071901,Sunday,Market Close
19/07/2026 2:00,2026071902,Sunday,Market Close
19/07/2026 3:00,2026071903,Sunday,Market Close
19/07/2026 4:00,2026071904,Sunday,Market Close
19/07/2026 5:00,2026071905,Sunday,Market Close
19/07/2026 6:00,2026071906,Sunday,Market Close
19/07/2026 7:00,2026071907,Sunday,Market Close
19/07/2026 8:00,2026071908,Sunday,Market Close
19/07/2026 9:00,2026071909,Sunday,Market Close
19/07/2026 10:00,2026071910,Sunday,Market Close
19/07/2026 11:00,2026071911,Sunday,Market Close
19/07/2026 12:00,2026071912,Sunday,Market Close
19/07/2026 13:00,2026071913,Sunday,Market Close
19/07/2026 14:00,2026071914,Sunday,Market Close
19/07/2026 15:00,2026071915,Sunday,Market Close
19/07/2026 16:00,2026071916,Sunday,Market Close
19/07/2026 17:00,2026071917,Sunday,Market Close
19/07/2026 18:00,2026071918,Sunday,Market Close
19/07/2026 19:00,2026071919,Sunday,Market Close
19/07/2026 20:00,2026071920,Sunday,Market Close
24/07/2026 21:00,2026072421,Friday,Market Close
24/07/2026 22:00,2026072422,Friday,Market Close
24/07/2026 23:00,2026072423,Friday,Market Close
25/07/2026 0:00,2026072500,Saturday,Market Close
25/07/2026 1:00,2026072501,Saturday,Market Close
25/07/2026 2:00,2026072502,Saturday,Market Close
25/07/2026 3:00,2026072503,Saturday,Market Close
25/07/2026 4:00,2026072504,Saturday,Market Close
25/07/2026 5:00,2026072505,Saturday,Market Close
25/07/2026 6:00,2026072506,Saturday,Market Close
25/07/2026 7:00,2026072507,Saturday,Market Close
25/07/2026 8:00,2026072508,Saturday,Market Close
25/07/2026 9:00,2026072509,Saturday,Market Close
25/07/2026 10:00,2026072510,Saturday,Market Close
25/07/2026 11:00,2026072511,Saturday,Market Close
25/07/2026 12:00,2026072512,Saturday,Market Close
25/07/2026 13:00,2026072513,Saturday,Market Close
25/07/2026 14:00,2026072514,Saturday,Market Close
25/07/2026 15:00,2026072515,Saturday,Market Close
25/07/2026 16:00,2026072516,Saturday,Market Close
25/07/2026 17:00,2026072517,Saturday,Market Close
25/07/2026 18:00,2026072518,Saturday,Market Close
25/07/2026 19:00,2026072519,Saturday,Market Close
25/07/2026 20:00,2026072520,Saturday,Market Close
25/07/2026 21:00,2026072521,Saturday,Market Close
25/07/2026 22:00,2026072522,Saturday,Market Close
25/07/2026 23:00,2026072523,Saturday,Market Close
26/07/2026 0:00,2026072600,Sunday,Market Close
26/07/2026 1:00,2026072601,Sunday,Market Close
26/07/2026 2:00,2026072602,Sunday,Market Close
26/07/2026 3:00,2026072603,Sunday,Market Close
26/07/2026 4:00,2026072604,Sunday,Market Close
26/07/2026 5:00,2026072605,Sunday,Market Close
26/07/2026 6:00,2026072606,Sunday,Market Close
26/07/2026 7:00,2026072607,Sunday,Market Close
26/07/2026 8:00,2026072608,Sunday,Market Close
26/07/2026 9:00,2026072609,Sunday,Market Close
26/07/2026 10:00,2026072610,Sunday,Market Close
26/07/2026 11:00,2026072611,Sunday,Market Close
26/07/2026 12:00,2026072612,Sunday,Market Close
26/07/2026 13:00,2026072613,Sunday,Market Close
26/07/2026 14:00,2026072614,Sunday,Market Close
26/07/2026 15:00,2026072615,Sunday,Market Close
26/07/2026 16:00,2026072616,Sunday,Market Close
26/07/2026 17:00,2026072617,Sunday,Market Close
26/07/2026 18:00,2026072618,Sunday,Market Close
26/07/2026 19:00,2026072619,Sunday,Market Close
26/07/2026 20:00,2026072620,Sunday,Market Close
31/07/2026 21:00,2026073121,Friday,Market Close
31/07/2026 22:00,2026073122,Friday,Market Close
31/07/2026 23:00,2026073123,Friday,Market Close
1/08/2026 0:00,2026080100,Saturday,Market Close
1/08/2026 1:00,2026080101,Saturday,Market Close
1/08/2026 2:00,2026080102,Saturday,Market Close
1/08/2026 3:00,2026080103,Saturday,Market Close
1/08/2026 4:00,2026080104,Saturday,Market Close
1/08/2026 5:00,2026080105,Saturday,Market Close
1/08/2026 6:00,2026080106,Saturday,Market Close
1/08/2026 7:00,2026080107,Saturday,Market Close
1/08/2026 8:00,2026080108,Saturday,Market Close
1/08/2026 9:00,2026080109,Saturday,Market Close
1/08/2026 10:00,2026080110,Saturday,Market Close
1/08/2026 11:00,2026080111,Saturday,Market Close
1/08/2026 12:00,2026080112,Saturday,Market Close
1/08/2026 13:00,2026080113,Saturday,Market Close
1/08/2026 14:00,2026080114,Saturday,Market Close
1/08/2026 15:00,2026080115,Saturday,Market Close
1/08/2026 16:00,2026080116,Saturday,Market Close
1/08/2026 17:00,2026080117,Saturday,Market Close
1/08/2026 18:00,2026080118,Saturday,Market Close
1/08/2026 19:00,2026080119,Saturday,Market Close
1/08/2026 20:00,2026080120,Saturday,Market Close
1/08/2026 21:00,2026080121,Saturday,Market Close
1/08/2026 22:00,2026080122,Saturday,Market Close
1/08/2026 23:00,2026080123,Saturday,Market Close
2/08/2026 0:00,2026080200,Sunday,Market Close
2/08/2026 1:00,2026080201,Sunday,Market Close
2/08/2026 2:00,2026080202,Sunday,Market Close
2/08/2026 3:00,2026080203,Sunday,Market Close
2/08/2026 4:00,2026080204,Sunday,Market Close
2/08/2026 5:00,2026080205,Sunday,Market Close
2/08/2026 6:00,2026080206,Sunday,Market Close
2/08/2026 7:00,2026080207,Sunday,Market Close
2/08/2026 8:00,2026080208,Sunday,Market Close
2/08/2026 9:00,2026080209,Sunday,Market Close
2/08/2026 10:00,2026080210,Sunday,Market Close
2/08/2026 11:00,2026080211,Sunday,Market Close
2/08/2026 12:00,2026080212,Sunday,Market Close
2/08/2026 13:00,2026080213,Sunday,Market Close
2/08/2026 14:00,2026080214,Sunday,Market Close
2/08/2026 15:00,2026080215,Sunday,Market Close
2/08/2026 16:00,2026080216,Sunday,Market Close
2/08/2026 17:00,2026080217,Sunday,Market Close
2/08/2026 18:00,2026080218,Sunday,Market Close
2/08/2026 19:00,2026080219,Sunday,Market Close
2/08/2026 20:00,2026080220,Sunday,Market Close
7/08/2026 21:00,2026080721,Friday,Market Close
7/08/2026 22:00,2026080722,Friday,Market Close
7/08/2026 23:00,2026080723,Friday,Market Close
8/08/2026 0:00,2026080800,Saturday,Market Close
8/08/2026 1:00,2026080801,Saturday,Market Close
8/08/2026 2:00,2026080802,Saturday,Market Close
8/08/2026 3:00,2026080803,Saturday,Market Close
8/08/2026 4:00,2026080804,Saturday,Market Close
8/08/2026 5:00,2026080805,Saturday,Market Close
8/08/2026 6:00,2026080806,Saturday,Market Close
8/08/2026 7:00,2026080807,Saturday,Market Close
8/08/2026 8:00,2026080808,Saturday,Market Close
8/08/2026 9:00,2026080809,Saturday,Market Close
8/08/2026 10:00,2026080810,Saturday,Market Close
8/08/2026 11:00,2026080811,Saturday,Market Close
8/08/2026 12:00,2026080812,Saturday,Market Close
8/08/2026 13:00,2026080813,Saturday,Market Close
8/08/2026 14:00,2026080814,Saturday,Market Close
8/08/2026 15:00,2026080815,Saturday,Market Close
8/08/2026 16:00,2026080816,Saturday,Market Close
8/08/2026 17:00,2026080817,Saturday,Market Close
8/08/2026 18:00,2026080818,Saturday,Market Close
8/08/2026 19:00,2026080819,Saturday,Market Close
8/08/2026 20:00,2026080820,Saturday,Market Close
8/08/2026 21:00,2026080821,Saturday,Market Close
8/08/2026 22:00,2026080822,Saturday,Market Close
8/08/2026 23:00,2026080823,Saturday,Market Close
9/08/2026 0:00,2026080900,Sunday,Market Close
9/08/2026 1:00,2026080901,Sunday,Market Close
9/08/2026 2:00,2026080902,Sunday,Market Close
9/08/2026 3:00,2026080903,Sunday,Market Close
9/08/2026 4:00,2026080904,Sunday,Market Close
9/08/2026 5:00,2026080905,Sunday,Market Close
9/08/2026 6:00,2026080906,Sunday,Market Close
9/08/2026 7:00,2026080907,Sunday,Market Close
9/08/2026 8:00,2026080908,Sunday,Market Close
9/08/2026 9:00,2026080909,Sunday,Market Close
9/08/2026 10:00,2026080910,Sunday,Market Close
9/08/2026 11:00,2026080911,Sunday,Market Close
9/08/2026 12:00,2026080912,Sunday,Market Close
9/08/2026 13:00,2026080913,Sunday,Market Close
9/08/2026 14:00,2026080914,Sunday,Market Close
9/08/2026 15:00,2026080915,Sunday,Market Close
9/08/2026 16:00,2026080916,Sunday,Market Close
9/08/2026 17:00,2026080917,Sunday,Market Close
9/08/2026 18:00,2026080918,Sunday,Market Close
9/08/2026 19:00,2026080919,Sunday,Market Close
9/08/2026 20:00,2026080920,Sunday,Market Close
14/08/2026 21:00,2026081421,Friday,Market Close
14/08/2026 22:00,2026081422,Friday,Market Close
14/08/2026 23:00,2026081423,Friday,Market Close
15/08/2026 0:00,2026081500,Saturday,Market Close
15/08/2026 1:00,2026081501,Saturday,Market Close
15/08/2026 2:00,2026081502,Saturday,Market Close
15/08/2026 3:00,2026081503,Saturday,Market Close
15/08/2026 4:00,2026081504,Saturday,Market Close
15/08/2026 5:00,2026081505,Saturday,Market Close
15/08/2026 6:00,2026081506,Saturday,Market Close
15/08/2026 7:00,2026081507,Saturday,Market Close
15/08/2026 8:00,2026081508,Saturday,Market Close
15/08/2026 9:00,2026081509,Saturday,Market Close
15/08/2026 10:00,2026081510,Saturday,Market Close
15/08/2026 11:00,2026081511,Saturday,Market Close
15/08/2026 12:00,2026081512,Saturday,Market Close
15/08/2026 13:00,2026081513,Saturday,Market Close
15/08/2026 14:00,2026081514,Saturday,Market Close
15/08/2026 15:00,2026081515,Saturday,Market Close
15/08/2026 16:00,2026081516,Saturday,Market Close
15/08/2026 17:00,2026081517,Saturday,Market Close
15/08/2026 18:00,2026081518,Saturday,Market Close
15/08/2026 19:00,2026081519,Saturday,Market Close
15/08/2026 20:00,2026081520,Saturday,Market Close
15/08/2026 21:00,2026081521,Saturday,Market Close
15/08/2026 22:00,2026081522,Saturday,Market Close
15/08/2026 23:00,2026081523,Saturday,Market Close
16/08/2026 0:00,2026081600,Sunday,Market Close
16/08/2026 1:00,2026081601,Sunday,Market Close
16/08/2026 2:00,2026081602,Sunday,Market Close
16/08/2026 3:00,2026081603,Sunday,Market Close
16/08/2026 4:00,2026081604,Sunday,Market Close
16/08/2026 5:00,2026081605,Sunday,Market Close
16/08/2026 6:00,2026081606,Sunday,Market Close
16/08/2026 7:00,2026081607,Sunday,Market Close
16/08/2026 8:00,2026081608,Sunday,Market Close
16/08/2026 9:00,2026081609,Sunday,Market Close
16/08/2026 10:00,2026081610,Sunday,Market Close
16/08/2026 11:00,2026081611,Sunday,Market Close
16/08/2026 12:00,2026081612,Sunday,Market Close
16/08/2026 13:00,2026081613,Sunday,Market Close
16/08/2026 14:00,2026081614,Sunday,Market Close
16/08/2026 15:00,2026081615,Sunday,Market Close
16/08/2026 16:00,2026081616,Sunday,Market Close
16/08/2026 17:00,2026081617,Sunday,Market Close
16/08/2026 18:00,2026081618,Sunday,Market Close
16/08/2026 19:00,2026081619,Sunday,Market Close
16/08/2026 20:00,2026081620,Sunday,Market Close
21/08/2026 21:00,2026082121,Friday,Market Close
21/08/2026 22:00,2026082122,Friday,Market Close
21/08/2026 23:00,2026082123,Friday,Market Close
22/08/2026 0:00,2026082200,Saturday,Market Close
22/08/2026 1:00,2026082201,Saturday,Market Close
22/08/2026 2:00,2026082202,Saturday,Market Close
22/08/2026 3:00,2026082203,Saturday,Market Close
22/08/2026 4:00,2026082204,Saturday,Market Close
22/08/2026 5:00,2026082205,Saturday,Market Close
22/08/2026 6:00,2026082206,Saturday,Market Close
22/08/2026 7:00,2026082207,Saturday,Market Close
22/08/2026 8:00,2026082208,Saturday,Market Close
22/08/2026 9:00,2026082209,Saturday,Market Close
22/08/2026 10:00,2026082210,Saturday,Market Close
22/08/2026 11:00,2026082211,Saturday,Market Close
22/08/2026 12:00,2026082212,Saturday,Market Close
22/08/2026 13:00,2026082213,Saturday,Market Close
22/08/2026 14:00,2026082214,Saturday,Market Close
22/08/2026 15:00,2026082215,Saturday,Market Close
22/08/2026 16:00,2026082216,Saturday,Market Close
22/08/2026 17:00,2026082217,Saturday,Market Close
22/08/2026 18:00,2026082218,Saturday,Market Close
22/08/2026 19:00,2026082219,Saturday,Market Close
22/08/2026 20:00,2026082220,Saturday,Market Close
22/08/2026 21:00,2026082221,Saturday,Market Close
22/08/2026 22:00,2026082222,Saturday,Market Close
22/08/2026 23:00,2026082223,Saturday,Market Close
23/08/2026 0:00,2026082300,Sunday,Market Close
23/08/2026 1:00,2026082301,Sunday,Market Close
23/08/2026 2:00,2026082302,Sunday,Market Close
23/08/2026 3:00,2026082303,Sunday,Market Close
23/08/2026 4:00,2026082304,Sunday,Market Close
23/08/2026 5:00,2026082305,Sunday,Market Close
23/08/2026 6:00,2026082306,Sunday,Market Close
23/08/2026 7:00,2026082307,Sunday,Market Close
23/08/2026 8:00,2026082308,Sunday,Market Close
23/08/2026 9:00,2026082309,Sunday,Market Close
23/08/2026 10:00,2026082310,Sunday,Market Close
23/08/2026 11:00,2026082311,Sunday,Market Close
23/08/2026 12:00,2026082312,Sunday,Market Close
23/08/2026 13:00,2026082313,Sunday,Market Close
23/08/2026 14:00,2026082314,Sunday,Market Close
23/08/2026 15:00,2026082315,Sunday,Market Close
23/08/2026 16:00,2026082316,Sunday,Market Close
23/08/2026 17:00,2026082317,Sunday,Market Close
23/08/2026 18:00,2026082318,Sunday,Market Close
23/08/2026 19:00,2026082319,Sunday,Market Close
23/08/2026 20:00,2026082320,Sunday,Market Close
28/08/2026 21:00,2026082821,Friday,Market Close
28/08/2026 22:00,2026082822,Friday,Market Close
28/08/2026 23:00,2026082823,Friday,Market Close
29/08/2026 0:00,2026082900,Saturday,Market Close
29/08/2026 1:00,2026082901,Saturday,Market Close
29/08/2026 2:00,2026082902,Saturday,Market Close
29/08/2026 3:00,2026082903,Saturday,Market Close
29/08/2026 4:00,2026082904,Saturday,Market Close
29/08/2026 5:00,2026082905,Saturday,Market Close
29/08/2026 6:00,2026082906,Saturday,Market Close
29/08/2026 7:00,2026082907,Saturday,Market Close
29/08/2026 8:00,2026082908,Saturday,Market Close
29/08/2026 9:00,2026082909,Saturday,Market Close
29/08/2026 10:00,2026082910,Saturday,Market Close
29/08/2026 11:00,2026082911,Saturday,Market Close
29/08/2026 12:00,2026082912,Saturday,Market Close
29/08/2026 13:00,2026082913,Saturday,Market Close
29/08/2026 14:00,2026082914,Saturday,Market Close
29/08/2026 15:00,2026082915,Saturday,Market Close
29/08/2026 16:00,2026082916,Saturday,Market Close
29/08/2026 17:00,2026082917,Saturday,Market Close
29/08/2026 18:00,2026082918,Saturday,Market Close
29/08/2026 19:00,2026082919,Saturday,Market Close
29/08/2026 20:00,2026082920,Saturday,Market Close
29/08/2026 21:00,2026082921,Saturday,Market Close
29/08/2026 22:00,2026082922,Saturday,Market Close
29/08/2026 23:00,2026082923,Saturday,Market Close
30/08/2026 0:00,2026083000,Sunday,Market Close
30/08/2026 1:00,2026083001,Sunday,Market Close
30/08/2026 2:00,2026083002,Sunday,Market Close
30/08/2026 3:00,2026083003,Sunday,Market Close
30/08/2026 4:00,2026083004,Sunday,Market Close
30/08/2026 5:00,2026083005,Sunday,Market Close
30/08/2026 6:00,2026083006,Sunday,Market Close
30/08/2026 7:00,2026083007,Sunday,Market Close
30/08/2026 8:00,2026083008,Sunday,Market Close
30/08/2026 9:00,2026083009,Sunday,Market Close
30/08/2026 10:00,2026083010,Sunday,Market Close
30/08/2026 11:00,2026083011,Sunday,Market Close
30/08/2026 12:00,2026083012,Sunday,Market Close
30/08/2026 13:00,2026083013,Sunday,Market Close
30/08/2026 14:00,2026083014,Sunday,Market Close
30/08/2026 15:00,2026083015,Sunday,Market Close
30/08/2026 16:00,2026083016,Sunday,Market Close
30/08/2026 17:00,2026083017,Sunday,Market Close
30/08/2026 18:00,2026083018,Sunday,Market Close
30/08/2026 19:00,2026083019,Sunday,Market Close
30/08/2026 20:00,2026083020,Sunday,Market Close
4/09/2026 21:00,2026090421,Friday,Market Close
4/09/2026 22:00,2026090422,Friday,Market Close
4/09/2026 23:00,2026090423,Friday,Market Close
5/09/2026 0:00,2026090500,Saturday,Market Close
5/09/2026 1:00,2026090501,Saturday,Market Close
5/09/2026 2:00,2026090502,Saturday,Market Close
5/09/2026 3:00,2026090503,Saturday,Market Close
5/09/2026 4:00,2026090504,Saturday,Market Close
5/09/2026 5:00,2026090505,Saturday,Market Close
5/09/2026 6:00,2026090506,Saturday,Market Close
5/09/2026 7:00,2026090507,Saturday,Market Close
5/09/2026 8:00,2026090508,Saturday,Market Close
5/09/2026 9:00,2026090509,Saturday,Market Close
5/09/2026 10:00,2026090510,Saturday,Market Close
5/09/2026 11:00,2026090511,Saturday,Market Close
5/09/2026 12:00,2026090512,Saturday,Market Close
5/09/2026 13:00,2026090513,Saturday,Market Close
5/09/2026 14:00,2026090514,Saturday,Market Close
5/09/2026 15:00,2026090515,Saturday,Market Close
5/09/2026 16:00,2026090516,Saturday,Market Close
5/09/2026 17:00,2026090517,Saturday,Market Close
5/09/2026 18:00,2026090518,Saturday,Market Close
5/09/2026 19:00,2026090519,Saturday,Market Close
5/09/2026 20:00,2026090520,Saturday,Market Close
5/09/2026 21:00,2026090521,Saturday,Market Close
5/09/2026 22:00,2026090522,Saturday,Market Close
5/09/2026 23:00,2026090523,Saturday,Market Close
6/09/2026 0:00,2026090600,Sunday,Market Close
6/09/2026 1:00,2026090601,Sunday,Market Close
6/09/2026 2:00,2026090602,Sunday,Market Close
6/09/2026 3:00,2026090603,Sunday,Market Close
6/09/2026 4:00,2026090604,Sunday,Market Close
6/09/2026 5:00,2026090605,Sunday,Market Close
6/09/2026 6:00,2026090606,Sunday,Market Close
6/09/2026 7:00,2026090607,Sunday,Market Close
6/09/2026 8:00,2026090608,Sunday,Market Close
6/09/2026 9:00,2026090609,Sunday,Market Close
6/09/2026 10:00,2026090610,Sunday,Market Close
6/09/2026 11:00,2026090611,Sunday,Market Close
6/09/2026 12:00,2026090612,Sunday,Market Close
6/09/2026 13:00,2026090613,Sunday,Market Close
6/09/2026 14:00,2026090614,Sunday,Market Close
6/09/2026 15:00,2026090615,Sunday,Market Close
6/09/2026 16:00,2026090616,Sunday,Market Close
6/09/2026 17:00,2026090617,Sunday,Market Close
6/09/2026 18:00,2026090618,Sunday,Market Close
6/09/2026 19:00,2026090619,Sunday,Market Close
6/09/2026 20:00,2026090620,Sunday,Market Close
11/09/2026 21:00,2026091121,Friday,Market Close
11/09/2026 22:00,2026091122,Friday,Market Close
11/09/2026 23:00,2026091123,Friday,Market Close
12/09/2026 0:00,2026091200,Saturday,Market Close
12/09/2026 1:00,2026091201,Saturday,Market Close
12/09/2026 2:00,2026091202,Saturday,Market Close
12/09/2026 3:00,2026091203,Saturday,Market Close
12/09/2026 4:00,2026091204,Saturday,Market Close
12/09/2026 5:00,2026091205,Saturday,Market Close
12/09/2026 6:00,2026091206,Saturday,Market Close
12/09/2026 7:00,2026091207,Saturday,Market Close
12/09/2026 8:00,2026091208,Saturday,Market Close
12/09/2026 9:00,2026091209,Saturday,Market Close
12/09/2026 10:00,2026091210,Saturday,Market Close
12/09/2026 11:00,2026091211,Saturday,Market Close
12/09/2026 12:00,2026091212,Saturday,Market Close
12/09/2026 13:00,2026091213,Saturday,Market Close
12/09/2026 14:00,2026091214,Saturday,Market Close
12/09/2026 15:00,2026091215,Saturday,Market Close
12/09/2026 16:00,2026091216,Saturday,Market Close
12/09/2026 17:00,2026091217,Saturday,Market Close
12/09/2026 18:00,2026091218,Saturday,Market Close
12/09/2026 19:00,2026091219,Saturday,Market Close
12/09/2026 20:00,2026091220,Saturday,Market Close
12/09/2026 21:00,2026091221,Saturday,Market Close
12/09/2026 22:00,2026091222,Saturday,Market Close
12/09/2026 23:00,2026091223,Saturday,Market Close
13/09/2026 0:00,2026091300,Sunday,Market Close
13/09/2026 1:00,2026091301,Sunday,Market Close
13/09/2026 2:00,2026091302,Sunday,Market Close
13/09/2026 3:00,2026091303,Sunday,Market Close
13/09/2026 4:00,2026091304,Sunday,Market Close
13/09/2026 5:00,2026091305,Sunday,Market Close
13/09/2026 6:00,2026091306,Sunday,Market Close
13/09/2026 7:00,2026091307,Sunday,Market Close
13/09/2026 8:00,2026091308,Sunday,Market Close
13/09/2026 9:00,2026091309,Sunday,Market Close
13/09/2026 10:00,2026091310,Sunday,Market Close
13/09/2026 11:00,2026091311,Sunday,Market Close
13/09/2026 12:00,2026091312,Sunday,Market Close
13/09/2026 13:00,2026091313,Sunday,Market Close
13/09/2026 14:00,2026091314,Sunday,Market Close
13/09/2026 15:00,2026091315,Sunday,Market Close
13/09/2026 16:00,2026091316,Sunday,Market Close
13/09/2026 17:00,2026091317,Sunday,Market Close
13/09/2026 18:00,2026091318,Sunday,Market Close
13/09/2026 19:00,2026091319,Sunday,Market Close
13/09/2026 20:00,2026091320,Sunday,Market Close
18/09/2026 21:00,2026091821,Friday,Market Close
18/09/2026 22:00,2026091822,Friday,Market Close
18/09/2026 23:00,2026091823,Friday,Market Close
19/09/2026 0:00,2026091900,Saturday,Market Close
19/09/2026 1:00,2026091901,Saturday,Market Close
19/09/2026 2:00,2026091902,Saturday,Market Close
19/09/2026 3:00,2026091903,Saturday,Market Close
19/09/2026 4:00,2026091904,Saturday,Market Close
19/09/2026 5:00,2026091905,Saturday,Market Close
19/09/2026 6:00,2026091906,Saturday,Market Close
19/09/2026 7:00,2026091907,Saturday,Market Close
19/09/2026 8:00,2026091908,Saturday,Market Close
19/09/2026 9:00,2026091909,Saturday,Market Close
19/09/2026 10:00,2026091910,Saturday,Market Close
19/09/2026 11:00,2026091911,Saturday,Market Close
19/09/2026 12:00,2026091912,Saturday,Market Close
19/09/2026 13:00,2026091913,Saturday,Market Close
19/09/2026 14:00,2026091914,Saturday,Market Close
19/09/2026 15:00,2026091915,Saturday,Market Close
19/09/2026 16:00,2026091916,Saturday,Market Close
19/09/2026 17:00,2026091917,Saturday,Market Close
19/09/2026 18:00,2026091918,Saturday,Market Close
19/09/2026 19:00,2026091919,Saturday,Market Close
19/09/2026 20:00,2026091920,Saturday,Market Close
19/09/2026 21:00,2026091921,Saturday,Market Close
19/09/2026 22:00,2026091922,Saturday,Market Close
19/09/2026 23:00,2026091923,Saturday,Market Close
20/09/2026 0:00,2026092000,Sunday,Market Close
20/09/2026 1:00,2026092001,Sunday,Market Close
20/09/2026 2:00,2026092002,Sunday,Market Close
20/09/2026 3:00,2026092003,Sunday,Market Close
20/09/2026 4:00,2026092004,Sunday,Market Close
20/09/2026 5:00,2026092005,Sunday,Market Close
20/09/2026 6:00,2026092006,Sunday,Market Close
20/09/2026 7:00,2026092007,Sunday,Market Close
20/09/2026 8:00,2026092008,Sunday,Market Close
20/09/2026 9:00,2026092009,Sunday,Market Close
20/09/2026 10:00,2026092010,Sunday,Market Close
20/09/2026 11:00,2026092011,Sunday,Market Close
20/09/2026 12:00,2026092012,Sunday,Market Close
20/09/2026 13:00,2026092013,Sunday,Market Close
20/09/2026 14:00,2026092014,Sunday,Market Close
20/09/2026 15:00,2026092015,Sunday,Market Close
20/09/2026 16:00,2026092016,Sunday,Market Close
20/09/2026 17:00,2026092017,Sunday,Market Close
20/09/2026 18:00,2026092018,Sunday,Market Close
20/09/2026 19:00,2026092019,Sunday,Market Close
20/09/2026 20:00,2026092020,Sunday,Market Close
25/09/2026 21:00,2026092521,Friday,Market Close
25/09/2026 22:00,2026092522,Friday,Market Close
25/09/2026 23:00,2026092523,Friday,Market Close
26/09/2026 0:00,2026092600,Saturday,Market Close
26/09/2026 1:00,2026092601,Saturday,Market Close
26/09/2026 2:00,2026092602,Saturday,Market Close
26/09/2026 3:00,2026092603,Saturday,Market Close
26/09/2026 4:00,2026092604,Saturday,Market Close
26/09/2026 5:00,2026092605,Saturday,Market Close
26/09/2026 6:00,2026092606,Saturday,Market Close
26/09/2026 7:00,2026092607,Saturday,Market Close
26/09/2026 8:00,2026092608,Saturday,Market Close
26/09/2026 9:00,2026092609,Saturday,Market Close
26/09/2026 10:00,2026092610,Saturday,Market Close
26/09/2026 11:00,2026092611,Saturday,Market Close
26/09/2026 12:00,2026092612,Saturday,Market Close
26/09/2026 13:00,2026092613,Saturday,Market Close
26/09/2026 14:00,2026092614,Saturday,Market Close
26/09/2026 15:00,2026092615,Saturday,Market Close
26/09/2026 16:00,2026092616,Saturday,Market Close
26/09/2026 17:00,2026092617,Saturday,Market Close
26/09/2026 18:00,2026092618,Saturday,Market Close
26/09/2026 19:00,2026092619,Saturday,Market Close
26/09/2026 20:00,2026092620,Saturday,Market Close
26/09/2026 21:00,2026092621,Saturday,Market Close
26/09/2026 22:00,2026092622,Saturday,Market Close
26/09/2026 23:00,2026092623,Saturday,Market Close
27/09/2026 0:00,2026092700,Sunday,Market Close
27/09/2026 1:00,2026092701,Sunday,Market Close
27/09/2026 2:00,2026092702,Sunday,Market Close
27/09/2026 3:00,2026092703,Sunday,Market Close
27/09/2026 4:00,2026092704,Sunday,Market Close
27/09/2026 5:00,2026092705,Sunday,Market Close
27/09/2026 6:00,2026092706,Sunday,Market Close
27/09/2026 7:00,2026092707,Sunday,Market Close
27/09/2026 8:00,2026092708,Sunday,Market Close
27/09/2026 9:00,2026092709,Sunday,Market Close
27/09/2026 10:00,2026092710,Sunday,Market Close
27/09/2026 11:00,2026092711,Sunday,Market Close
27/09/2026 12:00,2026092712,Sunday,Market Close
27/09/2026 13:00,2026092713,Sunday,Market Close
27/09/2026 14:00,2026092714,Sunday,Market Close
27/09/2026 15:00,2026092715,Sunday,Market Close
27/09/2026 16:00,2026092716,Sunday,Market Close
27/09/2026 17:00,2026092717,Sunday,Market Close
27/09/2026 18:00,2026092718,Sunday,Market Close
27/09/2026 19:00,2026092719,Sunday,Market Close
27/09/2026 20:00,2026092720,Sunday,Market Close
2/10/2026 21:00,2026100221,Friday,Market Close
2/10/2026 22:00,2026100222,Friday,Market Close
2/10/2026 23:00,2026100223,Friday,Market Close
3/10/2026 0:00,2026100300,Saturday,Market Close
3/10/2026 1:00,2026100301,Saturday,Market Close
3/10/2026 2:00,2026100302,Saturday,Market Close
3/10/2026 3:00,2026100303,Saturday,Market Close
3/10/2026 4:00,2026100304,Saturday,Market Close
3/10/2026 5:00,2026100305,Saturday,Market Close
3/10/2026 6:00,2026100306,Saturday,Market Close
3/10/2026 7:00,2026100307,Saturday,Market Close
3/10/2026 8:00,2026100308,Saturday,Market Close
3/10/2026 9:00,2026100309,Saturday,Market Close
3/10/2026 10:00,2026100310,Saturday,Market Close
3/10/2026 11:00,2026100311,Saturday,Market Close
3/10/2026 12:00,2026100312,Saturday,Market Close
3/10/2026 13:00,2026100313,Saturday,Market Close
3/10/2026 14:00,2026100314,Saturday,Market Close
3/10/2026 15:00,2026100315,Saturday,Market Close
3/10/2026 16:00,2026100316,Saturday,Market Close
3/10/2026 17:00,2026100317,Saturday,Market Close
3/10/2026 18:00,2026100318,Saturday,Market Close
3/10/2026 19:00,2026100319,Saturday,Market Close
3/10/2026 20:00,2026100320,Saturday,Market Close
3/10/2026 21:00,2026100321,Saturday,Market Close
3/10/2026 22:00,2026100322,Saturday,Market Close
3/10/2026 23:00,2026100323,Saturday,Market Close
4/10/2026 0:00,2026100400,Sunday,Market Close
4/10/2026 1:00,2026100401,Sunday,Market Close
4/10/2026 2:00,2026100402,Sunday,Market Close
4/10/2026 3:00,2026100403,Sunday,Market Close
4/10/2026 4:00,2026100404,Sunday,Market Close
4/10/2026 5:00,2026100405,Sunday,Market Close
4/10/2026 6:00,2026100406,Sunday,Market Close
4/10/2026 7:00,2026100407,Sunday,Market Close
4/10/2026 8:00,2026100408,Sunday,Market Close
4/10/2026 9:00,2026100409,Sunday,Market Close
4/10/2026 10:00,2026100410,Sunday,Market Close
4/10/2026 11:00,2026100411,Sunday,Market Close
4/10/2026 12:00,2026100412,Sunday,Market Close
4/10/2026 13:00,2026100413,Sunday,Market Close
4/10/2026 14:00,2026100414,Sunday,Market Close
4/10/2026 15:00,2026100415,Sunday,Market Close
4/10/2026 16:00,2026100416,Sunday,Market Close
4/10/2026 17:00,2026100417,Sunday,Market Close
4/10/2026 18:00,2026100418,Sunday,Market Close
4/10/2026 19:00,2026100419,Sunday,Market Close
4/10/2026 20:00,2026100420,Sunday,Market Close
9/10/2026 21:00,2026100921,Friday,Market Close
9/10/2026 22:00,2026100922,Friday,Market Close
9/10/2026 23:00,2026100923,Friday,Market Close
10/10/2026 0:00,2026101000,Saturday,Market Close
10/10/2026 1:00,2026101001,Saturday,Market Close
10/10/2026 2:00,2026101002,Saturday,Market Close
10/10/2026 3:00,2026101003,Saturday,Market Close
10/10/2026 4:00,2026101004,Saturday,Market Close
10/10/2026 5:00,2026101005,Saturday,Market Close
10/10/2026 6:00,2026101006,Saturday,Market Close
10/10/2026 7:00,2026101007,Saturday,Market Close
10/10/2026 8:00,2026101008,Saturday,Market Close
10/10/2026 9:00,2026101009,Saturday,Market Close
10/10/2026 10:00,2026101010,Saturday,Market Close
10/10/2026 11:00,2026101011,Saturday,Market Close
10/10/2026 12:00,2026101012,Saturday,Market Close
10/10/2026 13:00,2026101013,Saturday,Market Close
10/10/2026 14:00,2026101014,Saturday,Market Close
10/10/2026 15:00,2026101015,Saturday,Market Close
10/10/2026 16:00,2026101016,Saturday,Market Close
10/10/2026 17:00,2026101017,Saturday,Market Close
10/10/2026 18:00,2026101018,Saturday,Market Close
10/10/2026 19:00,2026101019,Saturday,Market Close
10/10/2026 20:00,2026101020,Saturday,Market Close
10/10/2026 21:00,2026101021,Saturday,Market Close
10/10/2026 22:00,2026101022,Saturday,Market Close
10/10/2026 23:00,2026101023,Saturday,Market Close
11/10/2026 0:00,2026101100,Sunday,Market Close
11/10/2026 1:00,2026101101,Sunday,Market Close
11/10/2026 2:00,2026101102,Sunday,Market Close
11/10/2026 3:00,2026101103,Sunday,Market Close
11/10/2026 4:00,2026101104,Sunday,Market Close
11/10/2026 5:00,2026101105,Sunday,Market Close
11/10/2026 6:00,2026101106,Sunday,Market Close
11/10/2026 7:00,2026101107,Sunday,Market Close
11/10/2026 8:00,2026101108,Sunday,Market Close
11/10/2026 9:00,2026101109,Sunday,Market Close
11/10/2026 10:00,2026101110,Sunday,Market Close
11/10/2026 11:00,2026101111,Sunday,Market Close
11/10/2026 12:00,2026101112,Sunday,Market Close
11/10/2026 13:00,2026101113,Sunday,Market Close
11/10/2026 14:00,2026101114,Sunday,Market Close
11/10/2026 15:00,2026101115,Sunday,Market Close
11/10/2026 16:00,2026101116,Sunday,Market Close
11/10/2026 17:00,2026101117,Sunday,Market Close
11/10/2026 18:00,2026101118,Sunday,Market Close
11/10/2026 19:00,2026101119,Sunday,Market Close
11/10/2026 20:00,2026101120,Sunday,Market Close
16/10/2026 21:00,2026101621,Friday,Market Close
16/10/2026 22:00,2026101622,Friday,Market Close
16/10/2026 23:00,2026101623,Friday,Market Close
17/10/2026 0:00,2026101700,Saturday,Market Close
17/10/2026 1:00,2026101701,Saturday,Market Close
17/10/2026 2:00,2026101702,Saturday,Market Close
17/10/2026 3:00,2026101703,Saturday,Market Close
17/10/2026 4:00,2026101704,Saturday,Market Close
17/10/2026 5:00,2026101705,Saturday,Market Close
17/10/2026 6:00,2026101706,Saturday,Market Close
17/10/2026 7:00,2026101707,Saturday,Market Close
17/10/2026 8:00,2026101708,Saturday,Market Close
17/10/2026 9:00,2026101709,Saturday,Market Close
17/10/2026 10:00,2026101710,Saturday,Market Close
17/10/2026 11:00,2026101711,Saturday,Market Close
17/10/2026 12:00,2026101712,Saturday,Market Close
17/10/2026 13:00,2026101713,Saturday,Market Close
17/10/2026 14:00,2026101714,Saturday,Market Close
17/10/2026 15:00,2026101715,Saturday,Market Close
17/10/2026 16:00,2026101716,Saturday,Market Close
17/10/2026 17:00,2026101717,Saturday,Market Close
17/10/2026 18:00,2026101718,Saturday,Market Close
17/10/2026 19:00,2026101719,Saturday,Market Close
17/10/2026 20:00,2026101720,Saturday,Market Close
17/10/2026 21:00,2026101721,Saturday,Market Close
17/10/2026 22:00,2026101722,Saturday,Market Close
17/10/2026 23:00,2026101723,Saturday,Market Close
18/10/2026 0:00,2026101800,Sunday,Market Close
18/10/2026 1:00,2026101801,Sunday,Market Close
18/10/2026 2:00,2026101802,Sunday,Market Close
18/10/2026 3:00,2026101803,Sunday,Market Close
18/10/2026 4:00,2026101804,Sunday,Market Close
18/10/2026 5:00,2026101805,Sunday,Market Close
18/10/2026 6:00,2026101806,Sunday,Market Close
18/10/2026 7:00,2026101807,Sunday,Market Close
18/10/2026 8:00,2026101808,Sunday,Market Close
18/10/2026 9:00,2026101809,Sunday,Market Close
18/10/2026 10:00,2026101810,Sunday,Market Close
18/10/2026 11:00,2026101811,Sunday,Market Close
18/10/2026 12:00,2026101812,Sunday,Market Close
18/10/2026 13:00,2026101813,Sunday,Market Close
18/10/2026 14:00,2026101814,Sunday,Market Close
18/10/2026 15:00,2026101815,Sunday,Market Close
18/10/2026 16:00,2026101816,Sunday,Market Close
18/10/2026 17:00,2026101817,Sunday,Market Close
18/10/2026 18:00,2026101818,Sunday,Market Close
18/10/2026 19:00,2026101819,Sunday,Market Close
18/10/2026 20:00,2026101820,Sunday,Market Close
23/10/2026 21:00,2026102321,Friday,Market Close
23/10/2026 22:00,2026102322,Friday,Market Close
23/10/2026 23:00,2026102323,Friday,Market Close
24/10/2026 0:00,2026102400,Saturday,Market Close
24/10/2026 1:00,2026102401,Saturday,Market Close
24/10/2026 2:00,2026102402,Saturday,Market Close
24/10/2026 3:00,2026102403,Saturday,Market Close
24/10/2026 4:00,2026102404,Saturday,Market Close
24/10/2026 5:00,2026102405,Saturday,Market Close
24/10/2026 6:00,2026102406,Saturday,Market Close
24/10/2026 7:00,2026102407,Saturday,Market Close
24/10/2026 8:00,2026102408,Saturday,Market Close
24/10/2026 9:00,2026102409,Saturday,Market Close
24/10/2026 10:00,2026102410,Saturday,Market Close
24/10/2026 11:00,2026102411,Saturday,Market Close
24/10/2026 12:00,2026102412,Saturday,Market Close
24/10/2026 13:00,2026102413,Saturday,Market Close
24/10/2026 14:00,2026102414,Saturday,Market Close
24/10/2026 15:00,2026102415,Saturday,Market Close
24/10/2026 16:00,2026102416,Saturday,Market Close
24/10/2026 17:00,2026102417,Saturday,Market Close
24/10/2026 18:00,2026102418,Saturday,Market Close
24/10/2026 19:00,2026102419,Saturday,Market Close
24/10/2026 20:00,2026102420,Saturday,Market Close
24/10/2026 21:00,2026102421,Saturday,Market Close
24/10/2026 22:00,2026102422,Saturday,Market Close
24/10/2026 23:00,2026102423,Saturday,Market Close
25/10/2026 0:00,2026102500,Sunday,Market Close
25/10/2026 1:00,2026102501,Sunday,Market Close
25/10/2026 2:00,2026102502,Sunday,Market Close
25/10/2026 3:00,2026102503,Sunday,Market Close
25/10/2026 4:00,2026102504,Sunday,Market Close
25/10/2026 5:00,2026102505,Sunday,Market Close
25/10/2026 6:00,2026102506,Sunday,Market Close
25/10/2026 7:00,2026102507,Sunday,Market Close
25/10/2026 8:00,2026102508,Sunday,Market Close
25/10/2026 9:00,2026102509,Sunday,Market Close
25/10/2026 10:00,2026102510,Sunday,Market Close
25/10/2026 11:00,2026102511,Sunday,Market Close
25/10/2026 12:00,2026102512,Sunday,Market Close
25/10/2026 13:00,2026102513,Sunday,Market Close
25/10/2026 14:00,2026102514,Sunday,Market Close
25/10/2026 15:00,2026102515,Sunday,Market Close
25/10/2026 16:00,2026102516,Sunday,Market Close
25/10/2026 17:00,2026102517,Sunday,Market Close
25/10/2026 18:00,2026102518,Sunday,Market Close
25/10/2026 19:00,2026102519,Sunday,Market Close
25/10/2026 20:00,2026102520,Sunday,Market Close
30/10/2026 21:00,2026103021,Friday,Market Close
30/10/2026 22:00,2026103022,Friday,Market Close
30/10/2026 23:00,2026103023,Friday,Market Close
31/10/2026 0:00,2026103100,Saturday,Market Close
31/10/2026 1:00,2026103101,Saturday,Market Close
31/10/2026 2:00,2026103102,Saturday,Market Close
31/10/2026 3:00,2026103103,Saturday,Market Close
31/10/2026 4:00,2026103104,Saturday,Market Close
31/10/2026 5:00,2026103105,Saturday,Market Close
31/10/2026 6:00,2026103106,Saturday,Market Close
31/10/2026 7:00,2026103107,Saturday,Market Close
31/10/2026 8:00,2026103108,Saturday,Market Close
31/10/2026 9:00,2026103109,Saturday,Market Close
31/10/2026 10:00,2026103110,Saturday,Market Close
31/10/2026 11:00,2026103111,Saturday,Market Close
31/10/2026 12:00,2026103112,Saturday,Market Close
31/10/2026 13:00,2026103113,Saturday,Market Close
31/10/2026 14:00,2026103114,Saturday,Market Close
31/10/2026 15:00,2026103115,Saturday,Market Close
31/10/2026 16:00,2026103116,Saturday,Market Close
31/10/2026 17:00,2026103117,Saturday,Market Close
31/10/2026 18:00,2026103118,Saturday,Market Close
31/10/2026 19:00,2026103119,Saturday,Market Close
31/10/2026 20:00,2026103120,Saturday,Market Close
31/10/2026 21:00,2026103121,Saturday,Market Close
31/10/2026 22:00,2026103122,Saturday,Market Close
31/10/2026 23:00,2026103123,Saturday,Market Close
1/11/2026 0:00,2026110100,Sunday,Market Close
1/11/2026 1:00,2026110101,Sunday,Market Close
1/11/2026 2:00,2026110102,Sunday,Market Close
1/11/2026 3:00,2026110103,Sunday,Market Close
1/11/2026 4:00,2026110104,Sunday,Market Close
1/11/2026 5:00,2026110105,Sunday,Market Close
1/11/2026 6:00,2026110106,Sunday,Market Close
1/11/2026 7:00,2026110107,Sunday,Market Close
1/11/2026 8:00,2026110108,Sunday,Market Close
1/11/2026 9:00,2026110109,Sunday,Market Close
1/11/2026 10:00,2026110110,Sunday,Market Close
1/11/2026 11:00,2026110111,Sunday,Market Close
1/11/2026 12:00,2026110112,Sunday,Market Close
1/11/2026 13:00,2026110113,Sunday,Market Close
1/11/2026 14:00,2026110114,Sunday,Market Close
1/11/2026 15:00,2026110115,Sunday,Market Close
1/11/2026 16:00,2026110116,Sunday,Market Close
1/11/2026 17:00,2026110117,Sunday,Market Close
1/11/2026 18:00,2026110118,Sunday,Market Close
1/11/2026 19:00,2026110119,Sunday,Market Close
1/11/2026 20:00,2026110120,Sunday,Market Close
1/11/2026 21:00,2026110121,Sunday,Market Close
6/11/2026 22:00,2026110622,Friday,Market Close
6/11/2026 23:00,2026110623,Friday,Market Close
7/11/2026 0:00,2026110700,Saturday,Market Close
7/11/2026 1:00,2026110701,Saturday,Market Close
7/11/2026 2:00,2026110702,Saturday,Market Close
7/11/2026 3:00,2026110703,Saturday,Market Close
7/11/2026 4:00,2026110704,Saturday,Market Close
7/11/2026 5:00,2026110705,Saturday,Market Close
7/11/2026 6:00,2026110706,Saturday,Market Close
7/11/2026 7:00,2026110707,Saturday,Market Close
7/11/2026 8:00,2026110708,Saturday,Market Close
7/11/2026 9:00,2026110709,Saturday,Market Close
7/11/2026 10:00,2026110710,Saturday,Market Close
7/11/2026 11:00,2026110711,Saturday,Market Close
7/11/2026 12:00,2026110712,Saturday,Market Close
7/11/2026 13:00,2026110713,Saturday,Market Close
7/11/2026 14:00,2026110714,Saturday,Market Close
7/11/2026 15:00,2026110715,Saturday,Market Close
7/11/2026 16:00,2026110716,Saturday,Market Close
7/11/2026 17:00,2026110717,Saturday,Market Close
7/11/2026 18:00,2026110718,Saturday,Market Close
7/11/2026 19:00,2026110719,Saturday,Market Close
7/11/2026 20:00,2026110720,Saturday,Market Close
7/11/2026 21:00,2026110721,Saturday,Market Close
7/11/2026 22:00,2026110722,Saturday,Market Close
7/11/2026 23:00,2026110723,Saturday,Market Close
8/11/2026 0:00,2026110800,Sunday,Market Close
8/11/2026 1:00,2026110801,Sunday,Market Close
8/11/2026 2:00,2026110802,Sunday,Market Close
8/11/2026 3:00,2026110803,Sunday,Market Close
8/11/2026 4:00,2026110804,Sunday,Market Close
8/11/2026 5:00,2026110805,Sunday,Market Close
8/11/2026 6:00,2026110806,Sunday,Market Close
8/11/2026 7:00,2026110807,Sunday,Market Close
8/11/2026 8:00,2026110808,Sunday,Market Close
8/11/2026 9:00,2026110809,Sunday,Market Close
8/11/2026 10:00,2026110810,Sunday,Market Close
8/11/2026 11:00,2026110811,Sunday,Market Close
8/11/2026 12:00,2026110812,Sunday,Market Close
8/11/2026 13:00,2026110813,Sunday,Market Close
8/11/2026 14:00,2026110814,Sunday,Market Close
8/11/2026 15:00,2026110815,Sunday,Market Close
8/11/2026 16:00,2026110816,Sunday,Market Close
8/11/2026 17:00,2026110817,Sunday,Market Close
8/11/2026 18:00,2026110818,Sunday,Market Close
8/11/2026 19:00,2026110819,Sunday,Market Close
8/11/2026 20:00,2026110820,Sunday,Market Close
8/11/2026 21:00,2026110821,Sunday,Market Close
13/11/2026 22:00,2026111322,Friday,Market Close
13/11/2026 23:00,2026111323,Friday,Market Close
14/11/2026 0:00,2026111400,Saturday,Market Close
14/11/2026 1:00,2026111401,Saturday,Market Close
14/11/2026 2:00,2026111402,Saturday,Market Close
14/11/2026 3:00,2026111403,Saturday,Market Close
14/11/2026 4:00,2026111404,Saturday,Market Close
14/11/2026 5:00,2026111405,Saturday,Market Close
14/11/2026 6:00,2026111406,Saturday,Market Close
14/11/2026 7:00,2026111407,Saturday,Market Close
14/11/2026 8:00,2026111408,Saturday,Market Close
14/11/2026 9:00,2026111409,Saturday,Market Close
14/11/2026 10:00,2026111410,Saturday,Market Close
14/11/2026 11:00,2026111411,Saturday,Market Close
14/11/2026 12:00,2026111412,Saturday,Market Close
14/11/2026 13:00,2026111413,Saturday,Market Close
14/11/2026 14:00,2026111414,Saturday,Market Close
14/11/2026 15:00,2026111415,Saturday,Market Close
14/11/2026 16:00,2026111416,Saturday,Market Close
14/11/2026 17:00,2026111417,Saturday,Market Close
14/11/2026 18:00,2026111418,Saturday,Market Close
14/11/2026 19:00,2026111419,Saturday,Market Close
14/11/2026 20:00,2026111420,Saturday,Market Close
14/11/2026 21:00,2026111421,Saturday,Market Close
14/11/2026 22:00,2026111422,Saturday,Market Close
14/11/2026 23:00,2026111423,Saturday,Market Close
15/11/2026 0:00,2026111500,Sunday,Market Close
15/11/2026 1:00,2026111501,Sunday,Market Close
15/11/2026 2:00,2026111502,Sunday,Market Close
15/11/2026 3:00,2026111503,Sunday,Market Close
15/11/2026 4:00,2026111504,Sunday,Market Close
15/11/2026 5:00,2026111505,Sunday,Market Close
15/11/2026 6:00,2026111506,Sunday,Market Close
15/11/2026 7:00,2026111507,Sunday,Market Close
15/11/2026 8:00,2026111508,Sunday,Market Close
15/11/2026 9:00,2026111509,Sunday,Market Close
15/11/2026 10:00,2026111510,Sunday,Market Close
15/11/2026 11:00,2026111511,Sunday,Market Close
15/11/2026 12:00,2026111512,Sunday,Market Close
15/11/2026 13:00,2026111513,Sunday,Market Close
15/11/2026 14:00,2026111514,Sunday,Market Close
15/11/2026 15:00,2026111515,Sunday,Market Close
15/11/2026 16:00,2026111516,Sunday,Market Close
15/11/2026 17:00,2026111517,Sunday,Market Close
15/11/2026 18:00,2026111518,Sunday,Market Close
15/11/2026 19:00,2026111519,Sunday,Market Close
15/11/2026 20:00,2026111520,Sunday,Market Close
15/11/2026 21:00,2026111521,Sunday,Market Close
20/11/2026 22:00,2026112022,Friday,Market Close
20/11/2026 23:00,2026112023,Friday,Market Close
21/11/2026 0:00,2026112100,Saturday,Market Close
21/11/2026 1:00,2026112101,Saturday,Market Close
21/11/2026 2:00,2026112102,Saturday,Market Close
21/11/2026 3:00,2026112103,Saturday,Market Close
21/11/2026 4:00,2026112104,Saturday,Market Close
21/11/2026 5:00,2026112105,Saturday,Market Close
21/11/2026 6:00,2026112106,Saturday,Market Close
21/11/2026 7:00,2026112107,Saturday,Market Close
21/11/2026 8:00,2026112108,Saturday,Market Close
21/11/2026 9:00,2026112109,Saturday,Market Close
21/11/2026 10:00,2026112110,Saturday,Market Close
21/11/2026 11:00,2026112111,Saturday,Market Close
21/11/2026 12:00,2026112112,Saturday,Market Close
21/11/2026 13:00,2026112113,Saturday,Market Close
21/11/2026 14:00,2026112114,Saturday,Market Close
21/11/2026 15:00,2026112115,Saturday,Market Close
21/11/2026 16:00,2026112116,Saturday,Market Close
21/11/2026 17:00,2026112117,Saturday,Market Close
21/11/2026 18:00,2026112118,Saturday,Market Close
21/11/2026 19:00,2026112119,Saturday,Market Close
21/11/2026 20:00,2026112120,Saturday,Market Close
21/11/2026 21:00,2026112121,Saturday,Market Close
21/11/2026 22:00,2026112122,Saturday,Market Close
21/11/2026 23:00,2026112123,Saturday,Market Close
22/11/2026 0:00,2026112200,Sunday,Market Close
22/11/2026 1:00,2026112201,Sunday,Market Close
22/11/2026 2:00,2026112202,Sunday,Market Close
22/11/2026 3:00,2026112203,Sunday,Market Close
22/11/2026 4:00,2026112204,Sunday,Market Close
22/11/2026 5:00,2026112205,Sunday,Market Close
22/11/2026 6:00,2026112206,Sunday,Market Close
22/11/2026 7:00,2026112207,Sunday,Market Close
22/11/2026 8:00,2026112208,Sunday,Market Close
22/11/2026 9:00,2026112209,Sunday,Market Close
22/11/2026 10:00,2026112210,Sunday,Market Close
22/11/2026 11:00,2026112211,Sunday,Market Close
22/11/2026 12:00,2026112212,Sunday,Market Close
22/11/2026 13:00,2026112213,Sunday,Market Close
22/11/2026 14:00,2026112214,Sunday,Market Close
22/11/2026 15:00,2026112215,Sunday,Market Close
22/11/2026 16:00,2026112216,Sunday,Market Close
22/11/2026 17:00,2026112217,Sunday,Market Close
22/11/2026 18:00,2026112218,Sunday,Market Close
22/11/2026 19:00,2026112219,Sunday,Market Close
22/11/2026 20:00,2026112220,Sunday,Market Close
22/11/2026 21:00,2026112221,Sunday,Market Close
27/11/2026 22:00,2026112722,Friday,Market Close
27/11/2026 23:00,2026112723,Friday,Market Close
28/11/2026 0:00,2026112800,Saturday,Market Close
28/11/2026 1:00,2026112801,Saturday,Market Close
28/11/2026 2:00,2026112802,Saturday,Market Close
28/11/2026 3:00,2026112803,Saturday,Market Close
28/11/2026 4:00,2026112804,Saturday,Market Close
28/11/2026 5:00,2026112805,Saturday,Market Close
28/11/2026 6:00,2026112806,Saturday,Market Close
28/11/2026 7:00,2026112807,Saturday,Market Close
28/11/2026 8:00,2026112808,Saturday,Market Close
28/11/2026 9:00,2026112809,Saturday,Market Close
28/11/2026 10:00,2026112810,Saturday,Market Close
28/11/2026 11:00,2026112811,Saturday,Market Close
28/11/2026 12:00,2026112812,Saturday,Market Close
28/11/2026 13:00,2026112813,Saturday,Market Close
28/11/2026 14:00,2026112814,Saturday,Market Close
28/11/2026 15:00,2026112815,Saturday,Market Close
28/11/2026 16:00,2026112816,Saturday,Market Close
28/11/2026 17:00,2026112817,Saturday,Market Close
28/11/2026 18:00,2026112818,Saturday,Market Close
28/11/2026 19:00,2026112819,Saturday,Market Close
28/11/2026 20:00,2026112820,Saturday,Market Close
28/11/2026 21:00,2026112821,Saturday,Market Close
28/11/2026 22:00,2026112822,Saturday,Market Close
28/11/2026 23:00,2026112823,Saturday,Market Close
29/11/2026 0:00,2026112900,Sunday,Market Close
29/11/2026 1:00,2026112901,Sunday,Market Close
29/11/2026 2:00,2026112902,Sunday,Market Close
29/11/2026 3:00,2026112903,Sunday,Market Close
29/11/2026 4:00,2026112904,Sunday,Market Close
29/11/2026 5:00,2026112905,Sunday,Market Close
29/11/2026 6:00,2026112906,Sunday,Market Close
29/11/2026 7:00,2026112907,Sunday,Market Close
29/11/2026 8:00,2026112908,Sunday,Market Close
29/11/2026 9:00,2026112909,Sunday,Market Close
29/11/2026 10:00,2026112910,Sunday,Market Close
29/11/2026 11:00,2026112911,Sunday,Market Close
29/11/2026 12:00,2026112912,Sunday,Market Close
29/11/2026 13:00,2026112913,Sunday,Market Close
29/11/2026 14:00,2026112914,Sunday,Market Close
29/11/2026 15:00,2026112915,Sunday,Market Close
29/11/2026 16:00,2026112916,Sunday,Market Close
29/11/2026 17:00,2026112917,Sunday,Market Close
29/11/2026 18:00,2026112918,Sunday,Market Close
29/11/2026 19:00,2026112919,Sunday,Market Close
29/11/2026 20:00,2026112920,Sunday,Market Close
29/11/2026 21:00,2026112921,Sunday,Market Close
4/12/2026 22:00,2026120422,Friday,Market Close
4/12/2026 23:00,2026120423,Friday,Market Close
5/12/2026 0:00,2026120500,Saturday,Market Close
5/12/2026 1:00,2026120501,Saturday,Market Close
5/12/2026 2:00,2026120502,Saturday,Market Close
5/12/2026 3:00,2026120503,Saturday,Market Close
5/12/2026 4:00,2026120504,Saturday,Market Close
5/12/2026 5:00,2026120505,Saturday,Market Close
5/12/2026 6:00,2026120506,Saturday,Market Close
5/12/2026 7:00,2026120507,Saturday,Market Close
5/12/2026 8:00,2026120508,Saturday,Market Close
5/12/2026 9:00,2026120509,Saturday,Market Close
5/12/2026 10:00,2026120510,Saturday,Market Close
5/12/2026 11:00,2026120511,Saturday,Market Close
5/12/2026 12:00,2026120512,Saturday,Market Close
5/12/2026 13:00,2026120513,Saturday,Market Close
5/12/2026 14:00,2026120514,Saturday,Market Close
5/12/2026 15:00,2026120515,Saturday,Market Close
5/12/2026 16:00,2026120516,Saturday,Market Close
5/12/2026 17:00,2026120517,Saturday,Market Close
5/12/2026 18:00,2026120518,Saturday,Market Close
5/12/2026 19:00,2026120519,Saturday,Market Close
5/12/2026 20:00,2026120520,Saturday,Market Close
5/12/2026 21:00,2026120521,Saturday,Market Close
5/12/2026 22:00,2026120522,Saturday,Market Close
5/12/2026 23:00,2026120523,Saturday,Market Close
6/12/2026 0:00,2026120600,Sunday,Market Close
6/12/2026 1:00,2026120601,Sunday,Market Close
6/12/2026 2:00,2026120602,Sunday,Market Close
6/12/2026 3:00,2026120603,Sunday,Market Close
6/12/2026 4:00,2026120604,Sunday,Market Close
6/12/2026 5:00,2026120605,Sunday,Market Close
6/12/2026 6:00,2026120606,Sunday,Market Close
6/12/2026 7:00,2026120607,Sunday,Market Close
6/12/2026 8:00,2026120608,Sunday,Market Close
6/12/2026 9:00,2026120609,Sunday,Market Close
6/12/2026 10:00,2026120610,Sunday,Market Close
6/12/2026 11:00,2026120611,Sunday,Market Close
6/12/2026 12:00,2026120612,Sunday,Market Close
6/12/2026 13:00,2026120613,Sunday,Market Close
6/12/2026 14:00,2026120614,Sunday,Market Close
6/12/2026 15:00,2026120615,Sunday,Market Close
6/12/2026 16:00,2026120616,Sunday,Market Close
6/12/2026 17:00,2026120617,Sunday,Market Close
6/12/2026 18:00,2026120618,Sunday,Market Close
6/12/2026 19:00,2026120619,Sunday,Market Close
6/12/2026 20:00,2026120620,Sunday,Market Close
6/12/2026 21:00,2026120621,Sunday,Market Close
11/12/2026 22:00,2026121122,Friday,Market Close
11/12/2026 23:00,2026121123,Friday,Market Close
12/12/2026 0:00,2026121200,Saturday,Market Close
12/12/2026 1:00,2026121201,Saturday,Market Close
12/12/2026 2:00,2026121202,Saturday,Market Close
12/12/2026 3:00,2026121203,Saturday,Market Close
12/12/2026 4:00,2026121204,Saturday,Market Close
12/12/2026 5:00,2026121205,Saturday,Market Close
12/12/2026 6:00,2026121206,Saturday,Market Close
12/12/2026 7:00,2026121207,Saturday,Market Close
12/12/2026 8:00,2026121208,Saturday,Market Close
12/12/2026 9:00,2026121209,Saturday,Market Close
12/12/2026 10:00,2026121210,Saturday,Market Close
12/12/2026 11:00,2026121211,Saturday,Market Close
12/12/2026 12:00,2026121212,Saturday,Market Close
12/12/2026 13:00,2026121213,Saturday,Market Close
12/12/2026 14:00,2026121214,Saturday,Market Close
12/12/2026 15:00,2026121215,Saturday,Market Close
12/12/2026 16:00,2026121216,Saturday,Market Close
12/12/2026 17:00,2026121217,Saturday,Market Close
12/12/2026 18:00,2026121218,Saturday,Market Close
12/12/2026 19:00,2026121219,Saturday,Market Close
12/12/2026 20:00,2026121220,Saturday,Market Close
12/12/2026 21:00,2026121221,Saturday,Market Close
12/12/2026 22:00,2026121222,Saturday,Market Close
12/12/2026 23:00,2026121223,Saturday,Market Close
13/12/2026 0:00,2026121300,Sunday,Market Close
13/12/2026 1:00,2026121301,Sunday,Market Close
13/12/2026 2:00,2026121302,Sunday,Market Close
13/12/2026 3:00,2026121303,Sunday,Market Close
13/12/2026 4:00,2026121304,Sunday,Market Close
13/12/2026 5:00,2026121305,Sunday,Market Close
13/12/2026 6:00,2026121306,Sunday,Market Close
13/12/2026 7:00,2026121307,Sunday,Market Close
13/12/2026 8:00,2026121308,Sunday,Market Close
13/12/2026 9:00,2026121309,Sunday,Market Close
13/12/2026 10:00,2026121310,Sunday,Market Close
13/12/2026 11:00,2026121311,Sunday,Market Close
13/12/2026 12:00,2026121312,Sunday,Market Close
13/12/2026 13:00,2026121313,Sunday,Market Close
13/12/2026 14:00,2026121314,Sunday,Market Close
13/12/2026 15:00,2026121315,Sunday,Market Close
13/12/2026 16:00,2026121316,Sunday,Market Close
13/12/2026 17:00,2026121317,Sunday,Market Close
13/12/2026 18:00,2026121318,Sunday,Market Close
13/12/2026 19:00,2026121319,Sunday,Market Close
13/12/2026 20:00,2026121320,Sunday,Market Close
13/12/2026 21:00,2026121321,Sunday,Market Close
18/12/2026 22:00,2026121822,Friday,Market Close
18/12/2026 23:00,2026121823,Friday,Market Close
19/12/2026 0:00,2026121900,Saturday,Market Close
19/12/2026 1:00,2026121901,Saturday,Market Close
19/12/2026 2:00,2026121902,Saturday,Market Close
19/12/2026 3:00,2026121903,Saturday,Market Close
19/12/2026 4:00,2026121904,Saturday,Market Close
19/12/2026 5:00,2026121905,Saturday,Market Close
19/12/2026 6:00,2026121906,Saturday,Market Close
19/12/2026 7:00,2026121907,Saturday,Market Close
19/12/2026 8:00,2026121908,Saturday,Market Close
19/12/2026 9:00,2026121909,Saturday,Market Close
19/12/2026 10:00,2026121910,Saturday,Market Close
19/12/2026 11:00,2026121911,Saturday,Market Close
19/12/2026 12:00,2026121912,Saturday,Market Close
19/12/2026 13:00,2026121913,Saturday,Market Close
19/12/2026 14:00,2026121914,Saturday,Market Close
19/12/2026 15:00,2026121915,Saturday,Market Close
19/12/2026 16:00,2026121916,Saturday,Market Close
19/12/2026 17:00,2026121917,Saturday,Market Close
19/12/2026 18:00,2026121918,Saturday,Market Close
19/12/2026 19:00,2026121919,Saturday,Market Close
19/12/2026 20:00,2026121920,Saturday,Market Close
19/12/2026 21:00,2026121921,Saturday,Market Close
19/12/2026 22:00,2026121922,Saturday,Market Close
19/12/2026 23:00,2026121923,Saturday,Market Close
20/12/2026 0:00,2026122000,Sunday,Market Close
20/12/2026 1:00,2026122001,Sunday,Market Close
20/12/2026 2:00,2026122002,Sunday,Market Close
20/12/2026 3:00,2026122003,Sunday,Market Close
20/12/2026 4:00,2026122004,Sunday,Market Close
20/12/2026 5:00,2026122005,Sunday,Market Close
20/12/2026 6:00,2026122006,Sunday,Market Close
20/12/2026 7:00,2026122007,Sunday,Market Close
20/12/2026 8:00,2026122008,Sunday,Market Close
20/12/2026 9:00,2026122009,Sunday,Market Close
20/12/2026 10:00,2026122010,Sunday,Market Close
20/12/2026 11:00,2026122011,Sunday,Market Close
20/12/2026 12:00,2026122012,Sunday,Market Close
20/12/2026 13:00,2026122013,Sunday,Market Close
20/12/2026 14:00,2026122014,Sunday,Market Close
20/12/2026 15:00,2026122015,Sunday,Market Close
20/12/2026 16:00,2026122016,Sunday,Market Close
20/12/2026 17:00,2026122017,Sunday,Market Close
20/12/2026 18:00,2026122018,Sunday,Market Close
20/12/2026 19:00,2026122019,Sunday,Market Close
20/12/2026 20:00,2026122020,Sunday,Market Close
20/12/2026 21:00,2026122021,Sunday,Market Close
25/12/2026 22:00,2026122522,Friday,Market Close
25/12/2026 23:00,2026122523,Friday,Market Close
26/12/2026 0:00,2026122600,Saturday,Market Close
26/12/2026 1:00,2026122601,Saturday,Market Close
26/12/2026 2:00,2026122602,Saturday,Market Close
26/12/2026 3:00,2026122603,Saturday,Market Close
26/12/2026 4:00,2026122604,Saturday,Market Close
26/12/2026 5:00,2026122605,Saturday,Market Close
26/12/2026 6:00,2026122606,Saturday,Market Close
26/12/2026 7:00,2026122607,Saturday,Market Close
26/12/2026 8:00,2026122608,Saturday,Market Close
26/12/2026 9:00,2026122609,Saturday,Market Close
26/12/2026 10:00,2026122610,Saturday,Market Close
26/12/2026 11:00,2026122611,Saturday,Market Close
26/12/2026 12:00,2026122612,Saturday,Market Close
26/12/2026 13:00,2026122613,Saturday,Market Close
26/12/2026 14:00,2026122614,Saturday,Market Close
26/12/2026 15:00,2026122615,Saturday,Market Close
26/12/2026 16:00,2026122616,Saturday,Market Close
26/12/2026 17:00,2026122617,Saturday,Market Close
26/12/2026 18:00,2026122618,Saturday,Market Close
26/12/2026 19:00,2026122619,Saturday,Market Close
26/12/2026 20:00,2026122620,Saturday,Market Close
26/12/2026 21:00,2026122621,Saturday,Market Close
26/12/2026 22:00,2026122622,Saturday,Market Close
26/12/2026 23:00,2026122623,Saturday,Market Close
27/12/2026 0:00,2026122700,Sunday,Market Close
27/12/2026 1:00,2026122701,Sunday,Market Close
27/12/2026 2:00,2026122702,Sunday,Market Close
27/12/2026 3:00,2026122703,Sunday,Market Close
27/12/2026 4:00,2026122704,Sunday,Market Close
27/12/2026 5:00,2026122705,Sunday,Market Close
27/12/2026 6:00,2026122706,Sunday,Market Close
27/12/2026 7:00,2026122707,Sunday,Market Close
27/12/2026 8:00,2026122708,Sunday,Market Close
27/12/2026 9:00,2026122709,Sunday,Market Close
27/12/2026 10:00,2026122710,Sunday,Market Close
27/12/2026 11:00,2026122711,Sunday,Market Close
27/12/2026 12:00,2026122712,Sunday,Market Close
27/12/2026 13:00,2026122713,Sunday,Market Close
27/12/2026 14:00,2026122714,Sunday,Market Close
27/12/2026 15:00,2026122715,Sunday,Market Close
27/12/2026 16:00,2026122716,Sunday,Market Close
27/12/2026 17:00,2026122717,Sunday,Market Close
27/12/2026 18:00,2026122718,Sunday,Market Close
27/12/2026 19:00,2026122719,Sunday,Market Close
27/12/2026 20:00,2026122720,Sunday,Market Close
27/12/2026 21:00,2026122721,Sunday,Market Close
1/01/2027 22:00,2027010122,Friday,Market Close
1/01/2027 23:00,2027010123,Friday,Market Close
2/01/2027 0:00,2027010200,Saturday,Market Close
2/01/2027 1:00,2027010201,Saturday,Market Close
2/01/2027 2:00,2027010202,Saturday,Market Close
2/01/2027 3:00,2027010203,Saturday,Market Close
2/01/2027 4:00,2027010204,Saturday,Market Close
2/01/2027 5:00,2027010205,Saturday,Market Close
2/01/2027 6:00,2027010206,Saturday,Market Close
2/01/2027 7:00,2027010207,Saturday,Market Close
2/01/2027 8:00,2027010208,Saturday,Market Close
2/01/2027 9:00,2027010209,Saturday,Market Close
2/01/2027 10:00,2027010210,Saturday,Market Close
2/01/2027 11:00,2027010211,Saturday,Market Close
2/01/2027 12:00,2027010212,Saturday,Market Close
2/01/2027 13:00,2027010213,Saturday,Market Close
2/01/2027 14:00,2027010214,Saturday,Market Close
2/01/2027 15:00,2027010215,Saturday,Market Close
2/01/2027 16:00,2027010216,Saturday,Market Close
2/01/2027 17:00,2027010217,Saturday,Market Close
2/01/2027 18:00,2027010218,Saturday,Market Close
2/01/2027 19:00,2027010219,Saturday,Market Close
2/01/2027 20:00,2027010220,Saturday,Market Close
2/01/2027 21:00,2027010221,Saturday,Market Close
2/01/2027 22:00,2027010222,Saturday,Market Close
2/01/2027 23:00,2027010223,Saturday,Market Close
3/01/2027 0:00,2027010300,Sunday,Market Close
3/01/2027 1:00,2027010301,Sunday,Market Close
3/01/2027 2:00,2027010302,Sunday,Market Close
3/01/2027 3:00,2027010303,Sunday,Market Close
3/01/2027 4:00,2027010304,Sunday,Market Close
3/01/2027 5:00,2027010305,Sunday,Market Close
3/01/2027 6:00,2027010306,Sunday,Market Close
3/01/2027 7:00,2027010307,Sunday,Market Close
3/01/2027 8:00,2027010308,Sunday,Market Close
3/01/2027 9:00,2027010309,Sunday,Market Close
3/01/2027 10:00,2027010310,Sunday,Market Close
3/01/2027 11:00,2027010311,Sunday,Market Close
3/01/2027 12:00,2027010312,Sunday,Market Close
3/01/2027 13:00,2027010313,Sunday,Market Close
3/01/2027 14:00,2027010314,Sunday,Market Close
3/01/2027 15:00,2027010315,Sunday,Market Close
3/01/2027 16:00,2027010316,Sunday,Market Close
3/01/2027 17:00,2027010317,Sunday,Market Close
3/01/2027 18:00,2027010318,Sunday,Market Close
3/01/2027 19:00,2027010319,Sunday,Market Close
3/01/2027 20:00,2027010320,Sunday,Market Close
3/01/2027 21:00,2027010321,Sunday,Market Close
8/01/2027 22:00,2027010822,Friday,Market Close
8/01/2027 23:00,2027010823,Friday,Market Close
9/01/2027 0:00,2027010900,Saturday,Market Close
9/01/2027 1:00,2027010901,Saturday,Market Close
9/01/2027 2:00,2027010902,Saturday,Market Close
9/01/2027 3:00,2027010903,Saturday,Market Close
9/01/2027 4:00,2027010904,Saturday,Market Close
9/01/2027 5:00,2027010905,Saturday,Market Close
9/01/2027 6:00,2027010906,Saturday,Market Close
9/01/2027 7:00,2027010907,Saturday,Market Close
9/01/2027 8:00,2027010908,Saturday,Market Close
9/01/2027 9:00,2027010909,Saturday,Market Close
9/01/2027 10:00,2027010910,Saturday,Market Close
9/01/2027 11:00,2027010911,Saturday,Market Close
9/01/2027 12:00,2027010912,Saturday,Market Close
9/01/2027 13:00,2027010913,Saturday,Market Close
9/01/2027 14:00,2027010914,Saturday,Market Close
9/01/2027 15:00,2027010915,Saturday,Market Close
9/01/2027 16:00,2027010916,Saturday,Market Close
9/01/2027 17:00,2027010917,Saturday,Market Close
9/01/2027 18:00,2027010918,Saturday,Market Close
9/01/2027 19:00,2027010919,Saturday,Market Close
9/01/2027 20:00,2027010920,Saturday,Market Close
9/01/2027 21:00,2027010921,Saturday,Market Close
9/01/2027 22:00,2027010922,Saturday,Market Close
9/01/2027 23:00,2027010923,Saturday,Market Close
10/01/2027 0:00,2027011000,Sunday,Market Close
10/01/2027 1:00,2027011001,Sunday,Market Close
10/01/2027 2:00,2027011002,Sunday,Market Close
10/01/2027 3:00,2027011003,Sunday,Market Close
10/01/2027 4:00,2027011004,Sunday,Market Close
10/01/2027 5:00,2027011005,Sunday,Market Close
10/01/2027 6:00,2027011006,Sunday,Market Close
10/01/2027 7:00,2027011007,Sunday,Market Close
10/01/2027 8:00,2027011008,Sunday,Market Close
10/01/2027 9:00,2027011009,Sunday,Market Close
10/01/2027 10:00,2027011010,Sunday,Market Close
10/01/2027 11:00,2027011011,Sunday,Market Close
10/01/2027 12:00,2027011012,Sunday,Market Close
10/01/2027 13:00,2027011013,Sunday,Market Close
10/01/2027 14:00,2027011014,Sunday,Market Close
10/01/2027 15:00,2027011015,Sunday,Market Close
10/01/2027 16:00,2027011016,Sunday,Market Close
10/01/2027 17:00,2027011017,Sunday,Market Close
10/01/2027 18:00,2027011018,Sunday,Market Close
10/01/2027 19:00,2027011019,Sunday,Market Close
10/01/2027 20:00,2027011020,Sunday,Market Close
10/01/2027 21:00,2027011021,Sunday,Market Close
15/01/2027 22:00,2027011522,Friday,Market Close
15/01/2027 23:00,2027011523,Friday,Market Close
16/01/2027 0:00,2027011600,Saturday,Market Close
16/01/2027 1:00,2027011601,Saturday,Market Close
16/01/2027 2:00,2027011602,Saturday,Market Close
16/01/2027 3:00,2027011603,Saturday,Market Close
16/01/2027 4:00,2027011604,Saturday,Market Close
16/01/2027 5:00,2027011605,Saturday,Market Close
16/01/2027 6:00,2027011606,Saturday,Market Close
16/01/2027 7:00,2027011607,Saturday,Market Close
16/01/2027 8:00,2027011608,Saturday,Market Close
16/01/2027 9:00,2027011609,Saturday,Market Close
16/01/2027 10:00,2027011610,Saturday,Market Close
16/01/2027 11:00,2027011611,Saturday,Market Close
16/01/2027 12:00,2027011612,Saturday,Market Close
16/01/2027 13:00,2027011613,Saturday,Market Close
16/01/2027 14:00,2027011614,Saturday,Market Close
16/01/2027 15:00,2027011615,Saturday,Market Close
16/01/2027 16:00,2027011616,Saturday,Market Close
16/01/2027 17:00,2027011617,Saturday,Market Close
16/01/2027 18:00,2027011618,Saturday,Market Close
16/01/2027 19:00,2027011619,Saturday,Market Close
16/01/2027 20:00,2027011620,Saturday,Market Close
16/01/2027 21:00,2027011621,Saturday,Market Close
16/01/2027 22:00,2027011622,Saturday,Market Close
16/01/2027 23:00,2027011623,Saturday,Market Close
17/01/2027 0:00,2027011700,Sunday,Market Close
17/01/2027 1:00,2027011701,Sunday,Market Close
17/01/2027 2:00,2027011702,Sunday,Market Close
17/01/2027 3:00,2027011703,Sunday,Market Close
17/01/2027 4:00,2027011704,Sunday,Market Close
17/01/2027 5:00,2027011705,Sunday,Market Close
17/01/2027 6:00,2027011706,Sunday,Market Close
17/01/2027 7:00,2027011707,Sunday,Market Close
17/01/2027 8:00,2027011708,Sunday,Market Close
17/01/2027 9:00,2027011709,Sunday,Market Close
17/01/2027 10:00,2027011710,Sunday,Market Close
17/01/2027 11:00,2027011711,Sunday,Market Close
17/01/2027 12:00,2027011712,Sunday,Market Close
17/01/2027 13:00,2027011713,Sunday,Market Close
17/01/2027 14:00,2027011714,Sunday,Market Close
17/01/2027 15:00,2027011715,Sunday,Market Close
17/01/2027 16:00,2027011716,Sunday,Market Close
17/01/2027 17:00,2027011717,Sunday,Market Close
17/01/2027 18:00,2027011718,Sunday,Market Close
17/01/2027 19:00,2027011719,Sunday,Market Close
17/01/2027 20:00,2027011720,Sunday,Market Close
17/01/2027 21:00,2027011721,Sunday,Market Close
22/01/2027 22:00,2027012222,Friday,Market Close
22/01/2027 23:00,2027012223,Friday,Market Close
23/01/2027 0:00,2027012300,Saturday,Market Close
23/01/2027 1:00,2027012301,Saturday,Market Close
23/01/2027 2:00,2027012302,Saturday,Market Close
23/01/2027 3:00,2027012303,Saturday,Market Close
23/01/2027 4:00,2027012304,Saturday,Market Close
23/01/2027 5:00,2027012305,Saturday,Market Close
23/01/2027 6:00,2027012306,Saturday,Market Close
23/01/2027 7:00,2027012307,Saturday,Market Close
23/01/2027 8:00,2027012308,Saturday,Market Close
23/01/2027 9:00,2027012309,Saturday,Market Close
23/01/2027 10:00,2027012310,Saturday,Market Close
23/01/2027 11:00,2027012311,Saturday,Market Close
23/01/2027 12:00,2027012312,Saturday,Market Close
23/01/2027 13:00,2027012313,Saturday,Market Close
23/01/2027 14:00,2027012314,Saturday,Market Close
23/01/2027 15:00,2027012315,Saturday,Market Close
23/01/2027 16:00,2027012316,Saturday,Market Close
23/01/2027 17:00,2027012317,Saturday,Market Close
23/01/2027 18:00,2027012318,Saturday,Market Close
23/01/2027 19:00,2027012319,Saturday,Market Close
23/01/2027 20:00,2027012320,Saturday,Market Close
23/01/2027 21:00,2027012321,Saturday,Market Close
23/01/2027 22:00,2027012322,Saturday,Market Close
23/01/2027 23:00,2027012323,Saturday,Market Close
24/01/2027 0:00,2027012400,Sunday,Market Close
24/01/2027 1:00,2027012401,Sunday,Market Close
24/01/2027 2:00,2027012402,Sunday,Market Close
24/01/2027 3:00,2027012403,Sunday,Market Close
24/01/2027 4:00,2027012404,Sunday,Market Close
24/01/2027 5:00,2027012405,Sunday,Market Close
24/01/2027 6:00,2027012406,Sunday,Market Close
24/01/2027 7:00,2027012407,Sunday,Market Close
24/01/2027 8:00,2027012408,Sunday,Market Close
24/01/2027 9:00,2027012409,Sunday,Market Close
24/01/2027 10:00,2027012410,Sunday,Market Close
24/01/2027 11:00,2027012411,Sunday,Market Close
24/01/2027 12:00,2027012412,Sunday,Market Close
24/01/2027 13:00,2027012413,Sunday,Market Close
24/01/2027 14:00,2027012414,Sunday,Market Close
24/01/2027 15:00,2027012415,Sunday,Market Close
24/01/2027 16:00,2027012416,Sunday,Market Close
24/01/2027 17:00,2027012417,Sunday,Market Close
24/01/2027 18:00,2027012418,Sunday,Market Close
24/01/2027 19:00,2027012419,Sunday,Market Close
24/01/2027 20:00,2027012420,Sunday,Market Close
24/01/2027 21:00,2027012421,Sunday,Market Close
29/01/2027 22:00,2027012922,Friday,Market Close
29/01/2027 23:00,2027012923,Friday,Market Close
30/01/2027 0:00,2027013000,Saturday,Market Close
30/01/2027 1:00,2027013001,Saturday,Market Close
30/01/2027 2:00,2027013002,Saturday,Market Close
30/01/2027 3:00,2027013003,Saturday,Market Close
30/01/2027 4:00,2027013004,Saturday,Market Close
30/01/2027 5:00,2027013005,Saturday,Market Close
30/01/2027 6:00,2027013006,Saturday,Market Close
30/01/2027 7:00,2027013007,Saturday,Market Close
30/01/2027 8:00,2027013008,Saturday,Market Close
30/01/2027 9:00,2027013009,Saturday,Market Close
30/01/2027 10:00,2027013010,Saturday,Market Close
30/01/2027 11:00,2027013011,Saturday,Market Close
30/01/2027 12:00,2027013012,Saturday,Market Close
30/01/2027 13:00,2027013013,Saturday,Market Close
30/01/2027 14:00,2027013014,Saturday,Market Close
30/01/2027 15:00,2027013015,Saturday,Market Close
30/01/2027 16:00,2027013016,Saturday,Market Close
30/01/2027 17:00,2027013017,Saturday,Market Close
30/01/2027 18:00,2027013018,Saturday,Market Close
30/01/2027 19:00,2027013019,Saturday,Market Close
30/01/2027 20:00,2027013020,Saturday,Market Close
30/01/2027 21:00,2027013021,Saturday,Market Close
30/01/2027 22:00,2027013022,Saturday,Market Close
30/01/2027 23:00,2027013023,Saturday,Market Close
31/01/2027 0:00,2027013100,Sunday,Market Close
31/01/2027 1:00,2027013101,Sunday,Market Close
31/01/2027 2:00,2027013102,Sunday,Market Close
31/01/2027 3:00,2027013103,Sunday,Market Close
31/01/2027 4:00,2027013104,Sunday,Market Close
31/01/2027 5:00,2027013105,Sunday,Market Close
31/01/2027 6:00,2027013106,Sunday,Market Close
31/01/2027 7:00,2027013107,Sunday,Market Close
31/01/2027 8:00,2027013108,Sunday,Market Close
31/01/2027 9:00,2027013109,Sunday,Market Close
31/01/2027 10:00,2027013110,Sunday,Market Close
31/01/2027 11:00,2027013111,Sunday,Market Close
31/01/2027 12:00,2027013112,Sunday,Market Close
31/01/2027 13:00,2027013113,Sunday,Market Close
31/01/2027 14:00,2027013114,Sunday,Market Close
31/01/2027 15:00,2027013115,Sunday,Market Close
31/01/2027 16:00,2027013116,Sunday,Market Close
31/01/2027 17:00,2027013117,Sunday,Market Close
31/01/2027 18:00,2027013118,Sunday,Market Close
31/01/2027 19:00,2027013119,Sunday,Market Close
31/01/2027 20:00,2027013120,Sunday,Market Close
31/01/2027 21:00,2027013121,Sunday,Market Close
5/02/2027 22:00,2027020522,Friday,Market Close
5/02/2027 23:00,2027020523,Friday,Market Close
6/02/2027 0:00,2027020600,Saturday,Market Close
6/02/2027 1:00,2027020601,Saturday,Market Close
6/02/2027 2:00,2027020602,Saturday,Market Close
6/02/2027 3:00,2027020603,Saturday,Market Close
6/02/2027 4:00,2027020604,Saturday,Market Close
6/02/2027 5:00,2027020605,Saturday,Market Close
6/02/2027 6:00,2027020606,Saturday,Market Close
6/02/2027 7:00,2027020607,Saturday,Market Close
6/02/2027 8:00,2027020608,Saturday,Market Close
6/02/2027 9:00,2027020609,Saturday,Market Close
6/02/2027 10:00,2027020610,Saturday,Market Close
6/02/2027 11:00,2027020611,Saturday,Market Close
6/02/2027 12:00,2027020612,Saturday,Market Close
6/02/2027 13:00,2027020613,Saturday,Market Close
6/02/2027 14:00,2027020614,Saturday,Market Close
6/02/2027 15:00,2027020615,Saturday,Market Close
6/02/2027 16:00,2027020616,Saturday,Market Close
6/02/2027 17:00,2027020617,Saturday,Market Close
6/02/2027 18:00,2027020618,Saturday,Market Close
6/02/2027 19:00,2027020619,Saturday,Market Close
6/02/2027 20:00,2027020620,Saturday,Market Close
6/02/2027 21:00,2027020621,Saturday,Market Close
6/02/2027 22:00,2027020622,Saturday,Market Close
6/02/2027 23:00,2027020623,Saturday,Market Close
7/02/2027 0:00,2027020700,Sunday,Market Close
7/02/2027 1:00,2027020701,Sunday,Market Close
7/02/2027 2:00,2027020702,Sunday,Market Close
7/02/2027 3:00,2027020703,Sunday,Market Close
7/02/2027 4:00,2027020704,Sunday,Market Close
7/02/2027 5:00,2027020705,Sunday,Market Close
7/02/2027 6:00,2027020706,Sunday,Market Close
7/02/2027 7:00,2027020707,Sunday,Market Close
7/02/2027 8:00,2027020708,Sunday,Market Close
7/02/2027 9:00,2027020709,Sunday,Market Close
7/02/2027 10:00,2027020710,Sunday,Market Close
7/02/2027 11:00,2027020711,Sunday,Market Close
7/02/2027 12:00,2027020712,Sunday,Market Close
7/02/2027 13:00,2027020713,Sunday,Market Close
7/02/2027 14:00,2027020714,Sunday,Market Close
7/02/2027 15:00,2027020715,Sunday,Market Close
7/02/2027 16:00,2027020716,Sunday,Market Close
7/02/2027 17:00,2027020717,Sunday,Market Close
7/02/2027 18:00,2027020718,Sunday,Market Close
7/02/2027 19:00,2027020719,Sunday,Market Close
7/02/2027 20:00,2027020720,Sunday,Market Close
7/02/2027 21:00,2027020721,Sunday,Market Close
12/02/2027 22:00,2027021222,Friday,Market Close
12/02/2027 23:00,2027021223,Friday,Market Close
13/02/2027 0:00,2027021300,Saturday,Market Close
13/02/2027 1:00,2027021301,Saturday,Market Close
13/02/2027 2:00,2027021302,Saturday,Market Close
13/02/2027 3:00,2027021303,Saturday,Market Close
13/02/2027 4:00,2027021304,Saturday,Market Close
13/02/2027 5:00,2027021305,Saturday,Market Close
13/02/2027 6:00,2027021306,Saturday,Market Close
13/02/2027 7:00,2027021307,Saturday,Market Close
13/02/2027 8:00,2027021308,Saturday,Market Close
13/02/2027 9:00,2027021309,Saturday,Market Close
13/02/2027 10:00,2027021310,Saturday,Market Close
13/02/2027 11:00,2027021311,Saturday,Market Close
13/02/2027 12:00,2027021312,Saturday,Market Close
13/02/2027 13:00,2027021313,Saturday,Market Close
13/02/2027 14:00,2027021314,Saturday,Market Close
13/02/2027 15:00,2027021315,Saturday,Market Close
13/02/2027 16:00,2027021316,Saturday,Market Close
13/02/2027 17:00,2027021317,Saturday,Market Close
13/02/2027 18:00,2027021318,Saturday,Market Close
13/02/2027 19:00,2027021319,Saturday,Market Close
13/02/2027 20:00,2027021320,Saturday,Market Close
13/02/2027 21:00,2027021321,Saturday,Market Close
13/02/2027 22:00,2027021322,Saturday,Market Close
13/02/2027 23:00,2027021323,Saturday,Market Close
14/02/2027 0:00,2027021400,Sunday,Market Close
14/02/2027 1:00,2027021401,Sunday,Market Close
14/02/2027 2:00,2027021402,Sunday,Market Close
14/02/2027 3:00,2027021403,Sunday,Market Close
14/02/2027 4:00,2027021404,Sunday,Market Close
14/02/2027 5:00,2027021405,Sunday,Market Close
14/02/2027 6:00,2027021406,Sunday,Market Close
14/02/2027 7:00,2027021407,Sunday,Market Close
14/02/2027 8:00,2027021408,Sunday,Market Close
14/02/2027 9:00,2027021409,Sunday,Market Close
14/02/2027 10:00,2027021410,Sunday,Market Close
14/02/2027 11:00,2027021411,Sunday,Market Close
14/02/2027 12:00,2027021412,Sunday,Market Close
14/02/2027 13:00,2027021413,Sunday,Market Close
14/02/2027 14:00,2027021414,Sunday,Market Close
14/02/2027 15:00,2027021415,Sunday,Market Close
14/02/2027 16:00,2027021416,Sunday,Market Close
14/02/2027 17:00,2027021417,Sunday,Market Close
14/02/2027 18:00,2027021418,Sunday,Market Close
14/02/2027 19:00,2027021419,Sunday,Market Close
14/02/2027 20:00,2027021420,Sunday,Market Close
14/02/2027 21:00,2027021421,Sunday,Market Close
19/02/2027 22:00,2027021922,Friday,Market Close
19/02/2027 23:00,2027021923,Friday,Market Close
20/02/2027 0:00,2027022000,Saturday,Market Close
20/02/2027 1:00,2027022001,Saturday,Market Close
20/02/2027 2:00,2027022002,Saturday,Market Close
20/02/2027 3:00,2027022003,Saturday,Market Close
20/02/2027 4:00,2027022004,Saturday,Market Close
20/02/2027 5:00,2027022005,Saturday,Market Close
20/02/2027 6:00,2027022006,Saturday,Market Close
20/02/2027 7:00,2027022007,Saturday,Market Close
20/02/2027 8:00,2027022008,Saturday,Market Close
20/02/2027 9:00,2027022009,Saturday,Market Close
20/02/2027 10:00,2027022010,Saturday,Market Close
20/02/2027 11:00,2027022011,Saturday,Market Close
20/02/2027 12:00,2027022012,Saturday,Market Close
20/02/2027 13:00,2027022013,Saturday,Market Close
20/02/2027 14:00,2027022014,Saturday,Market Close
20/02/2027 15:00,2027022015,Saturday,Market Close
20/02/2027 16:00,2027022016,Saturday,Market Close
20/02/2027 17:00,2027022017,Saturday,Market Close
20/02/2027 18:00,2027022018,Saturday,Market Close
20/02/2027 19:00,2027022019,Saturday,Market Close
20/02/2027 20:00,2027022020,Saturday,Market Close
20/02/2027 21:00,2027022021,Saturday,Market Close
20/02/2027 22:00,2027022022,Saturday,Market Close
20/02/2027 23:00,2027022023,Saturday,Market Close
21/02/2027 0:00,2027022100,Sunday,Market Close
21/02/2027 1:00,2027022101,Sunday,Market Close
21/02/2027 2:00,2027022102,Sunday,Market Close
21/02/2027 3:00,2027022103,Sunday,Market Close
21/02/2027 4:00,2027022104,Sunday,Market Close
21/02/2027 5:00,2027022105,Sunday,Market Close
21/02/2027 6:00,2027022106,Sunday,Market Close
21/02/2027 7:00,2027022107,Sunday,Market Close
21/02/2027 8:00,2027022108,Sunday,Market Close
21/02/2027 9:00,2027022109,Sunday,Market Close
21/02/2027 10:00,2027022110,Sunday,Market Close
21/02/2027 11:00,2027022111,Sunday,Market Close
21/02/2027 12:00,2027022112,Sunday,Market Close
21/02/2027 13:00,2027022113,Sunday,Market Close
21/02/2027 14:00,2027022114,Sunday,Market Close
21/02/2027 15:00,2027022115,Sunday,Market Close
21/02/2027 16:00,2027022116,Sunday,Market Close
21/02/2027 17:00,2027022117,Sunday,Market Close
21/02/2027 18:00,2027022118,Sunday,Market Close
21/02/2027 19:00,2027022119,Sunday,Market Close
21/02/2027 20:00,2027022120,Sunday,Market Close
21/02/2027 21:00,2027022121,Sunday,Market Close
26/02/2027 22:00,2027022622,Friday,Market Close
26/02/2027 23:00,2027022623,Friday,Market Close
27/02/2027 0:00,2027022700,Saturday,Market Close
27/02/2027 1:00,2027022701,Saturday,Market Close
27/02/2027 2:00,2027022702,Saturday,Market Close
27/02/2027 3:00,2027022703,Saturday,Market Close
27/02/2027 4:00,2027022704,Saturday,Market Close
27/02/2027 5:00,2027022705,Saturday,Market Close
27/02/2027 6:00,2027022706,Saturday,Market Close
27/02/2027 7:00,2027022707,Saturday,Market Close
27/02/2027 8:00,2027022708,Saturday,Market Close
27/02/2027 9:00,2027022709,Saturday,Market Close
27/02/2027 10:00,2027022710,Saturday,Market Close
27/02/2027 11:00,2027022711,Saturday,Market Close
27/02/2027 12:00,2027022712,Saturday,Market Close
27/02/2027 13:00,2027022713,Saturday,Market Close
27/02/2027 14:00,2027022714,Saturday,Market Close
27/02/2027 15:00,2027022715,Saturday,Market Close
27/02/2027 16:00,2027022716,Saturday,Market Close
27/02/2027 17:00,2027022717,Saturday,Market Close
27/02/2027 18:00,2027022718,Saturday,Market Close
27/02/2027 19:00,2027022719,Saturday,Market Close
27/02/2027 20:00,2027022720,Saturday,Market Close
27/02/2027 21:00,2027022721,Saturday,Market Close
27/02/2027 22:00,2027022722,Saturday,Market Close
27/02/2027 23:00,2027022723,Saturday,Market Close
28/02/2027 0:00,2027022800,Sunday,Market Close
28/02/2027 1:00,2027022801,Sunday,Market Close
28/02/2027 2:00,2027022802,Sunday,Market Close
28/02/2027 3:00,2027022803,Sunday,Market Close
28/02/2027 4:00,2027022804,Sunday,Market Close
28/02/2027 5:00,2027022805,Sunday,Market Close
28/02/2027 6:00,2027022806,Sunday,Market Close
28/02/2027 7:00,2027022807,Sunday,Market Close
28/02/2027 8:00,2027022808,Sunday,Market Close
28/02/2027 9:00,2027022809,Sunday,Market Close
28/02/2027 10:00,2027022810,Sunday,Market Close
28/02/2027 11:00,2027022811,Sunday,Market Close
28/02/2027 12:00,2027022812,Sunday,Market Close
28/02/2027 13:00,2027022813,Sunday,Market Close
28/02/2027 14:00,2027022814,Sunday,Market Close
28/02/2027 15:00,2027022815,Sunday,Market Close
28/02/2027 16:00,2027022816,Sunday,Market Close
28/02/2027 17:00,2027022817,Sunday,Market Close
28/02/2027 18:00,2027022818,Sunday,Market Close
28/02/2027 19:00,2027022819,Sunday,Market Close
28/02/2027 20:00,2027022820,Sunday,Market Close
28/02/2027 21:00,2027022821,Sunday,Market Close
5/03/2027 22:00,2027030522,Friday,Market Close
5/03/2027 23:00,2027030523,Friday,Market Close
6/03/2027 0:00,2027030600,Saturday,Market Close
6/03/2027 1:00,2027030601,Saturday,Market Close
6/03/2027 2:00,2027030602,Saturday,Market Close
6/03/2027 3:00,2027030603,Saturday,Market Close
6/03/2027 4:00,2027030604,Saturday,Market Close
6/03/2027 5:00,2027030605,Saturday,Market Close
6/03/2027 6:00,2027030606,Saturday,Market Close
6/03/2027 7:00,2027030607,Saturday,Market Close
6/03/2027 8:00,2027030608,Saturday,Market Close
6/03/2027 9:00,2027030609,Saturday,Market Close
6/03/2027 10:00,2027030610,Saturday,Market Close
6/03/2027 11:00,2027030611,Saturday,Market Close
6/03/2027 12:00,2027030612,Saturday,Market Close
6/03/2027 13:00,2027030613,Saturday,Market Close
6/03/2027 14:00,2027030614,Saturday,Market Close
6/03/2027 15:00,2027030615,Saturday,Market Close
6/03/2027 16:00,2027030616,Saturday,Market Close
6/03/2027 17:00,2027030617,Saturday,Market Close
6/03/2027 18:00,2027030618,Saturday,Market Close
6/03/2027 19:00,2027030619,Saturday,Market Close
6/03/2027 20:00,2027030620,Saturday,Market Close
6/03/2027 21:00,2027030621,Saturday,Market Close
6/03/2027 22:00,2027030622,Saturday,Market Close
6/03/2027 23:00,2027030623,Saturday,Market Close
7/03/2027 0:00,2027030700,Sunday,Market Close
7/03/2027 1:00,2027030701,Sunday,Market Close
7/03/2027 2:00,2027030702,Sunday,Market Close
7/03/2027 3:00,2027030703,Sunday,Market Close
7/03/2027 4:00,2027030704,Sunday,Market Close
7/03/2027 5:00,2027030705,Sunday,Market Close
7/03/2027 6:00,2027030706,Sunday,Market Close
7/03/2027 7:00,2027030707,Sunday,Market Close
7/03/2027 8:00,2027030708,Sunday,Market Close
7/03/2027 9:00,2027030709,Sunday,Market Close
7/03/2027 10:00,2027030710,Sunday,Market Close
7/03/2027 11:00,2027030711,Sunday,Market Close
7/03/2027 12:00,2027030712,Sunday,Market Close
7/03/2027 13:00,2027030713,Sunday,Market Close
7/03/2027 14:00,2027030714,Sunday,Market Close
7/03/2027 15:00,2027030715,Sunday,Market Close
7/03/2027 16:00,2027030716,Sunday,Market Close
7/03/2027 17:00,2027030717,Sunday,Market Close
7/03/2027 18:00,2027030718,Sunday,Market Close
7/03/2027 19:00,2027030719,Sunday,Market Close
7/03/2027 20:00,2027030720,Sunday,Market Close
7/03/2027 21:00,2027030721,Sunday,Market Close
12/03/2027 22:00,2027031222,Friday,Market Close
12/03/2027 23:00,2027031223,Friday,Market Close
13/03/2027 0:00,2027031300,Saturday,Market Close
13/03/2027 1:00,2027031301,Saturday,Market Close
13/03/2027 2:00,2027031302,Saturday,Market Close
13/03/2027 3:00,2027031303,Saturday,Market Close
13/03/2027 4:00,2027031304,Saturday,Market Close
13/03/2027 5:00,2027031305,Saturday,Market Close
13/03/2027 6:00,2027031306,Saturday,Market Close
13/03/2027 7:00,2027031307,Saturday,Market Close
13/03/2027 8:00,2027031308,Saturday,Market Close
13/03/2027 9:00,2027031309,Saturday,Market Close
13/03/2027 10:00,2027031310,Saturday,Market Close
13/03/2027 11:00,2027031311,Saturday,Market Close
13/03/2027 12:00,2027031312,Saturday,Market Close
13/03/2027 13:00,2027031313,Saturday,Market Close
13/03/2027 14:00,2027031314,Saturday,Market Close
13/03/2027 15:00,2027031315,Saturday,Market Close
13/03/2027 16:00,2027031316,Saturday,Market Close
13/03/2027 17:00,2027031317,Saturday,Market Close
13/03/2027 18:00,2027031318,Saturday,Market Close
13/03/2027 19:00,2027031319,Saturday,Market Close
13/03/2027 20:00,2027031320,Saturday,Market Close
13/03/2027 21:00,2027031321,Saturday,Market Close
13/03/2027 22:00,2027031322,Saturday,Market Close
13/03/2027 23:00,2027031323,Saturday,Market Close
14/03/2027 0:00,2027031400,Sunday,Market Close
14/03/2027 1:00,2027031401,Sunday,Market Close
14/03/2027 2:00,2027031402,Sunday,Market Close
14/03/2027 3:00,2027031403,Sunday,Market Close
14/03/2027 4:00,2027031404,Sunday,Market Close
14/03/2027 5:00,2027031405,Sunday,Market Close
14/03/2027 6:00,2027031406,Sunday,Market Close
14/03/2027 7:00,2027031407,Sunday,Market Close
14/03/2027 8:00,2027031408,Sunday,Market Close
14/03/2027 9:00,2027031409,Sunday,Market Close
14/03/2027 10:00,2027031410,Sunday,Market Close
14/03/2027 11:00,2027031411,Sunday,Market Close
14/03/2027 12:00,2027031412,Sunday,Market Close
14/03/2027 13:00,2027031413,Sunday,Market Close
14/03/2027 14:00,2027031414,Sunday,Market Close
14/03/2027 15:00,2027031415,Sunday,Market Close
14/03/2027 16:00,2027031416,Sunday,Market Close
14/03/2027 17:00,2027031417,Sunday,Market Close
14/03/2027 18:00,2027031418,Sunday,Market Close
14/03/2027 19:00,2027031419,Sunday,Market Close
14/03/2027 20:00,2027031420,Sunday,Market Close
19/03/2027 21:00,2027031921,Friday,Market Close
19/03/2027 22:00,2027031922,Friday,Market Close
19/03/2027 23:00,2027031923,Friday,Market Close
20/03/2027 0:00,2027032000,Saturday,Market Close
20/03/2027 1:00,2027032001,Saturday,Market Close
20/03/2027 2:00,2027032002,Saturday,Market Close
20/03/2027 3:00,2027032003,Saturday,Market Close
20/03/2027 4:00,2027032004,Saturday,Market Close
20/03/2027 5:00,2027032005,Saturday,Market Close
20/03/2027 6:00,2027032006,Saturday,Market Close
20/03/2027 7:00,2027032007,Saturday,Market Close
20/03/2027 8:00,2027032008,Saturday,Market Close
20/03/2027 9:00,2027032009,Saturday,Market Close
20/03/2027 10:00,2027032010,Saturday,Market Close
20/03/2027 11:00,2027032011,Saturday,Market Close
20/03/2027 12:00,2027032012,Saturday,Market Close
20/03/2027 13:00,2027032013,Saturday,Market Close
20/03/2027 14:00,2027032014,Saturday,Market Close
20/03/2027 15:00,2027032015,Saturday,Market Close
20/03/2027 16:00,2027032016,Saturday,Market Close
20/03/2027 17:00,2027032017,Saturday,Market Close
20/03/2027 18:00,2027032018,Saturday,Market Close
20/03/2027 19:00,2027032019,Saturday,Market Close
20/03/2027 20:00,2027032020,Saturday,Market Close
20/03/2027 21:00,2027032021,Saturday,Market Close
20/03/2027 22:00,2027032022,Saturday,Market Close
20/03/2027 23:00,2027032023,Saturday,Market Close
21/03/2027 0:00,2027032100,Sunday,Market Close
21/03/2027 1:00,2027032101,Sunday,Market Close
21/03/2027 2:00,2027032102,Sunday,Market Close
21/03/2027 3:00,2027032103,Sunday,Market Close
21/03/2027 4:00,2027032104,Sunday,Market Close
21/03/2027 5:00,2027032105,Sunday,Market Close
21/03/2027 6:00,2027032106,Sunday,Market Close
21/03/2027 7:00,2027032107,Sunday,Market Close
21/03/2027 8:00,2027032108,Sunday,Market Close
21/03/2027 9:00,2027032109,Sunday,Market Close
21/03/2027 10:00,2027032110,Sunday,Market Close
21/03/2027 11:00,2027032111,Sunday,Market Close
21/03/2027 12:00,2027032112,Sunday,Market Close
21/03/2027 13:00,2027032113,Sunday,Market Close
21/03/2027 14:00,2027032114,Sunday,Market Close
21/03/2027 15:00,2027032115,Sunday,Market Close
21/03/2027 16:00,2027032116,Sunday,Market Close
21/03/2027 17:00,2027032117,Sunday,Market Close
21/03/2027 18:00,2027032118,Sunday,Market Close
21/03/2027 19:00,2027032119,Sunday,Market Close
21/03/2027 20:00,2027032120,Sunday,Market Close
26/03/2027 21:00,2027032621,Friday,Market Close
26/03/2027 22:00,2027032622,Friday,Market Close
26/03/2027 23:00,2027032623,Friday,Market Close
27/03/2027 0:00,2027032700,Saturday,Market Close
27/03/2027 1:00,2027032701,Saturday,Market Close
27/03/2027 2:00,2027032702,Saturday,Market Close
27/03/2027 3:00,2027032703,Saturday,Market Close
27/03/2027 4:00,2027032704,Saturday,Market Close
27/03/2027 5:00,2027032705,Saturday,Market Close
27/03/2027 6:00,2027032706,Saturday,Market Close
27/03/2027 7:00,2027032707,Saturday,Market Close
27/03/2027 8:00,2027032708,Saturday,Market Close
27/03/2027 9:00,2027032709,Saturday,Market Close
27/03/2027 10:00,2027032710,Saturday,Market Close
27/03/2027 11:00,2027032711,Saturday,Market Close
27/03/2027 12:00,2027032712,Saturday,Market Close
27/03/2027 13:00,2027032713,Saturday,Market Close
27/03/2027 14:00,2027032714,Saturday,Market Close
27/03/2027 15:00,2027032715,Saturday,Market Close
27/03/2027 16:00,2027032716,Saturday,Market Close
27/03/2027 17:00,2027032717,Saturday,Market Close
27/03/2027 18:00,2027032718,Saturday,Market Close
27/03/2027 19:00,2027032719,Saturday,Market Close
27/03/2027 20:00,2027032720,Saturday,Market Close
27/03/2027 21:00,2027032721,Saturday,Market Close
27/03/2027 22:00,2027032722,Saturday,Market Close
27/03/2027 23:00,2027032723,Saturday,Market Close
28/03/2027 0:00,2027032800,Sunday,Market Close
28/03/2027 1:00,2027032801,Sunday,Market Close
28/03/2027 2:00,2027032802,Sunday,Market Close
28/03/2027 3:00,2027032803,Sunday,Market Close
28/03/2027 4:00,2027032804,Sunday,Market Close
28/03/2027 5:00,2027032805,Sunday,Market Close
28/03/2027 6:00,2027032806,Sunday,Market Close
28/03/2027 7:00,2027032807,Sunday,Market Close
28/03/2027 8:00,2027032808,Sunday,Market Close
28/03/2027 9:00,2027032809,Sunday,Market Close
28/03/2027 10:00,2027032810,Sunday,Market Close
28/03/2027 11:00,2027032811,Sunday,Market Close
28/03/2027 12:00,2027032812,Sunday,Market Close
28/03/2027 13:00,2027032813,Sunday,Market Close
28/03/2027 14:00,2027032814,Sunday,Market Close
28/03/2027 15:00,2027032815,Sunday,Market Close
28/03/2027 16:00,2027032816,Sunday,Market Close
28/03/2027 17:00,2027032817,Sunday,Market Close
28/03/2027 18:00,2027032818,Sunday,Market Close
28/03/2027 19:00,2027032819,Sunday,Market Close
28/03/2027 20:00,2027032820,Sunday,Market Close
2/04/2027 21:00,2027040221,Friday,Market Close
2/04/2027 22:00,2027040222,Friday,Market Close
2/04/2027 23:00,2027040223,Friday,Market Close
3/04/2027 0:00,2027040300,Saturday,Market Close
3/04/2027 1:00,2027040301,Saturday,Market Close
3/04/2027 2:00,2027040302,Saturday,Market Close
3/04/2027 3:00,2027040303,Saturday,Market Close
3/04/2027 4:00,2027040304,Saturday,Market Close
3/04/2027 5:00,2027040305,Saturday,Market Close
3/04/2027 6:00,2027040306,Saturday,Market Close
3/04/2027 7:00,2027040307,Saturday,Market Close
3/04/2027 8:00,2027040308,Saturday,Market Close
3/04/2027 9:00,2027040309,Saturday,Market Close
3/04/2027 10:00,2027040310,Saturday,Market Close
3/04/2027 11:00,2027040311,Saturday,Market Close
3/04/2027 12:00,2027040312,Saturday,Market Close
3/04/2027 13:00,2027040313,Saturday,Market Close
3/04/2027 14:00,2027040314,Saturday,Market Close
3/04/2027 15:00,2027040315,Saturday,Market Close
3/04/2027 16:00,2027040316,Saturday,Market Close
3/04/2027 17:00,2027040317,Saturday,Market Close
3/04/2027 18:00,2027040318,Saturday,Market Close
3/04/2027 19:00,2027040319,Saturday,Market Close
3/04/2027 20:00,2027040320,Saturday,Market Close
3/04/2027 21:00,2027040321,Saturday,Market Close
3/04/2027 22:00,2027040322,Saturday,Market Close
3/04/2027 23:00,2027040323,Saturday,Market Close
4/04/2027 0:00,2027040400,Sunday,Market Close
4/04/2027 1:00,2027040401,Sunday,Market Close
4/04/2027 2:00,2027040402,Sunday,Market Close
4/04/2027 3:00,2027040403,Sunday,Market Close
4/04/2027 4:00,2027040404,Sunday,Market Close
4/04/2027 5:00,2027040405,Sunday,Market Close
4/04/2027 6:00,2027040406,Sunday,Market Close
4/04/2027 7:00,2027040407,Sunday,Market Close
4/04/2027 8:00,2027040408,Sunday,Market Close
4/04/2027 9:00,2027040409,Sunday,Market Close
4/04/2027 10:00,2027040410,Sunday,Market Close
4/04/2027 11:00,2027040411,Sunday,Market Close
4/04/2027 12:00,2027040412,Sunday,Market Close
4/04/2027 13:00,2027040413,Sunday,Market Close
4/04/2027 14:00,2027040414,Sunday,Market Close
4/04/2027 15:00,2027040415,Sunday,Market Close
4/04/2027 16:00,2027040416,Sunday,Market Close
4/04/2027 17:00,2027040417,Sunday,Market Close
4/04/2027 18:00,2027040418,Sunday,Market Close
4/04/2027 19:00,2027040419,Sunday,Market Close
4/04/2027 20:00,2027040420,Sunday,Market Close
9/04/2027 21:00,2027040921,Friday,Market Close
9/04/2027 22:00,2027040922,Friday,Market Close
9/04/2027 23:00,2027040923,Friday,Market Close
10/04/2027 0:00,2027041000,Saturday,Market Close
10/04/2027 1:00,2027041001,Saturday,Market Close
10/04/2027 2:00,2027041002,Saturday,Market Close
10/04/2027 3:00,2027041003,Saturday,Market Close
10/04/2027 4:00,2027041004,Saturday,Market Close
10/04/2027 5:00,2027041005,Saturday,Market Close
10/04/2027 6:00,2027041006,Saturday,Market Close
10/04/2027 7:00,2027041007,Saturday,Market Close
10/04/2027 8:00,2027041008,Saturday,Market Close
10/04/2027 9:00,2027041009,Saturday,Market Close
10/04/2027 10:00,2027041010,Saturday,Market Close
10/04/2027 11:00,2027041011,Saturday,Market Close
10/04/2027 12:00,2027041012,Saturday,Market Close
10/04/2027 13:00,2027041013,Saturday,Market Close
10/04/2027 14:00,2027041014,Saturday,Market Close
10/04/2027 15:00,2027041015,Saturday,Market Close
10/04/2027 16:00,2027041016,Saturday,Market Close
10/04/2027 17:00,2027041017,Saturday,Market Close
10/04/2027 18:00,2027041018,Saturday,Market Close
10/04/2027 19:00,2027041019,Saturday,Market Close
10/04/2027 20:00,2027041020,Saturday,Market Close
10/04/2027 21:00,2027041021,Saturday,Market Close
10/04/2027 22:00,2027041022,Saturday,Market Close
10/04/2027 23:00,2027041023,Saturday,Market Close
11/04/2027 0:00,2027041100,Sunday,Market Close
11/04/2027 1:00,2027041101,Sunday,Market Close
11/04/2027 2:00,2027041102,Sunday,Market Close
11/04/2027 3:00,2027041103,Sunday,Market Close
11/04/2027 4:00,2027041104,Sunday,Market Close
11/04/2027 5:00,2027041105,Sunday,Market Close
11/04/2027 6:00,2027041106,Sunday,Market Close
11/04/2027 7:00,2027041107,Sunday,Market Close
11/04/2027 8:00,2027041108,Sunday,Market Close
11/04/2027 9:00,2027041109,Sunday,Market Close
11/04/2027 10:00,2027041110,Sunday,Market Close
11/04/2027 11:00,2027041111,Sunday,Market Close
11/04/2027 12:00,2027041112,Sunday,Market Close
11/04/2027 13:00,2027041113,Sunday,Market Close
11/04/2027 14:00,2027041114,Sunday,Market Close
11/04/2027 15:00,2027041115,Sunday,Market Close
11/04/2027 16:00,2027041116,Sunday,Market Close
11/04/2027 17:00,2027041117,Sunday,Market Close
11/04/2027 18:00,2027041118,Sunday,Market Close
11/04/2027 19:00,2027041119,Sunday,Market Close
11/04/2027 20:00,2027041120,Sunday,Market Close
16/04/2027 21:00,2027041621,Friday,Market Close
16/04/2027 22:00,2027041622,Friday,Market Close
16/04/2027 23:00,2027041623,Friday,Market Close
17/04/2027 0:00,2027041700,Saturday,Market Close
17/04/2027 1:00,2027041701,Saturday,Market Close
17/04/2027 2:00,2027041702,Saturday,Market Close
17/04/2027 3:00,2027041703,Saturday,Market Close
17/04/2027 4:00,2027041704,Saturday,Market Close
17/04/2027 5:00,2027041705,Saturday,Market Close
17/04/2027 6:00,2027041706,Saturday,Market Close
17/04/2027 7:00,2027041707,Saturday,Market Close
17/04/2027 8:00,2027041708,Saturday,Market Close
17/04/2027 9:00,2027041709,Saturday,Market Close
17/04/2027 10:00,2027041710,Saturday,Market Close
17/04/2027 11:00,2027041711,Saturday,Market Close
17/04/2027 12:00,2027041712,Saturday,Market Close
17/04/2027 13:00,2027041713,Saturday,Market Close
17/04/2027 14:00,2027041714,Saturday,Market Close
17/04/2027 15:00,2027041715,Saturday,Market Close
17/04/2027 16:00,2027041716,Saturday,Market Close
17/04/2027 17:00,2027041717,Saturday,Market Close
17/04/2027 18:00,2027041718,Saturday,Market Close
17/04/2027 19:00,2027041719,Saturday,Market Close
17/04/2027 20:00,2027041720,Saturday,Market Close
17/04/2027 21:00,2027041721,Saturday,Market Close
17/04/2027 22:00,2027041722,Saturday,Market Close
17/04/2027 23:00,2027041723,Saturday,Market Close
18/04/2027 0:00,2027041800,Sunday,Market Close
18/04/2027 1:00,2027041801,Sunday,Market Close
18/04/2027 2:00,2027041802,Sunday,Market Close
18/04/2027 3:00,2027041803,Sunday,Market Close
18/04/2027 4:00,2027041804,Sunday,Market Close
18/04/2027 5:00,2027041805,Sunday,Market Close
18/04/2027 6:00,2027041806,Sunday,Market Close
18/04/2027 7:00,2027041807,Sunday,Market Close
18/04/2027 8:00,2027041808,Sunday,Market Close
18/04/2027 9:00,2027041809,Sunday,Market Close
18/04/2027 10:00,2027041810,Sunday,Market Close
18/04/2027 11:00,2027041811,Sunday,Market Close
18/04/2027 12:00,2027041812,Sunday,Market Close
18/04/2027 13:00,2027041813,Sunday,Market Close
18/04/2027 14:00,2027041814,Sunday,Market Close
18/04/2027 15:00,2027041815,Sunday,Market Close
18/04/2027 16:00,2027041816,Sunday,Market Close
18/04/2027 17:00,2027041817,Sunday,Market Close
18/04/2027 18:00,2027041818,Sunday,Market Close
18/04/2027 19:00,2027041819,Sunday,Market Close
18/04/2027 20:00,2027041820,Sunday,Market Close
23/04/2027 21:00,2027042321,Friday,Market Close
23/04/2027 22:00,2027042322,Friday,Market Close
23/04/2027 23:00,2027042323,Friday,Market Close
24/04/2027 0:00,2027042400,Saturday,Market Close
24/04/2027 1:00,2027042401,Saturday,Market Close
24/04/2027 2:00,2027042402,Saturday,Market Close
24/04/2027 3:00,2027042403,Saturday,Market Close
24/04/2027 4:00,2027042404,Saturday,Market Close
24/04/2027 5:00,2027042405,Saturday,Market Close
24/04/2027 6:00,2027042406,Saturday,Market Close
24/04/2027 7:00,2027042407,Saturday,Market Close
24/04/2027 8:00,2027042408,Saturday,Market Close
24/04/2027 9:00,2027042409,Saturday,Market Close
24/04/2027 10:00,2027042410,Saturday,Market Close
24/04/2027 11:00,2027042411,Saturday,Market Close
24/04/2027 12:00,2027042412,Saturday,Market Close
24/04/2027 13:00,2027042413,Saturday,Market Close
24/04/2027 14:00,2027042414,Saturday,Market Close
24/04/2027 15:00,2027042415,Saturday,Market Close
24/04/2027 16:00,2027042416,Saturday,Market Close
24/04/2027 17:00,2027042417,Saturday,Market Close
24/04/2027 18:00,2027042418,Saturday,Market Close
24/04/2027 19:00,2027042419,Saturday,Market Close
24/04/2027 20:00,2027042420,Saturday,Market Close
24/04/2027 21:00,2027042421,Saturday,Market Close
24/04/2027 22:00,2027042422,Saturday,Market Close
24/04/2027 23:00,2027042423,Saturday,Market Close
25/04/2027 0:00,2027042500,Sunday,Market Close
25/04/2027 1:00,2027042501,Sunday,Market Close
25/04/2027 2:00,2027042502,Sunday,Market Close
25/04/2027 3:00,2027042503,Sunday,Market Close
25/04/2027 4:00,2027042504,Sunday,Market Close
25/04/2027 5:00,2027042505,Sunday,Market Close
25/04/2027 6:00,2027042506,Sunday,Market Close
25/04/2027 7:00,2027042507,Sunday,Market Close
25/04/2027 8:00,2027042508,Sunday,Market Close
25/04/2027 9:00,2027042509,Sunday,Market Close
25/04/2027 10:00,2027042510,Sunday,Market Close
25/04/2027 11:00,2027042511,Sunday,Market Close
25/04/2027 12:00,2027042512,Sunday,Market Close
25/04/2027 13:00,2027042513,Sunday,Market Close
25/04/2027 14:00,2027042514,Sunday,Market Close
25/04/2027 15:00,2027042515,Sunday,Market Close
25/04/2027 16:00,2027042516,Sunday,Market Close
25/04/2027 17:00,2027042517,Sunday,Market Close
25/04/2027 18:00,2027042518,Sunday,Market Close
25/04/2027 19:00,2027042519,Sunday,Market Close
25/04/2027 20:00,2027042520,Sunday,Market Close
30/04/2027 21:00,2027043021,Friday,Market Close
30/04/2027 22:00,2027043022,Friday,Market Close
30/04/2027 23:00,2027043023,Friday,Market Close
1/05/2027 0:00,2027050100,Saturday,Market Close
1/05/2027 1:00,2027050101,Saturday,Market Close
1/05/2027 2:00,2027050102,Saturday,Market Close
1/05/2027 3:00,2027050103,Saturday,Market Close
1/05/2027 4:00,2027050104,Saturday,Market Close
1/05/2027 5:00,2027050105,Saturday,Market Close
1/05/2027 6:00,2027050106,Saturday,Market Close
1/05/2027 7:00,2027050107,Saturday,Market Close
1/05/2027 8:00,2027050108,Saturday,Market Close
1/05/2027 9:00,2027050109,Saturday,Market Close
1/05/2027 10:00,2027050110,Saturday,Market Close
1/05/2027 11:00,2027050111,Saturday,Market Close
1/05/2027 12:00,2027050112,Saturday,Market Close
1/05/2027 13:00,2027050113,Saturday,Market Close
1/05/2027 14:00,2027050114,Saturday,Market Close
1/05/2027 15:00,2027050115,Saturday,Market Close
1/05/2027 16:00,2027050116,Saturday,Market Close
1/05/2027 17:00,2027050117,Saturday,Market Close
1/05/2027 18:00,2027050118,Saturday,Market Close
1/05/2027 19:00,2027050119,Saturday,Market Close
1/05/2027 20:00,2027050120,Saturday,Market Close
1/05/2027 21:00,2027050121,Saturday,Market Close
1/05/2027 22:00,2027050122,Saturday,Market Close
1/05/2027 23:00,2027050123,Saturday,Market Close
2/05/2027 0:00,2027050200,Sunday,Market Close
2/05/2027 1:00,2027050201,Sunday,Market Close
2/05/2027 2:00,2027050202,Sunday,Market Close
2/05/2027 3:00,2027050203,Sunday,Market Close
2/05/2027 4:00,2027050204,Sunday,Market Close
2/05/2027 5:00,2027050205,Sunday,Market Close
2/05/2027 6:00,2027050206,Sunday,Market Close
2/05/2027 7:00,2027050207,Sunday,Market Close
2/05/2027 8:00,2027050208,Sunday,Market Close
2/05/2027 9:00,2027050209,Sunday,Market Close
2/05/2027 10:00,2027050210,Sunday,Market Close
2/05/2027 11:00,2027050211,Sunday,Market Close
2/05/2027 12:00,2027050212,Sunday,Market Close
2/05/2027 13:00,2027050213,Sunday,Market Close
2/05/2027 14:00,2027050214,Sunday,Market Close
2/05/2027 15:00,2027050215,Sunday,Market Close
2/05/2027 16:00,2027050216,Sunday,Market Close
2/05/2027 17:00,2027050217,Sunday,Market Close
2/05/2027 18:00,2027050218,Sunday,Market Close
2/05/2027 19:00,2027050219,Sunday,Market Close
2/05/2027 20:00,2027050220,Sunday,Market Close
7/05/2027 21:00,2027050721,Friday,Market Close
7/05/2027 22:00,2027050722,Friday,Market Close
7/05/2027 23:00,2027050723,Friday,Market Close
8/05/2027 0:00,2027050800,Saturday,Market Close
8/05/2027 1:00,2027050801,Saturday,Market Close
8/05/2027 2:00,2027050802,Saturday,Market Close
8/05/2027 3:00,2027050803,Saturday,Market Close
8/05/2027 4:00,2027050804,Saturday,Market Close
8/05/2027 5:00,2027050805,Saturday,Market Close
8/05/2027 6:00,2027050806,Saturday,Market Close
8/05/2027 7:00,2027050807,Saturday,Market Close
8/05/2027 8:00,2027050808,Saturday,Market Close
8/05/2027 9:00,2027050809,Saturday,Market Close
8/05/2027 10:00,2027050810,Saturday,Market Close
8/05/2027 11:00,2027050811,Saturday,Market Close
8/05/2027 12:00,2027050812,Saturday,Market Close
8/05/2027 13:00,2027050813,Saturday,Market Close
8/05/2027 14:00,2027050814,Saturday,Market Close
8/05/2027 15:00,2027050815,Saturday,Market Close
8/05/2027 16:00,2027050816,Saturday,Market Close
8/05/2027 17:00,2027050817,Saturday,Market Close
8/05/2027 18:00,2027050818,Saturday,Market Close
8/05/2027 19:00,2027050819,Saturday,Market Close
8/05/2027 20:00,2027050820,Saturday,Market Close
8/05/2027 21:00,2027050821,Saturday,Market Close
8/05/2027 22:00,2027050822,Saturday,Market Close
8/05/2027 23:00,2027050823,Saturday,Market Close
9/05/2027 0:00,2027050900,Sunday,Market Close
9/05/2027 1:00,2027050901,Sunday,Market Close
9/05/2027 2:00,2027050902,Sunday,Market Close
9/05/2027 3:00,2027050903,Sunday,Market Close
9/05/2027 4:00,2027050904,Sunday,Market Close
9/05/2027 5:00,2027050905,Sunday,Market Close
9/05/2027 6:00,2027050906,Sunday,Market Close
9/05/2027 7:00,2027050907,Sunday,Market Close
9/05/2027 8:00,2027050908,Sunday,Market Close
9/05/2027 9:00,2027050909,Sunday,Market Close
9/05/2027 10:00,2027050910,Sunday,Market Close
9/05/2027 11:00,2027050911,Sunday,Market Close
9/05/2027 12:00,2027050912,Sunday,Market Close
9/05/2027 13:00,2027050913,Sunday,Market Close
9/05/2027 14:00,2027050914,Sunday,Market Close
9/05/2027 15:00,2027050915,Sunday,Market Close
9/05/2027 16:00,2027050916,Sunday,Market Close
9/05/2027 17:00,2027050917,Sunday,Market Close
9/05/2027 18:00,2027050918,Sunday,Market Close
9/05/2027 19:00,2027050919,Sunday,Market Close
9/05/2027 20:00,2027050920,Sunday,Market Close
14/05/2027 21:00,2027051421,Friday,Market Close
14/05/2027 22:00,2027051422,Friday,Market Close
14/05/2027 23:00,2027051423,Friday,Market Close
15/05/2027 0:00,2027051500,Saturday,Market Close
15/05/2027 1:00,2027051501,Saturday,Market Close
15/05/2027 2:00,2027051502,Saturday,Market Close
15/05/2027 3:00,2027051503,Saturday,Market Close
15/05/2027 4:00,2027051504,Saturday,Market Close
15/05/2027 5:00,2027051505,Saturday,Market Close
15/05/2027 6:00,2027051506,Saturday,Market Close
15/05/2027 7:00,2027051507,Saturday,Market Close
15/05/2027 8:00,2027051508,Saturday,Market Close
15/05/2027 9:00,2027051509,Saturday,Market Close
15/05/2027 10:00,2027051510,Saturday,Market Close
15/05/2027 11:00,2027051511,Saturday,Market Close
15/05/2027 12:00,2027051512,Saturday,Market Close
15/05/2027 13:00,2027051513,Saturday,Market Close
15/05/2027 14:00,2027051514,Saturday,Market Close
15/05/2027 15:00,2027051515,Saturday,Market Close
15/05/2027 16:00,2027051516,Saturday,Market Close
15/05/2027 17:00,2027051517,Saturday,Market Close
15/05/2027 18:00,2027051518,Saturday,Market Close
15/05/2027 19:00,2027051519,Saturday,Market Close
15/05/2027 20:00,2027051520,Saturday,Market Close
15/05/2027 21:00,2027051521,Saturday,Market Close
15/05/2027 22:00,2027051522,Saturday,Market Close
15/05/2027 23:00,2027051523,Saturday,Market Close
16/05/2027 0:00,2027051600,Sunday,Market Close
16/05/2027 1:00,2027051601,Sunday,Market Close
16/05/2027 2:00,2027051602,Sunday,Market Close
16/05/2027 3:00,2027051603,Sunday,Market Close
16/05/2027 4:00,2027051604,Sunday,Market Close
16/05/2027 5:00,2027051605,Sunday,Market Close
16/05/2027 6:00,2027051606,Sunday,Market Close
16/05/2027 7:00,2027051607,Sunday,Market Close
16/05/2027 8:00,2027051608,Sunday,Market Close
16/05/2027 9:00,2027051609,Sunday,Market Close
16/05/2027 10:00,2027051610,Sunday,Market Close
16/05/2027 11:00,2027051611,Sunday,Market Close
16/05/2027 12:00,2027051612,Sunday,Market Close
16/05/2027 13:00,2027051613,Sunday,Market Close
16/05/2027 14:00,2027051614,Sunday,Market Close
16/05/2027 15:00,2027051615,Sunday,Market Close
16/05/2027 16:00,2027051616,Sunday,Market Close
16/05/2027 17:00,2027051617,Sunday,Market Close
16/05/2027 18:00,2027051618,Sunday,Market Close
16/05/2027 19:00,2027051619,Sunday,Market Close
16/05/2027 20:00,2027051620,Sunday,Market Close
21/05/2027 21:00,2027052121,Friday,Market Close
21/05/2027 22:00,2027052122,Friday,Market Close
21/05/2027 23:00,2027052123,Friday,Market Close
22/05/2027 0:00,2027052200,Saturday,Market Close
22/05/2027 1:00,2027052201,Saturday,Market Close
22/05/2027 2:00,2027052202,Saturday,Market Close
22/05/2027 3:00,2027052203,Saturday,Market Close
22/05/2027 4:00,2027052204,Saturday,Market Close
22/05/2027 5:00,2027052205,Saturday,Market Close
22/05/2027 6:00,2027052206,Saturday,Market Close
22/05/2027 7:00,2027052207,Saturday,Market Close
22/05/2027 8:00,2027052208,Saturday,Market Close
22/05/2027 9:00,2027052209,Saturday,Market Close
22/05/2027 10:00,2027052210,Saturday,Market Close
22/05/2027 11:00,2027052211,Saturday,Market Close
22/05/2027 12:00,2027052212,Saturday,Market Close
22/05/2027 13:00,2027052213,Saturday,Market Close
22/05/2027 14:00,2027052214,Saturday,Market Close
22/05/2027 15:00,2027052215,Saturday,Market Close
22/05/2027 16:00,2027052216,Saturday,Market Close
22/05/2027 17:00,2027052217,Saturday,Market Close
22/05/2027 18:00,2027052218,Saturday,Market Close
22/05/2027 19:00,2027052219,Saturday,Market Close
22/05/2027 20:00,2027052220,Saturday,Market Close
22/05/2027 21:00,2027052221,Saturday,Market Close
22/05/2027 22:00,2027052222,Saturday,Market Close
22/05/2027 23:00,2027052223,Saturday,Market Close
23/05/2027 0:00,2027052300,Sunday,Market Close
23/05/2027 1:00,2027052301,Sunday,Market Close
23/05/2027 2:00,2027052302,Sunday,Market Close
23/05/2027 3:00,2027052303,Sunday,Market Close
23/05/2027 4:00,2027052304,Sunday,Market Close
23/05/2027 5:00,2027052305,Sunday,Market Close
23/05/2027 6:00,2027052306,Sunday,Market Close
23/05/2027 7:00,2027052307,Sunday,Market Close
23/05/2027 8:00,2027052308,Sunday,Market Close
23/05/2027 9:00,2027052309,Sunday,Market Close
23/05/2027 10:00,2027052310,Sunday,Market Close
23/05/2027 11:00,2027052311,Sunday,Market Close
23/05/2027 12:00,2027052312,Sunday,Market Close
23/05/2027 13:00,2027052313,Sunday,Market Close
23/05/2027 14:00,2027052314,Sunday,Market Close
23/05/2027 15:00,2027052315,Sunday,Market Close
23/05/2027 16:00,2027052316,Sunday,Market Close
23/05/2027 17:00,2027052317,Sunday,Market Close
23/05/2027 18:00,2027052318,Sunday,Market Close
23/05/2027 19:00,2027052319,Sunday,Market Close
23/05/2027 20:00,2027052320,Sunday,Market Close
28/05/2027 21:00,2027052821,Friday,Market Close
28/05/2027 22:00,2027052822,Friday,Market Close
28/05/2027 23:00,2027052823,Friday,Market Close
29/05/2027 0:00,2027052900,Saturday,Market Close
29/05/2027 1:00,2027052901,Saturday,Market Close
29/05/2027 2:00,2027052902,Saturday,Market Close
29/05/2027 3:00,2027052903,Saturday,Market Close
29/05/2027 4:00,2027052904,Saturday,Market Close
29/05/2027 5:00,2027052905,Saturday,Market Close
29/05/2027 6:00,2027052906,Saturday,Market Close
29/05/2027 7:00,2027052907,Saturday,Market Close
29/05/2027 8:00,2027052908,Saturday,Market Close
29/05/2027 9:00,2027052909,Saturday,Market Close
29/05/2027 10:00,2027052910,Saturday,Market Close
29/05/2027 11:00,2027052911,Saturday,Market Close
29/05/2027 12:00,2027052912,Saturday,Market Close
29/05/2027 13:00,2027052913,Saturday,Market Close
29/05/2027 14:00,2027052914,Saturday,Market Close
29/05/2027 15:00,2027052915,Saturday,Market Close
29/05/2027 16:00,2027052916,Saturday,Market Close
29/05/2027 17:00,2027052917,Saturday,Market Close
29/05/2027 18:00,2027052918,Saturday,Market Close
29/05/2027 19:00,2027052919,Saturday,Market Close
29/05/2027 20:00,2027052920,Saturday,Market Close
29/05/2027 21:00,2027052921,Saturday,Market Close
29/05/2027 22:00,2027052922,Saturday,Market Close
29/05/2027 23:00,2027052923,Saturday,Market Close
30/05/2027 0:00,2027053000,Sunday,Market Close
30/05/2027 1:00,2027053001,Sunday,Market Close
30/05/2027 2:00,2027053002,Sunday,Market Close
30/05/2027 3:00,2027053003,Sunday,Market Close
30/05/2027 4:00,2027053004,Sunday,Market Close
30/05/2027 5:00,2027053005,Sunday,Market Close
30/05/2027 6:00,2027053006,Sunday,Market Close
30/05/2027 7:00,2027053007,Sunday,Market Close
30/05/2027 8:00,2027053008,Sunday,Market Close
30/05/2027 9:00,2027053009,Sunday,Market Close
30/05/2027 10:00,2027053010,Sunday,Market Close
30/05/2027 11:00,2027053011,Sunday,Market Close
30/05/2027 12:00,2027053012,Sunday,Market Close
30/05/2027 13:00,2027053013,Sunday,Market Close
30/05/2027 14:00,2027053014,Sunday,Market Close
30/05/2027 15:00,2027053015,Sunday,Market Close
30/05/2027 16:00,2027053016,Sunday,Market Close
30/05/2027 17:00,2027053017,Sunday,Market Close
30/05/2027 18:00,2027053018,Sunday,Market Close
30/05/2027 19:00,2027053019,Sunday,Market Close
30/05/2027 20:00,2027053020,Sunday,Market Close
4/06/2027 21:00,2027060421,Friday,Market Close
4/06/2027 22:00,2027060422,Friday,Market Close
4/06/2027 23:00,2027060423,Friday,Market Close
5/06/2027 0:00,2027060500,Saturday,Market Close
5/06/2027 1:00,2027060501,Saturday,Market Close
5/06/2027 2:00,2027060502,Saturday,Market Close
5/06/2027 3:00,2027060503,Saturday,Market Close
5/06/2027 4:00,2027060504,Saturday,Market Close
5/06/2027 5:00,2027060505,Saturday,Market Close
5/06/2027 6:00,2027060506,Saturday,Market Close
5/06/2027 7:00,2027060507,Saturday,Market Close
5/06/2027 8:00,2027060508,Saturday,Market Close
5/06/2027 9:00,2027060509,Saturday,Market Close
5/06/2027 10:00,2027060510,Saturday,Market Close
5/06/2027 11:00,2027060511,Saturday,Market Close
5/06/2027 12:00,2027060512,Saturday,Market Close
5/06/2027 13:00,2027060513,Saturday,Market Close
5/06/2027 14:00,2027060514,Saturday,Market Close
5/06/2027 15:00,2027060515,Saturday,Market Close
5/06/2027 16:00,2027060516,Saturday,Market Close
5/06/2027 17:00,2027060517,Saturday,Market Close
5/06/2027 18:00,2027060518,Saturday,Market Close
5/06/2027 19:00,2027060519,Saturday,Market Close
5/06/2027 20:00,2027060520,Saturday,Market Close
5/06/2027 21:00,2027060521,Saturday,Market Close
5/06/2027 22:00,2027060522,Saturday,Market Close
5/06/2027 23:00,2027060523,Saturday,Market Close
6/06/2027 0:00,2027060600,Sunday,Market Close
6/06/2027 1:00,2027060601,Sunday,Market Close
6/06/2027 2:00,2027060602,Sunday,Market Close
6/06/2027 3:00,2027060603,Sunday,Market Close
6/06/2027 4:00,2027060604,Sunday,Market Close
6/06/2027 5:00,2027060605,Sunday,Market Close
6/06/2027 6:00,2027060606,Sunday,Market Close
6/06/2027 7:00,2027060607,Sunday,Market Close
6/06/2027 8:00,2027060608,Sunday,Market Close
6/06/2027 9:00,2027060609,Sunday,Market Close
6/06/2027 10:00,2027060610,Sunday,Market Close
6/06/2027 11:00,2027060611,Sunday,Market Close
6/06/2027 12:00,2027060612,Sunday,Market Close
6/06/2027 13:00,2027060613,Sunday,Market Close
6/06/2027 14:00,2027060614,Sunday,Market Close
6/06/2027 15:00,2027060615,Sunday,Market Close
6/06/2027 16:00,2027060616,Sunday,Market Close
6/06/2027 17:00,2027060617,Sunday,Market Close
6/06/2027 18:00,2027060618,Sunday,Market Close
6/06/2027 19:00,2027060619,Sunday,Market Close
6/06/2027 20:00,2027060620,Sunday,Market Close
11/06/2027 21:00,2027061121,Friday,Market Close
11/06/2027 22:00,2027061122,Friday,Market Close
11/06/2027 23:00,2027061123,Friday,Market Close
12/06/2027 0:00,2027061200,Saturday,Market Close
12/06/2027 1:00,2027061201,Saturday,Market Close
12/06/2027 2:00,2027061202,Saturday,Market Close
12/06/2027 3:00,2027061203,Saturday,Market Close
12/06/2027 4:00,2027061204,Saturday,Market Close
12/06/2027 5:00,2027061205,Saturday,Market Close
12/06/2027 6:00,2027061206,Saturday,Market Close
12/06/2027 7:00,2027061207,Saturday,Market Close
12/06/2027 8:00,2027061208,Saturday,Market Close
12/06/2027 9:00,2027061209,Saturday,Market Close
12/06/2027 10:00,2027061210,Saturday,Market Close
12/06/2027 11:00,2027061211,Saturday,Market Close
12/06/2027 12:00,2027061212,Saturday,Market Close
12/06/2027 13:00,2027061213,Saturday,Market Close
12/06/2027 14:00,2027061214,Saturday,Market Close
12/06/2027 15:00,2027061215,Saturday,Market Close
12/06/2027 16:00,2027061216,Saturday,Market Close
12/06/2027 17:00,2027061217,Saturday,Market Close
12/06/2027 18:00,2027061218,Saturday,Market Close
12/06/2027 19:00,2027061219,Saturday,Market Close
12/06/2027 20:00,2027061220,Saturday,Market Close
12/06/2027 21:00,2027061221,Saturday,Market Close
12/06/2027 22:00,2027061222,Saturday,Market Close
12/06/2027 23:00,2027061223,Saturday,Market Close
13/06/2027 0:00,2027061300,Sunday,Market Close
13/06/2027 1:00,2027061301,Sunday,Market Close
13/06/2027 2:00,2027061302,Sunday,Market Close
13/06/2027 3:00,2027061303,Sunday,Market Close
13/06/2027 4:00,2027061304,Sunday,Market Close
13/06/2027 5:00,2027061305,Sunday,Market Close
13/06/2027 6:00,2027061306,Sunday,Market Close
13/06/2027 7:00,2027061307,Sunday,Market Close
13/06/2027 8:00,2027061308,Sunday,Market Close
13/06/2027 9:00,2027061309,Sunday,Market Close
13/06/2027 10:00,2027061310,Sunday,Market Close
13/06/2027 11:00,2027061311,Sunday,Market Close
13/06/2027 12:00,2027061312,Sunday,Market Close
13/06/2027 13:00,2027061313,Sunday,Market Close
13/06/2027 14:00,2027061314,Sunday,Market Close
13/06/2027 15:00,2027061315,Sunday,Market Close
13/06/2027 16:00,2027061316,Sunday,Market Close
13/06/2027 17:00,2027061317,Sunday,Market Close
13/06/2027 18:00,2027061318,Sunday,Market Close
13/06/2027 19:00,2027061319,Sunday,Market Close
13/06/2027 20:00,2027061320,Sunday,Market Close
18/06/2027 21:00,2027061821,Friday,Market Close
18/06/2027 22:00,2027061822,Friday,Market Close
18/06/2027 23:00,2027061823,Friday,Market Close
19/06/2027 0:00,2027061900,Saturday,Market Close
19/06/2027 1:00,2027061901,Saturday,Market Close
19/06/2027 2:00,2027061902,Saturday,Market Close
19/06/2027 3:00,2027061903,Saturday,Market Close
19/06/2027 4:00,2027061904,Saturday,Market Close
19/06/2027 5:00,2027061905,Saturday,Market Close
19/06/2027 6:00,2027061906,Saturday,Market Close
19/06/2027 7:00,2027061907,Saturday,Market Close
19/06/2027 8:00,2027061908,Saturday,Market Close
19/06/2027 9:00,2027061909,Saturday,Market Close
19/06/2027 10:00,2027061910,Saturday,Market Close
19/06/2027 11:00,2027061911,Saturday,Market Close
19/06/2027 12:00,2027061912,Saturday,Market Close
19/06/2027 13:00,2027061913,Saturday,Market Close
19/06/2027 14:00,2027061914,Saturday,Market Close
19/06/2027 15:00,2027061915,Saturday,Market Close
19/06/2027 16:00,2027061916,Saturday,Market Close
19/06/2027 17:00,2027061917,Saturday,Market Close
19/06/2027 18:00,2027061918,Saturday,Market Close
19/06/2027 19:00,2027061919,Saturday,Market Close
19/06/2027 20:00,2027061920,Saturday,Market Close
19/06/2027 21:00,2027061921,Saturday,Market Close
19/06/2027 22:00,2027061922,Saturday,Market Close
19/06/2027 23:00,2027061923,Saturday,Market Close
20/06/2027 0:00,2027062000,Sunday,Market Close
20/06/2027 1:00,2027062001,Sunday,Market Close
20/06/2027 2:00,2027062002,Sunday,Market Close
20/06/2027 3:00,2027062003,Sunday,Market Close
20/06/2027 4:00,2027062004,Sunday,Market Close
20/06/2027 5:00,2027062005,Sunday,Market Close
20/06/2027 6:00,2027062006,Sunday,Market Close
20/06/2027 7:00,2027062007,Sunday,Market Close
20/06/2027 8:00,2027062008,Sunday,Market Close
20/06/2027 9:00,2027062009,Sunday,Market Close
20/06/2027 10:00,2027062010,Sunday,Market Close
20/06/2027 11:00,2027062011,Sunday,Market Close
20/06/2027 12:00,2027062012,Sunday,Market Close
20/06/2027 13:00,2027062013,Sunday,Market Close
20/06/2027 14:00,2027062014,Sunday,Market Close
20/06/2027 15:00,2027062015,Sunday,Market Close
20/06/2027 16:00,2027062016,Sunday,Market Close
20/06/2027 17:00,2027062017,Sunday,Market Close
20/06/2027 18:00,2027062018,Sunday,Market Close
20/06/2027 19:00,2027062019,Sunday,Market Close
20/06/2027 20:00,2027062020,Sunday,Market Close
25/06/2027 21:00,2027062521,Friday,Market Close
25/06/2027 22:00,2027062522,Friday,Market Close
25/06/2027 23:00,2027062523,Friday,Market Close
26/06/2027 0:00,2027062600,Saturday,Market Close
26/06/2027 1:00,2027062601,Saturday,Market Close
26/06/2027 2:00,2027062602,Saturday,Market Close
26/06/2027 3:00,2027062603,Saturday,Market Close
26/06/2027 4:00,2027062604,Saturday,Market Close
26/06/2027 5:00,2027062605,Saturday,Market Close
26/06/2027 6:00,2027062606,Saturday,Market Close
26/06/2027 7:00,2027062607,Saturday,Market Close
26/06/2027 8:00,2027062608,Saturday,Market Close
26/06/2027 9:00,2027062609,Saturday,Market Close
26/06/2027 10:00,2027062610,Saturday,Market Close
26/06/2027 11:00,2027062611,Saturday,Market Close
26/06/2027 12:00,2027062612,Saturday,Market Close
26/06/2027 13:00,2027062613,Saturday,Market Close
26/06/2027 14:00,2027062614,Saturday,Market Close
26/06/2027 15:00,2027062615,Saturday,Market Close
26/06/2027 16:00,2027062616,Saturday,Market Close
26/06/2027 17:00,2027062617,Saturday,Market Close
26/06/2027 18:00,2027062618,Saturday,Market Close
26/06/2027 19:00,2027062619,Saturday,Market Close
26/06/2027 20:00,2027062620,Saturday,Market Close
26/06/2027 21:00,2027062621,Saturday,Market Close
26/06/2027 22:00,2027062622,Saturday,Market Close
26/06/2027 23:00,2027062623,Saturday,Market Close
27/06/2027 0:00,2027062700,Sunday,Market Close
27/06/2027 1:00,2027062701,Sunday,Market Close
27/06/2027 2:00,2027062702,Sunday,Market Close
27/06/2027 3:00,2027062703,Sunday,Market Close
27/06/2027 4:00,2027062704,Sunday,Market Close
27/06/2027 5:00,2027062705,Sunday,Market Close
27/06/2027 6:00,2027062706,Sunday,Market Close
27/06/2027 7:00,2027062707,Sunday,Market Close
27/06/2027 8:00,2027062708,Sunday,Market Close
27/06/2027 9:00,2027062709,Sunday,Market Close
27/06/2027 10:00,2027062710,Sunday,Market Close
27/06/2027 11:00,2027062711,Sunday,Market Close
27/06/2027 12:00,2027062712,Sunday,Market Close
27/06/2027 13:00,2027062713,Sunday,Market Close
27/06/2027 14:00,2027062714,Sunday,Market Close
27/06/2027 15:00,2027062715,Sunday,Market Close
27/06/2027 16:00,2027062716,Sunday,Market Close
27/06/2027 17:00,2027062717,Sunday,Market Close
27/06/2027 18:00,2027062718,Sunday,Market Close
27/06/2027 19:00,2027062719,Sunday,Market Close
27/06/2027 20:00,2027062720,Sunday,Market Close
2/07/2027 21:00,2027070221,Friday,Market Close
2/07/2027 22:00,2027070222,Friday,Market Close
2/07/2027 23:00,2027070223,Friday,Market Close
3/07/2027 0:00,2027070300,Saturday,Market Close
3/07/2027 1:00,2027070301,Saturday,Market Close
3/07/2027 2:00,2027070302,Saturday,Market Close
3/07/2027 3:00,2027070303,Saturday,Market Close
3/07/2027 4:00,2027070304,Saturday,Market Close
3/07/2027 5:00,2027070305,Saturday,Market Close
3/07/2027 6:00,2027070306,Saturday,Market Close
3/07/2027 7:00,2027070307,Saturday,Market Close
3/07/2027 8:00,2027070308,Saturday,Market Close
3/07/2027 9:00,2027070309,Saturday,Market Close
3/07/2027 10:00,2027070310,Saturday,Market Close
3/07/2027 11:00,2027070311,Saturday,Market Close
3/07/2027 12:00,2027070312,Saturday,Market Close
3/07/2027 13:00,2027070313,Saturday,Market Close
3/07/2027 14:00,2027070314,Saturday,Market Close
3/07/2027 15:00,2027070315,Saturday,Market Close
3/07/2027 16:00,2027070316,Saturday,Market Close
3/07/2027 17:00,2027070317,Saturday,Market Close
3/07/2027 18:00,2027070318,Saturday,Market Close
3/07/2027 19:00,2027070319,Saturday,Market Close
3/07/2027 20:00,2027070320,Saturday,Market Close
3/07/2027 21:00,2027070321,Saturday,Market Close
3/07/2027 22:00,2027070322,Saturday,Market Close
3/07/2027 23:00,2027070323,Saturday,Market Close
4/07/2027 0:00,2027070400,Sunday,Market Close
4/07/2027 1:00,2027070401,Sunday,Market Close
4/07/2027 2:00,2027070402,Sunday,Market Close
4/07/2027 3:00,2027070403,Sunday,Market Close
4/07/2027 4:00,2027070404,Sunday,Market Close
4/07/2027 5:00,2027070405,Sunday,Market Close
4/07/2027 6:00,2027070406,Sunday,Market Close
4/07/2027 7:00,2027070407,Sunday,Market Close
4/07/2027 8:00,2027070408,Sunday,Market Close
4/07/2027 9:00,2027070409,Sunday,Market Close
4/07/2027 10:00,2027070410,Sunday,Market Close
4/07/2027 11:00,2027070411,Sunday,Market Close
4/07/2027 12:00,2027070412,Sunday,Market Close
4/07/2027 13:00,2027070413,Sunday,Market Close
4/07/2027 14:00,2027070414,Sunday,Market Close
4/07/2027 15:00,2027070415,Sunday,Market Close
4/07/2027 16:00,2027070416,Sunday,Market Close
4/07/2027 17:00,2027070417,Sunday,Market Close
4/07/2027 18:00,2027070418,Sunday,Market Close
4/07/2027 19:00,2027070419,Sunday,Market Close
4/07/2027 20:00,2027070420,Sunday,Market Close
9/07/2027 21:00,2027070921,Friday,Market Close
9/07/2027 22:00,2027070922,Friday,Market Close
9/07/2027 23:00,2027070923,Friday,Market Close
10/07/2027 0:00,2027071000,Saturday,Market Close
10/07/2027 1:00,2027071001,Saturday,Market Close
10/07/2027 2:00,2027071002,Saturday,Market Close
10/07/2027 3:00,2027071003,Saturday,Market Close
10/07/2027 4:00,2027071004,Saturday,Market Close
10/07/2027 5:00,2027071005,Saturday,Market Close
10/07/2027 6:00,2027071006,Saturday,Market Close
10/07/2027 7:00,2027071007,Saturday,Market Close
10/07/2027 8:00,2027071008,Saturday,Market Close
10/07/2027 9:00,2027071009,Saturday,Market Close
10/07/2027 10:00,2027071010,Saturday,Market Close
10/07/2027 11:00,2027071011,Saturday,Market Close
10/07/2027 12:00,2027071012,Saturday,Market Close
10/07/2027 13:00,2027071013,Saturday,Market Close
10/07/2027 14:00,2027071014,Saturday,Market Close
10/07/2027 15:00,2027071015,Saturday,Market Close
10/07/2027 16:00,2027071016,Saturday,Market Close
10/07/2027 17:00,2027071017,Saturday,Market Close
10/07/2027 18:00,2027071018,Saturday,Market Close
10/07/2027 19:00,2027071019,Saturday,Market Close
10/07/2027 20:00,2027071020,Saturday,Market Close
10/07/2027 21:00,2027071021,Saturday,Market Close
10/07/2027 22:00,2027071022,Saturday,Market Close
10/07/2027 23:00,2027071023,Saturday,Market Close
11/07/2027 0:00,2027071100,Sunday,Market Close
11/07/2027 1:00,2027071101,Sunday,Market Close
11/07/2027 2:00,2027071102,Sunday,Market Close
11/07/2027 3:00,2027071103,Sunday,Market Close
11/07/2027 4:00,2027071104,Sunday,Market Close
11/07/2027 5:00,2027071105,Sunday,Market Close
11/07/2027 6:00,2027071106,Sunday,Market Close
11/07/2027 7:00,2027071107,Sunday,Market Close
11/07/2027 8:00,2027071108,Sunday,Market Close
11/07/2027 9:00,2027071109,Sunday,Market Close
11/07/2027 10:00,2027071110,Sunday,Market Close
11/07/2027 11:00,2027071111,Sunday,Market Close
11/07/2027 12:00,2027071112,Sunday,Market Close
11/07/2027 13:00,2027071113,Sunday,Market Close
11/07/2027 14:00,2027071114,Sunday,Market Close
11/07/2027 15:00,2027071115,Sunday,Market Close
11/07/2027 16:00,2027071116,Sunday,Market Close
11/07/2027 17:00,2027071117,Sunday,Market Close
11/07/2027 18:00,2027071118,Sunday,Market Close
11/07/2027 19:00,2027071119,Sunday,Market Close
11/07/2027 20:00,2027071120,Sunday,Market Close
16/07/2027 21:00,2027071621,Friday,Market Close
16/07/2027 22:00,2027071622,Friday,Market Close
16/07/2027 23:00,2027071623,Friday,Market Close
17/07/2027 0:00,2027071700,Saturday,Market Close
17/07/2027 1:00,2027071701,Saturday,Market Close
17/07/2027 2:00,2027071702,Saturday,Market Close
17/07/2027 3:00,2027071703,Saturday,Market Close
17/07/2027 4:00,2027071704,Saturday,Market Close
17/07/2027 5:00,2027071705,Saturday,Market Close
17/07/2027 6:00,2027071706,Saturday,Market Close
17/07/2027 7:00,2027071707,Saturday,Market Close
17/07/2027 8:00,2027071708,Saturday,Market Close
17/07/2027 9:00,2027071709,Saturday,Market Close
17/07/2027 10:00,2027071710,Saturday,Market Close
17/07/2027 11:00,2027071711,Saturday,Market Close
17/07/2027 12:00,2027071712,Saturday,Market Close
17/07/2027 13:00,2027071713,Saturday,Market Close
17/07/2027 14:00,2027071714,Saturday,Market Close
17/07/2027 15:00,2027071715,Saturday,Market Close
17/07/2027 16:00,2027071716,Saturday,Market Close
17/07/2027 17:00,2027071717,Saturday,Market Close
17/07/2027 18:00,2027071718,Saturday,Market Close
17/07/2027 19:00,2027071719,Saturday,Market Close
17/07/2027 20:00,2027071720,Saturday,Market Close
17/07/2027 21:00,2027071721,Saturday,Market Close
17/07/2027 22:00,2027071722,Saturday,Market Close
17/07/2027 23:00,2027071723,Saturday,Market Close
18/07/2027 0:00,2027071800,Sunday,Market Close
18/07/2027 1:00,2027071801,Sunday,Market Close
18/07/2027 2:00,2027071802,Sunday,Market Close
18/07/2027 3:00,2027071803,Sunday,Market Close
18/07/2027 4:00,2027071804,Sunday,Market Close
18/07/2027 5:00,2027071805,Sunday,Market Close
18/07/2027 6:00,2027071806,Sunday,Market Close
18/07/2027 7:00,2027071807,Sunday,Market Close
18/07/2027 8:00,2027071808,Sunday,Market Close
18/07/2027 9:00,2027071809,Sunday,Market Close
18/07/2027 10:00,2027071810,Sunday,Market Close
18/07/2027 11:00,2027071811,Sunday,Market Close
18/07/2027 12:00,2027071812,Sunday,Market Close
18/07/2027 13:00,2027071813,Sunday,Market Close
18/07/2027 14:00,2027071814,Sunday,Market Close
18/07/2027 15:00,2027071815,Sunday,Market Close
18/07/2027 16:00,2027071816,Sunday,Market Close
18/07/2027 17:00,2027071817,Sunday,Market Close
18/07/2027 18:00,2027071818,Sunday,Market Close
18/07/2027 19:00,2027071819,Sunday,Market Close
18/07/2027 20:00,2027071820,Sunday,Market Close
23/07/2027 21:00,2027072321,Friday,Market Close
23/07/2027 22:00,2027072322,Friday,Market Close
23/07/2027 23:00,2027072323,Friday,Market Close
24/07/2027 0:00,2027072400,Saturday,Market Close
24/07/2027 1:00,2027072401,Saturday,Market Close
24/07/2027 2:00,2027072402,Saturday,Market Close
24/07/2027 3:00,2027072403,Saturday,Market Close
24/07/2027 4:00,2027072404,Saturday,Market Close
24/07/2027 5:00,2027072405,Saturday,Market Close
24/07/2027 6:00,2027072406,Saturday,Market Close
24/07/2027 7:00,2027072407,Saturday,Market Close
24/07/2027 8:00,2027072408,Saturday,Market Close
24/07/2027 9:00,2027072409,Saturday,Market Close
24/07/2027 10:00,2027072410,Saturday,Market Close
24/07/2027 11:00,2027072411,Saturday,Market Close
24/07/2027 12:00,2027072412,Saturday,Market Close
24/07/2027 13:00,2027072413,Saturday,Market Close
24/07/2027 14:00,2027072414,Saturday,Market Close
24/07/2027 15:00,2027072415,Saturday,Market Close
24/07/2027 16:00,2027072416,Saturday,Market Close
24/07/2027 17:00,2027072417,Saturday,Market Close
24/07/2027 18:00,2027072418,Saturday,Market Close
24/07/2027 19:00,2027072419,Saturday,Market Close
24/07/2027 20:00,2027072420,Saturday,Market Close
24/07/2027 21:00,2027072421,Saturday,Market Close
24/07/2027 22:00,2027072422,Saturday,Market Close
24/07/2027 23:00,2027072423,Saturday,Market Close
25/07/2027 0:00,2027072500,Sunday,Market Close
25/07/2027 1:00,2027072501,Sunday,Market Close
25/07/2027 2:00,2027072502,Sunday,Market Close
25/07/2027 3:00,2027072503,Sunday,Market Close
25/07/2027 4:00,2027072504,Sunday,Market Close
25/07/2027 5:00,2027072505,Sunday,Market Close
25/07/2027 6:00,2027072506,Sunday,Market Close
25/07/2027 7:00,2027072507,Sunday,Market Close
25/07/2027 8:00,2027072508,Sunday,Market Close
25/07/2027 9:00,2027072509,Sunday,Market Close
25/07/2027 10:00,2027072510,Sunday,Market Close
25/07/2027 11:00,2027072511,Sunday,Market Close
25/07/2027 12:00,2027072512,Sunday,Market Close
25/07/2027 13:00,2027072513,Sunday,Market Close
25/07/2027 14:00,2027072514,Sunday,Market Close
25/07/2027 15:00,2027072515,Sunday,Market Close
25/07/2027 16:00,2027072516,Sunday,Market Close
25/07/2027 17:00,2027072517,Sunday,Market Close
25/07/2027 18:00,2027072518,Sunday,Market Close
25/07/2027 19:00,2027072519,Sunday,Market Close
25/07/2027 20:00,2027072520,Sunday,Market Close
30/07/2027 21:00,2027073021,Friday,Market Close
30/07/2027 22:00,2027073022,Friday,Market Close
30/07/2027 23:00,2027073023,Friday,Market Close
31/07/2027 0:00,2027073100,Saturday,Market Close
31/07/2027 1:00,2027073101,Saturday,Market Close
31/07/2027 2:00,2027073102,Saturday,Market Close
31/07/2027 3:00,2027073103,Saturday,Market Close
31/07/2027 4:00,2027073104,Saturday,Market Close
31/07/2027 5:00,2027073105,Saturday,Market Close
31/07/2027 6:00,2027073106,Saturday,Market Close
31/07/2027 7:00,2027073107,Saturday,Market Close
31/07/2027 8:00,2027073108,Saturday,Market Close
31/07/2027 9:00,2027073109,Saturday,Market Close
31/07/2027 10:00,2027073110,Saturday,Market Close
31/07/2027 11:00,2027073111,Saturday,Market Close
31/07/2027 12:00,2027073112,Saturday,Market Close
31/07/2027 13:00,2027073113,Saturday,Market Close
31/07/2027 14:00,2027073114,Saturday,Market Close
31/07/2027 15:00,2027073115,Saturday,Market Close
31/07/2027 16:00,2027073116,Saturday,Market Close
31/07/2027 17:00,2027073117,Saturday,Market Close
31/07/2027 18:00,2027073118,Saturday,Market Close
31/07/2027 19:00,2027073119,Saturday,Market Close
31/07/2027 20:00,2027073120,Saturday,Market Close
31/07/2027 21:00,2027073121,Saturday,Market Close
31/07/2027 22:00,2027073122,Saturday,Market Close
31/07/2027 23:00,2027073123,Saturday,Market Close
1/08/2027 0:00,2027080100,Sunday,Market Close
1/08/2027 1:00,2027080101,Sunday,Market Close
1/08/2027 2:00,2027080102,Sunday,Market Close
1/08/2027 3:00,2027080103,Sunday,Market Close
1/08/2027 4:00,2027080104,Sunday,Market Close
1/08/2027 5:00,2027080105,Sunday,Market Close
1/08/2027 6:00,2027080106,Sunday,Market Close
1/08/2027 7:00,2027080107,Sunday,Market Close
1/08/2027 8:00,2027080108,Sunday,Market Close
1/08/2027 9:00,2027080109,Sunday,Market Close
1/08/2027 10:00,2027080110,Sunday,Market Close
1/08/2027 11:00,2027080111,Sunday,Market Close
1/08/2027 12:00,2027080112,Sunday,Market Close
1/08/2027 13:00,2027080113,Sunday,Market Close
1/08/2027 14:00,2027080114,Sunday,Market Close
1/08/2027 15:00,2027080115,Sunday,Market Close
1/08/2027 16:00,2027080116,Sunday,Market Close
1/08/2027 17:00,2027080117,Sunday,Market Close
1/08/2027 18:00,2027080118,Sunday,Market Close
1/08/2027 19:00,2027080119,Sunday,Market Close
1/08/2027 20:00,2027080120,Sunday,Market Close
6/08/2027 21:00,2027080621,Friday,Market Close
6/08/2027 22:00,2027080622,Friday,Market Close
6/08/2027 23:00,2027080623,Friday,Market Close
7/08/2027 0:00,2027080700,Saturday,Market Close
7/08/2027 1:00,2027080701,Saturday,Market Close
7/08/2027 2:00,2027080702,Saturday,Market Close
7/08/2027 3:00,2027080703,Saturday,Market Close
7/08/2027 4:00,2027080704,Saturday,Market Close
7/08/2027 5:00,2027080705,Saturday,Market Close
7/08/2027 6:00,2027080706,Saturday,Market Close
7/08/2027 7:00,2027080707,Saturday,Market Close
7/08/2027 8:00,2027080708,Saturday,Market Close
7/08/2027 9:00,2027080709,Saturday,Market Close
7/08/2027 10:00,2027080710,Saturday,Market Close
7/08/2027 11:00,2027080711,Saturday,Market Close
7/08/2027 12:00,2027080712,Saturday,Market Close
7/08/2027 13:00,2027080713,Saturday,Market Close
7/08/2027 14:00,2027080714,Saturday,Market Close
7/08/2027 15:00,2027080715,Saturday,Market Close
7/08/2027 16:00,2027080716,Saturday,Market Close
7/08/2027 17:00,2027080717,Saturday,Market Close
7/08/2027 18:00,2027080718,Saturday,Market Close
7/08/2027 19:00,2027080719,Saturday,Market Close
7/08/2027 20:00,2027080720,Saturday,Market Close
7/08/2027 21:00,2027080721,Saturday,Market Close
7/08/2027 22:00,2027080722,Saturday,Market Close
7/08/2027 23:00,2027080723,Saturday,Market Close
8/08/2027 0:00,2027080800,Sunday,Market Close
8/08/2027 1:00,2027080801,Sunday,Market Close
8/08/2027 2:00,2027080802,Sunday,Market Close
8/08/2027 3:00,2027080803,Sunday,Market Close
8/08/2027 4:00,2027080804,Sunday,Market Close
8/08/2027 5:00,2027080805,Sunday,Market Close
8/08/2027 6:00,2027080806,Sunday,Market Close
8/08/2027 7:00,2027080807,Sunday,Market Close
8/08/2027 8:00,2027080808,Sunday,Market Close
8/08/2027 9:00,2027080809,Sunday,Market Close
8/08/2027 10:00,2027080810,Sunday,Market Close
8/08/2027 11:00,2027080811,Sunday,Market Close
8/08/2027 12:00,2027080812,Sunday,Market Close
8/08/2027 13:00,2027080813,Sunday,Market Close
8/08/2027 14:00,2027080814,Sunday,Market Close
8/08/2027 15:00,2027080815,Sunday,Market Close
8/08/2027 16:00,2027080816,Sunday,Market Close
8/08/2027 17:00,2027080817,Sunday,Market Close
8/08/2027 18:00,2027080818,Sunday,Market Close
8/08/2027 19:00,2027080819,Sunday,Market Close
8/08/2027 20:00,2027080820,Sunday,Market Close
13/08/2027 21:00,2027081321,Friday,Market Close
13/08/2027 22:00,2027081322,Friday,Market Close
13/08/2027 23:00,2027081323,Friday,Market Close
14/08/2027 0:00,2027081400,Saturday,Market Close
14/08/2027 1:00,2027081401,Saturday,Market Close
14/08/2027 2:00,2027081402,Saturday,Market Close
14/08/2027 3:00,2027081403,Saturday,Market Close
14/08/2027 4:00,2027081404,Saturday,Market Close
14/08/2027 5:00,2027081405,Saturday,Market Close
14/08/2027 6:00,2027081406,Saturday,Market Close
14/08/2027 7:00,2027081407,Saturday,Market Close
14/08/2027 8:00,2027081408,Saturday,Market Close
14/08/2027 9:00,2027081409,Saturday,Market Close
14/08/2027 10:00,2027081410,Saturday,Market Close
14/08/2027 11:00,2027081411,Saturday,Market Close
14/08/2027 12:00,2027081412,Saturday,Market Close
14/08/2027 13:00,2027081413,Saturday,Market Close
14/08/2027 14:00,2027081414,Saturday,Market Close
14/08/2027 15:00,2027081415,Saturday,Market Close
14/08/2027 16:00,2027081416,Saturday,Market Close
14/08/2027 17:00,2027081417,Saturday,Market Close
14/08/2027 18:00,2027081418,Saturday,Market Close
14/08/2027 19:00,2027081419,Saturday,Market Close
14/08/2027 20:00,2027081420,Saturday,Market Close
14/08/2027 21:00,2027081421,Saturday,Market Close
14/08/2027 22:00,2027081422,Saturday,Market Close
14/08/2027 23:00,2027081423,Saturday,Market Close
15/08/2027 0:00,2027081500,Sunday,Market Close
15/08/2027 1:00,2027081501,Sunday,Market Close
15/08/2027 2:00,2027081502,Sunday,Market Close
15/08/2027 3:00,2027081503,Sunday,Market Close
15/08/2027 4:00,2027081504,Sunday,Market Close
15/08/2027 5:00,2027081505,Sunday,Market Close
15/08/2027 6:00,2027081506,Sunday,Market Close
15/08/2027 7:00,2027081507,Sunday,Market Close
15/08/2027 8:00,2027081508,Sunday,Market Close
15/08/2027 9:00,2027081509,Sunday,Market Close
15/08/2027 10:00,2027081510,Sunday,Market Close
15/08/2027 11:00,2027081511,Sunday,Market Close
15/08/2027 12:00,2027081512,Sunday,Market Close
15/08/2027 13:00,2027081513,Sunday,Market Close
15/08/2027 14:00,2027081514,Sunday,Market Close
15/08/2027 15:00,2027081515,Sunday,Market Close
15/08/2027 16:00,2027081516,Sunday,Market Close
15/08/2027 17:00,2027081517,Sunday,Market Close
15/08/2027 18:00,2027081518,Sunday,Market Close
15/08/2027 19:00,2027081519,Sunday,Market Close
15/08/2027 20:00,2027081520,Sunday,Market Close
20/08/2027 21:00,2027082021,Friday,Market Close
20/08/2027 22:00,2027082022,Friday,Market Close
20/08/2027 23:00,2027082023,Friday,Market Close
21/08/2027 0:00,2027082100,Saturday,Market Close
21/08/2027 1:00,2027082101,Saturday,Market Close
21/08/2027 2:00,2027082102,Saturday,Market Close
21/08/2027 3:00,2027082103,Saturday,Market Close
21/08/2027 4:00,2027082104,Saturday,Market Close
21/08/2027 5:00,2027082105,Saturday,Market Close
21/08/2027 6:00,2027082106,Saturday,Market Close
21/08/2027 7:00,2027082107,Saturday,Market Close
21/08/2027 8:00,2027082108,Saturday,Market Close
21/08/2027 9:00,2027082109,Saturday,Market Close
21/08/2027 10:00,2027082110,Saturday,Market Close
21/08/2027 11:00,2027082111,Saturday,Market Close
21/08/2027 12:00,2027082112,Saturday,Market Close
21/08/2027 13:00,2027082113,Saturday,Market Close
21/08/2027 14:00,2027082114,Saturday,Market Close
21/08/2027 15:00,2027082115,Saturday,Market Close
21/08/2027 16:00,2027082116,Saturday,Market Close
21/08/2027 17:00,2027082117,Saturday,Market Close
21/08/2027 18:00,2027082118,Saturday,Market Close
21/08/2027 19:00,2027082119,Saturday,Market Close
21/08/2027 20:00,2027082120,Saturday,Market Close
21/08/2027 21:00,2027082121,Saturday,Market Close
21/08/2027 22:00,2027082122,Saturday,Market Close
21/08/2027 23:00,2027082123,Saturday,Market Close
22/08/2027 0:00,2027082200,Sunday,Market Close
22/08/2027 1:00,2027082201,Sunday,Market Close
22/08/2027 2:00,2027082202,Sunday,Market Close
22/08/2027 3:00,2027082203,Sunday,Market Close
22/08/2027 4:00,2027082204,Sunday,Market Close
22/08/2027 5:00,2027082205,Sunday,Market Close
22/08/2027 6:00,2027082206,Sunday,Market Close
22/08/2027 7:00,2027082207,Sunday,Market Close
22/08/2027 8:00,2027082208,Sunday,Market Close
22/08/2027 9:00,2027082209,Sunday,Market Close
22/08/2027 10:00,2027082210,Sunday,Market Close
22/08/2027 11:00,2027082211,Sunday,Market Close
22/08/2027 12:00,2027082212,Sunday,Market Close
22/08/2027 13:00,2027082213,Sunday,Market Close
22/08/2027 14:00,2027082214,Sunday,Market Close
22/08/2027 15:00,2027082215,Sunday,Market Close
22/08/2027 16:00,2027082216,Sunday,Market Close
22/08/2027 17:00,2027082217,Sunday,Market Close
22/08/2027 18:00,2027082218,Sunday,Market Close
22/08/2027 19:00,2027082219,Sunday,Market Close
22/08/2027 20:00,2027082220,Sunday,Market Close
27/08/2027 21:00,2027082721,Friday,Market Close
27/08/2027 22:00,2027082722,Friday,Market Close
27/08/2027 23:00,2027082723,Friday,Market Close
28/08/2027 0:00,2027082800,Saturday,Market Close
28/08/2027 1:00,2027082801,Saturday,Market Close
28/08/2027 2:00,2027082802,Saturday,Market Close
28/08/2027 3:00,2027082803,Saturday,Market Close
28/08/2027 4:00,2027082804,Saturday,Market Close
28/08/2027 5:00,2027082805,Saturday,Market Close
28/08/2027 6:00,2027082806,Saturday,Market Close
28/08/2027 7:00,2027082807,Saturday,Market Close
28/08/2027 8:00,2027082808,Saturday,Market Close
28/08/2027 9:00,2027082809,Saturday,Market Close
28/08/2027 10:00,2027082810,Saturday,Market Close
28/08/2027 11:00,2027082811,Saturday,Market Close
28/08/2027 12:00,2027082812,Saturday,Market Close
28/08/2027 13:00,2027082813,Saturday,Market Close
28/08/2027 14:00,2027082814,Saturday,Market Close
28/08/2027 15:00,2027082815,Saturday,Market Close
28/08/2027 16:00,2027082816,Saturday,Market Close
28/08/2027 17:00,2027082817,Saturday,Market Close
28/08/2027 18:00,2027082818,Saturday,Market Close
28/08/2027 19:00,2027082819,Saturday,Market Close
28/08/2027 20:00,2027082820,Saturday,Market Close
28/08/2027 21:00,2027082821,Saturday,Market Close
28/08/2027 22:00,2027082822,Saturday,Market Close
28/08/2027 23:00,2027082823,Saturday,Market Close
29/08/2027 0:00,2027082900,Sunday,Market Close
29/08/2027 1:00,2027082901,Sunday,Market Close
29/08/2027 2:00,2027082902,Sunday,Market Close
29/08/2027 3:00,2027082903,Sunday,Market Close
29/08/2027 4:00,2027082904,Sunday,Market Close
29/08/2027 5:00,2027082905,Sunday,Market Close
29/08/2027 6:00,2027082906,Sunday,Market Close
29/08/2027 7:00,2027082907,Sunday,Market Close
29/08/2027 8:00,2027082908,Sunday,Market Close
29/08/2027 9:00,2027082909,Sunday,Market Close
29/08/2027 10:00,2027082910,Sunday,Market Close
29/08/2027 11:00,2027082911,Sunday,Market Close
29/08/2027 12:00,2027082912,Sunday,Market Close
29/08/2027 13:00,2027082913,Sunday,Market Close
29/08/2027 14:00,2027082914,Sunday,Market Close
29/08/2027 15:00,2027082915,Sunday,Market Close
29/08/2027 16:00,2027082916,Sunday,Market Close
29/08/2027 17:00,2027082917,Sunday,Market Close
29/08/2027 18:00,2027082918,Sunday,Market Close
29/08/2027 19:00,2027082919,Sunday,Market Close
29/08/2027 20:00,2027082920,Sunday,Market Close
3/09/2027 21:00,2027090321,Friday,Market Close
3/09/2027 22:00,2027090322,Friday,Market Close
3/09/2027 23:00,2027090323,Friday,Market Close
4/09/2027 0:00,2027090400,Saturday,Market Close
4/09/2027 1:00,2027090401,Saturday,Market Close
4/09/2027 2:00,2027090402,Saturday,Market Close
4/09/2027 3:00,2027090403,Saturday,Market Close
4/09/2027 4:00,2027090404,Saturday,Market Close
4/09/2027 5:00,2027090405,Saturday,Market Close
4/09/2027 6:00,2027090406,Saturday,Market Close
4/09/2027 7:00,2027090407,Saturday,Market Close
4/09/2027 8:00,2027090408,Saturday,Market Close
4/09/2027 9:00,2027090409,Saturday,Market Close
4/09/2027 10:00,2027090410,Saturday,Market Close
4/09/2027 11:00,2027090411,Saturday,Market Close
4/09/2027 12:00,2027090412,Saturday,Market Close
4/09/2027 13:00,2027090413,Saturday,Market Close
4/09/2027 14:00,2027090414,Saturday,Market Close
4/09/2027 15:00,2027090415,Saturday,Market Close
4/09/2027 16:00,2027090416,Saturday,Market Close
4/09/2027 17:00,2027090417,Saturday,Market Close
4/09/2027 18:00,2027090418,Saturday,Market Close
4/09/2027 19:00,2027090419,Saturday,Market Close
4/09/2027 20:00,2027090420,Saturday,Market Close
4/09/2027 21:00,2027090421,Saturday,Market Close
4/09/2027 22:00,2027090422,Saturday,Market Close
4/09/2027 23:00,2027090423,Saturday,Market Close
5/09/2027 0:00,2027090500,Sunday,Market Close
5/09/2027 1:00,2027090501,Sunday,Market Close
5/09/2027 2:00,2027090502,Sunday,Market Close
5/09/2027 3:00,2027090503,Sunday,Market Close
5/09/2027 4:00,2027090504,Sunday,Market Close
5/09/2027 5:00,2027090505,Sunday,Market Close
5/09/2027 6:00,2027090506,Sunday,Market Close
5/09/2027 7:00,2027090507,Sunday,Market Close
5/09/2027 8:00,2027090508,Sunday,Market Close
5/09/2027 9:00,2027090509,Sunday,Market Close
5/09/2027 10:00,2027090510,Sunday,Market Close
5/09/2027 11:00,2027090511,Sunday,Market Close
5/09/2027 12:00,2027090512,Sunday,Market Close
5/09/2027 13:00,2027090513,Sunday,Market Close
5/09/2027 14:00,2027090514,Sunday,Market Close
5/09/2027 15:00,2027090515,Sunday,Market Close
5/09/2027 16:00,2027090516,Sunday,Market Close
5/09/2027 17:00,2027090517,Sunday,Market Close
5/09/2027 18:00,2027090518,Sunday,Market Close
5/09/2027 19:00,2027090519,Sunday,Market Close
5/09/2027 20:00,2027090520,Sunday,Market Close
10/09/2027 21:00,2027091021,Friday,Market Close
10/09/2027 22:00,2027091022,Friday,Market Close
10/09/2027 23:00,2027091023,Friday,Market Close
11/09/2027 0:00,2027091100,Saturday,Market Close
11/09/2027 1:00,2027091101,Saturday,Market Close
11/09/2027 2:00,2027091102,Saturday,Market Close
11/09/2027 3:00,2027091103,Saturday,Market Close
11/09/2027 4:00,2027091104,Saturday,Market Close
11/09/2027 5:00,2027091105,Saturday,Market Close
11/09/2027 6:00,2027091106,Saturday,Market Close
11/09/2027 7:00,2027091107,Saturday,Market Close
11/09/2027 8:00,2027091108,Saturday,Market Close
11/09/2027 9:00,2027091109,Saturday,Market Close
11/09/2027 10:00,2027091110,Saturday,Market Close
11/09/2027 11:00,2027091111,Saturday,Market Close
11/09/2027 12:00,2027091112,Saturday,Market Close
11/09/2027 13:00,2027091113,Saturday,Market Close
11/09/2027 14:00,2027091114,Saturday,Market Close
11/09/2027 15:00,2027091115,Saturday,Market Close
11/09/2027 16:00,2027091116,Saturday,Market Close
11/09/2027 17:00,2027091117,Saturday,Market Close
11/09/2027 18:00,2027091118,Saturday,Market Close
11/09/2027 19:00,2027091119,Saturday,Market Close
11/09/2027 20:00,2027091120,Saturday,Market Close
11/09/2027 21:00,2027091121,Saturday,Market Close
11/09/2027 22:00,2027091122,Saturday,Market Close
11/09/2027 23:00,2027091123,Saturday,Market Close
12/09/2027 0:00,2027091200,Sunday,Market Close
12/09/2027 1:00,2027091201,Sunday,Market Close
12/09/2027 2:00,2027091202,Sunday,Market Close
12/09/2027 3:00,2027091203,Sunday,Market Close
12/09/2027 4:00,2027091204,Sunday,Market Close
12/09/2027 5:00,2027091205,Sunday,Market Close
12/09/2027 6:00,2027091206,Sunday,Market Close
12/09/2027 7:00,2027091207,Sunday,Market Close
12/09/2027 8:00,2027091208,Sunday,Market Close
12/09/2027 9:00,2027091209,Sunday,Market Close
12/09/2027 10:00,2027091210,Sunday,Market Close
12/09/2027 11:00,2027091211,Sunday,Market Close
12/09/2027 12:00,2027091212,Sunday,Market Close
12/09/2027 13:00,2027091213,Sunday,Market Close
12/09/2027 14:00,2027091214,Sunday,Market Close
12/09/2027 15:00,2027091215,Sunday,Market Close
12/09/2027 16:00,2027091216,Sunday,Market Close
12/09/2027 17:00,2027091217,Sunday,Market Close
12/09/2027 18:00,2027091218,Sunday,Market Close
12/09/2027 19:00,2027091219,Sunday,Market Close
12/09/2027 20:00,2027091220,Sunday,Market Close
17/09/2027 21:00,2027091721,Friday,Market Close
17/09/2027 22:00,2027091722,Friday,Market Close
17/09/2027 23:00,2027091723,Friday,Market Close
18/09/2027 0:00,2027091800,Saturday,Market Close
18/09/2027 1:00,2027091801,Saturday,Market Close
18/09/2027 2:00,2027091802,Saturday,Market Close
18/09/2027 3:00,2027091803,Saturday,Market Close
18/09/2027 4:00,2027091804,Saturday,Market Close
18/09/2027 5:00,2027091805,Saturday,Market Close
18/09/2027 6:00,2027091806,Saturday,Market Close
18/09/2027 7:00,2027091807,Saturday,Market Close
18/09/2027 8:00,2027091808,Saturday,Market Close
18/09/2027 9:00,2027091809,Saturday,Market Close
18/09/2027 10:00,2027091810,Saturday,Market Close
18/09/2027 11:00,2027091811,Saturday,Market Close
18/09/2027 12:00,2027091812,Saturday,Market Close
18/09/2027 13:00,2027091813,Saturday,Market Close
18/09/2027 14:00,2027091814,Saturday,Market Close
18/09/2027 15:00,2027091815,Saturday,Market Close
18/09/2027 16:00,2027091816,Saturday,Market Close
18/09/2027 17:00,2027091817,Saturday,Market Close
18/09/2027 18:00,2027091818,Saturday,Market Close
18/09/2027 19:00,2027091819,Saturday,Market Close
18/09/2027 20:00,2027091820,Saturday,Market Close
18/09/2027 21:00,2027091821,Saturday,Market Close
18/09/2027 22:00,2027091822,Saturday,Market Close
18/09/2027 23:00,2027091823,Saturday,Market Close
19/09/2027 0:00,2027091900,Sunday,Market Close
19/09/2027 1:00,2027091901,Sunday,Market Close
19/09/2027 2:00,2027091902,Sunday,Market Close
19/09/2027 3:00,2027091903,Sunday,Market Close
19/09/2027 4:00,2027091904,Sunday,Market Close
19/09/2027 5:00,2027091905,Sunday,Market Close
19/09/2027 6:00,2027091906,Sunday,Market Close
19/09/2027 7:00,2027091907,Sunday,Market Close
19/09/2027 8:00,2027091908,Sunday,Market Close
19/09/2027 9:00,2027091909,Sunday,Market Close
19/09/2027 10:00,2027091910,Sunday,Market Close
19/09/2027 11:00,2027091911,Sunday,Market Close
19/09/2027 12:00,2027091912,Sunday,Market Close
19/09/2027 13:00,2027091913,Sunday,Market Close
19/09/2027 14:00,2027091914,Sunday,Market Close
19/09/2027 15:00,2027091915,Sunday,Market Close
19/09/2027 16:00,2027091916,Sunday,Market Close
19/09/2027 17:00,2027091917,Sunday,Market Close
19/09/2027 18:00,2027091918,Sunday,Market Close
19/09/2027 19:00,2027091919,Sunday,Market Close
19/09/2027 20:00,2027091920,Sunday,Market Close
24/09/2027 21:00,2027092421,Friday,Market Close
24/09/2027 22:00,2027092422,Friday,Market Close
24/09/2027 23:00,2027092423,Friday,Market Close
25/09/2027 0:00,2027092500,Saturday,Market Close
25/09/2027 1:00,2027092501,Saturday,Market Close
25/09/2027 2:00,2027092502,Saturday,Market Close
25/09/2027 3:00,2027092503,Saturday,Market Close
25/09/2027 4:00,2027092504,Saturday,Market Close
25/09/2027 5:00,2027092505,Saturday,Market Close
25/09/2027 6:00,2027092506,Saturday,Market Close
25/09/2027 7:00,2027092507,Saturday,Market Close
25/09/2027 8:00,2027092508,Saturday,Market Close
25/09/2027 9:00,2027092509,Saturday,Market Close
25/09/2027 10:00,2027092510,Saturday,Market Close
25/09/2027 11:00,2027092511,Saturday,Market Close
25/09/2027 12:00,2027092512,Saturday,Market Close
25/09/2027 13:00,2027092513,Saturday,Market Close
25/09/2027 14:00,2027092514,Saturday,Market Close
25/09/2027 15:00,2027092515,Saturday,Market Close
25/09/2027 16:00,2027092516,Saturday,Market Close
25/09/2027 17:00,2027092517,Saturday,Market Close
25/09/2027 18:00,2027092518,Saturday,Market Close
25/09/2027 19:00,2027092519,Saturday,Market Close
25/09/2027 20:00,2027092520,Saturday,Market Close
25/09/2027 21:00,2027092521,Saturday,Market Close
25/09/2027 22:00,2027092522,Saturday,Market Close
25/09/2027 23:00,2027092523,Saturday,Market Close
26/09/2027 0:00,2027092600,Sunday,Market Close
26/09/2027 1:00,2027092601,Sunday,Market Close
26/09/2027 2:00,2027092602,Sunday,Market Close
26/09/2027 3:00,2027092603,Sunday,Market Close
26/09/2027 4:00,2027092604,Sunday,Market Close
26/09/2027 5:00,2027092605,Sunday,Market Close
26/09/2027 6:00,2027092606,Sunday,Market Close
26/09/2027 7:00,2027092607,Sunday,Market Close
26/09/2027 8:00,2027092608,Sunday,Market Close
26/09/2027 9:00,2027092609,Sunday,Market Close
26/09/2027 10:00,2027092610,Sunday,Market Close
26/09/2027 11:00,2027092611,Sunday,Market Close
26/09/2027 12:00,2027092612,Sunday,Market Close
26/09/2027 13:00,2027092613,Sunday,Market Close
26/09/2027 14:00,2027092614,Sunday,Market Close
26/09/2027 15:00,2027092615,Sunday,Market Close
26/09/2027 16:00,2027092616,Sunday,Market Close
26/09/2027 17:00,2027092617,Sunday,Market Close
26/09/2027 18:00,2027092618,Sunday,Market Close
26/09/2027 19:00,2027092619,Sunday,Market Close
26/09/2027 20:00,2027092620,Sunday,Market Close
1/10/2027 21:00,2027100121,Friday,Market Close
1/10/2027 22:00,2027100122,Friday,Market Close
1/10/2027 23:00,2027100123,Friday,Market Close
2/10/2027 0:00,2027100200,Saturday,Market Close
2/10/2027 1:00,2027100201,Saturday,Market Close
2/10/2027 2:00,2027100202,Saturday,Market Close
2/10/2027 3:00,2027100203,Saturday,Market Close
2/10/2027 4:00,2027100204,Saturday,Market Close
2/10/2027 5:00,2027100205,Saturday,Market Close
2/10/2027 6:00,2027100206,Saturday,Market Close
2/10/2027 7:00,2027100207,Saturday,Market Close
2/10/2027 8:00,2027100208,Saturday,Market Close
2/10/2027 9:00,2027100209,Saturday,Market Close
2/10/2027 10:00,2027100210,Saturday,Market Close
2/10/2027 11:00,2027100211,Saturday,Market Close
2/10/2027 12:00,2027100212,Saturday,Market Close
2/10/2027 13:00,2027100213,Saturday,Market Close
2/10/2027 14:00,2027100214,Saturday,Market Close
2/10/2027 15:00,2027100215,Saturday,Market Close
2/10/2027 16:00,2027100216,Saturday,Market Close
2/10/2027 17:00,2027100217,Saturday,Market Close
2/10/2027 18:00,2027100218,Saturday,Market Close
2/10/2027 19:00,2027100219,Saturday,Market Close
2/10/2027 20:00,2027100220,Saturday,Market Close
2/10/2027 21:00,2027100221,Saturday,Market Close
2/10/2027 22:00,2027100222,Saturday,Market Close
2/10/2027 23:00,2027100223,Saturday,Market Close
3/10/2027 0:00,2027100300,Sunday,Market Close
3/10/2027 1:00,2027100301,Sunday,Market Close
3/10/2027 2:00,2027100302,Sunday,Market Close
3/10/2027 3:00,2027100303,Sunday,Market Close
3/10/2027 4:00,2027100304,Sunday,Market Close
3/10/2027 5:00,2027100305,Sunday,Market Close
3/10/2027 6:00,2027100306,Sunday,Market Close
3/10/2027 7:00,2027100307,Sunday,Market Close
3/10/2027 8:00,2027100308,Sunday,Market Close
3/10/2027 9:00,2027100309,Sunday,Market Close
3/10/2027 10:00,2027100310,Sunday,Market Close
3/10/2027 11:00,2027100311,Sunday,Market Close
3/10/2027 12:00,2027100312,Sunday,Market Close
3/10/2027 13:00,2027100313,Sunday,Market Close
3/10/2027 14:00,2027100314,Sunday,Market Close
3/10/2027 15:00,2027100315,Sunday,Market Close
3/10/2027 16:00,2027100316,Sunday,Market Close
3/10/2027 17:00,2027100317,Sunday,Market Close
3/10/2027 18:00,2027100318,Sunday,Market Close
3/10/2027 19:00,2027100319,Sunday,Market Close
3/10/2027 20:00,2027100320,Sunday,Market Close
8/10/2027 21:00,2027100821,Friday,Market Close
8/10/2027 22:00,2027100822,Friday,Market Close
8/10/2027 23:00,2027100823,Friday,Market Close
9/10/2027 0:00,2027100900,Saturday,Market Close
9/10/2027 1:00,2027100901,Saturday,Market Close
9/10/2027 2:00,2027100902,Saturday,Market Close
9/10/2027 3:00,2027100903,Saturday,Market Close
9/10/2027 4:00,2027100904,Saturday,Market Close
9/10/2027 5:00,2027100905,Saturday,Market Close
9/10/2027 6:00,2027100906,Saturday,Market Close
9/10/2027 7:00,2027100907,Saturday,Market Close
9/10/2027 8:00,2027100908,Saturday,Market Close
9/10/2027 9:00,2027100909,Saturday,Market Close
9/10/2027 10:00,2027100910,Saturday,Market Close
9/10/2027 11:00,2027100911,Saturday,Market Close
9/10/2027 12:00,2027100912,Saturday,Market Close
9/10/2027 13:00,2027100913,Saturday,Market Close
9/10/2027 14:00,2027100914,Saturday,Market Close
9/10/2027 15:00,2027100915,Saturday,Market Close
9/10/2027 16:00,2027100916,Saturday,Market Close
9/10/2027 17:00,2027100917,Saturday,Market Close
9/10/2027 18:00,2027100918,Saturday,Market Close
9/10/2027 19:00,2027100919,Saturday,Market Close
9/10/2027 20:00,2027100920,Saturday,Market Close
9/10/2027 21:00,2027100921,Saturday,Market Close
9/10/2027 22:00,2027100922,Saturday,Market Close
9/10/2027 23:00,2027100923,Saturday,Market Close
10/10/2027 0:00,2027101000,Sunday,Market Close
10/10/2027 1:00,2027101001,Sunday,Market Close
10/10/2027 2:00,2027101002,Sunday,Market Close
10/10/2027 3:00,2027101003,Sunday,Market Close
10/10/2027 4:00,2027101004,Sunday,Market Close
10/10/2027 5:00,2027101005,Sunday,Market Close
10/10/2027 6:00,2027101006,Sunday,Market Close
10/10/2027 7:00,2027101007,Sunday,Market Close
10/10/2027 8:00,2027101008,Sunday,Market Close
10/10/2027 9:00,2027101009,Sunday,Market Close
10/10/2027 10:00,2027101010,Sunday,Market Close
10/10/2027 11:00,2027101011,Sunday,Market Close
10/10/2027 12:00,2027101012,Sunday,Market Close
10/10/2027 13:00,2027101013,Sunday,Market Close
10/10/2027 14:00,2027101014,Sunday,Market Close
10/10/2027 15:00,2027101015,Sunday,Market Close
10/10/2027 16:00,2027101016,Sunday,Market Close
10/10/2027 17:00,2027101017,Sunday,Market Close
10/10/2027 18:00,2027101018,Sunday,Market Close
10/10/2027 19:00,2027101019,Sunday,Market Close
10/10/2027 20:00,2027101020,Sunday,Market Close
15/10/2027 21:00,2027101521,Friday,Market Close
15/10/2027 22:00,2027101522,Friday,Market Close
15/10/2027 23:00,2027101523,Friday,Market Close
16/10/2027 0:00,2027101600,Saturday,Market Close
16/10/2027 1:00,2027101601,Saturday,Market Close
16/10/2027 2:00,2027101602,Saturday,Market Close
16/10/2027 3:00,2027101603,Saturday,Market Close
16/10/2027 4:00,2027101604,Saturday,Market Close
16/10/2027 5:00,2027101605,Saturday,Market Close
16/10/2027 6:00,2027101606,Saturday,Market Close
16/10/2027 7:00,2027101607,Saturday,Market Close
16/10/2027 8:00,2027101608,Saturday,Market Close
16/10/2027 9:00,2027101609,Saturday,Market Close
16/10/2027 10:00,2027101610,Saturday,Market Close
16/10/2027 11:00,2027101611,Saturday,Market Close
16/10/2027 12:00,2027101612,Saturday,Market Close
16/10/2027 13:00,2027101613,Saturday,Market Close
16/10/2027 14:00,2027101614,Saturday,Market Close
16/10/2027 15:00,2027101615,Saturday,Market Close
16/10/2027 16:00,2027101616,Saturday,Market Close
16/10/2027 17:00,2027101617,Saturday,Market Close
16/10/2027 18:00,2027101618,Saturday,Market Close
16/10/2027 19:00,2027101619,Saturday,Market Close
16/10/2027 20:00,2027101620,Saturday,Market Close
16/10/2027 21:00,2027101621,Saturday,Market Close
16/10/2027 22:00,2027101622,Saturday,Market Close
16/10/2027 23:00,2027101623,Saturday,Market Close
17/10/2027 0:00,2027101700,Sunday,Market Close
17/10/2027 1:00,2027101701,Sunday,Market Close
17/10/2027 2:00,2027101702,Sunday,Market Close
17/10/2027 3:00,2027101703,Sunday,Market Close
17/10/2027 4:00,2027101704,Sunday,Market Close
17/10/2027 5:00,2027101705,Sunday,Market Close
17/10/2027 6:00,2027101706,Sunday,Market Close
17/10/2027 7:00,2027101707,Sunday,Market Close
17/10/2027 8:00,2027101708,Sunday,Market Close
17/10/2027 9:00,2027101709,Sunday,Market Close
17/10/2027 10:00,2027101710,Sunday,Market Close
17/10/2027 11:00,2027101711,Sunday,Market Close
17/10/2027 12:00,2027101712,Sunday,Market Close
17/10/2027 13:00,2027101713,Sunday,Market Close
17/10/2027 14:00,2027101714,Sunday,Market Close
17/10/2027 15:00,2027101715,Sunday,Market Close
17/10/2027 16:00,2027101716,Sunday,Market Close
17/10/2027 17:00,2027101717,Sunday,Market Close
17/10/2027 18:00,2027101718,Sunday,Market Close
17/10/2027 19:00,2027101719,Sunday,Market Close
17/10/2027 20:00,2027101720,Sunday,Market Close
22/10/2027 21:00,2027102221,Friday,Market Close
22/10/2027 22:00,2027102222,Friday,Market Close
22/10/2027 23:00,2027102223,Friday,Market Close
23/10/2027 0:00,2027102300,Saturday,Market Close
23/10/2027 1:00,2027102301,Saturday,Market Close
23/10/2027 2:00,2027102302,Saturday,Market Close
23/10/2027 3:00,2027102303,Saturday,Market Close
23/10/2027 4:00,2027102304,Saturday,Market Close
23/10/2027 5:00,2027102305,Saturday,Market Close
23/10/2027 6:00,2027102306,Saturday,Market Close
23/10/2027 7:00,2027102307,Saturday,Market Close
23/10/2027 8:00,2027102308,Saturday,Market Close
23/10/2027 9:00,2027102309,Saturday,Market Close
23/10/2027 10:00,2027102310,Saturday,Market Close
23/10/2027 11:00,2027102311,Saturday,Market Close
23/10/2027 12:00,2027102312,Saturday,Market Close
23/10/2027 13:00,2027102313,Saturday,Market Close
23/10/2027 14:00,2027102314,Saturday,Market Close
23/10/2027 15:00,2027102315,Saturday,Market Close
23/10/2027 16:00,2027102316,Saturday,Market Close
23/10/2027 17:00,2027102317,Saturday,Market Close
23/10/2027 18:00,2027102318,Saturday,Market Close
23/10/2027 19:00,2027102319,Saturday,Market Close
23/10/2027 20:00,2027102320,Saturday,Market Close
23/10/2027 21:00,2027102321,Saturday,Market Close
23/10/2027 22:00,2027102322,Saturday,Market Close
23/10/2027 23:00,2027102323,Saturday,Market Close
24/10/2027 0:00,2027102400,Sunday,Market Close
24/10/2027 1:00,2027102401,Sunday,Market Close
24/10/2027 2:00,2027102402,Sunday,Market Close
24/10/2027 3:00,2027102403,Sunday,Market Close
24/10/2027 4:00,2027102404,Sunday,Market Close
24/10/2027 5:00,2027102405,Sunday,Market Close
24/10/2027 6:00,2027102406,Sunday,Market Close
24/10/2027 7:00,2027102407,Sunday,Market Close
24/10/2027 8:00,2027102408,Sunday,Market Close
24/10/2027 9:00,2027102409,Sunday,Market Close
24/10/2027 10:00,2027102410,Sunday,Market Close
24/10/2027 11:00,2027102411,Sunday,Market Close
24/10/2027 12:00,2027102412,Sunday,Market Close
24/10/2027 13:00,2027102413,Sunday,Market Close
24/10/2027 14:00,2027102414,Sunday,Market Close
24/10/2027 15:00,2027102415,Sunday,Market Close
24/10/2027 16:00,2027102416,Sunday,Market Close
24/10/2027 17:00,2027102417,Sunday,Market Close
24/10/2027 18:00,2027102418,Sunday,Market Close
24/10/2027 19:00,2027102419,Sunday,Market Close
24/10/2027 20:00,2027102420,Sunday,Market Close
29/10/2027 21:00,2027102921,Friday,Market Close
29/10/2027 22:00,2027102922,Friday,Market Close
29/10/2027 23:00,2027102923,Friday,Market Close
30/10/2027 0:00,2027103000,Saturday,Market Close
30/10/2027 1:00,2027103001,Saturday,Market Close
30/10/2027 2:00,2027103002,Saturday,Market Close
30/10/2027 3:00,2027103003,Saturday,Market Close
30/10/2027 4:00,2027103004,Saturday,Market Close
30/10/2027 5:00,2027103005,Saturday,Market Close
30/10/2027 6:00,2027103006,Saturday,Market Close
30/10/2027 7:00,2027103007,Saturday,Market Close
30/10/2027 8:00,2027103008,Saturday,Market Close
30/10/2027 9:00,2027103009,Saturday,Market Close
30/10/2027 10:00,2027103010,Saturday,Market Close
30/10/2027 11:00,2027103011,Saturday,Market Close
30/10/2027 12:00,2027103012,Saturday,Market Close
30/10/2027 13:00,2027103013,Saturday,Market Close
30/10/2027 14:00,2027103014,Saturday,Market Close
30/10/2027 15:00,2027103015,Saturday,Market Close
30/10/2027 16:00,2027103016,Saturday,Market Close
30/10/2027 17:00,2027103017,Saturday,Market Close
30/10/2027 18:00,2027103018,Saturday,Market Close
30/10/2027 19:00,2027103019,Saturday,Market Close
30/10/2027 20:00,2027103020,Saturday,Market Close
30/10/2027 21:00,2027103021,Saturday,Market Close
30/10/2027 22:00,2027103022,Saturday,Market Close
30/10/2027 23:00,2027103023,Saturday,Market Close
31/10/2027 0:00,2027103100,Sunday,Market Close
31/10/2027 1:00,2027103101,Sunday,Market Close
31/10/2027 2:00,2027103102,Sunday,Market Close
31/10/2027 3:00,2027103103,Sunday,Market Close
31/10/2027 4:00,2027103104,Sunday,Market Close
31/10/2027 5:00,2027103105,Sunday,Market Close
31/10/2027 6:00,2027103106,Sunday,Market Close
31/10/2027 7:00,2027103107,Sunday,Market Close
31/10/2027 8:00,2027103108,Sunday,Market Close
31/10/2027 9:00,2027103109,Sunday,Market Close
31/10/2027 10:00,2027103110,Sunday,Market Close
31/10/2027 11:00,2027103111,Sunday,Market Close
31/10/2027 12:00,2027103112,Sunday,Market Close
31/10/2027 13:00,2027103113,Sunday,Market Close
31/10/2027 14:00,2027103114,Sunday,Market Close
31/10/2027 15:00,2027103115,Sunday,Market Close
31/10/2027 16:00,2027103116,Sunday,Market Close
31/10/2027 17:00,2027103117,Sunday,Market Close
31/10/2027 18:00,2027103118,Sunday,Market Close
31/10/2027 19:00,2027103119,Sunday,Market Close
31/10/2027 20:00,2027103120,Sunday,Market Close
5/11/2027 21:00,2027110521,Friday,Market Close
5/11/2027 22:00,2027110522,Friday,Market Close
5/11/2027 23:00,2027110523,Friday,Market Close
6/11/2027 0:00,2027110600,Saturday,Market Close
6/11/2027 1:00,2027110601,Saturday,Market Close
6/11/2027 2:00,2027110602,Saturday,Market Close
6/11/2027 3:00,2027110603,Saturday,Market Close
6/11/2027 4:00,2027110604,Saturday,Market Close
6/11/2027 5:00,2027110605,Saturday,Market Close
6/11/2027 6:00,2027110606,Saturday,Market Close
6/11/2027 7:00,2027110607,Saturday,Market Close
6/11/2027 8:00,2027110608,Saturday,Market Close
6/11/2027 9:00,2027110609,Saturday,Market Close
6/11/2027 10:00,2027110610,Saturday,Market Close
6/11/2027 11:00,2027110611,Saturday,Market Close
6/11/2027 12:00,2027110612,Saturday,Market Close
6/11/2027 13:00,2027110613,Saturday,Market Close
6/11/2027 14:00,2027110614,Saturday,Market Close
6/11/2027 15:00,2027110615,Saturday,Market Close
6/11/2027 16:00,2027110616,Saturday,Market Close
6/11/2027 17:00,2027110617,Saturday,Market Close
6/11/2027 18:00,2027110618,Saturday,Market Close
6/11/2027 19:00,2027110619,Saturday,Market Close
6/11/2027 20:00,2027110620,Saturday,Market Close
6/11/2027 21:00,2027110621,Saturday,Market Close
6/11/2027 22:00,2027110622,Saturday,Market Close
6/11/2027 23:00,2027110623,Saturday,Market Close
7/11/2027 0:00,2027110700,Sunday,Market Close
7/11/2027 1:00,2027110701,Sunday,Market Close
7/11/2027 2:00,2027110702,Sunday,Market Close
7/11/2027 3:00,2027110703,Sunday,Market Close
7/11/2027 4:00,2027110704,Sunday,Market Close
7/11/2027 5:00,2027110705,Sunday,Market Close
7/11/2027 6:00,2027110706,Sunday,Market Close
7/11/2027 7:00,2027110707,Sunday,Market Close
7/11/2027 8:00,2027110708,Sunday,Market Close
7/11/2027 9:00,2027110709,Sunday,Market Close
7/11/2027 10:00,2027110710,Sunday,Market Close
7/11/2027 11:00,2027110711,Sunday,Market Close
7/11/2027 12:00,2027110712,Sunday,Market Close
7/11/2027 13:00,2027110713,Sunday,Market Close
7/11/2027 14:00,2027110714,Sunday,Market Close
7/11/2027 15:00,2027110715,Sunday,Market Close
7/11/2027 16:00,2027110716,Sunday,Market Close
7/11/2027 17:00,2027110717,Sunday,Market Close
7/11/2027 18:00,2027110718,Sunday,Market Close
7/11/2027 19:00,2027110719,Sunday,Market Close
7/11/2027 20:00,2027110720,Sunday,Market Close
7/11/2027 21:00,2027110721,Sunday,Market Close
12/11/2027 22:00,2027111222,Friday,Market Close
12/11/2027 23:00,2027111223,Friday,Market Close
13/11/2027 0:00,2027111300,Saturday,Market Close
13/11/2027 1:00,2027111301,Saturday,Market Close
13/11/2027 2:00,2027111302,Saturday,Market Close
13/11/2027 3:00,2027111303,Saturday,Market Close
13/11/2027 4:00,2027111304,Saturday,Market Close
13/11/2027 5:00,2027111305,Saturday,Market Close
13/11/2027 6:00,2027111306,Saturday,Market Close
13/11/2027 7:00,2027111307,Saturday,Market Close
13/11/2027 8:00,2027111308,Saturday,Market Close
13/11/2027 9:00,2027111309,Saturday,Market Close
13/11/2027 10:00,2027111310,Saturday,Market Close
13/11/2027 11:00,2027111311,Saturday,Market Close
13/11/2027 12:00,2027111312,Saturday,Market Close
13/11/2027 13:00,2027111313,Saturday,Market Close
13/11/2027 14:00,2027111314,Saturday,Market Close
13/11/2027 15:00,2027111315,Saturday,Market Close
13/11/2027 16:00,2027111316,Saturday,Market Close
13/11/2027 17:00,2027111317,Saturday,Market Close
13/11/2027 18:00,2027111318,Saturday,Market Close
13/11/2027 19:00,2027111319,Saturday,Market Close
13/11/2027 20:00,2027111320,Saturday,Market Close
13/11/2027 21:00,2027111321,Saturday,Market Close
13/11/2027 22:00,2027111322,Saturday,Market Close
13/11/2027 23:00,2027111323,Saturday,Market Close
14/11/2027 0:00,2027111400,Sunday,Market Close
14/11/2027 1:00,2027111401,Sunday,Market Close
14/11/2027 2:00,2027111402,Sunday,Market Close
14/11/2027 3:00,2027111403,Sunday,Market Close
14/11/2027 4:00,2027111404,Sunday,Market Close
14/11/2027 5:00,2027111405,Sunday,Market Close
14/11/2027 6:00,2027111406,Sunday,Market Close
14/11/2027 7:00,2027111407,Sunday,Market Close
14/11/2027 8:00,2027111408,Sunday,Market Close
14/11/2027 9:00,2027111409,Sunday,Market Close
14/11/2027 10:00,2027111410,Sunday,Market Close
14/11/2027 11:00,2027111411,Sunday,Market Close
14/11/2027 12:00,2027111412,Sunday,Market Close
14/11/2027 13:00,2027111413,Sunday,Market Close
14/11/2027 14:00,2027111414,Sunday,Market Close
14/11/2027 15:00,2027111415,Sunday,Market Close
14/11/2027 16:00,2027111416,Sunday,Market Close
14/11/2027 17:00,2027111417,Sunday,Market Close
14/11/2027 18:00,2027111418,Sunday,Market Close
14/11/2027 19:00,2027111419,Sunday,Market Close
14/11/2027 20:00,2027111420,Sunday,Market Close
14/11/2027 21:00,2027111421,Sunday,Market Close
19/11/2027 22:00,2027111922,Friday,Market Close
19/11/2027 23:00,2027111923,Friday,Market Close
20/11/2027 0:00,2027112000,Saturday,Market Close
20/11/2027 1:00,2027112001,Saturday,Market Close
20/11/2027 2:00,2027112002,Saturday,Market Close
20/11/2027 3:00,2027112003,Saturday,Market Close
20/11/2027 4:00,2027112004,Saturday,Market Close
20/11/2027 5:00,2027112005,Saturday,Market Close
20/11/2027 6:00,2027112006,Saturday,Market Close
20/11/2027 7:00,2027112007,Saturday,Market Close
20/11/2027 8:00,2027112008,Saturday,Market Close
20/11/2027 9:00,2027112009,Saturday,Market Close
20/11/2027 10:00,2027112010,Saturday,Market Close
20/11/2027 11:00,2027112011,Saturday,Market Close
20/11/2027 12:00,2027112012,Saturday,Market Close
20/11/2027 13:00,2027112013,Saturday,Market Close
20/11/2027 14:00,2027112014,Saturday,Market Close
20/11/2027 15:00,2027112015,Saturday,Market Close
20/11/2027 16:00,2027112016,Saturday,Market Close
20/11/2027 17:00,2027112017,Saturday,Market Close
20/11/2027 18:00,2027112018,Saturday,Market Close
20/11/2027 19:00,2027112019,Saturday,Market Close
20/11/2027 20:00,2027112020,Saturday,Market Close
20/11/2027 21:00,2027112021,Saturday,Market Close
20/11/2027 22:00,2027112022,Saturday,Market Close
20/11/2027 23:00,2027112023,Saturday,Market Close
21/11/2027 0:00,2027112100,Sunday,Market Close
21/11/2027 1:00,2027112101,Sunday,Market Close
21/11/2027 2:00,2027112102,Sunday,Market Close
21/11/2027 3:00,2027112103,Sunday,Market Close
21/11/2027 4:00,2027112104,Sunday,Market Close
21/11/2027 5:00,2027112105,Sunday,Market Close
21/11/2027 6:00,2027112106,Sunday,Market Close
21/11/2027 7:00,2027112107,Sunday,Market Close
21/11/2027 8:00,2027112108,Sunday,Market Close
21/11/2027 9:00,2027112109,Sunday,Market Close
21/11/2027 10:00,2027112110,Sunday,Market Close
21/11/2027 11:00,2027112111,Sunday,Market Close
21/11/2027 12:00,2027112112,Sunday,Market Close
21/11/2027 13:00,2027112113,Sunday,Market Close
21/11/2027 14:00,2027112114,Sunday,Market Close
21/11/2027 15:00,2027112115,Sunday,Market Close
21/11/2027 16:00,2027112116,Sunday,Market Close
21/11/2027 17:00,2027112117,Sunday,Market Close
21/11/2027 18:00,2027112118,Sunday,Market Close
21/11/2027 19:00,2027112119,Sunday,Market Close
21/11/2027 20:00,2027112120,Sunday,Market Close
21/11/2027 21:00,2027112121,Sunday,Market Close
26/11/2027 22:00,2027112622,Friday,Market Close
26/11/2027 23:00,2027112623,Friday,Market Close
27/11/2027 0:00,2027112700,Saturday,Market Close
27/11/2027 1:00,2027112701,Saturday,Market Close
27/11/2027 2:00,2027112702,Saturday,Market Close
27/11/2027 3:00,2027112703,Saturday,Market Close
27/11/2027 4:00,2027112704,Saturday,Market Close
27/11/2027 5:00,2027112705,Saturday,Market Close
27/11/2027 6:00,2027112706,Saturday,Market Close
27/11/2027 7:00,2027112707,Saturday,Market Close
27/11/2027 8:00,2027112708,Saturday,Market Close
27/11/2027 9:00,2027112709,Saturday,Market Close
27/11/2027 10:00,2027112710,Saturday,Market Close
27/11/2027 11:00,2027112711,Saturday,Market Close
27/11/2027 12:00,2027112712,Saturday,Market Close
27/11/2027 13:00,2027112713,Saturday,Market Close
27/11/2027 14:00,2027112714,Saturday,Market Close
27/11/2027 15:00,2027112715,Saturday,Market Close
27/11/2027 16:00,2027112716,Saturday,Market Close
27/11/2027 17:00,2027112717,Saturday,Market Close
27/11/2027 18:00,2027112718,Saturday,Market Close
27/11/2027 19:00,2027112719,Saturday,Market Close
27/11/2027 20:00,2027112720,Saturday,Market Close
27/11/2027 21:00,2027112721,Saturday,Market Close
27/11/2027 22:00,2027112722,Saturday,Market Close
27/11/2027 23:00,2027112723,Saturday,Market Close
28/11/2027 0:00,2027112800,Sunday,Market Close
28/11/2027 1:00,2027112801,Sunday,Market Close
28/11/2027 2:00,2027112802,Sunday,Market Close
28/11/2027 3:00,2027112803,Sunday,Market Close
28/11/2027 4:00,2027112804,Sunday,Market Close
28/11/2027 5:00,2027112805,Sunday,Market Close
28/11/2027 6:00,2027112806,Sunday,Market Close
28/11/2027 7:00,2027112807,Sunday,Market Close
28/11/2027 8:00,2027112808,Sunday,Market Close
28/11/2027 9:00,2027112809,Sunday,Market Close
28/11/2027 10:00,2027112810,Sunday,Market Close
28/11/2027 11:00,2027112811,Sunday,Market Close
28/11/2027 12:00,2027112812,Sunday,Market Close
28/11/2027 13:00,2027112813,Sunday,Market Close
28/11/2027 14:00,2027112814,Sunday,Market Close
28/11/2027 15:00,2027112815,Sunday,Market Close
28/11/2027 16:00,2027112816,Sunday,Market Close
28/11/2027 17:00,2027112817,Sunday,Market Close
28/11/2027 18:00,2027112818,Sunday,Market Close
28/11/2027 19:00,2027112819,Sunday,Market Close
28/11/2027 20:00,2027112820,Sunday,Market Close
28/11/2027 21:00,2027112821,Sunday,Market Close
3/12/2027 22:00,2027120322,Friday,Market Close
3/12/2027 23:00,2027120323,Friday,Market Close
4/12/2027 0:00,2027120400,Saturday,Market Close
4/12/2027 1:00,2027120401,Saturday,Market Close
4/12/2027 2:00,2027120402,Saturday,Market Close
4/12/2027 3:00,2027120403,Saturday,Market Close
4/12/2027 4:00,2027120404,Saturday,Market Close
4/12/2027 5:00,2027120405,Saturday,Market Close
4/12/2027 6:00,2027120406,Saturday,Market Close
4/12/2027 7:00,2027120407,Saturday,Market Close
4/12/2027 8:00,2027120408,Saturday,Market Close
4/12/2027 9:00,2027120409,Saturday,Market Close
4/12/2027 10:00,2027120410,Saturday,Market Close
4/12/2027 11:00,2027120411,Saturday,Market Close
4/12/2027 12:00,2027120412,Saturday,Market Close
4/12/2027 13:00,2027120413,Saturday,Market Close
4/12/2027 14:00,2027120414,Saturday,Market Close
4/12/2027 15:00,2027120415,Saturday,Market Close
4/12/2027 16:00,2027120416,Saturday,Market Close
4/12/2027 17:00,2027120417,Saturday,Market Close
4/12/2027 18:00,2027120418,Saturday,Market Close
4/12/2027 19:00,2027120419,Saturday,Market Close
4/12/2027 20:00,2027120420,Saturday,Market Close
4/12/2027 21:00,2027120421,Saturday,Market Close
4/12/2027 22:00,2027120422,Saturday,Market Close
4/12/2027 23:00,2027120423,Saturday,Market Close
5/12/2027 0:00,2027120500,Sunday,Market Close
5/12/2027 1:00,2027120501,Sunday,Market Close
5/12/2027 2:00,2027120502,Sunday,Market Close
5/12/2027 3:00,2027120503,Sunday,Market Close
5/12/2027 4:00,2027120504,Sunday,Market Close
5/12/2027 5:00,2027120505,Sunday,Market Close
5/12/2027 6:00,2027120506,Sunday,Market Close
5/12/2027 7:00,2027120507,Sunday,Market Close
5/12/2027 8:00,2027120508,Sunday,Market Close
5/12/2027 9:00,2027120509,Sunday,Market Close
5/12/2027 10:00,2027120510,Sunday,Market Close
5/12/2027 11:00,2027120511,Sunday,Market Close
5/12/2027 12:00,2027120512,Sunday,Market Close
5/12/2027 13:00,2027120513,Sunday,Market Close
5/12/2027 14:00,2027120514,Sunday,Market Close
5/12/2027 15:00,2027120515,Sunday,Market Close
5/12/2027 16:00,2027120516,Sunday,Market Close
5/12/2027 17:00,2027120517,Sunday,Market Close
5/12/2027 18:00,2027120518,Sunday,Market Close
5/12/2027 19:00,2027120519,Sunday,Market Close
5/12/2027 20:00,2027120520,Sunday,Market Close
5/12/2027 21:00,2027120521,Sunday,Market Close
10/12/2027 22:00,2027121022,Friday,Market Close
10/12/2027 23:00,2027121023,Friday,Market Close
11/12/2027 0:00,2027121100,Saturday,Market Close
11/12/2027 1:00,2027121101,Saturday,Market Close
11/12/2027 2:00,2027121102,Saturday,Market Close
11/12/2027 3:00,2027121103,Saturday,Market Close
11/12/2027 4:00,2027121104,Saturday,Market Close
11/12/2027 5:00,2027121105,Saturday,Market Close
11/12/2027 6:00,2027121106,Saturday,Market Close
11/12/2027 7:00,2027121107,Saturday,Market Close
11/12/2027 8:00,2027121108,Saturday,Market Close
11/12/2027 9:00,2027121109,Saturday,Market Close
11/12/2027 10:00,2027121110,Saturday,Market Close
11/12/2027 11:00,2027121111,Saturday,Market Close
11/12/2027 12:00,2027121112,Saturday,Market Close
11/12/2027 13:00,2027121113,Saturday,Market Close
11/12/2027 14:00,2027121114,Saturday,Market Close
11/12/2027 15:00,2027121115,Saturday,Market Close
11/12/2027 16:00,2027121116,Saturday,Market Close
11/12/2027 17:00,2027121117,Saturday,Market Close
11/12/2027 18:00,2027121118,Saturday,Market Close
11/12/2027 19:00,2027121119,Saturday,Market Close
11/12/2027 20:00,2027121120,Saturday,Market Close
11/12/2027 21:00,2027121121,Saturday,Market Close
11/12/2027 22:00,2027121122,Saturday,Market Close
11/12/2027 23:00,2027121123,Saturday,Market Close
12/12/2027 0:00,2027121200,Sunday,Market Close
12/12/2027 1:00,2027121201,Sunday,Market Close
12/12/2027 2:00,2027121202,Sunday,Market Close
12/12/2027 3:00,2027121203,Sunday,Market Close
12/12/2027 4:00,2027121204,Sunday,Market Close
12/12/2027 5:00,2027121205,Sunday,Market Close
12/12/2027 6:00,2027121206,Sunday,Market Close
12/12/2027 7:00,2027121207,Sunday,Market Close
12/12/2027 8:00,2027121208,Sunday,Market Close
12/12/2027 9:00,2027121209,Sunday,Market Close
12/12/2027 10:00,2027121210,Sunday,Market Close
12/12/2027 11:00,2027121211,Sunday,Market Close
12/12/2027 12:00,2027121212,Sunday,Market Close
12/12/2027 13:00,2027121213,Sunday,Market Close
12/12/2027 14:00,2027121214,Sunday,Market Close
12/12/2027 15:00,2027121215,Sunday,Market Close
12/12/2027 16:00,2027121216,Sunday,Market Close
12/12/2027 17:00,2027121217,Sunday,Market Close
12/12/2027 18:00,2027121218,Sunday,Market Close
12/12/2027 19:00,2027121219,Sunday,Market Close
12/12/2027 20:00,2027121220,Sunday,Market Close
12/12/2027 21:00,2027121221,Sunday,Market Close
17/12/2027 22:00,2027121722,Friday,Market Close
17/12/2027 23:00,2027121723,Friday,Market Close
18/12/2027 0:00,2027121800,Saturday,Market Close
18/12/2027 1:00,2027121801,Saturday,Market Close
18/12/2027 2:00,2027121802,Saturday,Market Close
18/12/2027 3:00,2027121803,Saturday,Market Close
18/12/2027 4:00,2027121804,Saturday,Market Close
18/12/2027 5:00,2027121805,Saturday,Market Close
18/12/2027 6:00,2027121806,Saturday,Market Close
18/12/2027 7:00,2027121807,Saturday,Market Close
18/12/2027 8:00,2027121808,Saturday,Market Close
18/12/2027 9:00,2027121809,Saturday,Market Close
18/12/2027 10:00,2027121810,Saturday,Market Close
18/12/2027 11:00,2027121811,Saturday,Market Close
18/12/2027 12:00,2027121812,Saturday,Market Close
18/12/2027 13:00,2027121813,Saturday,Market Close
18/12/2027 14:00,2027121814,Saturday,Market Close
18/12/2027 15:00,2027121815,Saturday,Market Close
18/12/2027 16:00,2027121816,Saturday,Market Close
18/12/2027 17:00,2027121817,Saturday,Market Close
18/12/2027 18:00,2027121818,Saturday,Market Close
18/12/2027 19:00,2027121819,Saturday,Market Close
18/12/2027 20:00,2027121820,Saturday,Market Close
18/12/2027 21:00,2027121821,Saturday,Market Close
18/12/2027 22:00,2027121822,Saturday,Market Close
18/12/2027 23:00,2027121823,Saturday,Market Close
19/12/2027 0:00,2027121900,Sunday,Market Close
19/12/2027 1:00,2027121901,Sunday,Market Close
19/12/2027 2:00,2027121902,Sunday,Market Close
19/12/2027 3:00,2027121903,Sunday,Market Close
19/12/2027 4:00,2027121904,Sunday,Market Close
19/12/2027 5:00,2027121905,Sunday,Market Close
19/12/2027 6:00,2027121906,Sunday,Market Close
19/12/2027 7:00,2027121907,Sunday,Market Close
19/12/2027 8:00,2027121908,Sunday,Market Close
19/12/2027 9:00,2027121909,Sunday,Market Close
19/12/2027 10:00,2027121910,Sunday,Market Close
19/12/2027 11:00,2027121911,Sunday,Market Close
19/12/2027 12:00,2027121912,Sunday,Market Close
19/12/2027 13:00,2027121913,Sunday,Market Close
19/12/2027 14:00,2027121914,Sunday,Market Close
19/12/2027 15:00,2027121915,Sunday,Market Close
19/12/2027 16:00,2027121916,Sunday,Market Close
19/12/2027 17:00,2027121917,Sunday,Market Close
19/12/2027 18:00,2027121918,Sunday,Market Close
19/12/2027 19:00,2027121919,Sunday,Market Close
19/12/2027 20:00,2027121920,Sunday,Market Close
19/12/2027 21:00,2027121921,Sunday,Market Close
24/12/2027 22:00,2027122422,Friday,Market Close
24/12/2027 23:00,2027122423,Friday,Market Close
25/12/2027 0:00,2027122500,Saturday,Market Close
25/12/2027 1:00,2027122501,Saturday,Market Close
25/12/2027 2:00,2027122502,Saturday,Market Close
25/12/2027 3:00,2027122503,Saturday,Market Close
25/12/2027 4:00,2027122504,Saturday,Market Close
25/12/2027 5:00,2027122505,Saturday,Market Close
25/12/2027 6:00,2027122506,Saturday,Market Close
25/12/2027 7:00,2027122507,Saturday,Market Close
25/12/2027 8:00,2027122508,Saturday,Market Close
25/12/2027 9:00,2027122509,Saturday,Market Close
25/12/2027 10:00,2027122510,Saturday,Market Close
25/12/2027 11:00,2027122511,Saturday,Market Close
25/12/2027 12:00,2027122512,Saturday,Market Close
25/12/2027 13:00,2027122513,Saturday,Market Close
25/12/2027 14:00,2027122514,Saturday,Market Close
25/12/2027 15:00,2027122515,Saturday,Market Close
25/12/2027 16:00,2027122516,Saturday,Market Close
25/12/2027 17:00,2027122517,Saturday,Market Close
25/12/2027 18:00,2027122518,Saturday,Market Close
25/12/2027 19:00,2027122519,Saturday,Market Close
25/12/2027 20:00,2027122520,Saturday,Market Close
25/12/2027 21:00,2027122521,Saturday,Market Close
25/12/2027 22:00,2027122522,Saturday,Market Close
25/12/2027 23:00,2027122523,Saturday,Market Close
26/12/2027 0:00,2027122600,Sunday,Market Close
26/12/2027 1:00,2027122601,Sunday,Market Close
26/12/2027 2:00,2027122602,Sunday,Market Close
26/12/2027 3:00,2027122603,Sunday,Market Close
26/12/2027 4:00,2027122604,Sunday,Market Close
26/12/2027 5:00,2027122605,Sunday,Market Close
26/12/2027 6:00,2027122606,Sunday,Market Close
26/12/2027 7:00,2027122607,Sunday,Market Close
26/12/2027 8:00,2027122608,Sunday,Market Close
26/12/2027 9:00,2027122609,Sunday,Market Close
26/12/2027 10:00,2027122610,Sunday,Market Close
26/12/2027 11:00,2027122611,Sunday,Market Close
26/12/2027 12:00,2027122612,Sunday,Market Close
26/12/2027 13:00,2027122613,Sunday,Market Close
26/12/2027 14:00,2027122614,Sunday,Market Close
26/12/2027 15:00,2027122615,Sunday,Market Close
26/12/2027 16:00,2027122616,Sunday,Market Close
26/12/2027 17:00,2027122617,Sunday,Market Close
26/12/2027 18:00,2027122618,Sunday,Market Close
26/12/2027 19:00,2027122619,Sunday,Market Close
26/12/2027 20:00,2027122620,Sunday,Market Close
26/12/2027 21:00,2027122621,Sunday,Market Close
31/12/2027 22:00,2027123122,Friday,Market Close
31/12/2027 23:00,2027123123,Friday,Market Close
1/01/2028 0:00,2028010100,Saturday,Market Close
1/01/2028 1:00,2028010101,Saturday,Market Close
1/01/2028 2:00,2028010102,Saturday,Market Close
1/01/2028 3:00,2028010103,Saturday,Market Close
1/01/2028 4:00,2028010104,Saturday,Market Close
1/01/2028 5:00,2028010105,Saturday,Market Close
1/01/2028 6:00,2028010106,Saturday,Market Close
1/01/2028 7:00,2028010107,Saturday,Market Close
1/01/2028 8:00,2028010108,Saturday,Market Close
1/01/2028 9:00,2028010109,Saturday,Market Close
1/01/2028 10:00,2028010110,Saturday,Market Close
1/01/2028 11:00,2028010111,Saturday,Market Close
1/01/2028 12:00,2028010112,Saturday,Market Close
1/01/2028 13:00,2028010113,Saturday,Market Close
1/01/2028 14:00,2028010114,Saturday,Market Close
1/01/2028 15:00,2028010115,Saturday,Market Close
1/01/2028 16:00,2028010116,Saturday,Market Close
1/01/2028 17:00,2028010117,Saturday,Market Close
1/01/2028 18:00,2028010118,Saturday,Market Close
1/01/2028 19:00,2028010119,Saturday,Market Close
1/01/2028 20:00,2028010120,Saturday,Market Close
1/01/2028 21:00,2028010121,Saturday,Market Close
1/01/2028 22:00,2028010122,Saturday,Market Close
1/01/2028 23:00,2028010123,Saturday,Market Close
2/01/2028 0:00,2028010200,Sunday,Market Close
2/01/2028 1:00,2028010201,Sunday,Market Close
2/01/2028 2:00,2028010202,Sunday,Market Close
2/01/2028 3:00,2028010203,Sunday,Market Close
2/01/2028 4:00,2028010204,Sunday,Market Close
2/01/2028 5:00,2028010205,Sunday,Market Close
2/01/2028 6:00,2028010206,Sunday,Market Close
2/01/2028 7:00,2028010207,Sunday,Market Close
2/01/2028 8:00,2028010208,Sunday,Market Close
2/01/2028 9:00,2028010209,Sunday,Market Close
2/01/2028 10:00,2028010210,Sunday,Market Close
2/01/2028 11:00,2028010211,Sunday,Market Close
2/01/2028 12:00,2028010212,Sunday,Market Close
2/01/2028 13:00,2028010213,Sunday,Market Close
2/01/2028 14:00,2028010214,Sunday,Market Close
2/01/2028 15:00,2028010215,Sunday,Market Close
2/01/2028 16:00,2028010216,Sunday,Market Close
2/01/2028 17:00,2028010217,Sunday,Market Close
2/01/2028 18:00,2028010218,Sunday,Market Close
2/01/2028 19:00,2028010219,Sunday,Market Close
2/01/2028 20:00,2028010220,Sunday,Market Close
2/01/2028 21:00,2028010221,Sunday,Market Close
7/01/2028 22:00,2028010722,Friday,Market Close
7/01/2028 23:00,2028010723,Friday,Market Close
8/01/2028 0:00,2028010800,Saturday,Market Close
8/01/2028 1:00,2028010801,Saturday,Market Close
8/01/2028 2:00,2028010802,Saturday,Market Close
8/01/2028 3:00,2028010803,Saturday,Market Close
8/01/2028 4:00,2028010804,Saturday,Market Close
8/01/2028 5:00,2028010805,Saturday,Market Close
8/01/2028 6:00,2028010806,Saturday,Market Close
8/01/2028 7:00,2028010807,Saturday,Market Close
8/01/2028 8:00,2028010808,Saturday,Market Close
8/01/2028 9:00,2028010809,Saturday,Market Close
8/01/2028 10:00,2028010810,Saturday,Market Close
8/01/2028 11:00,2028010811,Saturday,Market Close
8/01/2028 12:00,2028010812,Saturday,Market Close
8/01/2028 13:00,2028010813,Saturday,Market Close
8/01/2028 14:00,2028010814,Saturday,Market Close
8/01/2028 15:00,2028010815,Saturday,Market Close
8/01/2028 16:00,2028010816,Saturday,Market Close
8/01/2028 17:00,2028010817,Saturday,Market Close
8/01/2028 18:00,2028010818,Saturday,Market Close
8/01/2028 19:00,2028010819,Saturday,Market Close
8/01/2028 20:00,2028010820,Saturday,Market Close
8/01/2028 21:00,2028010821,Saturday,Market Close
8/01/2028 22:00,2028010822,Saturday,Market Close
8/01/2028 23:00,2028010823,Saturday,Market Close
9/01/2028 0:00,2028010900,Sunday,Market Close
9/01/2028 1:00,2028010901,Sunday,Market Close
9/01/2028 2:00,2028010902,Sunday,Market Close
9/01/2028 3:00,2028010903,Sunday,Market Close
9/01/2028 4:00,2028010904,Sunday,Market Close
9/01/2028 5:00,2028010905,Sunday,Market Close
9/01/2028 6:00,2028010906,Sunday,Market Close
9/01/2028 7:00,2028010907,Sunday,Market Close
9/01/2028 8:00,2028010908,Sunday,Market Close
9/01/2028 9:00,2028010909,Sunday,Market Close
9/01/2028 10:00,2028010910,Sunday,Market Close
9/01/2028 11:00,2028010911,Sunday,Market Close
9/01/2028 12:00,2028010912,Sunday,Market Close
9/01/2028 13:00,2028010913,Sunday,Market Close
9/01/2028 14:00,2028010914,Sunday,Market Close
9/01/2028 15:00,2028010915,Sunday,Market Close
9/01/2028 16:00,2028010916,Sunday,Market Close
9/01/2028 17:00,2028010917,Sunday,Market Close
9/01/2028 18:00,2028010918,Sunday,Market Close
9/01/2028 19:00,2028010919,Sunday,Market Close
9/01/2028 20:00,2028010920,Sunday,Market Close
9/01/2028 21:00,2028010921,Sunday,Market Close
14/01/2028 22:00,2028011422,Friday,Market Close
14/01/2028 23:00,2028011423,Friday,Market Close
15/01/2028 0:00,2028011500,Saturday,Market Close
15/01/2028 1:00,2028011501,Saturday,Market Close
15/01/2028 2:00,2028011502,Saturday,Market Close
15/01/2028 3:00,2028011503,Saturday,Market Close
15/01/2028 4:00,2028011504,Saturday,Market Close
15/01/2028 5:00,2028011505,Saturday,Market Close
15/01/2028 6:00,2028011506,Saturday,Market Close
15/01/2028 7:00,2028011507,Saturday,Market Close
15/01/2028 8:00,2028011508,Saturday,Market Close
15/01/2028 9:00,2028011509,Saturday,Market Close
15/01/2028 10:00,2028011510,Saturday,Market Close
15/01/2028 11:00,2028011511,Saturday,Market Close
15/01/2028 12:00,2028011512,Saturday,Market Close
15/01/2028 13:00,2028011513,Saturday,Market Close
15/01/2028 14:00,2028011514,Saturday,Market Close
15/01/2028 15:00,2028011515,Saturday,Market Close
15/01/2028 16:00,2028011516,Saturday,Market Close
15/01/2028 17:00,2028011517,Saturday,Market Close
15/01/2028 18:00,2028011518,Saturday,Market Close
15/01/2028 19:00,2028011519,Saturday,Market Close
15/01/2028 20:00,2028011520,Saturday,Market Close
15/01/2028 21:00,2028011521,Saturday,Market Close
15/01/2028 22:00,2028011522,Saturday,Market Close
15/01/2028 23:00,2028011523,Saturday,Market Close
16/01/2028 0:00,2028011600,Sunday,Market Close
16/01/2028 1:00,2028011601,Sunday,Market Close
16/01/2028 2:00,2028011602,Sunday,Market Close
16/01/2028 3:00,2028011603,Sunday,Market Close
16/01/2028 4:00,2028011604,Sunday,Market Close
16/01/2028 5:00,2028011605,Sunday,Market Close
16/01/2028 6:00,2028011606,Sunday,Market Close
16/01/2028 7:00,2028011607,Sunday,Market Close
16/01/2028 8:00,2028011608,Sunday,Market Close
16/01/2028 9:00,2028011609,Sunday,Market Close
16/01/2028 10:00,2028011610,Sunday,Market Close
16/01/2028 11:00,2028011611,Sunday,Market Close
16/01/2028 12:00,2028011612,Sunday,Market Close
16/01/2028 13:00,2028011613,Sunday,Market Close
16/01/2028 14:00,2028011614,Sunday,Market Close
16/01/2028 15:00,2028011615,Sunday,Market Close
16/01/2028 16:00,2028011616,Sunday,Market Close
16/01/2028 17:00,2028011617,Sunday,Market Close
16/01/2028 18:00,2028011618,Sunday,Market Close
16/01/2028 19:00,2028011619,Sunday,Market Close
16/01/2028 20:00,2028011620,Sunday,Market Close
16/01/2028 21:00,2028011621,Sunday,Market Close
21/01/2028 22:00,2028012122,Friday,Market Close
21/01/2028 23:00,2028012123,Friday,Market Close
22/01/2028 0:00,2028012200,Saturday,Market Close
22/01/2028 1:00,2028012201,Saturday,Market Close
22/01/2028 2:00,2028012202,Saturday,Market Close
22/01/2028 3:00,2028012203,Saturday,Market Close
22/01/2028 4:00,2028012204,Saturday,Market Close
22/01/2028 5:00,2028012205,Saturday,Market Close
22/01/2028 6:00,2028012206,Saturday,Market Close
22/01/2028 7:00,2028012207,Saturday,Market Close
22/01/2028 8:00,2028012208,Saturday,Market Close
22/01/2028 9:00,2028012209,Saturday,Market Close
22/01/2028 10:00,2028012210,Saturday,Market Close
22/01/2028 11:00,2028012211,Saturday,Market Close
22/01/2028 12:00,2028012212,Saturday,Market Close
22/01/2028 13:00,2028012213,Saturday,Market Close
22/01/2028 14:00,2028012214,Saturday,Market Close
22/01/2028 15:00,2028012215,Saturday,Market Close
22/01/2028 16:00,2028012216,Saturday,Market Close
22/01/2028 17:00,2028012217,Saturday,Market Close
22/01/2028 18:00,2028012218,Saturday,Market Close
22/01/2028 19:00,2028012219,Saturday,Market Close
22/01/2028 20:00,2028012220,Saturday,Market Close
22/01/2028 21:00,2028012221,Saturday,Market Close
22/01/2028 22:00,2028012222,Saturday,Market Close
22/01/2028 23:00,2028012223,Saturday,Market Close
23/01/2028 0:00,2028012300,Sunday,Market Close
23/01/2028 1:00,2028012301,Sunday,Market Close
23/01/2028 2:00,2028012302,Sunday,Market Close
23/01/2028 3:00,2028012303,Sunday,Market Close
23/01/2028 4:00,2028012304,Sunday,Market Close
23/01/2028 5:00,2028012305,Sunday,Market Close
23/01/2028 6:00,2028012306,Sunday,Market Close
23/01/2028 7:00,2028012307,Sunday,Market Close
23/01/2028 8:00,2028012308,Sunday,Market Close
23/01/2028 9:00,2028012309,Sunday,Market Close
23/01/2028 10:00,2028012310,Sunday,Market Close
23/01/2028 11:00,2028012311,Sunday,Market Close
23/01/2028 12:00,2028012312,Sunday,Market Close
23/01/2028 13:00,2028012313,Sunday,Market Close
23/01/2028 14:00,2028012314,Sunday,Market Close
23/01/2028 15:00,2028012315,Sunday,Market Close
23/01/2028 16:00,2028012316,Sunday,Market Close
23/01/2028 17:00,2028012317,Sunday,Market Close
23/01/2028 18:00,2028012318,Sunday,Market Close
23/01/2028 19:00,2028012319,Sunday,Market Close
23/01/2028 20:00,2028012320,Sunday,Market Close
23/01/2028 21:00,2028012321,Sunday,Market Close
28/01/2028 22:00,2028012822,Friday,Market Close
28/01/2028 23:00,2028012823,Friday,Market Close
29/01/2028 0:00,2028012900,Saturday,Market Close
29/01/2028 1:00,2028012901,Saturday,Market Close
29/01/2028 2:00,2028012902,Saturday,Market Close
29/01/2028 3:00,2028012903,Saturday,Market Close
29/01/2028 4:00,2028012904,Saturday,Market Close
29/01/2028 5:00,2028012905,Saturday,Market Close
29/01/2028 6:00,2028012906,Saturday,Market Close
29/01/2028 7:00,2028012907,Saturday,Market Close
29/01/2028 8:00,2028012908,Saturday,Market Close
29/01/2028 9:00,2028012909,Saturday,Market Close
29/01/2028 10:00,2028012910,Saturday,Market Close
29/01/2028 11:00,2028012911,Saturday,Market Close
29/01/2028 12:00,2028012912,Saturday,Market Close
29/01/2028 13:00,2028012913,Saturday,Market Close
29/01/2028 14:00,2028012914,Saturday,Market Close
29/01/2028 15:00,2028012915,Saturday,Market Close
29/01/2028 16:00,2028012916,Saturday,Market Close
29/01/2028 17:00,2028012917,Saturday,Market Close
29/01/2028 18:00,2028012918,Saturday,Market Close
29/01/2028 19:00,2028012919,Saturday,Market Close
29/01/2028 20:00,2028012920,Saturday,Market Close
29/01/2028 21:00,2028012921,Saturday,Market Close
29/01/2028 22:00,2028012922,Saturday,Market Close
29/01/2028 23:00,2028012923,Saturday,Market Close
30/01/2028 0:00,2028013000,Sunday,Market Close
30/01/2028 1:00,2028013001,Sunday,Market Close
30/01/2028 2:00,2028013002,Sunday,Market Close
30/01/2028 3:00,2028013003,Sunday,Market Close
30/01/2028 4:00,2028013004,Sunday,Market Close
30/01/2028 5:00,2028013005,Sunday,Market Close
30/01/2028 6:00,2028013006,Sunday,Market Close
30/01/2028 7:00,2028013007,Sunday,Market Close
30/01/2028 8:00,2028013008,Sunday,Market Close
30/01/2028 9:00,2028013009,Sunday,Market Close
30/01/2028 10:00,2028013010,Sunday,Market Close
30/01/2028 11:00,2028013011,Sunday,Market Close
30/01/2028 12:00,2028013012,Sunday,Market Close
30/01/2028 13:00,2028013013,Sunday,Market Close
30/01/2028 14:00,2028013014,Sunday,Market Close
30/01/2028 15:00,2028013015,Sunday,Market Close
30/01/2028 16:00,2028013016,Sunday,Market Close
30/01/2028 17:00,2028013017,Sunday,Market Close
30/01/2028 18:00,2028013018,Sunday,Market Close
30/01/2028 19:00,2028013019,Sunday,Market Close
30/01/2028 20:00,2028013020,Sunday,Market Close
30/01/2028 21:00,2028013021,Sunday,Market Close
4/02/2028 22:00,2028020422,Friday,Market Close
4/02/2028 23:00,2028020423,Friday,Market Close
5/02/2028 0:00,2028020500,Saturday,Market Close
5/02/2028 1:00,2028020501,Saturday,Market Close
5/02/2028 2:00,2028020502,Saturday,Market Close
5/02/2028 3:00,2028020503,Saturday,Market Close
5/02/2028 4:00,2028020504,Saturday,Market Close
5/02/2028 5:00,2028020505,Saturday,Market Close
5/02/2028 6:00,2028020506,Saturday,Market Close
5/02/2028 7:00,2028020507,Saturday,Market Close
5/02/2028 8:00,2028020508,Saturday,Market Close
5/02/2028 9:00,2028020509,Saturday,Market Close
5/02/2028 10:00,2028020510,Saturday,Market Close
5/02/2028 11:00,2028020511,Saturday,Market Close
5/02/2028 12:00,2028020512,Saturday,Market Close
5/02/2028 13:00,2028020513,Saturday,Market Close
5/02/2028 14:00,2028020514,Saturday,Market Close
5/02/2028 15:00,2028020515,Saturday,Market Close
5/02/2028 16:00,2028020516,Saturday,Market Close
5/02/2028 17:00,2028020517,Saturday,Market Close
5/02/2028 18:00,2028020518,Saturday,Market Close
5/02/2028 19:00,2028020519,Saturday,Market Close
5/02/2028 20:00,2028020520,Saturday,Market Close
5/02/2028 21:00,2028020521,Saturday,Market Close
5/02/2028 22:00,2028020522,Saturday,Market Close
5/02/2028 23:00,2028020523,Saturday,Market Close
6/02/2028 0:00,2028020600,Sunday,Market Close
6/02/2028 1:00,2028020601,Sunday,Market Close
6/02/2028 2:00,2028020602,Sunday,Market Close
6/02/2028 3:00,2028020603,Sunday,Market Close
6/02/2028 4:00,2028020604,Sunday,Market Close
6/02/2028 5:00,2028020605,Sunday,Market Close
6/02/2028 6:00,2028020606,Sunday,Market Close
6/02/2028 7:00,2028020607,Sunday,Market Close
6/02/2028 8:00,2028020608,Sunday,Market Close
6/02/2028 9:00,2028020609,Sunday,Market Close
6/02/2028 10:00,2028020610,Sunday,Market Close
6/02/2028 11:00,2028020611,Sunday,Market Close
6/02/2028 12:00,2028020612,Sunday,Market Close
6/02/2028 13:00,2028020613,Sunday,Market Close
6/02/2028 14:00,2028020614,Sunday,Market Close
6/02/2028 15:00,2028020615,Sunday,Market Close
6/02/2028 16:00,2028020616,Sunday,Market Close
6/02/2028 17:00,2028020617,Sunday,Market Close
6/02/2028 18:00,2028020618,Sunday,Market Close
6/02/2028 19:00,2028020619,Sunday,Market Close
6/02/2028 20:00,2028020620,Sunday,Market Close
6/02/2028 21:00,2028020621,Sunday,Market Close
11/02/2028 22:00,2028021122,Friday,Market Close
11/02/2028 23:00,2028021123,Friday,Market Close
12/02/2028 0:00,2028021200,Saturday,Market Close
12/02/2028 1:00,2028021201,Saturday,Market Close
12/02/2028 2:00,2028021202,Saturday,Market Close
12/02/2028 3:00,2028021203,Saturday,Market Close
12/02/2028 4:00,2028021204,Saturday,Market Close
12/02/2028 5:00,2028021205,Saturday,Market Close
12/02/2028 6:00,2028021206,Saturday,Market Close
12/02/2028 7:00,2028021207,Saturday,Market Close
12/02/2028 8:00,2028021208,Saturday,Market Close
12/02/2028 9:00,2028021209,Saturday,Market Close
12/02/2028 10:00,2028021210,Saturday,Market Close
12/02/2028 11:00,2028021211,Saturday,Market Close
12/02/2028 12:00,2028021212,Saturday,Market Close
12/02/2028 13:00,2028021213,Saturday,Market Close
12/02/2028 14:00,2028021214,Saturday,Market Close
12/02/2028 15:00,2028021215,Saturday,Market Close
12/02/2028 16:00,2028021216,Saturday,Market Close
12/02/2028 17:00,2028021217,Saturday,Market Close
12/02/2028 18:00,2028021218,Saturday,Market Close
12/02/2028 19:00,2028021219,Saturday,Market Close
12/02/2028 20:00,2028021220,Saturday,Market Close
12/02/2028 21:00,2028021221,Saturday,Market Close
12/02/2028 22:00,2028021222,Saturday,Market Close
12/02/2028 23:00,2028021223,Saturday,Market Close
13/02/2028 0:00,2028021300,Sunday,Market Close
13/02/2028 1:00,2028021301,Sunday,Market Close
13/02/2028 2:00,2028021302,Sunday,Market Close
13/02/2028 3:00,2028021303,Sunday,Market Close
13/02/2028 4:00,2028021304,Sunday,Market Close
13/02/2028 5:00,2028021305,Sunday,Market Close
13/02/2028 6:00,2028021306,Sunday,Market Close
13/02/2028 7:00,2028021307,Sunday,Market Close
13/02/2028 8:00,2028021308,Sunday,Market Close
13/02/2028 9:00,2028021309,Sunday,Market Close
13/02/2028 10:00,2028021310,Sunday,Market Close
13/02/2028 11:00,2028021311,Sunday,Market Close
13/02/2028 12:00,2028021312,Sunday,Market Close
13/02/2028 13:00,2028021313,Sunday,Market Close
13/02/2028 14:00,2028021314,Sunday,Market Close
13/02/2028 15:00,2028021315,Sunday,Market Close
13/02/2028 16:00,2028021316,Sunday,Market Close
13/02/2028 17:00,2028021317,Sunday,Market Close
13/02/2028 18:00,2028021318,Sunday,Market Close
13/02/2028 19:00,2028021319,Sunday,Market Close
13/02/2028 20:00,2028021320,Sunday,Market Close
13/02/2028 21:00,2028021321,Sunday,Market Close
18/02/2028 22:00,2028021822,Friday,Market Close
18/02/2028 23:00,2028021823,Friday,Market Close
19/02/2028 0:00,2028021900,Saturday,Market Close
19/02/2028 1:00,2028021901,Saturday,Market Close
19/02/2028 2:00,2028021902,Saturday,Market Close
19/02/2028 3:00,2028021903,Saturday,Market Close
19/02/2028 4:00,2028021904,Saturday,Market Close
19/02/2028 5:00,2028021905,Saturday,Market Close
19/02/2028 6:00,2028021906,Saturday,Market Close
19/02/2028 7:00,2028021907,Saturday,Market Close
19/02/2028 8:00,2028021908,Saturday,Market Close
19/02/2028 9:00,2028021909,Saturday,Market Close
19/02/2028 10:00,2028021910,Saturday,Market Close
19/02/2028 11:00,2028021911,Saturday,Market Close
19/02/2028 12:00,2028021912,Saturday,Market Close
19/02/2028 13:00,2028021913,Saturday,Market Close
19/02/2028 14:00,2028021914,Saturday,Market Close
19/02/2028 15:00,2028021915,Saturday,Market Close
19/02/2028 16:00,2028021916,Saturday,Market Close
19/02/2028 17:00,2028021917,Saturday,Market Close
19/02/2028 18:00,2028021918,Saturday,Market Close
19/02/2028 19:00,2028021919,Saturday,Market Close
19/02/2028 20:00,2028021920,Saturday,Market Close
19/02/2028 21:00,2028021921,Saturday,Market Close
19/02/2028 22:00,2028021922,Saturday,Market Close
19/02/2028 23:00,2028021923,Saturday,Market Close
20/02/2028 0:00,2028022000,Sunday,Market Close
20/02/2028 1:00,2028022001,Sunday,Market Close
20/02/2028 2:00,2028022002,Sunday,Market Close
20/02/2028 3:00,2028022003,Sunday,Market Close
20/02/2028 4:00,2028022004,Sunday,Market Close
20/02/2028 5:00,2028022005,Sunday,Market Close
20/02/2028 6:00,2028022006,Sunday,Market Close
20/02/2028 7:00,2028022007,Sunday,Market Close
20/02/2028 8:00,2028022008,Sunday,Market Close
20/02/2028 9:00,2028022009,Sunday,Market Close
20/02/2028 10:00,2028022010,Sunday,Market Close
20/02/2028 11:00,2028022011,Sunday,Market Close
20/02/2028 12:00,2028022012,Sunday,Market Close
20/02/2028 13:00,2028022013,Sunday,Market Close
20/02/2028 14:00,2028022014,Sunday,Market Close
20/02/2028 15:00,2028022015,Sunday,Market Close
20/02/2028 16:00,2028022016,Sunday,Market Close
20/02/2028 17:00,2028022017,Sunday,Market Close
20/02/2028 18:00,2028022018,Sunday,Market Close
20/02/2028 19:00,2028022019,Sunday,Market Close
20/02/2028 20:00,2028022020,Sunday,Market Close
20/02/2028 21:00,2028022021,Sunday,Market Close
25/02/2028 22:00,2028022522,Friday,Market Close
25/02/2028 23:00,2028022523,Friday,Market Close
26/02/2028 0:00,2028022600,Saturday,Market Close
26/02/2028 1:00,2028022601,Saturday,Market Close
26/02/2028 2:00,2028022602,Saturday,Market Close
26/02/2028 3:00,2028022603,Saturday,Market Close
26/02/2028 4:00,2028022604,Saturday,Market Close
26/02/2028 5:00,2028022605,Saturday,Market Close
26/02/2028 6:00,2028022606,Saturday,Market Close
26/02/2028 7:00,2028022607,Saturday,Market Close
26/02/2028 8:00,2028022608,Saturday,Market Close
26/02/2028 9:00,2028022609,Saturday,Market Close
26/02/2028 10:00,2028022610,Saturday,Market Close
26/02/2028 11:00,2028022611,Saturday,Market Close
26/02/2028 12:00,2028022612,Saturday,Market Close
26/02/2028 13:00,2028022613,Saturday,Market Close
26/02/2028 14:00,2028022614,Saturday,Market Close
26/02/2028 15:00,2028022615,Saturday,Market Close
26/02/2028 16:00,2028022616,Saturday,Market Close
26/02/2028 17:00,2028022617,Saturday,Market Close
26/02/2028 18:00,2028022618,Saturday,Market Close
26/02/2028 19:00,2028022619,Saturday,Market Close
26/02/2028 20:00,2028022620,Saturday,Market Close
26/02/2028 21:00,2028022621,Saturday,Market Close
26/02/2028 22:00,2028022622,Saturday,Market Close
26/02/2028 23:00,2028022623,Saturday,Market Close
27/02/2028 0:00,2028022700,Sunday,Market Close
27/02/2028 1:00,2028022701,Sunday,Market Close
27/02/2028 2:00,2028022702,Sunday,Market Close
27/02/2028 3:00,2028022703,Sunday,Market Close
27/02/2028 4:00,2028022704,Sunday,Market Close
27/02/2028 5:00,2028022705,Sunday,Market Close
27/02/2028 6:00,2028022706,Sunday,Market Close
27/02/2028 7:00,2028022707,Sunday,Market Close
27/02/2028 8:00,2028022708,Sunday,Market Close
27/02/2028 9:00,2028022709,Sunday,Market Close
27/02/2028 10:00,2028022710,Sunday,Market Close
27/02/2028 11:00,2028022711,Sunday,Market Close
27/02/2028 12:00,2028022712,Sunday,Market Close
27/02/2028 13:00,2028022713,Sunday,Market Close
27/02/2028 14:00,2028022714,Sunday,Market Close
27/02/2028 15:00,2028022715,Sunday,Market Close
27/02/2028 16:00,2028022716,Sunday,Market Close
27/02/2028 17:00,2028022717,Sunday,Market Close
27/02/2028 18:00,2028022718,Sunday,Market Close
27/02/2028 19:00,2028022719,Sunday,Market Close
27/02/2028 20:00,2028022720,Sunday,Market Close
27/02/2028 21:00,2028022721,Sunday,Market Close
3/03/2028 22:00,2028030322,Friday,Market Close
3/03/2028 23:00,2028030323,Friday,Market Close
4/03/2028 0:00,2028030400,Saturday,Market Close
4/03/2028 1:00,2028030401,Saturday,Market Close
4/03/2028 2:00,2028030402,Saturday,Market Close
4/03/2028 3:00,2028030403,Saturday,Market Close
4/03/2028 4:00,2028030404,Saturday,Market Close
4/03/2028 5:00,2028030405,Saturday,Market Close
4/03/2028 6:00,2028030406,Saturday,Market Close
4/03/2028 7:00,2028030407,Saturday,Market Close
4/03/2028 8:00,2028030408,Saturday,Market Close
4/03/2028 9:00,2028030409,Saturday,Market Close
4/03/2028 10:00,2028030410,Saturday,Market Close
4/03/2028 11:00,2028030411,Saturday,Market Close
4/03/2028 12:00,2028030412,Saturday,Market Close
4/03/2028 13:00,2028030413,Saturday,Market Close
4/03/2028 14:00,2028030414,Saturday,Market Close
4/03/2028 15:00,2028030415,Saturday,Market Close
4/03/2028 16:00,2028030416,Saturday,Market Close
4/03/2028 17:00,2028030417,Saturday,Market Close
4/03/2028 18:00,2028030418,Saturday,Market Close
4/03/2028 19:00,2028030419,Saturday,Market Close
4/03/2028 20:00,2028030420,Saturday,Market Close
4/03/2028 21:00,2028030421,Saturday,Market Close
4/03/2028 22:00,2028030422,Saturday,Market Close
4/03/2028 23:00,2028030423,Saturday,Market Close
5/03/2028 0:00,2028030500,Sunday,Market Close
5/03/2028 1:00,2028030501,Sunday,Market Close
5/03/2028 2:00,2028030502,Sunday,Market Close
5/03/2028 3:00,2028030503,Sunday,Market Close
5/03/2028 4:00,2028030504,Sunday,Market Close
5/03/2028 5:00,2028030505,Sunday,Market Close
5/03/2028 6:00,2028030506,Sunday,Market Close
5/03/2028 7:00,2028030507,Sunday,Market Close
5/03/2028 8:00,2028030508,Sunday,Market Close
5/03/2028 9:00,2028030509,Sunday,Market Close
5/03/2028 10:00,2028030510,Sunday,Market Close
5/03/2028 11:00,2028030511,Sunday,Market Close
5/03/2028 12:00,2028030512,Sunday,Market Close
5/03/2028 13:00,2028030513,Sunday,Market Close
5/03/2028 14:00,2028030514,Sunday,Market Close
5/03/2028 15:00,2028030515,Sunday,Market Close
5/03/2028 16:00,2028030516,Sunday,Market Close
5/03/2028 17:00,2028030517,Sunday,Market Close
5/03/2028 18:00,2028030518,Sunday,Market Close
5/03/2028 19:00,2028030519,Sunday,Market Close
5/03/2028 20:00,2028030520,Sunday,Market Close
5/03/2028 21:00,2028030521,Sunday,Market Close
10/03/2028 22:00,2028031022,Friday,Market Close
10/03/2028 23:00,2028031023,Friday,Market Close
11/03/2028 0:00,2028031100,Saturday,Market Close
11/03/2028 1:00,2028031101,Saturday,Market Close
11/03/2028 2:00,2028031102,Saturday,Market Close
11/03/2028 3:00,2028031103,Saturday,Market Close
11/03/2028 4:00,2028031104,Saturday,Market Close
11/03/2028 5:00,2028031105,Saturday,Market Close
11/03/2028 6:00,2028031106,Saturday,Market Close
11/03/2028 7:00,2028031107,Saturday,Market Close
11/03/2028 8:00,2028031108,Saturday,Market Close
11/03/2028 9:00,2028031109,Saturday,Market Close
11/03/2028 10:00,2028031110,Saturday,Market Close
11/03/2028 11:00,2028031111,Saturday,Market Close
11/03/2028 12:00,2028031112,Saturday,Market Close
11/03/2028 13:00,2028031113,Saturday,Market Close
11/03/2028 14:00,2028031114,Saturday,Market Close
11/03/2028 15:00,2028031115,Saturday,Market Close
11/03/2028 16:00,2028031116,Saturday,Market Close
11/03/2028 17:00,2028031117,Saturday,Market Close
11/03/2028 18:00,2028031118,Saturday,Market Close
11/03/2028 19:00,2028031119,Saturday,Market Close
11/03/2028 20:00,2028031120,Saturday,Market Close
11/03/2028 21:00,2028031121,Saturday,Market Close
11/03/2028 22:00,2028031122,Saturday,Market Close
11/03/2028 23:00,2028031123,Saturday,Market Close
12/03/2028 0:00,2028031200,Sunday,Market Close
12/03/2028 1:00,2028031201,Sunday,Market Close
12/03/2028 2:00,2028031202,Sunday,Market Close
12/03/2028 3:00,2028031203,Sunday,Market Close
12/03/2028 4:00,2028031204,Sunday,Market Close
12/03/2028 5:00,2028031205,Sunday,Market Close
12/03/2028 6:00,2028031206,Sunday,Market Close
12/03/2028 7:00,2028031207,Sunday,Market Close
12/03/2028 8:00,2028031208,Sunday,Market Close
12/03/2028 9:00,2028031209,Sunday,Market Close
12/03/2028 10:00,2028031210,Sunday,Market Close
12/03/2028 11:00,2028031211,Sunday,Market Close
12/03/2028 12:00,2028031212,Sunday,Market Close
12/03/2028 13:00,2028031213,Sunday,Market Close
12/03/2028 14:00,2028031214,Sunday,Market Close
12/03/2028 15:00,2028031215,Sunday,Market Close
12/03/2028 16:00,2028031216,Sunday,Market Close
12/03/2028 17:00,2028031217,Sunday,Market Close
12/03/2028 18:00,2028031218,Sunday,Market Close
12/03/2028 19:00,2028031219,Sunday,Market Close
12/03/2028 20:00,2028031220,Sunday,Market Close
17/03/2028 21:00,2028031721,Friday,Market Close
17/03/2028 22:00,2028031722,Friday,Market Close
17/03/2028 23:00,2028031723,Friday,Market Close
18/03/2028 0:00,2028031800,Saturday,Market Close
18/03/2028 1:00,2028031801,Saturday,Market Close
18/03/2028 2:00,2028031802,Saturday,Market Close
18/03/2028 3:00,2028031803,Saturday,Market Close
18/03/2028 4:00,2028031804,Saturday,Market Close
18/03/2028 5:00,2028031805,Saturday,Market Close
18/03/2028 6:00,2028031806,Saturday,Market Close
18/03/2028 7:00,2028031807,Saturday,Market Close
18/03/2028 8:00,2028031808,Saturday,Market Close
18/03/2028 9:00,2028031809,Saturday,Market Close
18/03/2028 10:00,2028031810,Saturday,Market Close
18/03/2028 11:00,2028031811,Saturday,Market Close
18/03/2028 12:00,2028031812,Saturday,Market Close
18/03/2028 13:00,2028031813,Saturday,Market Close
18/03/2028 14:00,2028031814,Saturday,Market Close
18/03/2028 15:00,2028031815,Saturday,Market Close
18/03/2028 16:00,2028031816,Saturday,Market Close
18/03/2028 17:00,2028031817,Saturday,Market Close
18/03/2028 18:00,2028031818,Saturday,Market Close
18/03/2028 19:00,2028031819,Saturday,Market Close
18/03/2028 20:00,2028031820,Saturday,Market Close
18/03/2028 21:00,2028031821,Saturday,Market Close
18/03/2028 22:00,2028031822,Saturday,Market Close
18/03/2028 23:00,2028031823,Saturday,Market Close
19/03/2028 0:00,2028031900,Sunday,Market Close
19/03/2028 1:00,2028031901,Sunday,Market Close
19/03/2028 2:00,2028031902,Sunday,Market Close
19/03/2028 3:00,2028031903,Sunday,Market Close
19/03/2028 4:00,2028031904,Sunday,Market Close
19/03/2028 5:00,2028031905,Sunday,Market Close
19/03/2028 6:00,2028031906,Sunday,Market Close
19/03/2028 7:00,2028031907,Sunday,Market Close
19/03/2028 8:00,2028031908,Sunday,Market Close
19/03/2028 9:00,2028031909,Sunday,Market Close
19/03/2028 10:00,2028031910,Sunday,Market Close
19/03/2028 11:00,2028031911,Sunday,Market Close
19/03/2028 12:00,2028031912,Sunday,Market Close
19/03/2028 13:00,2028031913,Sunday,Market Close
19/03/2028 14:00,2028031914,Sunday,Market Close
19/03/2028 15:00,2028031915,Sunday,Market Close
19/03/2028 16:00,2028031916,Sunday,Market Close
19/03/2028 17:00,2028031917,Sunday,Market Close
19/03/2028 18:00,2028031918,Sunday,Market Close
19/03/2028 19:00,2028031919,Sunday,Market Close
19/03/2028 20:00,2028031920,Sunday,Market Close
24/03/2028 21:00,2028032421,Friday,Market Close
24/03/2028 22:00,2028032422,Friday,Market Close
24/03/2028 23:00,2028032423,Friday,Market Close
25/03/2028 0:00,2028032500,Saturday,Market Close
25/03/2028 1:00,2028032501,Saturday,Market Close
25/03/2028 2:00,2028032502,Saturday,Market Close
25/03/2028 3:00,2028032503,Saturday,Market Close
25/03/2028 4:00,2028032504,Saturday,Market Close
25/03/2028 5:00,2028032505,Saturday,Market Close
25/03/2028 6:00,2028032506,Saturday,Market Close
25/03/2028 7:00,2028032507,Saturday,Market Close
25/03/2028 8:00,2028032508,Saturday,Market Close
25/03/2028 9:00,2028032509,Saturday,Market Close
25/03/2028 10:00,2028032510,Saturday,Market Close
25/03/2028 11:00,2028032511,Saturday,Market Close
25/03/2028 12:00,2028032512,Saturday,Market Close
25/03/2028 13:00,2028032513,Saturday,Market Close
25/03/2028 14:00,2028032514,Saturday,Market Close
25/03/2028 15:00,2028032515,Saturday,Market Close
25/03/2028 16:00,2028032516,Saturday,Market Close
25/03/2028 17:00,2028032517,Saturday,Market Close
25/03/2028 18:00,2028032518,Saturday,Market Close
25/03/2028 19:00,2028032519,Saturday,Market Close
25/03/2028 20:00,2028032520,Saturday,Market Close
25/03/2028 21:00,2028032521,Saturday,Market Close
25/03/2028 22:00,2028032522,Saturday,Market Close
25/03/2028 23:00,2028032523,Saturday,Market Close
26/03/2028 0:00,2028032600,Sunday,Market Close
26/03/2028 1:00,2028032601,Sunday,Market Close
26/03/2028 2:00,2028032602,Sunday,Market Close
26/03/2028 3:00,2028032603,Sunday,Market Close
26/03/2028 4:00,2028032604,Sunday,Market Close
26/03/2028 5:00,2028032605,Sunday,Market Close
26/03/2028 6:00,2028032606,Sunday,Market Close
26/03/2028 7:00,2028032607,Sunday,Market Close
26/03/2028 8:00,2028032608,Sunday,Market Close
26/03/2028 9:00,2028032609,Sunday,Market Close
26/03/2028 10:00,2028032610,Sunday,Market Close
26/03/2028 11:00,2028032611,Sunday,Market Close
26/03/2028 12:00,2028032612,Sunday,Market Close
26/03/2028 13:00,2028032613,Sunday,Market Close
26/03/2028 14:00,2028032614,Sunday,Market Close
26/03/2028 15:00,2028032615,Sunday,Market Close
26/03/2028 16:00,2028032616,Sunday,Market Close
26/03/2028 17:00,2028032617,Sunday,Market Close
26/03/2028 18:00,2028032618,Sunday,Market Close
26/03/2028 19:00,2028032619,Sunday,Market Close
26/03/2028 20:00,2028032620,Sunday,Market Close
31/03/2028 21:00,2028033121,Friday,Market Close
31/03/2028 22:00,2028033122,Friday,Market Close
31/03/2028 23:00,2028033123,Friday,Market Close
1/04/2028 0:00,2028040100,Saturday,Market Close
1/04/2028 1:00,2028040101,Saturday,Market Close
1/04/2028 2:00,2028040102,Saturday,Market Close
1/04/2028 3:00,2028040103,Saturday,Market Close
1/04/2028 4:00,2028040104,Saturday,Market Close
1/04/2028 5:00,2028040105,Saturday,Market Close
1/04/2028 6:00,2028040106,Saturday,Market Close
1/04/2028 7:00,2028040107,Saturday,Market Close
1/04/2028 8:00,2028040108,Saturday,Market Close
1/04/2028 9:00,2028040109,Saturday,Market Close
1/04/2028 10:00,2028040110,Saturday,Market Close
1/04/2028 11:00,2028040111,Saturday,Market Close
1/04/2028 12:00,2028040112,Saturday,Market Close
1/04/2028 13:00,2028040113,Saturday,Market Close
1/04/2028 14:00,2028040114,Saturday,Market Close
1/04/2028 15:00,2028040115,Saturday,Market Close
1/04/2028 16:00,2028040116,Saturday,Market Close
1/04/2028 17:00,2028040117,Saturday,Market Close
1/04/2028 18:00,2028040118,Saturday,Market Close
1/04/2028 19:00,2028040119,Saturday,Market Close
1/04/2028 20:00,2028040120,Saturday,Market Close
1/04/2028 21:00,2028040121,Saturday,Market Close
1/04/2028 22:00,2028040122,Saturday,Market Close
1/04/2028 23:00,2028040123,Saturday,Market Close
2/04/2028 0:00,2028040200,Sunday,Market Close
2/04/2028 1:00,2028040201,Sunday,Market Close
2/04/2028 2:00,2028040202,Sunday,Market Close
2/04/2028 3:00,2028040203,Sunday,Market Close
2/04/2028 4:00,2028040204,Sunday,Market Close
2/04/2028 5:00,2028040205,Sunday,Market Close
2/04/2028 6:00,2028040206,Sunday,Market Close
2/04/2028 7:00,2028040207,Sunday,Market Close
2/04/2028 8:00,2028040208,Sunday,Market Close
2/04/2028 9:00,2028040209,Sunday,Market Close
2/04/2028 10:00,2028040210,Sunday,Market Close
2/04/2028 11:00,2028040211,Sunday,Market Close
2/04/2028 12:00,2028040212,Sunday,Market Close
2/04/2028 13:00,2028040213,Sunday,Market Close
2/04/2028 14:00,2028040214,Sunday,Market Close
2/04/2028 15:00,2028040215,Sunday,Market Close
2/04/2028 16:00,2028040216,Sunday,Market Close
2/04/2028 17:00,2028040217,Sunday,Market Close
2/04/2028 18:00,2028040218,Sunday,Market Close
2/04/2028 19:00,2028040219,Sunday,Market Close
2/04/2028 20:00,2028040220,Sunday,Market Close
7/04/2028 21:00,2028040721,Friday,Market Close
7/04/2028 22:00,2028040722,Friday,Market Close
7/04/2028 23:00,2028040723,Friday,Market Close
8/04/2028 0:00,2028040800,Saturday,Market Close
8/04/2028 1:00,2028040801,Saturday,Market Close
8/04/2028 2:00,2028040802,Saturday,Market Close
8/04/2028 3:00,2028040803,Saturday,Market Close
8/04/2028 4:00,2028040804,Saturday,Market Close
8/04/2028 5:00,2028040805,Saturday,Market Close
8/04/2028 6:00,2028040806,Saturday,Market Close
8/04/2028 7:00,2028040807,Saturday,Market Close
8/04/2028 8:00,2028040808,Saturday,Market Close
8/04/2028 9:00,2028040809,Saturday,Market Close
8/04/2028 10:00,2028040810,Saturday,Market Close
8/04/2028 11:00,2028040811,Saturday,Market Close
8/04/2028 12:00,2028040812,Saturday,Market Close
8/04/2028 13:00,2028040813,Saturday,Market Close
8/04/2028 14:00,2028040814,Saturday,Market Close
8/04/2028 15:00,2028040815,Saturday,Market Close
8/04/2028 16:00,2028040816,Saturday,Market Close
8/04/2028 17:00,2028040817,Saturday,Market Close
8/04/2028 18:00,2028040818,Saturday,Market Close
8/04/2028 19:00,2028040819,Saturday,Market Close
8/04/2028 20:00,2028040820,Saturday,Market Close
8/04/2028 21:00,2028040821,Saturday,Market Close
8/04/2028 22:00,2028040822,Saturday,Market Close
8/04/2028 23:00,2028040823,Saturday,Market Close
9/04/2028 0:00,2028040900,Sunday,Market Close
9/04/2028 1:00,2028040901,Sunday,Market Close
9/04/2028 2:00,2028040902,Sunday,Market Close
9/04/2028 3:00,2028040903,Sunday,Market Close
9/04/2028 4:00,2028040904,Sunday,Market Close
9/04/2028 5:00,2028040905,Sunday,Market Close
9/04/2028 6:00,2028040906,Sunday,Market Close
9/04/2028 7:00,2028040907,Sunday,Market Close
9/04/2028 8:00,2028040908,Sunday,Market Close
9/04/2028 9:00,2028040909,Sunday,Market Close
9/04/2028 10:00,2028040910,Sunday,Market Close
9/04/2028 11:00,2028040911,Sunday,Market Close
9/04/2028 12:00,2028040912,Sunday,Market Close
9/04/2028 13:00,2028040913,Sunday,Market Close
9/04/2028 14:00,2028040914,Sunday,Market Close
9/04/2028 15:00,2028040915,Sunday,Market Close
9/04/2028 16:00,2028040916,Sunday,Market Close
9/04/2028 17:00,2028040917,Sunday,Market Close
9/04/2028 18:00,2028040918,Sunday,Market Close
9/04/2028 19:00,2028040919,Sunday,Market Close
9/04/2028 20:00,2028040920,Sunday,Market Close
14/04/2028 21:00,2028041421,Friday,Market Close
14/04/2028 22:00,2028041422,Friday,Market Close
14/04/2028 23:00,2028041423,Friday,Market Close
15/04/2028 0:00,2028041500,Saturday,Market Close
15/04/2028 1:00,2028041501,Saturday,Market Close
15/04/2028 2:00,2028041502,Saturday,Market Close
15/04/2028 3:00,2028041503,Saturday,Market Close
15/04/2028 4:00,2028041504,Saturday,Market Close
15/04/2028 5:00,2028041505,Saturday,Market Close
15/04/2028 6:00,2028041506,Saturday,Market Close
15/04/2028 7:00,2028041507,Saturday,Market Close
15/04/2028 8:00,2028041508,Saturday,Market Close
15/04/2028 9:00,2028041509,Saturday,Market Close
15/04/2028 10:00,2028041510,Saturday,Market Close
15/04/2028 11:00,2028041511,Saturday,Market Close
15/04/2028 12:00,2028041512,Saturday,Market Close
15/04/2028 13:00,2028041513,Saturday,Market Close
15/04/2028 14:00,2028041514,Saturday,Market Close
15/04/2028 15:00,2028041515,Saturday,Market Close
15/04/2028 16:00,2028041516,Saturday,Market Close
15/04/2028 17:00,2028041517,Saturday,Market Close
15/04/2028 18:00,2028041518,Saturday,Market Close
15/04/2028 19:00,2028041519,Saturday,Market Close
15/04/2028 20:00,2028041520,Saturday,Market Close
15/04/2028 21:00,2028041521,Saturday,Market Close
15/04/2028 22:00,2028041522,Saturday,Market Close
15/04/2028 23:00,2028041523,Saturday,Market Close
16/04/2028 0:00,2028041600,Sunday,Market Close
16/04/2028 1:00,2028041601,Sunday,Market Close
16/04/2028 2:00,2028041602,Sunday,Market Close
16/04/2028 3:00,2028041603,Sunday,Market Close
16/04/2028 4:00,2028041604,Sunday,Market Close
16/04/2028 5:00,2028041605,Sunday,Market Close
16/04/2028 6:00,2028041606,Sunday,Market Close
16/04/2028 7:00,2028041607,Sunday,Market Close
16/04/2028 8:00,2028041608,Sunday,Market Close
16/04/2028 9:00,2028041609,Sunday,Market Close
16/04/2028 10:00,2028041610,Sunday,Market Close
16/04/2028 11:00,2028041611,Sunday,Market Close
16/04/2028 12:00,2028041612,Sunday,Market Close
16/04/2028 13:00,2028041613,Sunday,Market Close
16/04/2028 14:00,2028041614,Sunday,Market Close
16/04/2028 15:00,2028041615,Sunday,Market Close
16/04/2028 16:00,2028041616,Sunday,Market Close
16/04/2028 17:00,2028041617,Sunday,Market Close
16/04/2028 18:00,2028041618,Sunday,Market Close
16/04/2028 19:00,2028041619,Sunday,Market Close
16/04/2028 20:00,2028041620,Sunday,Market Close
21/04/2028 21:00,2028042121,Friday,Market Close
21/04/2028 22:00,2028042122,Friday,Market Close
21/04/2028 23:00,2028042123,Friday,Market Close
22/04/2028 0:00,2028042200,Saturday,Market Close
22/04/2028 1:00,2028042201,Saturday,Market Close
22/04/2028 2:00,2028042202,Saturday,Market Close
22/04/2028 3:00,2028042203,Saturday,Market Close
22/04/2028 4:00,2028042204,Saturday,Market Close
22/04/2028 5:00,2028042205,Saturday,Market Close
22/04/2028 6:00,2028042206,Saturday,Market Close
22/04/2028 7:00,2028042207,Saturday,Market Close
22/04/2028 8:00,2028042208,Saturday,Market Close
22/04/2028 9:00,2028042209,Saturday,Market Close
22/04/2028 10:00,2028042210,Saturday,Market Close
22/04/2028 11:00,2028042211,Saturday,Market Close
22/04/2028 12:00,2028042212,Saturday,Market Close
22/04/2028 13:00,2028042213,Saturday,Market Close
22/04/2028 14:00,2028042214,Saturday,Market Close
22/04/2028 15:00,2028042215,Saturday,Market Close
22/04/2028 16:00,2028042216,Saturday,Market Close
22/04/2028 17:00,2028042217,Saturday,Market Close
22/04/2028 18:00,2028042218,Saturday,Market Close
22/04/2028 19:00,2028042219,Saturday,Market Close
22/04/2028 20:00,2028042220,Saturday,Market Close
22/04/2028 21:00,2028042221,Saturday,Market Close
22/04/2028 22:00,2028042222,Saturday,Market Close
22/04/2028 23:00,2028042223,Saturday,Market Close
23/04/2028 0:00,2028042300,Sunday,Market Close
23/04/2028 1:00,2028042301,Sunday,Market Close
23/04/2028 2:00,2028042302,Sunday,Market Close
23/04/2028 3:00,2028042303,Sunday,Market Close
23/04/2028 4:00,2028042304,Sunday,Market Close
23/04/2028 5:00,2028042305,Sunday,Market Close
23/04/2028 6:00,2028042306,Sunday,Market Close
23/04/2028 7:00,2028042307,Sunday,Market Close
23/04/2028 8:00,2028042308,Sunday,Market Close
23/04/2028 9:00,2028042309,Sunday,Market Close
23/04/2028 10:00,2028042310,Sunday,Market Close
23/04/2028 11:00,2028042311,Sunday,Market Close
23/04/2028 12:00,2028042312,Sunday,Market Close
23/04/2028 13:00,2028042313,Sunday,Market Close
23/04/2028 14:00,2028042314,Sunday,Market Close
23/04/2028 15:00,2028042315,Sunday,Market Close
23/04/2028 16:00,2028042316,Sunday,Market Close
23/04/2028 17:00,2028042317,Sunday,Market Close
23/04/2028 18:00,2028042318,Sunday,Market Close
23/04/2028 19:00,2028042319,Sunday,Market Close
23/04/2028 20:00,2028042320,Sunday,Market Close
28/04/2028 21:00,2028042821,Friday,Market Close
28/04/2028 22:00,2028042822,Friday,Market Close
28/04/2028 23:00,2028042823,Friday,Market Close
29/04/2028 0:00,2028042900,Saturday,Market Close
29/04/2028 1:00,2028042901,Saturday,Market Close
29/04/2028 2:00,2028042902,Saturday,Market Close
29/04/2028 3:00,2028042903,Saturday,Market Close
29/04/2028 4:00,2028042904,Saturday,Market Close
29/04/2028 5:00,2028042905,Saturday,Market Close
29/04/2028 6:00,2028042906,Saturday,Market Close
29/04/2028 7:00,2028042907,Saturday,Market Close
29/04/2028 8:00,2028042908,Saturday,Market Close
29/04/2028 9:00,2028042909,Saturday,Market Close
29/04/2028 10:00,2028042910,Saturday,Market Close
29/04/2028 11:00,2028042911,Saturday,Market Close
29/04/2028 12:00,2028042912,Saturday,Market Close
29/04/2028 13:00,2028042913,Saturday,Market Close
29/04/2028 14:00,2028042914,Saturday,Market Close
29/04/2028 15:00,2028042915,Saturday,Market Close
29/04/2028 16:00,2028042916,Saturday,Market Close
29/04/2028 17:00,2028042917,Saturday,Market Close
29/04/2028 18:00,2028042918,Saturday,Market Close
29/04/2028 19:00,2028042919,Saturday,Market Close
29/04/2028 20:00,2028042920,Saturday,Market Close
29/04/2028 21:00,2028042921,Saturday,Market Close
29/04/2028 22:00,2028042922,Saturday,Market Close
29/04/2028 23:00,2028042923,Saturday,Market Close
30/04/2028 0:00,2028043000,Sunday,Market Close
30/04/2028 1:00,2028043001,Sunday,Market Close
30/04/2028 2:00,2028043002,Sunday,Market Close
30/04/2028 3:00,2028043003,Sunday,Market Close
30/04/2028 4:00,2028043004,Sunday,Market Close
30/04/2028 5:00,2028043005,Sunday,Market Close
30/04/2028 6:00,2028043006,Sunday,Market Close
30/04/2028 7:00,2028043007,Sunday,Market Close
30/04/2028 8:00,2028043008,Sunday,Market Close
30/04/2028 9:00,2028043009,Sunday,Market Close
30/04/2028 10:00,2028043010,Sunday,Market Close
30/04/2028 11:00,2028043011,Sunday,Market Close
30/04/2028 12:00,2028043012,Sunday,Market Close
30/04/2028 13:00,2028043013,Sunday,Market Close
30/04/2028 14:00,2028043014,Sunday,Market Close
30/04/2028 15:00,2028043015,Sunday,Market Close
30/04/2028 16:00,2028043016,Sunday,Market Close
30/04/2028 17:00,2028043017,Sunday,Market Close
30/04/2028 18:00,2028043018,Sunday,Market Close
30/04/2028 19:00,2028043019,Sunday,Market Close
30/04/2028 20:00,2028043020,Sunday,Market Close
5/05/2028 21:00,2028050521,Friday,Market Close
5/05/2028 22:00,2028050522,Friday,Market Close
5/05/2028 23:00,2028050523,Friday,Market Close
6/05/2028 0:00,2028050600,Saturday,Market Close
6/05/2028 1:00,2028050601,Saturday,Market Close
6/05/2028 2:00,2028050602,Saturday,Market Close
6/05/2028 3:00,2028050603,Saturday,Market Close
6/05/2028 4:00,2028050604,Saturday,Market Close
6/05/2028 5:00,2028050605,Saturday,Market Close
6/05/2028 6:00,2028050606,Saturday,Market Close
6/05/2028 7:00,2028050607,Saturday,Market Close
6/05/2028 8:00,2028050608,Saturday,Market Close
6/05/2028 9:00,2028050609,Saturday,Market Close
6/05/2028 10:00,2028050610,Saturday,Market Close
6/05/2028 11:00,2028050611,Saturday,Market Close
6/05/2028 12:00,2028050612,Saturday,Market Close
6/05/2028 13:00,2028050613,Saturday,Market Close
6/05/2028 14:00,2028050614,Saturday,Market Close
6/05/2028 15:00,2028050615,Saturday,Market Close
6/05/2028 16:00,2028050616,Saturday,Market Close
6/05/2028 17:00,2028050617,Saturday,Market Close
6/05/2028 18:00,2028050618,Saturday,Market Close
6/05/2028 19:00,2028050619,Saturday,Market Close
6/05/2028 20:00,2028050620,Saturday,Market Close
6/05/2028 21:00,2028050621,Saturday,Market Close
6/05/2028 22:00,2028050622,Saturday,Market Close
6/05/2028 23:00,2028050623,Saturday,Market Close
7/05/2028 0:00,2028050700,Sunday,Market Close
7/05/2028 1:00,2028050701,Sunday,Market Close
7/05/2028 2:00,2028050702,Sunday,Market Close
7/05/2028 3:00,2028050703,Sunday,Market Close
7/05/2028 4:00,2028050704,Sunday,Market Close
7/05/2028 5:00,2028050705,Sunday,Market Close
7/05/2028 6:00,2028050706,Sunday,Market Close
7/05/2028 7:00,2028050707,Sunday,Market Close
7/05/2028 8:00,2028050708,Sunday,Market Close
7/05/2028 9:00,2028050709,Sunday,Market Close
7/05/2028 10:00,2028050710,Sunday,Market Close
7/05/2028 11:00,2028050711,Sunday,Market Close
7/05/2028 12:00,2028050712,Sunday,Market Close
7/05/2028 13:00,2028050713,Sunday,Market Close
7/05/2028 14:00,2028050714,Sunday,Market Close
7/05/2028 15:00,2028050715,Sunday,Market Close
7/05/2028 16:00,2028050716,Sunday,Market Close
7/05/2028 17:00,2028050717,Sunday,Market Close
7/05/2028 18:00,2028050718,Sunday,Market Close
7/05/2028 19:00,2028050719,Sunday,Market Close
7/05/2028 20:00,2028050720,Sunday,Market Close
12/05/2028 21:00,2028051221,Friday,Market Close
12/05/2028 22:00,2028051222,Friday,Market Close
12/05/2028 23:00,2028051223,Friday,Market Close
13/05/2028 0:00,2028051300,Saturday,Market Close
13/05/2028 1:00,2028051301,Saturday,Market Close
13/05/2028 2:00,2028051302,Saturday,Market Close
13/05/2028 3:00,2028051303,Saturday,Market Close
13/05/2028 4:00,2028051304,Saturday,Market Close
13/05/2028 5:00,2028051305,Saturday,Market Close
13/05/2028 6:00,2028051306,Saturday,Market Close
13/05/2028 7:00,2028051307,Saturday,Market Close
13/05/2028 8:00,2028051308,Saturday,Market Close
13/05/2028 9:00,2028051309,Saturday,Market Close
13/05/2028 10:00,2028051310,Saturday,Market Close
13/05/2028 11:00,2028051311,Saturday,Market Close
13/05/2028 12:00,2028051312,Saturday,Market Close
13/05/2028 13:00,2028051313,Saturday,Market Close
13/05/2028 14:00,2028051314,Saturday,Market Close
13/05/2028 15:00,2028051315,Saturday,Market Close
13/05/2028 16:00,2028051316,Saturday,Market Close
13/05/2028 17:00,2028051317,Saturday,Market Close
13/05/2028 18:00,2028051318,Saturday,Market Close
13/05/2028 19:00,2028051319,Saturday,Market Close
13/05/2028 20:00,2028051320,Saturday,Market Close
13/05/2028 21:00,2028051321,Saturday,Market Close
13/05/2028 22:00,2028051322,Saturday,Market Close
13/05/2028 23:00,2028051323,Saturday,Market Close
14/05/2028 0:00,2028051400,Sunday,Market Close
14/05/2028 1:00,2028051401,Sunday,Market Close
14/05/2028 2:00,2028051402,Sunday,Market Close
14/05/2028 3:00,2028051403,Sunday,Market Close
14/05/2028 4:00,2028051404,Sunday,Market Close
14/05/2028 5:00,2028051405,Sunday,Market Close
14/05/2028 6:00,2028051406,Sunday,Market Close
14/05/2028 7:00,2028051407,Sunday,Market Close
14/05/2028 8:00,2028051408,Sunday,Market Close
14/05/2028 9:00,2028051409,Sunday,Market Close
14/05/2028 10:00,2028051410,Sunday,Market Close
14/05/2028 11:00,2028051411,Sunday,Market Close
14/05/2028 12:00,2028051412,Sunday,Market Close
14/05/2028 13:00,2028051413,Sunday,Market Close
14/05/2028 14:00,2028051414,Sunday,Market Close
14/05/2028 15:00,2028051415,Sunday,Market Close
14/05/2028 16:00,2028051416,Sunday,Market Close
14/05/2028 17:00,2028051417,Sunday,Market Close
14/05/2028 18:00,2028051418,Sunday,Market Close
14/05/2028 19:00,2028051419,Sunday,Market Close
14/05/2028 20:00,2028051420,Sunday,Market Close
19/05/2028 21:00,2028051921,Friday,Market Close
19/05/2028 22:00,2028051922,Friday,Market Close
19/05/2028 23:00,2028051923,Friday,Market Close
20/05/2028 0:00,2028052000,Saturday,Market Close
20/05/2028 1:00,2028052001,Saturday,Market Close
20/05/2028 2:00,2028052002,Saturday,Market Close
20/05/2028 3:00,2028052003,Saturday,Market Close
20/05/2028 4:00,2028052004,Saturday,Market Close
20/05/2028 5:00,2028052005,Saturday,Market Close
20/05/2028 6:00,2028052006,Saturday,Market Close
20/05/2028 7:00,2028052007,Saturday,Market Close
20/05/2028 8:00,2028052008,Saturday,Market Close
20/05/2028 9:00,2028052009,Saturday,Market Close
20/05/2028 10:00,2028052010,Saturday,Market Close
20/05/2028 11:00,2028052011,Saturday,Market Close
20/05/2028 12:00,2028052012,Saturday,Market Close
20/05/2028 13:00,2028052013,Saturday,Market Close
20/05/2028 14:00,2028052014,Saturday,Market Close
20/05/2028 15:00,2028052015,Saturday,Market Close
20/05/2028 16:00,2028052016,Saturday,Market Close
20/05/2028 17:00,2028052017,Saturday,Market Close
20/05/2028 18:00,2028052018,Saturday,Market Close
20/05/2028 19:00,2028052019,Saturday,Market Close
20/05/2028 20:00,2028052020,Saturday,Market Close
20/05/2028 21:00,2028052021,Saturday,Market Close
20/05/2028 22:00,2028052022,Saturday,Market Close
20/05/2028 23:00,2028052023,Saturday,Market Close
21/05/2028 0:00,2028052100,Sunday,Market Close
21/05/2028 1:00,2028052101,Sunday,Market Close
21/05/2028 2:00,2028052102,Sunday,Market Close
21/05/2028 3:00,2028052103,Sunday,Market Close
21/05/2028 4:00,2028052104,Sunday,Market Close
21/05/2028 5:00,2028052105,Sunday,Market Close
21/05/2028 6:00,2028052106,Sunday,Market Close
21/05/2028 7:00,2028052107,Sunday,Market Close
21/05/2028 8:00,2028052108,Sunday,Market Close
21/05/2028 9:00,2028052109,Sunday,Market Close
21/05/2028 10:00,2028052110,Sunday,Market Close
21/05/2028 11:00,2028052111,Sunday,Market Close
21/05/2028 12:00,2028052112,Sunday,Market Close
21/05/2028 13:00,2028052113,Sunday,Market Close
21/05/2028 14:00,2028052114,Sunday,Market Close
21/05/2028 15:00,2028052115,Sunday,Market Close
21/05/2028 16:00,2028052116,Sunday,Market Close
21/05/2028 17:00,2028052117,Sunday,Market Close
21/05/2028 18:00,2028052118,Sunday,Market Close
21/05/2028 19:00,2028052119,Sunday,Market Close
21/05/2028 20:00,2028052120,Sunday,Market Close
26/05/2028 21:00,2028052621,Friday,Market Close
26/05/2028 22:00,2028052622,Friday,Market Close
26/05/2028 23:00,2028052623,Friday,Market Close
27/05/2028 0:00,2028052700,Saturday,Market Close
27/05/2028 1:00,2028052701,Saturday,Market Close
27/05/2028 2:00,2028052702,Saturday,Market Close
27/05/2028 3:00,2028052703,Saturday,Market Close
27/05/2028 4:00,2028052704,Saturday,Market Close
27/05/2028 5:00,2028052705,Saturday,Market Close
27/05/2028 6:00,2028052706,Saturday,Market Close
27/05/2028 7:00,2028052707,Saturday,Market Close
27/05/2028 8:00,2028052708,Saturday,Market Close
27/05/2028 9:00,2028052709,Saturday,Market Close
27/05/2028 10:00,2028052710,Saturday,Market Close
27/05/2028 11:00,2028052711,Saturday,Market Close
27/05/2028 12:00,2028052712,Saturday,Market Close
27/05/2028 13:00,2028052713,Saturday,Market Close
27/05/2028 14:00,2028052714,Saturday,Market Close
27/05/2028 15:00,2028052715,Saturday,Market Close
27/05/2028 16:00,2028052716,Saturday,Market Close
27/05/2028 17:00,2028052717,Saturday,Market Close
27/05/2028 18:00,2028052718,Saturday,Market Close
27/05/2028 19:00,2028052719,Saturday,Market Close
27/05/2028 20:00,2028052720,Saturday,Market Close
27/05/2028 21:00,2028052721,Saturday,Market Close
27/05/2028 22:00,2028052722,Saturday,Market Close
27/05/2028 23:00,2028052723,Saturday,Market Close
28/05/2028 0:00,2028052800,Sunday,Market Close
28/05/2028 1:00,2028052801,Sunday,Market Close
28/05/2028 2:00,2028052802,Sunday,Market Close
28/05/2028 3:00,2028052803,Sunday,Market Close
28/05/2028 4:00,2028052804,Sunday,Market Close
28/05/2028 5:00,2028052805,Sunday,Market Close
28/05/2028 6:00,2028052806,Sunday,Market Close
28/05/2028 7:00,2028052807,Sunday,Market Close
28/05/2028 8:00,2028052808,Sunday,Market Close
28/05/2028 9:00,2028052809,Sunday,Market Close
28/05/2028 10:00,2028052810,Sunday,Market Close
28/05/2028 11:00,2028052811,Sunday,Market Close
28/05/2028 12:00,2028052812,Sunday,Market Close
28/05/2028 13:00,2028052813,Sunday,Market Close
28/05/2028 14:00,2028052814,Sunday,Market Close
28/05/2028 15:00,2028052815,Sunday,Market Close
28/05/2028 16:00,2028052816,Sunday,Market Close
28/05/2028 17:00,2028052817,Sunday,Market Close
28/05/2028 18:00,2028052818,Sunday,Market Close
28/05/2028 19:00,2028052819,Sunday,Market Close
28/05/2028 20:00,2028052820,Sunday,Market Close
2/06/2028 21:00,2028060221,Friday,Market Close
2/06/2028 22:00,2028060222,Friday,Market Close
2/06/2028 23:00,2028060223,Friday,Market Close
3/06/2028 0:00,2028060300,Saturday,Market Close
3/06/2028 1:00,2028060301,Saturday,Market Close
3/06/2028 2:00,2028060302,Saturday,Market Close
3/06/2028 3:00,2028060303,Saturday,Market Close
3/06/2028 4:00,2028060304,Saturday,Market Close
3/06/2028 5:00,2028060305,Saturday,Market Close
3/06/2028 6:00,2028060306,Saturday,Market Close
3/06/2028 7:00,2028060307,Saturday,Market Close
3/06/2028 8:00,2028060308,Saturday,Market Close
3/06/2028 9:00,2028060309,Saturday,Market Close
3/06/2028 10:00,2028060310,Saturday,Market Close
3/06/2028 11:00,2028060311,Saturday,Market Close
3/06/2028 12:00,2028060312,Saturday,Market Close
3/06/2028 13:00,2028060313,Saturday,Market Close
3/06/2028 14:00,2028060314,Saturday,Market Close
3/06/2028 15:00,2028060315,Saturday,Market Close
3/06/2028 16:00,2028060316,Saturday,Market Close
3/06/2028 17:00,2028060317,Saturday,Market Close
3/06/2028 18:00,2028060318,Saturday,Market Close
3/06/2028 19:00,2028060319,Saturday,Market Close
3/06/2028 20:00,2028060320,Saturday,Market Close
3/06/2028 21:00,2028060321,Saturday,Market Close
3/06/2028 22:00,2028060322,Saturday,Market Close
3/06/2028 23:00,2028060323,Saturday,Market Close
4/06/2028 0:00,2028060400,Sunday,Market Close
4/06/2028 1:00,2028060401,Sunday,Market Close
4/06/2028 2:00,2028060402,Sunday,Market Close
4/06/2028 3:00,2028060403,Sunday,Market Close
4/06/2028 4:00,2028060404,Sunday,Market Close
4/06/2028 5:00,2028060405,Sunday,Market Close
4/06/2028 6:00,2028060406,Sunday,Market Close
4/06/2028 7:00,2028060407,Sunday,Market Close
4/06/2028 8:00,2028060408,Sunday,Market Close
4/06/2028 9:00,2028060409,Sunday,Market Close
4/06/2028 10:00,2028060410,Sunday,Market Close
4/06/2028 11:00,2028060411,Sunday,Market Close
4/06/2028 12:00,2028060412,Sunday,Market Close
4/06/2028 13:00,2028060413,Sunday,Market Close
4/06/2028 14:00,2028060414,Sunday,Market Close
4/06/2028 15:00,2028060415,Sunday,Market Close
4/06/2028 16:00,2028060416,Sunday,Market Close
4/06/2028 17:00,2028060417,Sunday,Market Close
4/06/2028 18:00,2028060418,Sunday,Market Close
4/06/2028 19:00,2028060419,Sunday,Market Close
4/06/2028 20:00,2028060420,Sunday,Market Close
9/06/2028 21:00,2028060921,Friday,Market Close
9/06/2028 22:00,2028060922,Friday,Market Close
9/06/2028 23:00,2028060923,Friday,Market Close
10/06/2028 0:00,2028061000,Saturday,Market Close
10/06/2028 1:00,2028061001,Saturday,Market Close
10/06/2028 2:00,2028061002,Saturday,Market Close
10/06/2028 3:00,2028061003,Saturday,Market Close
10/06/2028 4:00,2028061004,Saturday,Market Close
10/06/2028 5:00,2028061005,Saturday,Market Close
10/06/2028 6:00,2028061006,Saturday,Market Close
10/06/2028 7:00,2028061007,Saturday,Market Close
10/06/2028 8:00,2028061008,Saturday,Market Close
10/06/2028 9:00,2028061009,Saturday,Market Close
10/06/2028 10:00,2028061010,Saturday,Market Close
10/06/2028 11:00,2028061011,Saturday,Market Close
10/06/2028 12:00,2028061012,Saturday,Market Close
10/06/2028 13:00,2028061013,Saturday,Market Close
10/06/2028 14:00,2028061014,Saturday,Market Close
10/06/2028 15:00,2028061015,Saturday,Market Close
10/06/2028 16:00,2028061016,Saturday,Market Close
10/06/2028 17:00,2028061017,Saturday,Market Close
10/06/2028 18:00,2028061018,Saturday,Market Close
10/06/2028 19:00,2028061019,Saturday,Market Close
10/06/2028 20:00,2028061020,Saturday,Market Close
10/06/2028 21:00,2028061021,Saturday,Market Close
10/06/2028 22:00,2028061022,Saturday,Market Close
10/06/2028 23:00,2028061023,Saturday,Market Close
11/06/2028 0:00,2028061100,Sunday,Market Close
11/06/2028 1:00,2028061101,Sunday,Market Close
11/06/2028 2:00,2028061102,Sunday,Market Close
11/06/2028 3:00,2028061103,Sunday,Market Close
11/06/2028 4:00,2028061104,Sunday,Market Close
11/06/2028 5:00,2028061105,Sunday,Market Close
11/06/2028 6:00,2028061106,Sunday,Market Close
11/06/2028 7:00,2028061107,Sunday,Market Close
11/06/2028 8:00,2028061108,Sunday,Market Close
11/06/2028 9:00,2028061109,Sunday,Market Close
11/06/2028 10:00,2028061110,Sunday,Market Close
11/06/2028 11:00,2028061111,Sunday,Market Close
11/06/2028 12:00,2028061112,Sunday,Market Close
11/06/2028 13:00,2028061113,Sunday,Market Close
11/06/2028 14:00,2028061114,Sunday,Market Close
11/06/2028 15:00,2028061115,Sunday,Market Close
11/06/2028 16:00,2028061116,Sunday,Market Close
11/06/2028 17:00,2028061117,Sunday,Market Close
11/06/2028 18:00,2028061118,Sunday,Market Close
11/06/2028 19:00,2028061119,Sunday,Market Close
11/06/2028 20:00,2028061120,Sunday,Market Close
16/06/2028 21:00,2028061621,Friday,Market Close
16/06/2028 22:00,2028061622,Friday,Market Close
16/06/2028 23:00,2028061623,Friday,Market Close
17/06/2028 0:00,2028061700,Saturday,Market Close
17/06/2028 1:00,2028061701,Saturday,Market Close
17/06/2028 2:00,2028061702,Saturday,Market Close
17/06/2028 3:00,2028061703,Saturday,Market Close
17/06/2028 4:00,2028061704,Saturday,Market Close
17/06/2028 5:00,2028061705,Saturday,Market Close
17/06/2028 6:00,2028061706,Saturday,Market Close
17/06/2028 7:00,2028061707,Saturday,Market Close
17/06/2028 8:00,2028061708,Saturday,Market Close
17/06/2028 9:00,2028061709,Saturday,Market Close
17/06/2028 10:00,2028061710,Saturday,Market Close
17/06/2028 11:00,2028061711,Saturday,Market Close
17/06/2028 12:00,2028061712,Saturday,Market Close
17/06/2028 13:00,2028061713,Saturday,Market Close
17/06/2028 14:00,2028061714,Saturday,Market Close
17/06/2028 15:00,2028061715,Saturday,Market Close
17/06/2028 16:00,2028061716,Saturday,Market Close
17/06/2028 17:00,2028061717,Saturday,Market Close
17/06/2028 18:00,2028061718,Saturday,Market Close
17/06/2028 19:00,2028061719,Saturday,Market Close
17/06/2028 20:00,2028061720,Saturday,Market Close
17/06/2028 21:00,2028061721,Saturday,Market Close
17/06/2028 22:00,2028061722,Saturday,Market Close
17/06/2028 23:00,2028061723,Saturday,Market Close
18/06/2028 0:00,2028061800,Sunday,Market Close
18/06/2028 1:00,2028061801,Sunday,Market Close
18/06/2028 2:00,2028061802,Sunday,Market Close
18/06/2028 3:00,2028061803,Sunday,Market Close
18/06/2028 4:00,2028061804,Sunday,Market Close
18/06/2028 5:00,2028061805,Sunday,Market Close
18/06/2028 6:00,2028061806,Sunday,Market Close
18/06/2028 7:00,2028061807,Sunday,Market Close
18/06/2028 8:00,2028061808,Sunday,Market Close
18/06/2028 9:00,2028061809,Sunday,Market Close
18/06/2028 10:00,2028061810,Sunday,Market Close
18/06/2028 11:00,2028061811,Sunday,Market Close
18/06/2028 12:00,2028061812,Sunday,Market Close
18/06/2028 13:00,2028061813,Sunday,Market Close
18/06/2028 14:00,2028061814,Sunday,Market Close
18/06/2028 15:00,2028061815,Sunday,Market Close
18/06/2028 16:00,2028061816,Sunday,Market Close
18/06/2028 17:00,2028061817,Sunday,Market Close
18/06/2028 18:00,2028061818,Sunday,Market Close
18/06/2028 19:00,2028061819,Sunday,Market Close
18/06/2028 20:00,2028061820,Sunday,Market Close
23/06/2028 21:00,2028062321,Friday,Market Close
23/06/2028 22:00,2028062322,Friday,Market Close
23/06/2028 23:00,2028062323,Friday,Market Close
24/06/2028 0:00,2028062400,Saturday,Market Close
24/06/2028 1:00,2028062401,Saturday,Market Close
24/06/2028 2:00,2028062402,Saturday,Market Close
24/06/2028 3:00,2028062403,Saturday,Market Close
24/06/2028 4:00,2028062404,Saturday,Market Close
24/06/2028 5:00,2028062405,Saturday,Market Close
24/06/2028 6:00,2028062406,Saturday,Market Close
24/06/2028 7:00,2028062407,Saturday,Market Close
24/06/2028 8:00,2028062408,Saturday,Market Close
24/06/2028 9:00,2028062409,Saturday,Market Close
24/06/2028 10:00,2028062410,Saturday,Market Close
24/06/2028 11:00,2028062411,Saturday,Market Close
24/06/2028 12:00,2028062412,Saturday,Market Close
24/06/2028 13:00,2028062413,Saturday,Market Close
24/06/2028 14:00,2028062414,Saturday,Market Close
24/06/2028 15:00,2028062415,Saturday,Market Close
24/06/2028 16:00,2028062416,Saturday,Market Close
24/06/2028 17:00,2028062417,Saturday,Market Close
24/06/2028 18:00,2028062418,Saturday,Market Close
24/06/2028 19:00,2028062419,Saturday,Market Close
24/06/2028 20:00,2028062420,Saturday,Market Close
24/06/2028 21:00,2028062421,Saturday,Market Close
24/06/2028 22:00,2028062422,Saturday,Market Close
24/06/2028 23:00,2028062423,Saturday,Market Close
25/06/2028 0:00,2028062500,Sunday,Market Close
25/06/2028 1:00,2028062501,Sunday,Market Close
25/06/2028 2:00,2028062502,Sunday,Market Close
25/06/2028 3:00,2028062503,Sunday,Market Close
25/06/2028 4:00,2028062504,Sunday,Market Close
25/06/2028 5:00,2028062505,Sunday,Market Close
25/06/2028 6:00,2028062506,Sunday,Market Close
25/06/2028 7:00,2028062507,Sunday,Market Close
25/06/2028 8:00,2028062508,Sunday,Market Close
25/06/2028 9:00,2028062509,Sunday,Market Close
25/06/2028 10:00,2028062510,Sunday,Market Close
25/06/2028 11:00,2028062511,Sunday,Market Close
25/06/2028 12:00,2028062512,Sunday,Market Close
25/06/2028 13:00,2028062513,Sunday,Market Close
25/06/2028 14:00,2028062514,Sunday,Market Close
25/06/2028 15:00,2028062515,Sunday,Market Close
25/06/2028 16:00,2028062516,Sunday,Market Close
25/06/2028 17:00,2028062517,Sunday,Market Close
25/06/2028 18:00,2028062518,Sunday,Market Close
25/06/2028 19:00,2028062519,Sunday,Market Close
25/06/2028 20:00,2028062520,Sunday,Market Close
30/06/2028 21:00,2028063021,Friday,Market Close
30/06/2028 22:00,2028063022,Friday,Market Close
30/06/2028 23:00,2028063023,Friday,Market Close
1/07/2028 0:00,2028070100,Saturday,Market Close
1/07/2028 1:00,2028070101,Saturday,Market Close
1/07/2028 2:00,2028070102,Saturday,Market Close
1/07/2028 3:00,2028070103,Saturday,Market Close
1/07/2028 4:00,2028070104,Saturday,Market Close
1/07/2028 5:00,2028070105,Saturday,Market Close
1/07/2028 6:00,2028070106,Saturday,Market Close
1/07/2028 7:00,2028070107,Saturday,Market Close
1/07/2028 8:00,2028070108,Saturday,Market Close
1/07/2028 9:00,2028070109,Saturday,Market Close
1/07/2028 10:00,2028070110,Saturday,Market Close
1/07/2028 11:00,2028070111,Saturday,Market Close
1/07/2028 12:00,2028070112,Saturday,Market Close
1/07/2028 13:00,2028070113,Saturday,Market Close
1/07/2028 14:00,2028070114,Saturday,Market Close
1/07/2028 15:00,2028070115,Saturday,Market Close
1/07/2028 16:00,2028070116,Saturday,Market Close
1/07/2028 17:00,2028070117,Saturday,Market Close
1/07/2028 18:00,2028070118,Saturday,Market Close
1/07/2028 19:00,2028070119,Saturday,Market Close
1/07/2028 20:00,2028070120,Saturday,Market Close
1/07/2028 21:00,2028070121,Saturday,Market Close
1/07/2028 22:00,2028070122,Saturday,Market Close
1/07/2028 23:00,2028070123,Saturday,Market Close
2/07/2028 0:00,2028070200,Sunday,Market Close
2/07/2028 1:00,2028070201,Sunday,Market Close
2/07/2028 2:00,2028070202,Sunday,Market Close
2/07/2028 3:00,2028070203,Sunday,Market Close
2/07/2028 4:00,2028070204,Sunday,Market Close
2/07/2028 5:00,2028070205,Sunday,Market Close
2/07/2028 6:00,2028070206,Sunday,Market Close
2/07/2028 7:00,2028070207,Sunday,Market Close
2/07/2028 8:00,2028070208,Sunday,Market Close
2/07/2028 9:00,2028070209,Sunday,Market Close
2/07/2028 10:00,2028070210,Sunday,Market Close
2/07/2028 11:00,2028070211,Sunday,Market Close
2/07/2028 12:00,2028070212,Sunday,Market Close
2/07/2028 13:00,2028070213,Sunday,Market Close
2/07/2028 14:00,2028070214,Sunday,Market Close
2/07/2028 15:00,2028070215,Sunday,Market Close
2/07/2028 16:00,2028070216,Sunday,Market Close
2/07/2028 17:00,2028070217,Sunday,Market Close
2/07/2028 18:00,2028070218,Sunday,Market Close
2/07/2028 19:00,2028070219,Sunday,Market Close
2/07/2028 20:00,2028070220,Sunday,Market Close
7/07/2028 21:00,2028070721,Friday,Market Close
7/07/2028 22:00,2028070722,Friday,Market Close
7/07/2028 23:00,2028070723,Friday,Market Close
8/07/2028 0:00,2028070800,Saturday,Market Close
8/07/2028 1:00,2028070801,Saturday,Market Close
8/07/2028 2:00,2028070802,Saturday,Market Close
8/07/2028 3:00,2028070803,Saturday,Market Close
8/07/2028 4:00,2028070804,Saturday,Market Close
8/07/2028 5:00,2028070805,Saturday,Market Close
8/07/2028 6:00,2028070806,Saturday,Market Close
8/07/2028 7:00,2028070807,Saturday,Market Close
8/07/2028 8:00,2028070808,Saturday,Market Close
8/07/2028 9:00,2028070809,Saturday,Market Close
8/07/2028 10:00,2028070810,Saturday,Market Close
8/07/2028 11:00,2028070811,Saturday,Market Close
8/07/2028 12:00,2028070812,Saturday,Market Close
8/07/2028 13:00,2028070813,Saturday,Market Close
8/07/2028 14:00,2028070814,Saturday,Market Close
8/07/2028 15:00,2028070815,Saturday,Market Close
8/07/2028 16:00,2028070816,Saturday,Market Close
8/07/2028 17:00,2028070817,Saturday,Market Close
8/07/2028 18:00,2028070818,Saturday,Market Close
8/07/2028 19:00,2028070819,Saturday,Market Close
8/07/2028 20:00,2028070820,Saturday,Market Close
8/07/2028 21:00,2028070821,Saturday,Market Close
8/07/2028 22:00,2028070822,Saturday,Market Close
8/07/2028 23:00,2028070823,Saturday,Market Close
9/07/2028 0:00,2028070900,Sunday,Market Close
9/07/2028 1:00,2028070901,Sunday,Market Close
9/07/2028 2:00,2028070902,Sunday,Market Close
9/07/2028 3:00,2028070903,Sunday,Market Close
9/07/2028 4:00,2028070904,Sunday,Market Close
9/07/2028 5:00,2028070905,Sunday,Market Close
9/07/2028 6:00,2028070906,Sunday,Market Close
9/07/2028 7:00,2028070907,Sunday,Market Close
9/07/2028 8:00,2028070908,Sunday,Market Close
9/07/2028 9:00,2028070909,Sunday,Market Close
9/07/2028 10:00,2028070910,Sunday,Market Close
9/07/2028 11:00,2028070911,Sunday,Market Close
9/07/2028 12:00,2028070912,Sunday,Market Close
9/07/2028 13:00,2028070913,Sunday,Market Close
9/07/2028 14:00,2028070914,Sunday,Market Close
9/07/2028 15:00,2028070915,Sunday,Market Close
9/07/2028 16:00,2028070916,Sunday,Market Close
9/07/2028 17:00,2028070917,Sunday,Market Close
9/07/2028 18:00,2028070918,Sunday,Market Close
9/07/2028 19:00,2028070919,Sunday,Market Close
9/07/2028 20:00,2028070920,Sunday,Market Close
14/07/2028 21:00,2028071421,Friday,Market Close
14/07/2028 22:00,2028071422,Friday,Market Close
14/07/2028 23:00,2028071423,Friday,Market Close
15/07/2028 0:00,2028071500,Saturday,Market Close
15/07/2028 1:00,2028071501,Saturday,Market Close
15/07/2028 2:00,2028071502,Saturday,Market Close
15/07/2028 3:00,2028071503,Saturday,Market Close
15/07/2028 4:00,2028071504,Saturday,Market Close
15/07/2028 5:00,2028071505,Saturday,Market Close
15/07/2028 6:00,2028071506,Saturday,Market Close
15/07/2028 7:00,2028071507,Saturday,Market Close
15/07/2028 8:00,2028071508,Saturday,Market Close
15/07/2028 9:00,2028071509,Saturday,Market Close
15/07/2028 10:00,2028071510,Saturday,Market Close
15/07/2028 11:00,2028071511,Saturday,Market Close
15/07/2028 12:00,2028071512,Saturday,Market Close
15/07/2028 13:00,2028071513,Saturday,Market Close
15/07/2028 14:00,2028071514,Saturday,Market Close
15/07/2028 15:00,2028071515,Saturday,Market Close
15/07/2028 16:00,2028071516,Saturday,Market Close
15/07/2028 17:00,2028071517,Saturday,Market Close
15/07/2028 18:00,2028071518,Saturday,Market Close
15/07/2028 19:00,2028071519,Saturday,Market Close
15/07/2028 20:00,2028071520,Saturday,Market Close
15/07/2028 21:00,2028071521,Saturday,Market Close
15/07/2028 22:00,2028071522,Saturday,Market Close
15/07/2028 23:00,2028071523,Saturday,Market Close
16/07/2028 0:00,2028071600,Sunday,Market Close
16/07/2028 1:00,2028071601,Sunday,Market Close
16/07/2028 2:00,2028071602,Sunday,Market Close
16/07/2028 3:00,2028071603,Sunday,Market Close
16/07/2028 4:00,2028071604,Sunday,Market Close
16/07/2028 5:00,2028071605,Sunday,Market Close
16/07/2028 6:00,2028071606,Sunday,Market Close
16/07/2028 7:00,2028071607,Sunday,Market Close
16/07/2028 8:00,2028071608,Sunday,Market Close
16/07/2028 9:00,2028071609,Sunday,Market Close
16/07/2028 10:00,2028071610,Sunday,Market Close
16/07/2028 11:00,2028071611,Sunday,Market Close
16/07/2028 12:00,2028071612,Sunday,Market Close
16/07/2028 13:00,2028071613,Sunday,Market Close
16/07/2028 14:00,2028071614,Sunday,Market Close
16/07/2028 15:00,2028071615,Sunday,Market Close
16/07/2028 16:00,2028071616,Sunday,Market Close
16/07/2028 17:00,2028071617,Sunday,Market Close
16/07/2028 18:00,2028071618,Sunday,Market Close
16/07/2028 19:00,2028071619,Sunday,Market Close
16/07/2028 20:00,2028071620,Sunday,Market Close
21/07/2028 21:00,2028072121,Friday,Market Close
21/07/2028 22:00,2028072122,Friday,Market Close
21/07/2028 23:00,2028072123,Friday,Market Close
22/07/2028 0:00,2028072200,Saturday,Market Close
22/07/2028 1:00,2028072201,Saturday,Market Close
22/07/2028 2:00,2028072202,Saturday,Market Close
22/07/2028 3:00,2028072203,Saturday,Market Close
22/07/2028 4:00,2028072204,Saturday,Market Close
22/07/2028 5:00,2028072205,Saturday,Market Close
22/07/2028 6:00,2028072206,Saturday,Market Close
22/07/2028 7:00,2028072207,Saturday,Market Close
22/07/2028 8:00,2028072208,Saturday,Market Close
22/07/2028 9:00,2028072209,Saturday,Market Close
22/07/2028 10:00,2028072210,Saturday,Market Close
22/07/2028 11:00,2028072211,Saturday,Market Close
22/07/2028 12:00,2028072212,Saturday,Market Close
22/07/2028 13:00,2028072213,Saturday,Market Close
22/07/2028 14:00,2028072214,Saturday,Market Close
22/07/2028 15:00,2028072215,Saturday,Market Close
22/07/2028 16:00,2028072216,Saturday,Market Close
22/07/2028 17:00,2028072217,Saturday,Market Close
22/07/2028 18:00,2028072218,Saturday,Market Close
22/07/2028 19:00,2028072219,Saturday,Market Close
22/07/2028 20:00,2028072220,Saturday,Market Close
22/07/2028 21:00,2028072221,Saturday,Market Close
22/07/2028 22:00,2028072222,Saturday,Market Close
22/07/2028 23:00,2028072223,Saturday,Market Close
23/07/2028 0:00,2028072300,Sunday,Market Close
23/07/2028 1:00,2028072301,Sunday,Market Close
23/07/2028 2:00,2028072302,Sunday,Market Close
23/07/2028 3:00,2028072303,Sunday,Market Close
23/07/2028 4:00,2028072304,Sunday,Market Close
23/07/2028 5:00,2028072305,Sunday,Market Close
23/07/2028 6:00,2028072306,Sunday,Market Close
23/07/2028 7:00,2028072307,Sunday,Market Close
23/07/2028 8:00,2028072308,Sunday,Market Close
23/07/2028 9:00,2028072309,Sunday,Market Close
23/07/2028 10:00,2028072310,Sunday,Market Close
23/07/2028 11:00,2028072311,Sunday,Market Close
23/07/2028 12:00,2028072312,Sunday,Market Close
23/07/2028 13:00,2028072313,Sunday,Market Close
23/07/2028 14:00,2028072314,Sunday,Market Close
23/07/2028 15:00,2028072315,Sunday,Market Close
23/07/2028 16:00,2028072316,Sunday,Market Close
23/07/2028 17:00,2028072317,Sunday,Market Close
23/07/2028 18:00,2028072318,Sunday,Market Close
23/07/2028 19:00,2028072319,Sunday,Market Close
23/07/2028 20:00,2028072320,Sunday,Market Close
28/07/2028 21:00,2028072821,Friday,Market Close
28/07/2028 22:00,2028072822,Friday,Market Close
28/07/2028 23:00,2028072823,Friday,Market Close
29/07/2028 0:00,2028072900,Saturday,Market Close
29/07/2028 1:00,2028072901,Saturday,Market Close
29/07/2028 2:00,2028072902,Saturday,Market Close
29/07/2028 3:00,2028072903,Saturday,Market Close
29/07/2028 4:00,2028072904,Saturday,Market Close
29/07/2028 5:00,2028072905,Saturday,Market Close
29/07/2028 6:00,2028072906,Saturday,Market Close
29/07/2028 7:00,2028072907,Saturday,Market Close
29/07/2028 8:00,2028072908,Saturday,Market Close
29/07/2028 9:00,2028072909,Saturday,Market Close
29/07/2028 10:00,2028072910,Saturday,Market Close
29/07/2028 11:00,2028072911,Saturday,Market Close
29/07/2028 12:00,2028072912,Saturday,Market Close
29/07/2028 13:00,2028072913,Saturday,Market Close
29/07/2028 14:00,2028072914,Saturday,Market Close
29/07/2028 15:00,2028072915,Saturday,Market Close
29/07/2028 16:00,2028072916,Saturday,Market Close
29/07/2028 17:00,2028072917,Saturday,Market Close
29/07/2028 18:00,2028072918,Saturday,Market Close
29/07/2028 19:00,2028072919,Saturday,Market Close
29/07/2028 20:00,2028072920,Saturday,Market Close
29/07/2028 21:00,2028072921,Saturday,Market Close
29/07/2028 22:00,2028072922,Saturday,Market Close
29/07/2028 23:00,2028072923,Saturday,Market Close
30/07/2028 0:00,2028073000,Sunday,Market Close
30/07/2028 1:00,2028073001,Sunday,Market Close
30/07/2028 2:00,2028073002,Sunday,Market Close
30/07/2028 3:00,2028073003,Sunday,Market Close
30/07/2028 4:00,2028073004,Sunday,Market Close
30/07/2028 5:00,2028073005,Sunday,Market Close
30/07/2028 6:00,2028073006,Sunday,Market Close
30/07/2028 7:00,2028073007,Sunday,Market Close
30/07/2028 8:00,2028073008,Sunday,Market Close
30/07/2028 9:00,2028073009,Sunday,Market Close
30/07/2028 10:00,2028073010,Sunday,Market Close
30/07/2028 11:00,2028073011,Sunday,Market Close
30/07/2028 12:00,2028073012,Sunday,Market Close
30/07/2028 13:00,2028073013,Sunday,Market Close
30/07/2028 14:00,2028073014,Sunday,Market Close
30/07/2028 15:00,2028073015,Sunday,Market Close
30/07/2028 16:00,2028073016,Sunday,Market Close
30/07/2028 17:00,2028073017,Sunday,Market Close
30/07/2028 18:00,2028073018,Sunday,Market Close
30/07/2028 19:00,2028073019,Sunday,Market Close
30/07/2028 20:00,2028073020,Sunday,Market Close
4/08/2028 21:00,2028080421,Friday,Market Close
4/08/2028 22:00,2028080422,Friday,Market Close
4/08/2028 23:00,2028080423,Friday,Market Close
5/08/2028 0:00,2028080500,Saturday,Market Close
5/08/2028 1:00,2028080501,Saturday,Market Close
5/08/2028 2:00,2028080502,Saturday,Market Close
5/08/2028 3:00,2028080503,Saturday,Market Close
5/08/2028 4:00,2028080504,Saturday,Market Close
5/08/2028 5:00,2028080505,Saturday,Market Close
5/08/2028 6:00,2028080506,Saturday,Market Close
5/08/2028 7:00,2028080507,Saturday,Market Close
5/08/2028 8:00,2028080508,Saturday,Market Close
5/08/2028 9:00,2028080509,Saturday,Market Close
5/08/2028 10:00,2028080510,Saturday,Market Close
5/08/2028 11:00,2028080511,Saturday,Market Close
5/08/2028 12:00,2028080512,Saturday,Market Close
5/08/2028 13:00,2028080513,Saturday,Market Close
5/08/2028 14:00,2028080514,Saturday,Market Close
5/08/2028 15:00,2028080515,Saturday,Market Close
5/08/2028 16:00,2028080516,Saturday,Market Close
5/08/2028 17:00,2028080517,Saturday,Market Close
5/08/2028 18:00,2028080518,Saturday,Market Close
5/08/2028 19:00,2028080519,Saturday,Market Close
5/08/2028 20:00,2028080520,Saturday,Market Close
5/08/2028 21:00,2028080521,Saturday,Market Close
5/08/2028 22:00,2028080522,Saturday,Market Close
5/08/2028 23:00,2028080523,Saturday,Market Close
6/08/2028 0:00,2028080600,Sunday,Market Close
6/08/2028 1:00,2028080601,Sunday,Market Close
6/08/2028 2:00,2028080602,Sunday,Market Close
6/08/2028 3:00,2028080603,Sunday,Market Close
6/08/2028 4:00,2028080604,Sunday,Market Close
6/08/2028 5:00,2028080605,Sunday,Market Close
6/08/2028 6:00,2028080606,Sunday,Market Close
6/08/2028 7:00,2028080607,Sunday,Market Close
6/08/2028 8:00,2028080608,Sunday,Market Close
6/08/2028 9:00,2028080609,Sunday,Market Close
6/08/2028 10:00,2028080610,Sunday,Market Close
6/08/2028 11:00,2028080611,Sunday,Market Close
6/08/2028 12:00,2028080612,Sunday,Market Close
6/08/2028 13:00,2028080613,Sunday,Market Close
6/08/2028 14:00,2028080614,Sunday,Market Close
6/08/2028 15:00,2028080615,Sunday,Market Close
6/08/2028 16:00,2028080616,Sunday,Market Close
6/08/2028 17:00,2028080617,Sunday,Market Close
6/08/2028 18:00,2028080618,Sunday,Market Close
6/08/2028 19:00,2028080619,Sunday,Market Close
6/08/2028 20:00,2028080620,Sunday,Market Close
11/08/2028 21:00,2028081121,Friday,Market Close
11/08/2028 22:00,2028081122,Friday,Market Close
11/08/2028 23:00,2028081123,Friday,Market Close
12/08/2028 0:00,2028081200,Saturday,Market Close
12/08/2028 1:00,2028081201,Saturday,Market Close
12/08/2028 2:00,2028081202,Saturday,Market Close
12/08/2028 3:00,2028081203,Saturday,Market Close
12/08/2028 4:00,2028081204,Saturday,Market Close
12/08/2028 5:00,2028081205,Saturday,Market Close
12/08/2028 6:00,2028081206,Saturday,Market Close
12/08/2028 7:00,2028081207,Saturday,Market Close
12/08/2028 8:00,2028081208,Saturday,Market Close
12/08/2028 9:00,2028081209,Saturday,Market Close
12/08/2028 10:00,2028081210,Saturday,Market Close
12/08/2028 11:00,2028081211,Saturday,Market Close
12/08/2028 12:00,2028081212,Saturday,Market Close
12/08/2028 13:00,2028081213,Saturday,Market Close
12/08/2028 14:00,2028081214,Saturday,Market Close
12/08/2028 15:00,2028081215,Saturday,Market Close
12/08/2028 16:00,2028081216,Saturday,Market Close
12/08/2028 17:00,2028081217,Saturday,Market Close
12/08/2028 18:00,2028081218,Saturday,Market Close
12/08/2028 19:00,2028081219,Saturday,Market Close
12/08/2028 20:00,2028081220,Saturday,Market Close
12/08/2028 21:00,2028081221,Saturday,Market Close
12/08/2028 22:00,2028081222,Saturday,Market Close
12/08/2028 23:00,2028081223,Saturday,Market Close
13/08/2028 0:00,2028081300,Sunday,Market Close
13/08/2028 1:00,2028081301,Sunday,Market Close
13/08/2028 2:00,2028081302,Sunday,Market Close
13/08/2028 3:00,2028081303,Sunday,Market Close
13/08/2028 4:00,2028081304,Sunday,Market Close
13/08/2028 5:00,2028081305,Sunday,Market Close
13/08/2028 6:00,2028081306,Sunday,Market Close
13/08/2028 7:00,2028081307,Sunday,Market Close
13/08/2028 8:00,2028081308,Sunday,Market Close
13/08/2028 9:00,2028081309,Sunday,Market Close
13/08/2028 10:00,2028081310,Sunday,Market Close
13/08/2028 11:00,2028081311,Sunday,Market Close
13/08/2028 12:00,2028081312,Sunday,Market Close
13/08/2028 13:00,2028081313,Sunday,Market Close
13/08/2028 14:00,2028081314,Sunday,Market Close
13/08/2028 15:00,2028081315,Sunday,Market Close
13/08/2028 16:00,2028081316,Sunday,Market Close
13/08/2028 17:00,2028081317,Sunday,Market Close
13/08/2028 18:00,2028081318,Sunday,Market Close
13/08/2028 19:00,2028081319,Sunday,Market Close
13/08/2028 20:00,2028081320,Sunday,Market Close
18/08/2028 21:00,2028081821,Friday,Market Close
18/08/2028 22:00,2028081822,Friday,Market Close
18/08/2028 23:00,2028081823,Friday,Market Close
19/08/2028 0:00,2028081900,Saturday,Market Close
19/08/2028 1:00,2028081901,Saturday,Market Close
19/08/2028 2:00,2028081902,Saturday,Market Close
19/08/2028 3:00,2028081903,Saturday,Market Close
19/08/2028 4:00,2028081904,Saturday,Market Close
19/08/2028 5:00,2028081905,Saturday,Market Close
19/08/2028 6:00,2028081906,Saturday,Market Close
19/08/2028 7:00,2028081907,Saturday,Market Close
19/08/2028 8:00,2028081908,Saturday,Market Close
19/08/2028 9:00,2028081909,Saturday,Market Close
19/08/2028 10:00,2028081910,Saturday,Market Close
19/08/2028 11:00,2028081911,Saturday,Market Close
19/08/2028 12:00,2028081912,Saturday,Market Close
19/08/2028 13:00,2028081913,Saturday,Market Close
19/08/2028 14:00,2028081914,Saturday,Market Close
19/08/2028 15:00,2028081915,Saturday,Market Close
19/08/2028 16:00,2028081916,Saturday,Market Close
19/08/2028 17:00,2028081917,Saturday,Market Close
19/08/2028 18:00,2028081918,Saturday,Market Close
19/08/2028 19:00,2028081919,Saturday,Market Close
19/08/2028 20:00,2028081920,Saturday,Market Close
19/08/2028 21:00,2028081921,Saturday,Market Close
19/08/2028 22:00,2028081922,Saturday,Market Close
19/08/2028 23:00,2028081923,Saturday,Market Close
20/08/2028 0:00,2028082000,Sunday,Market Close
20/08/2028 1:00,2028082001,Sunday,Market Close
20/08/2028 2:00,2028082002,Sunday,Market Close
20/08/2028 3:00,2028082003,Sunday,Market Close
20/08/2028 4:00,2028082004,Sunday,Market Close
20/08/2028 5:00,2028082005,Sunday,Market Close
20/08/2028 6:00,2028082006,Sunday,Market Close
20/08/2028 7:00,2028082007,Sunday,Market Close
20/08/2028 8:00,2028082008,Sunday,Market Close
20/08/2028 9:00,2028082009,Sunday,Market Close
20/08/2028 10:00,2028082010,Sunday,Market Close
20/08/2028 11:00,2028082011,Sunday,Market Close
20/08/2028 12:00,2028082012,Sunday,Market Close
20/08/2028 13:00,2028082013,Sunday,Market Close
20/08/2028 14:00,2028082014,Sunday,Market Close
20/08/2028 15:00,2028082015,Sunday,Market Close
20/08/2028 16:00,2028082016,Sunday,Market Close
20/08/2028 17:00,2028082017,Sunday,Market Close
20/08/2028 18:00,2028082018,Sunday,Market Close
20/08/2028 19:00,2028082019,Sunday,Market Close
20/08/2028 20:00,2028082020,Sunday,Market Close
25/08/2028 21:00,2028082521,Friday,Market Close
25/08/2028 22:00,2028082522,Friday,Market Close
25/08/2028 23:00,2028082523,Friday,Market Close
26/08/2028 0:00,2028082600,Saturday,Market Close
26/08/2028 1:00,2028082601,Saturday,Market Close
26/08/2028 2:00,2028082602,Saturday,Market Close
26/08/2028 3:00,2028082603,Saturday,Market Close
26/08/2028 4:00,2028082604,Saturday,Market Close
26/08/2028 5:00,2028082605,Saturday,Market Close
26/08/2028 6:00,2028082606,Saturday,Market Close
26/08/2028 7:00,2028082607,Saturday,Market Close
26/08/2028 8:00,2028082608,Saturday,Market Close
26/08/2028 9:00,2028082609,Saturday,Market Close
26/08/2028 10:00,2028082610,Saturday,Market Close
26/08/2028 11:00,2028082611,Saturday,Market Close
26/08/2028 12:00,2028082612,Saturday,Market Close
26/08/2028 13:00,2028082613,Saturday,Market Close
26/08/2028 14:00,2028082614,Saturday,Market Close
26/08/2028 15:00,2028082615,Saturday,Market Close
26/08/2028 16:00,2028082616,Saturday,Market Close
26/08/2028 17:00,2028082617,Saturday,Market Close
26/08/2028 18:00,2028082618,Saturday,Market Close
26/08/2028 19:00,2028082619,Saturday,Market Close
26/08/2028 20:00,2028082620,Saturday,Market Close
26/08/2028 21:00,2028082621,Saturday,Market Close
26/08/2028 22:00,2028082622,Saturday,Market Close
26/08/2028 23:00,2028082623,Saturday,Market Close
27/08/2028 0:00,2028082700,Sunday,Market Close
27/08/2028 1:00,2028082701,Sunday,Market Close
27/08/2028 2:00,2028082702,Sunday,Market Close
27/08/2028 3:00,2028082703,Sunday,Market Close
27/08/2028 4:00,2028082704,Sunday,Market Close
27/08/2028 5:00,2028082705,Sunday,Market Close
27/08/2028 6:00,2028082706,Sunday,Market Close
27/08/2028 7:00,2028082707,Sunday,Market Close
27/08/2028 8:00,2028082708,Sunday,Market Close
27/08/2028 9:00,2028082709,Sunday,Market Close
27/08/2028 10:00,2028082710,Sunday,Market Close
27/08/2028 11:00,2028082711,Sunday,Market Close
27/08/2028 12:00,2028082712,Sunday,Market Close
27/08/2028 13:00,2028082713,Sunday,Market Close
27/08/2028 14:00,2028082714,Sunday,Market Close
27/08/2028 15:00,2028082715,Sunday,Market Close
27/08/2028 16:00,2028082716,Sunday,Market Close
27/08/2028 17:00,2028082717,Sunday,Market Close
27/08/2028 18:00,2028082718,Sunday,Market Close
27/08/2028 19:00,2028082719,Sunday,Market Close
27/08/2028 20:00,2028082720,Sunday,Market Close
1/09/2028 21:00,2028090121,Friday,Market Close
1/09/2028 22:00,2028090122,Friday,Market Close
1/09/2028 23:00,2028090123,Friday,Market Close
2/09/2028 0:00,2028090200,Saturday,Market Close
2/09/2028 1:00,2028090201,Saturday,Market Close
2/09/2028 2:00,2028090202,Saturday,Market Close
2/09/2028 3:00,2028090203,Saturday,Market Close
2/09/2028 4:00,2028090204,Saturday,Market Close
2/09/2028 5:00,2028090205,Saturday,Market Close
2/09/2028 6:00,2028090206,Saturday,Market Close
2/09/2028 7:00,2028090207,Saturday,Market Close
2/09/2028 8:00,2028090208,Saturday,Market Close
2/09/2028 9:00,2028090209,Saturday,Market Close
2/09/2028 10:00,2028090210,Saturday,Market Close
2/09/2028 11:00,2028090211,Saturday,Market Close
2/09/2028 12:00,2028090212,Saturday,Market Close
2/09/2028 13:00,2028090213,Saturday,Market Close
2/09/2028 14:00,2028090214,Saturday,Market Close
2/09/2028 15:00,2028090215,Saturday,Market Close
2/09/2028 16:00,2028090216,Saturday,Market Close
2/09/2028 17:00,2028090217,Saturday,Market Close
2/09/2028 18:00,2028090218,Saturday,Market Close
2/09/2028 19:00,2028090219,Saturday,Market Close
2/09/2028 20:00,2028090220,Saturday,Market Close
2/09/2028 21:00,2028090221,Saturday,Market Close
2/09/2028 22:00,2028090222,Saturday,Market Close
2/09/2028 23:00,2028090223,Saturday,Market Close
3/09/2028 0:00,2028090300,Sunday,Market Close
3/09/2028 1:00,2028090301,Sunday,Market Close
3/09/2028 2:00,2028090302,Sunday,Market Close
3/09/2028 3:00,2028090303,Sunday,Market Close
3/09/2028 4:00,2028090304,Sunday,Market Close
3/09/2028 5:00,2028090305,Sunday,Market Close
3/09/2028 6:00,2028090306,Sunday,Market Close
3/09/2028 7:00,2028090307,Sunday,Market Close
3/09/2028 8:00,2028090308,Sunday,Market Close
3/09/2028 9:00,2028090309,Sunday,Market Close
3/09/2028 10:00,2028090310,Sunday,Market Close
3/09/2028 11:00,2028090311,Sunday,Market Close
3/09/2028 12:00,2028090312,Sunday,Market Close
3/09/2028 13:00,2028090313,Sunday,Market Close
3/09/2028 14:00,2028090314,Sunday,Market Close
3/09/2028 15:00,2028090315,Sunday,Market Close
3/09/2028 16:00,2028090316,Sunday,Market Close
3/09/2028 17:00,2028090317,Sunday,Market Close
3/09/2028 18:00,2028090318,Sunday,Market Close
3/09/2028 19:00,2028090319,Sunday,Market Close
3/09/2028 20:00,2028090320,Sunday,Market Close
8/09/2028 21:00,2028090821,Friday,Market Close
8/09/2028 22:00,2028090822,Friday,Market Close
8/09/2028 23:00,2028090823,Friday,Market Close
9/09/2028 0:00,2028090900,Saturday,Market Close
9/09/2028 1:00,2028090901,Saturday,Market Close
9/09/2028 2:00,2028090902,Saturday,Market Close
9/09/2028 3:00,2028090903,Saturday,Market Close
9/09/2028 4:00,2028090904,Saturday,Market Close
9/09/2028 5:00,2028090905,Saturday,Market Close
9/09/2028 6:00,2028090906,Saturday,Market Close
9/09/2028 7:00,2028090907,Saturday,Market Close
9/09/2028 8:00,2028090908,Saturday,Market Close
9/09/2028 9:00,2028090909,Saturday,Market Close
9/09/2028 10:00,2028090910,Saturday,Market Close
9/09/2028 11:00,2028090911,Saturday,Market Close
9/09/2028 12:00,2028090912,Saturday,Market Close
9/09/2028 13:00,2028090913,Saturday,Market Close
9/09/2028 14:00,2028090914,Saturday,Market Close
9/09/2028 15:00,2028090915,Saturday,Market Close
9/09/2028 16:00,2028090916,Saturday,Market Close
9/09/2028 17:00,2028090917,Saturday,Market Close
9/09/2028 18:00,2028090918,Saturday,Market Close
9/09/2028 19:00,2028090919,Saturday,Market Close
9/09/2028 20:00,2028090920,Saturday,Market Close
9/09/2028 21:00,2028090921,Saturday,Market Close
9/09/2028 22:00,2028090922,Saturday,Market Close
9/09/2028 23:00,2028090923,Saturday,Market Close
10/09/2028 0:00,2028091000,Sunday,Market Close
10/09/2028 1:00,2028091001,Sunday,Market Close
10/09/2028 2:00,2028091002,Sunday,Market Close
10/09/2028 3:00,2028091003,Sunday,Market Close
10/09/2028 4:00,2028091004,Sunday,Market Close
10/09/2028 5:00,2028091005,Sunday,Market Close
10/09/2028 6:00,2028091006,Sunday,Market Close
10/09/2028 7:00,2028091007,Sunday,Market Close
10/09/2028 8:00,2028091008,Sunday,Market Close
10/09/2028 9:00,2028091009,Sunday,Market Close
10/09/2028 10:00,2028091010,Sunday,Market Close
10/09/2028 11:00,2028091011,Sunday,Market Close
10/09/2028 12:00,2028091012,Sunday,Market Close
10/09/2028 13:00,2028091013,Sunday,Market Close
10/09/2028 14:00,2028091014,Sunday,Market Close
10/09/2028 15:00,2028091015,Sunday,Market Close
10/09/2028 16:00,2028091016,Sunday,Market Close
10/09/2028 17:00,2028091017,Sunday,Market Close
10/09/2028 18:00,2028091018,Sunday,Market Close
10/09/2028 19:00,2028091019,Sunday,Market Close
10/09/2028 20:00,2028091020,Sunday,Market Close
15/09/2028 21:00,2028091521,Friday,Market Close
15/09/2028 22:00,2028091522,Friday,Market Close
15/09/2028 23:00,2028091523,Friday,Market Close
16/09/2028 0:00,2028091600,Saturday,Market Close
16/09/2028 1:00,2028091601,Saturday,Market Close
16/09/2028 2:00,2028091602,Saturday,Market Close
16/09/2028 3:00,2028091603,Saturday,Market Close
16/09/2028 4:00,2028091604,Saturday,Market Close
16/09/2028 5:00,2028091605,Saturday,Market Close
16/09/2028 6:00,2028091606,Saturday,Market Close
16/09/2028 7:00,2028091607,Saturday,Market Close
16/09/2028 8:00,2028091608,Saturday,Market Close
16/09/2028 9:00,2028091609,Saturday,Market Close
16/09/2028 10:00,2028091610,Saturday,Market Close
16/09/2028 11:00,2028091611,Saturday,Market Close
16/09/2028 12:00,2028091612,Saturday,Market Close
16/09/2028 13:00,2028091613,Saturday,Market Close
16/09/2028 14:00,2028091614,Saturday,Market Close
16/09/2028 15:00,2028091615,Saturday,Market Close
16/09/2028 16:00,2028091616,Saturday,Market Close
16/09/2028 17:00,2028091617,Saturday,Market Close
16/09/2028 18:00,2028091618,Saturday,Market Close
16/09/2028 19:00,2028091619,Saturday,Market Close
16/09/2028 20:00,2028091620,Saturday,Market Close
16/09/2028 21:00,2028091621,Saturday,Market Close
16/09/2028 22:00,2028091622,Saturday,Market Close
16/09/2028 23:00,2028091623,Saturday,Market Close
17/09/2028 0:00,2028091700,Sunday,Market Close
17/09/2028 1:00,2028091701,Sunday,Market Close
17/09/2028 2:00,2028091702,Sunday,Market Close
17/09/2028 3:00,2028091703,Sunday,Market Close
17/09/2028 4:00,2028091704,Sunday,Market Close
17/09/2028 5:00,2028091705,Sunday,Market Close
17/09/2028 6:00,2028091706,Sunday,Market Close
17/09/2028 7:00,2028091707,Sunday,Market Close
17/09/2028 8:00,2028091708,Sunday,Market Close
17/09/2028 9:00,2028091709,Sunday,Market Close
17/09/2028 10:00,2028091710,Sunday,Market Close
17/09/2028 11:00,2028091711,Sunday,Market Close
17/09/2028 12:00,2028091712,Sunday,Market Close
17/09/2028 13:00,2028091713,Sunday,Market Close
17/09/2028 14:00,2028091714,Sunday,Market Close
17/09/2028 15:00,2028091715,Sunday,Market Close
17/09/2028 16:00,2028091716,Sunday,Market Close
17/09/2028 17:00,2028091717,Sunday,Market Close
17/09/2028 18:00,2028091718,Sunday,Market Close
17/09/2028 19:00,2028091719,Sunday,Market Close
17/09/2028 20:00,2028091720,Sunday,Market Close
22/09/2028 21:00,2028092221,Friday,Market Close
22/09/2028 22:00,2028092222,Friday,Market Close
22/09/2028 23:00,2028092223,Friday,Market Close
23/09/2028 0:00,2028092300,Saturday,Market Close
23/09/2028 1:00,2028092301,Saturday,Market Close
23/09/2028 2:00,2028092302,Saturday,Market Close
23/09/2028 3:00,2028092303,Saturday,Market Close
23/09/2028 4:00,2028092304,Saturday,Market Close
23/09/2028 5:00,2028092305,Saturday,Market Close
23/09/2028 6:00,2028092306,Saturday,Market Close
23/09/2028 7:00,2028092307,Saturday,Market Close
23/09/2028 8:00,2028092308,Saturday,Market Close
23/09/2028 9:00,2028092309,Saturday,Market Close
23/09/2028 10:00,2028092310,Saturday,Market Close
23/09/2028 11:00,2028092311,Saturday,Market Close
23/09/2028 12:00,2028092312,Saturday,Market Close
23/09/2028 13:00,2028092313,Saturday,Market Close
23/09/2028 14:00,2028092314,Saturday,Market Close
23/09/2028 15:00,2028092315,Saturday,Market Close
23/09/2028 16:00,2028092316,Saturday,Market Close
23/09/2028 17:00,2028092317,Saturday,Market Close
23/09/2028 18:00,2028092318,Saturday,Market Close
23/09/2028 19:00,2028092319,Saturday,Market Close
23/09/2028 20:00,2028092320,Saturday,Market Close
23/09/2028 21:00,2028092321,Saturday,Market Close
23/09/2028 22:00,2028092322,Saturday,Market Close
23/09/2028 23:00,2028092323,Saturday,Market Close
24/09/2028 0:00,2028092400,Sunday,Market Close
24/09/2028 1:00,2028092401,Sunday,Market Close
24/09/2028 2:00,2028092402,Sunday,Market Close
24/09/2028 3:00,2028092403,Sunday,Market Close
24/09/2028 4:00,2028092404,Sunday,Market Close
24/09/2028 5:00,2028092405,Sunday,Market Close
24/09/2028 6:00,2028092406,Sunday,Market Close
24/09/2028 7:00,2028092407,Sunday,Market Close
24/09/2028 8:00,2028092408,Sunday,Market Close
24/09/2028 9:00,2028092409,Sunday,Market Close
24/09/2028 10:00,2028092410,Sunday,Market Close
24/09/2028 11:00,2028092411,Sunday,Market Close
24/09/2028 12:00,2028092412,Sunday,Market Close
24/09/2028 13:00,2028092413,Sunday,Market Close
24/09/2028 14:00,2028092414,Sunday,Market Close
24/09/2028 15:00,2028092415,Sunday,Market Close
24/09/2028 16:00,2028092416,Sunday,Market Close
24/09/2028 17:00,2028092417,Sunday,Market Close
24/09/2028 18:00,2028092418,Sunday,Market Close
24/09/2028 19:00,2028092419,Sunday,Market Close
24/09/2028 20:00,2028092420,Sunday,Market Close
29/09/2028 21:00,2028092921,Friday,Market Close
29/09/2028 22:00,2028092922,Friday,Market Close
29/09/2028 23:00,2028092923,Friday,Market Close
30/09/2028 0:00,2028093000,Saturday,Market Close
30/09/2028 1:00,2028093001,Saturday,Market Close
30/09/2028 2:00,2028093002,Saturday,Market Close
30/09/2028 3:00,2028093003,Saturday,Market Close
30/09/2028 4:00,2028093004,Saturday,Market Close
30/09/2028 5:00,2028093005,Saturday,Market Close
30/09/2028 6:00,2028093006,Saturday,Market Close
30/09/2028 7:00,2028093007,Saturday,Market Close
30/09/2028 8:00,2028093008,Saturday,Market Close
30/09/2028 9:00,2028093009,Saturday,Market Close
30/09/2028 10:00,2028093010,Saturday,Market Close
30/09/2028 11:00,2028093011,Saturday,Market Close
30/09/2028 12:00,2028093012,Saturday,Market Close
30/09/2028 13:00,2028093013,Saturday,Market Close
30/09/2028 14:00,2028093014,Saturday,Market Close
30/09/2028 15:00,2028093015,Saturday,Market Close
30/09/2028 16:00,2028093016,Saturday,Market Close
30/09/2028 17:00,2028093017,Saturday,Market Close
30/09/2028 18:00,2028093018,Saturday,Market Close
30/09/2028 19:00,2028093019,Saturday,Market Close
30/09/2028 20:00,2028093020,Saturday,Market Close
30/09/2028 21:00,2028093021,Saturday,Market Close
30/09/2028 22:00,2028093022,Saturday,Market Close
30/09/2028 23:00,2028093023,Saturday,Market Close
1/10/2028 0:00,2028100100,Sunday,Market Close
1/10/2028 1:00,2028100101,Sunday,Market Close
1/10/2028 2:00,2028100102,Sunday,Market Close
1/10/2028 3:00,2028100103,Sunday,Market Close
1/10/2028 4:00,2028100104,Sunday,Market Close
1/10/2028 5:00,2028100105,Sunday,Market Close
1/10/2028 6:00,2028100106,Sunday,Market Close
1/10/2028 7:00,2028100107,Sunday,Market Close
1/10/2028 8:00,2028100108,Sunday,Market Close
1/10/2028 9:00,2028100109,Sunday,Market Close
1/10/2028 10:00,2028100110,Sunday,Market Close
1/10/2028 11:00,2028100111,Sunday,Market Close
1/10/2028 12:00,2028100112,Sunday,Market Close
1/10/2028 13:00,2028100113,Sunday,Market Close
1/10/2028 14:00,2028100114,Sunday,Market Close
1/10/2028 15:00,2028100115,Sunday,Market Close
1/10/2028 16:00,2028100116,Sunday,Market Close
1/10/2028 17:00,2028100117,Sunday,Market Close
1/10/2028 18:00,2028100118,Sunday,Market Close
1/10/2028 19:00,2028100119,Sunday,Market Close
1/10/2028 20:00,2028100120,Sunday,Market Close
6/10/2028 21:00,2028100621,Friday,Market Close
6/10/2028 22:00,2028100622,Friday,Market Close
6/10/2028 23:00,2028100623,Friday,Market Close
7/10/2028 0:00,2028100700,Saturday,Market Close
7/10/2028 1:00,2028100701,Saturday,Market Close
7/10/2028 2:00,2028100702,Saturday,Market Close
7/10/2028 3:00,2028100703,Saturday,Market Close
7/10/2028 4:00,2028100704,Saturday,Market Close
7/10/2028 5:00,2028100705,Saturday,Market Close
7/10/2028 6:00,2028100706,Saturday,Market Close
7/10/2028 7:00,2028100707,Saturday,Market Close
7/10/2028 8:00,2028100708,Saturday,Market Close
7/10/2028 9:00,2028100709,Saturday,Market Close
7/10/2028 10:00,2028100710,Saturday,Market Close
7/10/2028 11:00,2028100711,Saturday,Market Close
7/10/2028 12:00,2028100712,Saturday,Market Close
7/10/2028 13:00,2028100713,Saturday,Market Close
7/10/2028 14:00,2028100714,Saturday,Market Close
7/10/2028 15:00,2028100715,Saturday,Market Close
7/10/2028 16:00,2028100716,Saturday,Market Close
7/10/2028 17:00,2028100717,Saturday,Market Close
7/10/2028 18:00,2028100718,Saturday,Market Close
7/10/2028 19:00,2028100719,Saturday,Market Close
7/10/2028 20:00,2028100720,Saturday,Market Close
7/10/2028 21:00,2028100721,Saturday,Market Close
7/10/2028 22:00,2028100722,Saturday,Market Close
7/10/2028 23:00,2028100723,Saturday,Market Close
8/10/2028 0:00,2028100800,Sunday,Market Close
8/10/2028 1:00,2028100801,Sunday,Market Close
8/10/2028 2:00,2028100802,Sunday,Market Close
8/10/2028 3:00,2028100803,Sunday,Market Close
8/10/2028 4:00,2028100804,Sunday,Market Close
8/10/2028 5:00,2028100805,Sunday,Market Close
8/10/2028 6:00,2028100806,Sunday,Market Close
8/10/2028 7:00,2028100807,Sunday,Market Close
8/10/2028 8:00,2028100808,Sunday,Market Close
8/10/2028 9:00,2028100809,Sunday,Market Close
8/10/2028 10:00,2028100810,Sunday,Market Close
8/10/2028 11:00,2028100811,Sunday,Market Close
8/10/2028 12:00,2028100812,Sunday,Market Close
8/10/2028 13:00,2028100813,Sunday,Market Close
8/10/2028 14:00,2028100814,Sunday,Market Close
8/10/2028 15:00,2028100815,Sunday,Market Close
8/10/2028 16:00,2028100816,Sunday,Market Close
8/10/2028 17:00,2028100817,Sunday,Market Close
8/10/2028 18:00,2028100818,Sunday,Market Close
8/10/2028 19:00,2028100819,Sunday,Market Close
8/10/2028 20:00,2028100820,Sunday,Market Close
13/10/2028 21:00,2028101321,Friday,Market Close
13/10/2028 22:00,2028101322,Friday,Market Close
13/10/2028 23:00,2028101323,Friday,Market Close
14/10/2028 0:00,2028101400,Saturday,Market Close
14/10/2028 1:00,2028101401,Saturday,Market Close
14/10/2028 2:00,2028101402,Saturday,Market Close
14/10/2028 3:00,2028101403,Saturday,Market Close
14/10/2028 4:00,2028101404,Saturday,Market Close
14/10/2028 5:00,2028101405,Saturday,Market Close
14/10/2028 6:00,2028101406,Saturday,Market Close
14/10/2028 7:00,2028101407,Saturday,Market Close
14/10/2028 8:00,2028101408,Saturday,Market Close
14/10/2028 9:00,2028101409,Saturday,Market Close
14/10/2028 10:00,2028101410,Saturday,Market Close
14/10/2028 11:00,2028101411,Saturday,Market Close
14/10/2028 12:00,2028101412,Saturday,Market Close
14/10/2028 13:00,2028101413,Saturday,Market Close
14/10/2028 14:00,2028101414,Saturday,Market Close
14/10/2028 15:00,2028101415,Saturday,Market Close
14/10/2028 16:00,2028101416,Saturday,Market Close
14/10/2028 17:00,2028101417,Saturday,Market Close
14/10/2028 18:00,2028101418,Saturday,Market Close
14/10/2028 19:00,2028101419,Saturday,Market Close
14/10/2028 20:00,2028101420,Saturday,Market Close
14/10/2028 21:00,2028101421,Saturday,Market Close
14/10/2028 22:00,2028101422,Saturday,Market Close
14/10/2028 23:00,2028101423,Saturday,Market Close
15/10/2028 0:00,2028101500,Sunday,Market Close
15/10/2028 1:00,2028101501,Sunday,Market Close
15/10/2028 2:00,2028101502,Sunday,Market Close
15/10/2028 3:00,2028101503,Sunday,Market Close
15/10/2028 4:00,2028101504,Sunday,Market Close
15/10/2028 5:00,2028101505,Sunday,Market Close
15/10/2028 6:00,2028101506,Sunday,Market Close
15/10/2028 7:00,2028101507,Sunday,Market Close
15/10/2028 8:00,2028101508,Sunday,Market Close
15/10/2028 9:00,2028101509,Sunday,Market Close
15/10/2028 10:00,2028101510,Sunday,Market Close
15/10/2028 11:00,2028101511,Sunday,Market Close
15/10/2028 12:00,2028101512,Sunday,Market Close
15/10/2028 13:00,2028101513,Sunday,Market Close
15/10/2028 14:00,2028101514,Sunday,Market Close
15/10/2028 15:00,2028101515,Sunday,Market Close
15/10/2028 16:00,2028101516,Sunday,Market Close
15/10/2028 17:00,2028101517,Sunday,Market Close
15/10/2028 18:00,2028101518,Sunday,Market Close
15/10/2028 19:00,2028101519,Sunday,Market Close
15/10/2028 20:00,2028101520,Sunday,Market Close
20/10/2028 21:00,2028102021,Friday,Market Close
20/10/2028 22:00,2028102022,Friday,Market Close
20/10/2028 23:00,2028102023,Friday,Market Close
21/10/2028 0:00,2028102100,Saturday,Market Close
21/10/2028 1:00,2028102101,Saturday,Market Close
21/10/2028 2:00,2028102102,Saturday,Market Close
21/10/2028 3:00,2028102103,Saturday,Market Close
21/10/2028 4:00,2028102104,Saturday,Market Close
21/10/2028 5:00,2028102105,Saturday,Market Close
21/10/2028 6:00,2028102106,Saturday,Market Close
21/10/2028 7:00,2028102107,Saturday,Market Close
21/10/2028 8:00,2028102108,Saturday,Market Close
21/10/2028 9:00,2028102109,Saturday,Market Close
21/10/2028 10:00,2028102110,Saturday,Market Close
21/10/2028 11:00,2028102111,Saturday,Market Close
21/10/2028 12:00,2028102112,Saturday,Market Close
21/10/2028 13:00,2028102113,Saturday,Market Close
21/10/2028 14:00,2028102114,Saturday,Market Close
21/10/2028 15:00,2028102115,Saturday,Market Close
21/10/2028 16:00,2028102116,Saturday,Market Close
21/10/2028 17:00,2028102117,Saturday,Market Close
21/10/2028 18:00,2028102118,Saturday,Market Close
21/10/2028 19:00,2028102119,Saturday,Market Close
21/10/2028 20:00,2028102120,Saturday,Market Close
21/10/2028 21:00,2028102121,Saturday,Market Close
21/10/2028 22:00,2028102122,Saturday,Market Close
21/10/2028 23:00,2028102123,Saturday,Market Close
22/10/2028 0:00,2028102200,Sunday,Market Close
22/10/2028 1:00,2028102201,Sunday,Market Close
22/10/2028 2:00,2028102202,Sunday,Market Close
22/10/2028 3:00,2028102203,Sunday,Market Close
22/10/2028 4:00,2028102204,Sunday,Market Close
22/10/2028 5:00,2028102205,Sunday,Market Close
22/10/2028 6:00,2028102206,Sunday,Market Close
22/10/2028 7:00,2028102207,Sunday,Market Close
22/10/2028 8:00,2028102208,Sunday,Market Close
22/10/2028 9:00,2028102209,Sunday,Market Close
22/10/2028 10:00,2028102210,Sunday,Market Close
22/10/2028 11:00,2028102211,Sunday,Market Close
22/10/2028 12:00,2028102212,Sunday,Market Close
22/10/2028 13:00,2028102213,Sunday,Market Close
22/10/2028 14:00,2028102214,Sunday,Market Close
22/10/2028 15:00,2028102215,Sunday,Market Close
22/10/2028 16:00,2028102216,Sunday,Market Close
22/10/2028 17:00,2028102217,Sunday,Market Close
22/10/2028 18:00,2028102218,Sunday,Market Close
22/10/2028 19:00,2028102219,Sunday,Market Close
22/10/2028 20:00,2028102220,Sunday,Market Close
27/10/2028 21:00,2028102721,Friday,Market Close
27/10/2028 22:00,2028102722,Friday,Market Close
27/10/2028 23:00,2028102723,Friday,Market Close
28/10/2028 0:00,2028102800,Saturday,Market Close
28/10/2028 1:00,2028102801,Saturday,Market Close
28/10/2028 2:00,2028102802,Saturday,Market Close
28/10/2028 3:00,2028102803,Saturday,Market Close
28/10/2028 4:00,2028102804,Saturday,Market Close
28/10/2028 5:00,2028102805,Saturday,Market Close
28/10/2028 6:00,2028102806,Saturday,Market Close
28/10/2028 7:00,2028102807,Saturday,Market Close
28/10/2028 8:00,2028102808,Saturday,Market Close
28/10/2028 9:00,2028102809,Saturday,Market Close
28/10/2028 10:00,2028102810,Saturday,Market Close
28/10/2028 11:00,2028102811,Saturday,Market Close
28/10/2028 12:00,2028102812,Saturday,Market Close
28/10/2028 13:00,2028102813,Saturday,Market Close
28/10/2028 14:00,2028102814,Saturday,Market Close
28/10/2028 15:00,2028102815,Saturday,Market Close
28/10/2028 16:00,2028102816,Saturday,Market Close
28/10/2028 17:00,2028102817,Saturday,Market Close
28/10/2028 18:00,2028102818,Saturday,Market Close
28/10/2028 19:00,2028102819,Saturday,Market Close
28/10/2028 20:00,2028102820,Saturday,Market Close
28/10/2028 21:00,2028102821,Saturday,Market Close
28/10/2028 22:00,2028102822,Saturday,Market Close
28/10/2028 23:00,2028102823,Saturday,Market Close
29/10/2028 0:00,2028102900,Sunday,Market Close
29/10/2028 1:00,2028102901,Sunday,Market Close
29/10/2028 2:00,2028102902,Sunday,Market Close
29/10/2028 3:00,2028102903,Sunday,Market Close
29/10/2028 4:00,2028102904,Sunday,Market Close
29/10/2028 5:00,2028102905,Sunday,Market Close
29/10/2028 6:00,2028102906,Sunday,Market Close
29/10/2028 7:00,2028102907,Sunday,Market Close
29/10/2028 8:00,2028102908,Sunday,Market Close
29/10/2028 9:00,2028102909,Sunday,Market Close
29/10/2028 10:00,2028102910,Sunday,Market Close
29/10/2028 11:00,2028102911,Sunday,Market Close
29/10/2028 12:00,2028102912,Sunday,Market Close
29/10/2028 13:00,2028102913,Sunday,Market Close
29/10/2028 14:00,2028102914,Sunday,Market Close
29/10/2028 15:00,2028102915,Sunday,Market Close
29/10/2028 16:00,2028102916,Sunday,Market Close
29/10/2028 17:00,2028102917,Sunday,Market Close
29/10/2028 18:00,2028102918,Sunday,Market Close
29/10/2028 19:00,2028102919,Sunday,Market Close
29/10/2028 20:00,2028102920,Sunday,Market Close
3/11/2028 21:00,2028110321,Friday,Market Close
3/11/2028 22:00,2028110322,Friday,Market Close
3/11/2028 23:00,2028110323,Friday,Market Close
4/11/2028 0:00,2028110400,Saturday,Market Close
4/11/2028 1:00,2028110401,Saturday,Market Close
4/11/2028 2:00,2028110402,Saturday,Market Close
4/11/2028 3:00,2028110403,Saturday,Market Close
4/11/2028 4:00,2028110404,Saturday,Market Close
4/11/2028 5:00,2028110405,Saturday,Market Close
4/11/2028 6:00,2028110406,Saturday,Market Close
4/11/2028 7:00,2028110407,Saturday,Market Close
4/11/2028 8:00,2028110408,Saturday,Market Close
4/11/2028 9:00,2028110409,Saturday,Market Close
4/11/2028 10:00,2028110410,Saturday,Market Close
4/11/2028 11:00,2028110411,Saturday,Market Close
4/11/2028 12:00,2028110412,Saturday,Market Close
4/11/2028 13:00,2028110413,Saturday,Market Close
4/11/2028 14:00,2028110414,Saturday,Market Close
4/11/2028 15:00,2028110415,Saturday,Market Close
4/11/2028 16:00,2028110416,Saturday,Market Close
4/11/2028 17:00,2028110417,Saturday,Market Close
4/11/2028 18:00,2028110418,Saturday,Market Close
4/11/2028 19:00,2028110419,Saturday,Market Close
4/11/2028 20:00,2028110420,Saturday,Market Close
4/11/2028 21:00,2028110421,Saturday,Market Close
4/11/2028 22:00,2028110422,Saturday,Market Close
4/11/2028 23:00,2028110423,Saturday,Market Close
5/11/2028 0:00,2028110500,Sunday,Market Close
5/11/2028 1:00,2028110501,Sunday,Market Close
5/11/2028 2:00,2028110502,Sunday,Market Close
5/11/2028 3:00,2028110503,Sunday,Market Close
5/11/2028 4:00,2028110504,Sunday,Market Close
5/11/2028 5:00,2028110505,Sunday,Market Close
5/11/2028 6:00,2028110506,Sunday,Market Close
5/11/2028 7:00,2028110507,Sunday,Market Close
5/11/2028 8:00,2028110508,Sunday,Market Close
5/11/2028 9:00,2028110509,Sunday,Market Close
5/11/2028 10:00,2028110510,Sunday,Market Close
5/11/2028 11:00,2028110511,Sunday,Market Close
5/11/2028 12:00,2028110512,Sunday,Market Close
5/11/2028 13:00,2028110513,Sunday,Market Close
5/11/2028 14:00,2028110514,Sunday,Market Close
5/11/2028 15:00,2028110515,Sunday,Market Close
5/11/2028 16:00,2028110516,Sunday,Market Close
5/11/2028 17:00,2028110517,Sunday,Market Close
5/11/2028 18:00,2028110518,Sunday,Market Close
5/11/2028 19:00,2028110519,Sunday,Market Close
5/11/2028 20:00,2028110520,Sunday,Market Close
5/11/2028 21:00,2028110521,Sunday,Market Close
10/11/2028 22:00,2028111022,Friday,Market Close
10/11/2028 23:00,2028111023,Friday,Market Close
11/11/2028 0:00,2028111100,Saturday,Market Close
11/11/2028 1:00,2028111101,Saturday,Market Close
11/11/2028 2:00,2028111102,Saturday,Market Close
11/11/2028 3:00,2028111103,Saturday,Market Close
11/11/2028 4:00,2028111104,Saturday,Market Close
11/11/2028 5:00,2028111105,Saturday,Market Close
11/11/2028 6:00,2028111106,Saturday,Market Close
11/11/2028 7:00,2028111107,Saturday,Market Close
11/11/2028 8:00,2028111108,Saturday,Market Close
11/11/2028 9:00,2028111109,Saturday,Market Close
11/11/2028 10:00,2028111110,Saturday,Market Close
11/11/2028 11:00,2028111111,Saturday,Market Close
11/11/2028 12:00,2028111112,Saturday,Market Close
11/11/2028 13:00,2028111113,Saturday,Market Close
11/11/2028 14:00,2028111114,Saturday,Market Close
11/11/2028 15:00,2028111115,Saturday,Market Close
11/11/2028 16:00,2028111116,Saturday,Market Close
11/11/2028 17:00,2028111117,Saturday,Market Close
11/11/2028 18:00,2028111118,Saturday,Market Close
11/11/2028 19:00,2028111119,Saturday,Market Close
11/11/2028 20:00,2028111120,Saturday,Market Close
11/11/2028 21:00,2028111121,Saturday,Market Close
11/11/2028 22:00,2028111122,Saturday,Market Close
11/11/2028 23:00,2028111123,Saturday,Market Close
12/11/2028 0:00,2028111200,Sunday,Market Close
12/11/2028 1:00,2028111201,Sunday,Market Close
12/11/2028 2:00,2028111202,Sunday,Market Close
12/11/2028 3:00,2028111203,Sunday,Market Close
12/11/2028 4:00,2028111204,Sunday,Market Close
12/11/2028 5:00,2028111205,Sunday,Market Close
12/11/2028 6:00,2028111206,Sunday,Market Close
12/11/2028 7:00,2028111207,Sunday,Market Close
12/11/2028 8:00,2028111208,Sunday,Market Close
12/11/2028 9:00,2028111209,Sunday,Market Close
12/11/2028 10:00,2028111210,Sunday,Market Close
12/11/2028 11:00,2028111211,Sunday,Market Close
12/11/2028 12:00,2028111212,Sunday,Market Close
12/11/2028 13:00,2028111213,Sunday,Market Close
12/11/2028 14:00,2028111214,Sunday,Market Close
12/11/2028 15:00,2028111215,Sunday,Market Close
12/11/2028 16:00,2028111216,Sunday,Market Close
12/11/2028 17:00,2028111217,Sunday,Market Close
12/11/2028 18:00,2028111218,Sunday,Market Close
12/11/2028 19:00,2028111219,Sunday,Market Close
12/11/2028 20:00,2028111220,Sunday,Market Close
12/11/2028 21:00,2028111221,Sunday,Market Close
17/11/2028 22:00,2028111722,Friday,Market Close
17/11/2028 23:00,2028111723,Friday,Market Close
18/11/2028 0:00,2028111800,Saturday,Market Close
18/11/2028 1:00,2028111801,Saturday,Market Close
18/11/2028 2:00,2028111802,Saturday,Market Close
18/11/2028 3:00,2028111803,Saturday,Market Close
18/11/2028 4:00,2028111804,Saturday,Market Close
18/11/2028 5:00,2028111805,Saturday,Market Close
18/11/2028 6:00,2028111806,Saturday,Market Close
18/11/2028 7:00,2028111807,Saturday,Market Close
18/11/2028 8:00,2028111808,Saturday,Market Close
18/11/2028 9:00,2028111809,Saturday,Market Close
18/11/2028 10:00,2028111810,Saturday,Market Close
18/11/2028 11:00,2028111811,Saturday,Market Close
18/11/2028 12:00,2028111812,Saturday,Market Close
18/11/2028 13:00,2028111813,Saturday,Market Close
18/11/2028 14:00,2028111814,Saturday,Market Close
18/11/2028 15:00,2028111815,Saturday,Market Close
18/11/2028 16:00,2028111816,Saturday,Market Close
18/11/2028 17:00,2028111817,Saturday,Market Close
18/11/2028 18:00,2028111818,Saturday,Market Close
18/11/2028 19:00,2028111819,Saturday,Market Close
18/11/2028 20:00,2028111820,Saturday,Market Close
18/11/2028 21:00,2028111821,Saturday,Market Close
18/11/2028 22:00,2028111822,Saturday,Market Close
18/11/2028 23:00,2028111823,Saturday,Market Close
19/11/2028 0:00,2028111900,Sunday,Market Close
19/11/2028 1:00,2028111901,Sunday,Market Close
19/11/2028 2:00,2028111902,Sunday,Market Close
19/11/2028 3:00,2028111903,Sunday,Market Close
19/11/2028 4:00,2028111904,Sunday,Market Close
19/11/2028 5:00,2028111905,Sunday,Market Close
19/11/2028 6:00,2028111906,Sunday,Market Close
19/11/2028 7:00,2028111907,Sunday,Market Close
19/11/2028 8:00,2028111908,Sunday,Market Close
19/11/2028 9:00,2028111909,Sunday,Market Close
19/11/2028 10:00,2028111910,Sunday,Market Close
19/11/2028 11:00,2028111911,Sunday,Market Close
19/11/2028 12:00,2028111912,Sunday,Market Close
19/11/2028 13:00,2028111913,Sunday,Market Close
19/11/2028 14:00,2028111914,Sunday,Market Close
19/11/2028 15:00,2028111915,Sunday,Market Close
19/11/2028 16:00,2028111916,Sunday,Market Close
19/11/2028 17:00,2028111917,Sunday,Market Close
19/11/2028 18:00,2028111918,Sunday,Market Close
19/11/2028 19:00,2028111919,Sunday,Market Close
19/11/2028 20:00,2028111920,Sunday,Market Close
19/11/2028 21:00,2028111921,Sunday,Market Close
24/11/2028 22:00,2028112422,Friday,Market Close
24/11/2028 23:00,2028112423,Friday,Market Close
25/11/2028 0:00,2028112500,Saturday,Market Close
25/11/2028 1:00,2028112501,Saturday,Market Close
25/11/2028 2:00,2028112502,Saturday,Market Close
25/11/2028 3:00,2028112503,Saturday,Market Close
25/11/2028 4:00,2028112504,Saturday,Market Close
25/11/2028 5:00,2028112505,Saturday,Market Close
25/11/2028 6:00,2028112506,Saturday,Market Close
25/11/2028 7:00,2028112507,Saturday,Market Close
25/11/2028 8:00,2028112508,Saturday,Market Close
25/11/2028 9:00,2028112509,Saturday,Market Close
25/11/2028 10:00,2028112510,Saturday,Market Close
25/11/2028 11:00,2028112511,Saturday,Market Close
25/11/2028 12:00,2028112512,Saturday,Market Close
25/11/2028 13:00,2028112513,Saturday,Market Close
25/11/2028 14:00,2028112514,Saturday,Market Close
25/11/2028 15:00,2028112515,Saturday,Market Close
25/11/2028 16:00,2028112516,Saturday,Market Close
25/11/2028 17:00,2028112517,Saturday,Market Close
25/11/2028 18:00,2028112518,Saturday,Market Close
25/11/2028 19:00,2028112519,Saturday,Market Close
25/11/2028 20:00,2028112520,Saturday,Market Close
25/11/2028 21:00,2028112521,Saturday,Market Close
25/11/2028 22:00,2028112522,Saturday,Market Close
25/11/2028 23:00,2028112523,Saturday,Market Close
26/11/2028 0:00,2028112600,Sunday,Market Close
26/11/2028 1:00,2028112601,Sunday,Market Close
26/11/2028 2:00,2028112602,Sunday,Market Close
26/11/2028 3:00,2028112603,Sunday,Market Close
26/11/2028 4:00,2028112604,Sunday,Market Close
26/11/2028 5:00,2028112605,Sunday,Market Close
26/11/2028 6:00,2028112606,Sunday,Market Close
26/11/2028 7:00,2028112607,Sunday,Market Close
26/11/2028 8:00,2028112608,Sunday,Market Close
26/11/2028 9:00,2028112609,Sunday,Market Close
26/11/2028 10:00,2028112610,Sunday,Market Close
26/11/2028 11:00,2028112611,Sunday,Market Close
26/11/2028 12:00,2028112612,Sunday,Market Close
26/11/2028 13:00,2028112613,Sunday,Market Close
26/11/2028 14:00,2028112614,Sunday,Market Close
26/11/2028 15:00,2028112615,Sunday,Market Close
26/11/2028 16:00,2028112616,Sunday,Market Close
26/11/2028 17:00,2028112617,Sunday,Market Close
26/11/2028 18:00,2028112618,Sunday,Market Close
26/11/2028 19:00,2028112619,Sunday,Market Close
26/11/2028 20:00,2028112620,Sunday,Market Close
26/11/2028 21:00,2028112621,Sunday,Market Close
1/12/2028 22:00,2028120122,Friday,Market Close
1/12/2028 23:00,2028120123,Friday,Market Close
2/12/2028 0:00,2028120200,Saturday,Market Close
2/12/2028 1:00,2028120201,Saturday,Market Close
2/12/2028 2:00,2028120202,Saturday,Market Close
2/12/2028 3:00,2028120203,Saturday,Market Close
2/12/2028 4:00,2028120204,Saturday,Market Close
2/12/2028 5:00,2028120205,Saturday,Market Close
2/12/2028 6:00,2028120206,Saturday,Market Close
2/12/2028 7:00,2028120207,Saturday,Market Close
2/12/2028 8:00,2028120208,Saturday,Market Close
2/12/2028 9:00,2028120209,Saturday,Market Close
2/12/2028 10:00,2028120210,Saturday,Market Close
2/12/2028 11:00,2028120211,Saturday,Market Close
2/12/2028 12:00,2028120212,Saturday,Market Close
2/12/2028 13:00,2028120213,Saturday,Market Close
2/12/2028 14:00,2028120214,Saturday,Market Close
2/12/2028 15:00,2028120215,Saturday,Market Close
2/12/2028 16:00,2028120216,Saturday,Market Close
2/12/2028 17:00,2028120217,Saturday,Market Close
2/12/2028 18:00,2028120218,Saturday,Market Close
2/12/2028 19:00,2028120219,Saturday,Market Close
2/12/2028 20:00,2028120220,Saturday,Market Close
2/12/2028 21:00,2028120221,Saturday,Market Close
2/12/2028 22:00,2028120222,Saturday,Market Close
2/12/2028 23:00,2028120223,Saturday,Market Close
3/12/2028 0:00,2028120300,Sunday,Market Close
3/12/2028 1:00,2028120301,Sunday,Market Close
3/12/2028 2:00,2028120302,Sunday,Market Close
3/12/2028 3:00,2028120303,Sunday,Market Close
3/12/2028 4:00,2028120304,Sunday,Market Close
3/12/2028 5:00,2028120305,Sunday,Market Close
3/12/2028 6:00,2028120306,Sunday,Market Close
3/12/2028 7:00,2028120307,Sunday,Market Close
3/12/2028 8:00,2028120308,Sunday,Market Close
3/12/2028 9:00,2028120309,Sunday,Market Close
3/12/2028 10:00,2028120310,Sunday,Market Close
3/12/2028 11:00,2028120311,Sunday,Market Close
3/12/2028 12:00,2028120312,Sunday,Market Close
3/12/2028 13:00,2028120313,Sunday,Market Close
3/12/2028 14:00,2028120314,Sunday,Market Close
3/12/2028 15:00,2028120315,Sunday,Market Close
3/12/2028 16:00,2028120316,Sunday,Market Close
3/12/2028 17:00,2028120317,Sunday,Market Close
3/12/2028 18:00,2028120318,Sunday,Market Close
3/12/2028 19:00,2028120319,Sunday,Market Close
3/12/2028 20:00,2028120320,Sunday,Market Close
3/12/2028 21:00,2028120321,Sunday,Market Close
8/12/2028 22:00,2028120822,Friday,Market Close
8/12/2028 23:00,2028120823,Friday,Market Close
9/12/2028 0:00,2028120900,Saturday,Market Close
9/12/2028 1:00,2028120901,Saturday,Market Close
9/12/2028 2:00,2028120902,Saturday,Market Close
9/12/2028 3:00,2028120903,Saturday,Market Close
9/12/2028 4:00,2028120904,Saturday,Market Close
9/12/2028 5:00,2028120905,Saturday,Market Close
9/12/2028 6:00,2028120906,Saturday,Market Close
9/12/2028 7:00,2028120907,Saturday,Market Close
9/12/2028 8:00,2028120908,Saturday,Market Close
9/12/2028 9:00,2028120909,Saturday,Market Close
9/12/2028 10:00,2028120910,Saturday,Market Close
9/12/2028 11:00,2028120911,Saturday,Market Close
9/12/2028 12:00,2028120912,Saturday,Market Close
9/12/2028 13:00,2028120913,Saturday,Market Close
9/12/2028 14:00,2028120914,Saturday,Market Close
9/12/2028 15:00,2028120915,Saturday,Market Close
9/12/2028 16:00,2028120916,Saturday,Market Close
9/12/2028 17:00,2028120917,Saturday,Market Close
9/12/2028 18:00,2028120918,Saturday,Market Close
9/12/2028 19:00,2028120919,Saturday,Market Close
9/12/2028 20:00,2028120920,Saturday,Market Close
9/12/2028 21:00,2028120921,Saturday,Market Close
9/12/2028 22:00,2028120922,Saturday,Market Close
9/12/2028 23:00,2028120923,Saturday,Market Close
10/12/2028 0:00,2028121000,Sunday,Market Close
10/12/2028 1:00,2028121001,Sunday,Market Close
10/12/2028 2:00,2028121002,Sunday,Market Close
10/12/2028 3:00,2028121003,Sunday,Market Close
10/12/2028 4:00,2028121004,Sunday,Market Close
10/12/2028 5:00,2028121005,Sunday,Market Close
10/12/2028 6:00,2028121006,Sunday,Market Close
10/12/2028 7:00,2028121007,Sunday,Market Close
10/12/2028 8:00,2028121008,Sunday,Market Close
10/12/2028 9:00,2028121009,Sunday,Market Close
10/12/2028 10:00,2028121010,Sunday,Market Close
10/12/2028 11:00,2028121011,Sunday,Market Close
10/12/2028 12:00,2028121012,Sunday,Market Close
10/12/2028 13:00,2028121013,Sunday,Market Close
10/12/2028 14:00,2028121014,Sunday,Market Close
10/12/2028 15:00,2028121015,Sunday,Market Close
10/12/2028 16:00,2028121016,Sunday,Market Close
10/12/2028 17:00,2028121017,Sunday,Market Close
10/12/2028 18:00,2028121018,Sunday,Market Close
10/12/2028 19:00,2028121019,Sunday,Market Close
10/12/2028 20:00,2028121020,Sunday,Market Close
10/12/2028 21:00,2028121021,Sunday,Market Close
15/12/2028 22:00,2028121522,Friday,Market Close
15/12/2028 23:00,2028121523,Friday,Market Close
16/12/2028 0:00,2028121600,Saturday,Market Close
16/12/2028 1:00,2028121601,Saturday,Market Close
16/12/2028 2:00,2028121602,Saturday,Market Close
16/12/2028 3:00,2028121603,Saturday,Market Close
16/12/2028 4:00,2028121604,Saturday,Market Close
16/12/2028 5:00,2028121605,Saturday,Market Close
16/12/2028 6:00,2028121606,Saturday,Market Close
16/12/2028 7:00,2028121607,Saturday,Market Close
16/12/2028 8:00,2028121608,Saturday,Market Close
16/12/2028 9:00,2028121609,Saturday,Market Close
16/12/2028 10:00,2028121610,Saturday,Market Close
16/12/2028 11:00,2028121611,Saturday,Market Close
16/12/2028 12:00,2028121612,Saturday,Market Close
16/12/2028 13:00,2028121613,Saturday,Market Close
16/12/2028 14:00,2028121614,Saturday,Market Close
16/12/2028 15:00,2028121615,Saturday,Market Close
16/12/2028 16:00,2028121616,Saturday,Market Close
16/12/2028 17:00,2028121617,Saturday,Market Close
16/12/2028 18:00,2028121618,Saturday,Market Close
16/12/2028 19:00,2028121619,Saturday,Market Close
16/12/2028 20:00,2028121620,Saturday,Market Close
16/12/2028 21:00,2028121621,Saturday,Market Close
16/12/2028 22:00,2028121622,Saturday,Market Close
16/12/2028 23:00,2028121623,Saturday,Market Close
17/12/2028 0:00,2028121700,Sunday,Market Close
17/12/2028 1:00,2028121701,Sunday,Market Close
17/12/2028 2:00,2028121702,Sunday,Market Close
17/12/2028 3:00,2028121703,Sunday,Market Close
17/12/2028 4:00,2028121704,Sunday,Market Close
17/12/2028 5:00,2028121705,Sunday,Market Close
17/12/2028 6:00,2028121706,Sunday,Market Close
17/12/2028 7:00,2028121707,Sunday,Market Close
17/12/2028 8:00,2028121708,Sunday,Market Close
17/12/2028 9:00,2028121709,Sunday,Market Close
17/12/2028 10:00,2028121710,Sunday,Market Close
17/12/2028 11:00,2028121711,Sunday,Market Close
17/12/2028 12:00,2028121712,Sunday,Market Close
17/12/2028 13:00,2028121713,Sunday,Market Close
17/12/2028 14:00,2028121714,Sunday,Market Close
17/12/2028 15:00,2028121715,Sunday,Market Close
17/12/2028 16:00,2028121716,Sunday,Market Close
17/12/2028 17:00,2028121717,Sunday,Market Close
17/12/2028 18:00,2028121718,Sunday,Market Close
17/12/2028 19:00,2028121719,Sunday,Market Close
17/12/2028 20:00,2028121720,Sunday,Market Close
17/12/2028 21:00,2028121721,Sunday,Market Close
22/12/2028 22:00,2028122222,Friday,Market Close
22/12/2028 23:00,2028122223,Friday,Market Close
23/12/2028 0:00,2028122300,Saturday,Market Close
23/12/2028 1:00,2028122301,Saturday,Market Close
23/12/2028 2:00,2028122302,Saturday,Market Close
23/12/2028 3:00,2028122303,Saturday,Market Close
23/12/2028 4:00,2028122304,Saturday,Market Close
23/12/2028 5:00,2028122305,Saturday,Market Close
23/12/2028 6:00,2028122306,Saturday,Market Close
23/12/2028 7:00,2028122307,Saturday,Market Close
23/12/2028 8:00,2028122308,Saturday,Market Close
23/12/2028 9:00,2028122309,Saturday,Market Close
23/12/2028 10:00,2028122310,Saturday,Market Close
23/12/2028 11:00,2028122311,Saturday,Market Close
23/12/2028 12:00,2028122312,Saturday,Market Close
23/12/2028 13:00,2028122313,Saturday,Market Close
23/12/2028 14:00,2028122314,Saturday,Market Close
23/12/2028 15:00,2028122315,Saturday,Market Close
23/12/2028 16:00,2028122316,Saturday,Market Close
23/12/2028 17:00,2028122317,Saturday,Market Close
23/12/2028 18:00,2028122318,Saturday,Market Close
23/12/2028 19:00,2028122319,Saturday,Market Close
23/12/2028 20:00,2028122320,Saturday,Market Close
23/12/2028 21:00,2028122321,Saturday,Market Close
23/12/2028 22:00,2028122322,Saturday,Market Close
23/12/2028 23:00,2028122323,Saturday,Market Close
24/12/2028 0:00,2028122400,Sunday,Market Close
24/12/2028 1:00,2028122401,Sunday,Market Close
24/12/2028 2:00,2028122402,Sunday,Market Close
24/12/2028 3:00,2028122403,Sunday,Market Close
24/12/2028 4:00,2028122404,Sunday,Market Close
24/12/2028 5:00,2028122405,Sunday,Market Close
24/12/2028 6:00,2028122406,Sunday,Market Close
24/12/2028 7:00,2028122407,Sunday,Market Close
24/12/2028 8:00,2028122408,Sunday,Market Close
24/12/2028 9:00,2028122409,Sunday,Market Close
24/12/2028 10:00,2028122410,Sunday,Market Close
24/12/2028 11:00,2028122411,Sunday,Market Close
24/12/2028 12:00,2028122412,Sunday,Market Close
24/12/2028 13:00,2028122413,Sunday,Market Close
24/12/2028 14:00,2028122414,Sunday,Market Close
24/12/2028 15:00,2028122415,Sunday,Market Close
24/12/2028 16:00,2028122416,Sunday,Market Close
24/12/2028 17:00,2028122417,Sunday,Market Close
24/12/2028 18:00,2028122418,Sunday,Market Close
24/12/2028 19:00,2028122419,Sunday,Market Close
24/12/2028 20:00,2028122420,Sunday,Market Close
24/12/2028 21:00,2028122421,Sunday,Market Close
29/12/2028 22:00,2028122922,Friday,Market Close
29/12/2028 23:00,2028122923,Friday,Market Close
30/12/2028 0:00,2028123000,Saturday,Market Close
30/12/2028 1:00,2028123001,Saturday,Market Close
30/12/2028 2:00,2028123002,Saturday,Market Close
30/12/2028 3:00,2028123003,Saturday,Market Close
30/12/2028 4:00,2028123004,Saturday,Market Close
30/12/2028 5:00,2028123005,Saturday,Market Close
30/12/2028 6:00,2028123006,Saturday,Market Close
30/12/2028 7:00,2028123007,Saturday,Market Close
30/12/2028 8:00,2028123008,Saturday,Market Close
30/12/2028 9:00,2028123009,Saturday,Market Close
30/12/2028 10:00,2028123010,Saturday,Market Close
30/12/2028 11:00,2028123011,Saturday,Market Close
30/12/2028 12:00,2028123012,Saturday,Market Close
30/12/2028 13:00,2028123013,Saturday,Market Close
30/12/2028 14:00,2028123014,Saturday,Market Close
30/12/2028 15:00,2028123015,Saturday,Market Close
30/12/2028 16:00,2028123016,Saturday,Market Close
30/12/2028 17:00,2028123017,Saturday,Market Close
30/12/2028 18:00,2028123018,Saturday,Market Close
30/12/2028 19:00,2028123019,Saturday,Market Close
30/12/2028 20:00,2028123020,Saturday,Market Close
30/12/2028 21:00,2028123021,Saturday,Market Close
30/12/2028 22:00,2028123022,Saturday,Market Close
30/12/2028 23:00,2028123023,Saturday,Market Close
31/12/2028 0:00,2028123100,Sunday,Market Close
31/12/2028 1:00,2028123101,Sunday,Market Close
31/12/2028 2:00,2028123102,Sunday,Market Close
31/12/2028 3:00,2028123103,Sunday,Market Close
31/12/2028 4:00,2028123104,Sunday,Market Close
31/12/2028 5:00,2028123105,Sunday,Market Close
31/12/2028 6:00,2028123106,Sunday,Market Close
31/12/2028 7:00,2028123107,Sunday,Market Close
31/12/2028 8:00,2028123108,Sunday,Market Close
31/12/2028 9:00,2028123109,Sunday,Market Close
31/12/2028 10:00,2028123110,Sunday,Market Close
31/12/2028 11:00,2028123111,Sunday,Market Close
31/12/2028 12:00,2028123112,Sunday,Market Close
31/12/2028 13:00,2028123113,Sunday,Market Close
31/12/2028 14:00,2028123114,Sunday,Market Close
31/12/2028 15:00,2028123115,Sunday,Market Close
31/12/2028 16:00,2028123116,Sunday,Market Close
31/12/2028 17:00,2028123117,Sunday,Market Close
31/12/2028 18:00,2028123118,Sunday,Market Close
31/12/2028 19:00,2028123119,Sunday,Market Close
31/12/2028 20:00,2028123120,Sunday,Market Close
31/12/2028 21:00,2028123121,Sunday,Market Close
5/01/2029 22:00,2029010522,Friday,Market Close
5/01/2029 23:00,2029010523,Friday,Market Close
6/01/2029 0:00,2029010600,Saturday,Market Close
6/01/2029 1:00,2029010601,Saturday,Market Close
6/01/2029 2:00,2029010602,Saturday,Market Close
6/01/2029 3:00,2029010603,Saturday,Market Close
6/01/2029 4:00,2029010604,Saturday,Market Close
6/01/2029 5:00,2029010605,Saturday,Market Close
6/01/2029 6:00,2029010606,Saturday,Market Close
6/01/2029 7:00,2029010607,Saturday,Market Close
6/01/2029 8:00,2029010608,Saturday,Market Close
6/01/2029 9:00,2029010609,Saturday,Market Close
6/01/2029 10:00,2029010610,Saturday,Market Close
6/01/2029 11:00,2029010611,Saturday,Market Close
6/01/2029 12:00,2029010612,Saturday,Market Close
6/01/2029 13:00,2029010613,Saturday,Market Close
6/01/2029 14:00,2029010614,Saturday,Market Close
6/01/2029 15:00,2029010615,Saturday,Market Close
6/01/2029 16:00,2029010616,Saturday,Market Close
6/01/2029 17:00,2029010617,Saturday,Market Close
6/01/2029 18:00,2029010618,Saturday,Market Close
6/01/2029 19:00,2029010619,Saturday,Market Close
6/01/2029 20:00,2029010620,Saturday,Market Close
6/01/2029 21:00,2029010621,Saturday,Market Close
6/01/2029 22:00,2029010622,Saturday,Market Close
6/01/2029 23:00,2029010623,Saturday,Market Close
7/01/2029 0:00,2029010700,Sunday,Market Close
7/01/2029 1:00,2029010701,Sunday,Market Close
7/01/2029 2:00,2029010702,Sunday,Market Close
7/01/2029 3:00,2029010703,Sunday,Market Close
7/01/2029 4:00,2029010704,Sunday,Market Close
7/01/2029 5:00,2029010705,Sunday,Market Close
7/01/2029 6:00,2029010706,Sunday,Market Close
7/01/2029 7:00,2029010707,Sunday,Market Close
7/01/2029 8:00,2029010708,Sunday,Market Close
7/01/2029 9:00,2029010709,Sunday,Market Close
7/01/2029 10:00,2029010710,Sunday,Market Close
7/01/2029 11:00,2029010711,Sunday,Market Close
7/01/2029 12:00,2029010712,Sunday,Market Close
7/01/2029 13:00,2029010713,Sunday,Market Close
7/01/2029 14:00,2029010714,Sunday,Market Close
7/01/2029 15:00,2029010715,Sunday,Market Close
7/01/2029 16:00,2029010716,Sunday,Market Close
7/01/2029 17:00,2029010717,Sunday,Market Close
7/01/2029 18:00,2029010718,Sunday,Market Close
7/01/2029 19:00,2029010719,Sunday,Market Close
7/01/2029 20:00,2029010720,Sunday,Market Close
7/01/2029 21:00,2029010721,Sunday,Market Close
12/01/2029 22:00,2029011222,Friday,Market Close
12/01/2029 23:00,2029011223,Friday,Market Close
13/01/2029 0:00,2029011300,Saturday,Market Close
13/01/2029 1:00,2029011301,Saturday,Market Close
13/01/2029 2:00,2029011302,Saturday,Market Close
13/01/2029 3:00,2029011303,Saturday,Market Close
13/01/2029 4:00,2029011304,Saturday,Market Close
13/01/2029 5:00,2029011305,Saturday,Market Close
13/01/2029 6:00,2029011306,Saturday,Market Close
13/01/2029 7:00,2029011307,Saturday,Market Close
13/01/2029 8:00,2029011308,Saturday,Market Close
13/01/2029 9:00,2029011309,Saturday,Market Close
13/01/2029 10:00,2029011310,Saturday,Market Close
13/01/2029 11:00,2029011311,Saturday,Market Close
13/01/2029 12:00,2029011312,Saturday,Market Close
13/01/2029 13:00,2029011313,Saturday,Market Close
13/01/2029 14:00,2029011314,Saturday,Market Close
13/01/2029 15:00,2029011315,Saturday,Market Close
13/01/2029 16:00,2029011316,Saturday,Market Close
13/01/2029 17:00,2029011317,Saturday,Market Close
13/01/2029 18:00,2029011318,Saturday,Market Close
13/01/2029 19:00,2029011319,Saturday,Market Close
13/01/2029 20:00,2029011320,Saturday,Market Close
13/01/2029 21:00,2029011321,Saturday,Market Close
13/01/2029 22:00,2029011322,Saturday,Market Close
13/01/2029 23:00,2029011323,Saturday,Market Close
14/01/2029 0:00,2029011400,Sunday,Market Close
14/01/2029 1:00,2029011401,Sunday,Market Close
14/01/2029 2:00,2029011402,Sunday,Market Close
14/01/2029 3:00,2029011403,Sunday,Market Close
14/01/2029 4:00,2029011404,Sunday,Market Close
14/01/2029 5:00,2029011405,Sunday,Market Close
14/01/2029 6:00,2029011406,Sunday,Market Close
14/01/2029 7:00,2029011407,Sunday,Market Close
14/01/2029 8:00,2029011408,Sunday,Market Close
14/01/2029 9:00,2029011409,Sunday,Market Close
14/01/2029 10:00,2029011410,Sunday,Market Close
14/01/2029 11:00,2029011411,Sunday,Market Close
14/01/2029 12:00,2029011412,Sunday,Market Close
14/01/2029 13:00,2029011413,Sunday,Market Close
14/01/2029 14:00,2029011414,Sunday,Market Close
14/01/2029 15:00,2029011415,Sunday,Market Close
14/01/2029 16:00,2029011416,Sunday,Market Close
14/01/2029 17:00,2029011417,Sunday,Market Close
14/01/2029 18:00,2029011418,Sunday,Market Close
14/01/2029 19:00,2029011419,Sunday,Market Close
14/01/2029 20:00,2029011420,Sunday,Market Close
14/01/2029 21:00,2029011421,Sunday,Market Close
19/01/2029 22:00,2029011922,Friday,Market Close
19/01/2029 23:00,2029011923,Friday,Market Close
20/01/2029 0:00,2029012000,Saturday,Market Close
20/01/2029 1:00,2029012001,Saturday,Market Close
20/01/2029 2:00,2029012002,Saturday,Market Close
20/01/2029 3:00,2029012003,Saturday,Market Close
20/01/2029 4:00,2029012004,Saturday,Market Close
20/01/2029 5:00,2029012005,Saturday,Market Close
20/01/2029 6:00,2029012006,Saturday,Market Close
20/01/2029 7:00,2029012007,Saturday,Market Close
20/01/2029 8:00,2029012008,Saturday,Market Close
20/01/2029 9:00,2029012009,Saturday,Market Close
20/01/2029 10:00,2029012010,Saturday,Market Close
20/01/2029 11:00,2029012011,Saturday,Market Close
20/01/2029 12:00,2029012012,Saturday,Market Close
20/01/2029 13:00,2029012013,Saturday,Market Close
20/01/2029 14:00,2029012014,Saturday,Market Close
20/01/2029 15:00,2029012015,Saturday,Market Close
20/01/2029 16:00,2029012016,Saturday,Market Close
20/01/2029 17:00,2029012017,Saturday,Market Close
20/01/2029 18:00,2029012018,Saturday,Market Close
20/01/2029 19:00,2029012019,Saturday,Market Close
20/01/2029 20:00,2029012020,Saturday,Market Close
20/01/2029 21:00,2029012021,Saturday,Market Close
20/01/2029 22:00,2029012022,Saturday,Market Close
20/01/2029 23:00,2029012023,Saturday,Market Close
21/01/2029 0:00,2029012100,Sunday,Market Close
21/01/2029 1:00,2029012101,Sunday,Market Close
21/01/2029 2:00,2029012102,Sunday,Market Close
21/01/2029 3:00,2029012103,Sunday,Market Close
21/01/2029 4:00,2029012104,Sunday,Market Close
21/01/2029 5:00,2029012105,Sunday,Market Close
21/01/2029 6:00,2029012106,Sunday,Market Close
21/01/2029 7:00,2029012107,Sunday,Market Close
21/01/2029 8:00,2029012108,Sunday,Market Close
21/01/2029 9:00,2029012109,Sunday,Market Close
21/01/2029 10:00,2029012110,Sunday,Market Close
21/01/2029 11:00,2029012111,Sunday,Market Close
21/01/2029 12:00,2029012112,Sunday,Market Close
21/01/2029 13:00,2029012113,Sunday,Market Close
21/01/2029 14:00,2029012114,Sunday,Market Close
21/01/2029 15:00,2029012115,Sunday,Market Close
21/01/2029 16:00,2029012116,Sunday,Market Close
21/01/2029 17:00,2029012117,Sunday,Market Close
21/01/2029 18:00,2029012118,Sunday,Market Close
21/01/2029 19:00,2029012119,Sunday,Market Close
21/01/2029 20:00,2029012120,Sunday,Market Close
21/01/2029 21:00,2029012121,Sunday,Market Close
26/01/2029 22:00,2029012622,Friday,Market Close
26/01/2029 23:00,2029012623,Friday,Market Close
27/01/2029 0:00,2029012700,Saturday,Market Close
27/01/2029 1:00,2029012701,Saturday,Market Close
27/01/2029 2:00,2029012702,Saturday,Market Close
27/01/2029 3:00,2029012703,Saturday,Market Close
27/01/2029 4:00,2029012704,Saturday,Market Close
27/01/2029 5:00,2029012705,Saturday,Market Close
27/01/2029 6:00,2029012706,Saturday,Market Close
27/01/2029 7:00,2029012707,Saturday,Market Close
27/01/2029 8:00,2029012708,Saturday,Market Close
27/01/2029 9:00,2029012709,Saturday,Market Close
27/01/2029 10:00,2029012710,Saturday,Market Close
27/01/2029 11:00,2029012711,Saturday,Market Close
27/01/2029 12:00,2029012712,Saturday,Market Close
27/01/2029 13:00,2029012713,Saturday,Market Close
27/01/2029 14:00,2029012714,Saturday,Market Close
27/01/2029 15:00,2029012715,Saturday,Market Close
27/01/2029 16:00,2029012716,Saturday,Market Close
27/01/2029 17:00,2029012717,Saturday,Market Close
27/01/2029 18:00,2029012718,Saturday,Market Close
27/01/2029 19:00,2029012719,Saturday,Market Close
27/01/2029 20:00,2029012720,Saturday,Market Close
27/01/2029 21:00,2029012721,Saturday,Market Close
27/01/2029 22:00,2029012722,Saturday,Market Close
27/01/2029 23:00,2029012723,Saturday,Market Close
28/01/2029 0:00,2029012800,Sunday,Market Close
28/01/2029 1:00,2029012801,Sunday,Market Close
28/01/2029 2:00,2029012802,Sunday,Market Close
28/01/2029 3:00,2029012803,Sunday,Market Close
28/01/2029 4:00,2029012804,Sunday,Market Close
28/01/2029 5:00,2029012805,Sunday,Market Close
28/01/2029 6:00,2029012806,Sunday,Market Close
28/01/2029 7:00,2029012807,Sunday,Market Close
28/01/2029 8:00,2029012808,Sunday,Market Close
28/01/2029 9:00,2029012809,Sunday,Market Close
28/01/2029 10:00,2029012810,Sunday,Market Close
28/01/2029 11:00,2029012811,Sunday,Market Close
28/01/2029 12:00,2029012812,Sunday,Market Close
28/01/2029 13:00,2029012813,Sunday,Market Close
28/01/2029 14:00,2029012814,Sunday,Market Close
28/01/2029 15:00,2029012815,Sunday,Market Close
28/01/2029 16:00,2029012816,Sunday,Market Close
28/01/2029 17:00,2029012817,Sunday,Market Close
28/01/2029 18:00,2029012818,Sunday,Market Close
28/01/2029 19:00,2029012819,Sunday,Market Close
28/01/2029 20:00,2029012820,Sunday,Market Close
28/01/2029 21:00,2029012821,Sunday,Market Close
2/02/2029 22:00,2029020222,Friday,Market Close
2/02/2029 23:00,2029020223,Friday,Market Close
3/02/2029 0:00,2029020300,Saturday,Market Close
3/02/2029 1:00,2029020301,Saturday,Market Close
3/02/2029 2:00,2029020302,Saturday,Market Close
3/02/2029 3:00,2029020303,Saturday,Market Close
3/02/2029 4:00,2029020304,Saturday,Market Close
3/02/2029 5:00,2029020305,Saturday,Market Close
3/02/2029 6:00,2029020306,Saturday,Market Close
3/02/2029 7:00,2029020307,Saturday,Market Close
3/02/2029 8:00,2029020308,Saturday,Market Close
3/02/2029 9:00,2029020309,Saturday,Market Close
3/02/2029 10:00,2029020310,Saturday,Market Close
3/02/2029 11:00,2029020311,Saturday,Market Close
3/02/2029 12:00,2029020312,Saturday,Market Close
3/02/2029 13:00,2029020313,Saturday,Market Close
3/02/2029 14:00,2029020314,Saturday,Market Close
3/02/2029 15:00,2029020315,Saturday,Market Close
3/02/2029 16:00,2029020316,Saturday,Market Close
3/02/2029 17:00,2029020317,Saturday,Market Close
3/02/2029 18:00,2029020318,Saturday,Market Close
3/02/2029 19:00,2029020319,Saturday,Market Close
3/02/2029 20:00,2029020320,Saturday,Market Close
3/02/2029 21:00,2029020321,Saturday,Market Close
3/02/2029 22:00,2029020322,Saturday,Market Close
3/02/2029 23:00,2029020323,Saturday,Market Close
4/02/2029 0:00,2029020400,Sunday,Market Close
4/02/2029 1:00,2029020401,Sunday,Market Close
4/02/2029 2:00,2029020402,Sunday,Market Close
4/02/2029 3:00,2029020403,Sunday,Market Close
4/02/2029 4:00,2029020404,Sunday,Market Close
4/02/2029 5:00,2029020405,Sunday,Market Close
4/02/2029 6:00,2029020406,Sunday,Market Close
4/02/2029 7:00,2029020407,Sunday,Market Close
4/02/2029 8:00,2029020408,Sunday,Market Close
4/02/2029 9:00,2029020409,Sunday,Market Close
4/02/2029 10:00,2029020410,Sunday,Market Close
4/02/2029 11:00,2029020411,Sunday,Market Close
4/02/2029 12:00,2029020412,Sunday,Market Close
4/02/2029 13:00,2029020413,Sunday,Market Close
4/02/2029 14:00,2029020414,Sunday,Market Close
4/02/2029 15:00,2029020415,Sunday,Market Close
4/02/2029 16:00,2029020416,Sunday,Market Close
4/02/2029 17:00,2029020417,Sunday,Market Close
4/02/2029 18:00,2029020418,Sunday,Market Close
4/02/2029 19:00,2029020419,Sunday,Market Close
4/02/2029 20:00,2029020420,Sunday,Market Close
4/02/2029 21:00,2029020421,Sunday,Market Close
9/02/2029 22:00,2029020922,Friday,Market Close
9/02/2029 23:00,2029020923,Friday,Market Close
10/02/2029 0:00,2029021000,Saturday,Market Close
10/02/2029 1:00,2029021001,Saturday,Market Close
10/02/2029 2:00,2029021002,Saturday,Market Close
10/02/2029 3:00,2029021003,Saturday,Market Close
10/02/2029 4:00,2029021004,Saturday,Market Close
10/02/2029 5:00,2029021005,Saturday,Market Close
10/02/2029 6:00,2029021006,Saturday,Market Close
10/02/2029 7:00,2029021007,Saturday,Market Close
10/02/2029 8:00,2029021008,Saturday,Market Close
10/02/2029 9:00,2029021009,Saturday,Market Close
10/02/2029 10:00,2029021010,Saturday,Market Close
10/02/2029 11:00,2029021011,Saturday,Market Close
10/02/2029 12:00,2029021012,Saturday,Market Close
10/02/2029 13:00,2029021013,Saturday,Market Close
10/02/2029 14:00,2029021014,Saturday,Market Close
10/02/2029 15:00,2029021015,Saturday,Market Close
10/02/2029 16:00,2029021016,Saturday,Market Close
10/02/2029 17:00,2029021017,Saturday,Market Close
10/02/2029 18:00,2029021018,Saturday,Market Close
10/02/2029 19:00,2029021019,Saturday,Market Close
10/02/2029 20:00,2029021020,Saturday,Market Close
10/02/2029 21:00,2029021021,Saturday,Market Close
10/02/2029 22:00,2029021022,Saturday,Market Close
10/02/2029 23:00,2029021023,Saturday,Market Close
11/02/2029 0:00,2029021100,Sunday,Market Close
11/02/2029 1:00,2029021101,Sunday,Market Close
11/02/2029 2:00,2029021102,Sunday,Market Close
11/02/2029 3:00,2029021103,Sunday,Market Close
11/02/2029 4:00,2029021104,Sunday,Market Close
11/02/2029 5:00,2029021105,Sunday,Market Close
11/02/2029 6:00,2029021106,Sunday,Market Close
11/02/2029 7:00,2029021107,Sunday,Market Close
11/02/2029 8:00,2029021108,Sunday,Market Close
11/02/2029 9:00,2029021109,Sunday,Market Close
11/02/2029 10:00,2029021110,Sunday,Market Close
11/02/2029 11:00,2029021111,Sunday,Market Close
11/02/2029 12:00,2029021112,Sunday,Market Close
11/02/2029 13:00,2029021113,Sunday,Market Close
11/02/2029 14:00,2029021114,Sunday,Market Close
11/02/2029 15:00,2029021115,Sunday,Market Close
11/02/2029 16:00,2029021116,Sunday,Market Close
11/02/2029 17:00,2029021117,Sunday,Market Close
11/02/2029 18:00,2029021118,Sunday,Market Close
11/02/2029 19:00,2029021119,Sunday,Market Close
11/02/2029 20:00,2029021120,Sunday,Market Close
11/02/2029 21:00,2029021121,Sunday,Market Close
16/02/2029 22:00,2029021622,Friday,Market Close
16/02/2029 23:00,2029021623,Friday,Market Close
17/02/2029 0:00,2029021700,Saturday,Market Close
17/02/2029 1:00,2029021701,Saturday,Market Close
17/02/2029 2:00,2029021702,Saturday,Market Close
17/02/2029 3:00,2029021703,Saturday,Market Close
17/02/2029 4:00,2029021704,Saturday,Market Close
17/02/2029 5:00,2029021705,Saturday,Market Close
17/02/2029 6:00,2029021706,Saturday,Market Close
17/02/2029 7:00,2029021707,Saturday,Market Close
17/02/2029 8:00,2029021708,Saturday,Market Close
17/02/2029 9:00,2029021709,Saturday,Market Close
17/02/2029 10:00,2029021710,Saturday,Market Close
17/02/2029 11:00,2029021711,Saturday,Market Close
17/02/2029 12:00,2029021712,Saturday,Market Close
17/02/2029 13:00,2029021713,Saturday,Market Close
17/02/2029 14:00,2029021714,Saturday,Market Close
17/02/2029 15:00,2029021715,Saturday,Market Close
17/02/2029 16:00,2029021716,Saturday,Market Close
17/02/2029 17:00,2029021717,Saturday,Market Close
17/02/2029 18:00,2029021718,Saturday,Market Close
17/02/2029 19:00,2029021719,Saturday,Market Close
17/02/2029 20:00,2029021720,Saturday,Market Close
17/02/2029 21:00,2029021721,Saturday,Market Close
17/02/2029 22:00,2029021722,Saturday,Market Close
17/02/2029 23:00,2029021723,Saturday,Market Close
18/02/2029 0:00,2029021800,Sunday,Market Close
18/02/2029 1:00,2029021801,Sunday,Market Close
18/02/2029 2:00,2029021802,Sunday,Market Close
18/02/2029 3:00,2029021803,Sunday,Market Close
18/02/2029 4:00,2029021804,Sunday,Market Close
18/02/2029 5:00,2029021805,Sunday,Market Close
18/02/2029 6:00,2029021806,Sunday,Market Close
18/02/2029 7:00,2029021807,Sunday,Market Close
18/02/2029 8:00,2029021808,Sunday,Market Close
18/02/2029 9:00,2029021809,Sunday,Market Close
18/02/2029 10:00,2029021810,Sunday,Market Close
18/02/2029 11:00,2029021811,Sunday,Market Close
18/02/2029 12:00,2029021812,Sunday,Market Close
18/02/2029 13:00,2029021813,Sunday,Market Close
18/02/2029 14:00,2029021814,Sunday,Market Close
18/02/2029 15:00,2029021815,Sunday,Market Close
18/02/2029 16:00,2029021816,Sunday,Market Close
18/02/2029 17:00,2029021817,Sunday,Market Close
18/02/2029 18:00,2029021818,Sunday,Market Close
18/02/2029 19:00,2029021819,Sunday,Market Close
18/02/2029 20:00,2029021820,Sunday,Market Close
18/02/2029 21:00,2029021821,Sunday,Market Close
23/02/2029 22:00,2029022322,Friday,Market Close
23/02/2029 23:00,2029022323,Friday,Market Close
24/02/2029 0:00,2029022400,Saturday,Market Close
24/02/2029 1:00,2029022401,Saturday,Market Close
24/02/2029 2:00,2029022402,Saturday,Market Close
24/02/2029 3:00,2029022403,Saturday,Market Close
24/02/2029 4:00,2029022404,Saturday,Market Close
24/02/2029 5:00,2029022405,Saturday,Market Close
24/02/2029 6:00,2029022406,Saturday,Market Close
24/02/2029 7:00,2029022407,Saturday,Market Close
24/02/2029 8:00,2029022408,Saturday,Market Close
24/02/2029 9:00,2029022409,Saturday,Market Close
24/02/2029 10:00,2029022410,Saturday,Market Close
24/02/2029 11:00,2029022411,Saturday,Market Close
24/02/2029 12:00,2029022412,Saturday,Market Close
24/02/2029 13:00,2029022413,Saturday,Market Close
24/02/2029 14:00,2029022414,Saturday,Market Close
24/02/2029 15:00,2029022415,Saturday,Market Close
24/02/2029 16:00,2029022416,Saturday,Market Close
24/02/2029 17:00,2029022417,Saturday,Market Close
24/02/2029 18:00,2029022418,Saturday,Market Close
24/02/2029 19:00,2029022419,Saturday,Market Close
24/02/2029 20:00,2029022420,Saturday,Market Close
24/02/2029 21:00,2029022421,Saturday,Market Close
24/02/2029 22:00,2029022422,Saturday,Market Close
24/02/2029 23:00,2029022423,Saturday,Market Close
25/02/2029 0:00,2029022500,Sunday,Market Close
25/02/2029 1:00,2029022501,Sunday,Market Close
25/02/2029 2:00,2029022502,Sunday,Market Close
25/02/2029 3:00,2029022503,Sunday,Market Close
25/02/2029 4:00,2029022504,Sunday,Market Close
25/02/2029 5:00,2029022505,Sunday,Market Close
25/02/2029 6:00,2029022506,Sunday,Market Close
25/02/2029 7:00,2029022507,Sunday,Market Close
25/02/2029 8:00,2029022508,Sunday,Market Close
25/02/2029 9:00,2029022509,Sunday,Market Close
25/02/2029 10:00,2029022510,Sunday,Market Close
25/02/2029 11:00,2029022511,Sunday,Market Close
25/02/2029 12:00,2029022512,Sunday,Market Close
25/02/2029 13:00,2029022513,Sunday,Market Close
25/02/2029 14:00,2029022514,Sunday,Market Close
25/02/2029 15:00,2029022515,Sunday,Market Close
25/02/2029 16:00,2029022516,Sunday,Market Close
25/02/2029 17:00,2029022517,Sunday,Market Close
25/02/2029 18:00,2029022518,Sunday,Market Close
25/02/2029 19:00,2029022519,Sunday,Market Close
25/02/2029 20:00,2029022520,Sunday,Market Close
25/02/2029 21:00,2029022521,Sunday,Market Close
2/03/2029 22:00,2029030222,Friday,Market Close
2/03/2029 23:00,2029030223,Friday,Market Close
3/03/2029 0:00,2029030300,Saturday,Market Close
3/03/2029 1:00,2029030301,Saturday,Market Close
3/03/2029 2:00,2029030302,Saturday,Market Close
3/03/2029 3:00,2029030303,Saturday,Market Close
3/03/2029 4:00,2029030304,Saturday,Market Close
3/03/2029 5:00,2029030305,Saturday,Market Close
3/03/2029 6:00,2029030306,Saturday,Market Close
3/03/2029 7:00,2029030307,Saturday,Market Close
3/03/2029 8:00,2029030308,Saturday,Market Close
3/03/2029 9:00,2029030309,Saturday,Market Close
3/03/2029 10:00,2029030310,Saturday,Market Close
3/03/2029 11:00,2029030311,Saturday,Market Close
3/03/2029 12:00,2029030312,Saturday,Market Close
3/03/2029 13:00,2029030313,Saturday,Market Close
3/03/2029 14:00,2029030314,Saturday,Market Close
3/03/2029 15:00,2029030315,Saturday,Market Close
3/03/2029 16:00,2029030316,Saturday,Market Close
3/03/2029 17:00,2029030317,Saturday,Market Close
3/03/2029 18:00,2029030318,Saturday,Market Close
3/03/2029 19:00,2029030319,Saturday,Market Close
3/03/2029 20:00,2029030320,Saturday,Market Close
3/03/2029 21:00,2029030321,Saturday,Market Close
3/03/2029 22:00,2029030322,Saturday,Market Close
3/03/2029 23:00,2029030323,Saturday,Market Close
4/03/2029 0:00,2029030400,Sunday,Market Close
4/03/2029 1:00,2029030401,Sunday,Market Close
4/03/2029 2:00,2029030402,Sunday,Market Close
4/03/2029 3:00,2029030403,Sunday,Market Close
4/03/2029 4:00,2029030404,Sunday,Market Close
4/03/2029 5:00,2029030405,Sunday,Market Close
4/03/2029 6:00,2029030406,Sunday,Market Close
4/03/2029 7:00,2029030407,Sunday,Market Close
4/03/2029 8:00,2029030408,Sunday,Market Close
4/03/2029 9:00,2029030409,Sunday,Market Close
4/03/2029 10:00,2029030410,Sunday,Market Close
4/03/2029 11:00,2029030411,Sunday,Market Close
4/03/2029 12:00,2029030412,Sunday,Market Close
4/03/2029 13:00,2029030413,Sunday,Market Close
4/03/2029 14:00,2029030414,Sunday,Market Close
4/03/2029 15:00,2029030415,Sunday,Market Close
4/03/2029 16:00,2029030416,Sunday,Market Close
4/03/2029 17:00,2029030417,Sunday,Market Close
4/03/2029 18:00,2029030418,Sunday,Market Close
4/03/2029 19:00,2029030419,Sunday,Market Close
4/03/2029 20:00,2029030420,Sunday,Market Close
4/03/2029 21:00,2029030421,Sunday,Market Close
9/03/2029 22:00,2029030922,Friday,Market Close
9/03/2029 23:00,2029030923,Friday,Market Close
10/03/2029 0:00,2029031000,Saturday,Market Close
10/03/2029 1:00,2029031001,Saturday,Market Close
10/03/2029 2:00,2029031002,Saturday,Market Close
10/03/2029 3:00,2029031003,Saturday,Market Close
10/03/2029 4:00,2029031004,Saturday,Market Close
10/03/2029 5:00,2029031005,Saturday,Market Close
10/03/2029 6:00,2029031006,Saturday,Market Close
10/03/2029 7:00,2029031007,Saturday,Market Close
10/03/2029 8:00,2029031008,Saturday,Market Close
10/03/2029 9:00,2029031009,Saturday,Market Close
10/03/2029 10:00,2029031010,Saturday,Market Close
10/03/2029 11:00,2029031011,Saturday,Market Close
10/03/2029 12:00,2029031012,Saturday,Market Close
10/03/2029 13:00,2029031013,Saturday,Market Close
10/03/2029 14:00,2029031014,Saturday,Market Close
10/03/2029 15:00,2029031015,Saturday,Market Close
10/03/2029 16:00,2029031016,Saturday,Market Close
10/03/2029 17:00,2029031017,Saturday,Market Close
10/03/2029 18:00,2029031018,Saturday,Market Close
10/03/2029 19:00,2029031019,Saturday,Market Close
10/03/2029 20:00,2029031020,Saturday,Market Close
10/03/2029 21:00,2029031021,Saturday,Market Close
10/03/2029 22:00,2029031022,Saturday,Market Close
10/03/2029 23:00,2029031023,Saturday,Market Close
11/03/2029 0:00,2029031100,Sunday,Market Close
11/03/2029 1:00,2029031101,Sunday,Market Close
11/03/2029 2:00,2029031102,Sunday,Market Close
11/03/2029 3:00,2029031103,Sunday,Market Close
11/03/2029 4:00,2029031104,Sunday,Market Close
11/03/2029 5:00,2029031105,Sunday,Market Close
11/03/2029 6:00,2029031106,Sunday,Market Close
11/03/2029 7:00,2029031107,Sunday,Market Close
11/03/2029 8:00,2029031108,Sunday,Market Close
11/03/2029 9:00,2029031109,Sunday,Market Close
11/03/2029 10:00,2029031110,Sunday,Market Close
11/03/2029 11:00,2029031111,Sunday,Market Close
11/03/2029 12:00,2029031112,Sunday,Market Close
11/03/2029 13:00,2029031113,Sunday,Market Close
11/03/2029 14:00,2029031114,Sunday,Market Close
11/03/2029 15:00,2029031115,Sunday,Market Close
11/03/2029 16:00,2029031116,Sunday,Market Close
11/03/2029 17:00,2029031117,Sunday,Market Close
11/03/2029 18:00,2029031118,Sunday,Market Close
11/03/2029 19:00,2029031119,Sunday,Market Close
11/03/2029 20:00,2029031120,Sunday,Market Close
16/03/2029 21:00,2029031621,Friday,Market Close
16/03/2029 22:00,2029031622,Friday,Market Close
16/03/2029 23:00,2029031623,Friday,Market Close
17/03/2029 0:00,2029031700,Saturday,Market Close
17/03/2029 1:00,2029031701,Saturday,Market Close
17/03/2029 2:00,2029031702,Saturday,Market Close
17/03/2029 3:00,2029031703,Saturday,Market Close
17/03/2029 4:00,2029031704,Saturday,Market Close
17/03/2029 5:00,2029031705,Saturday,Market Close
17/03/2029 6:00,2029031706,Saturday,Market Close
17/03/2029 7:00,2029031707,Saturday,Market Close
17/03/2029 8:00,2029031708,Saturday,Market Close
17/03/2029 9:00,2029031709,Saturday,Market Close
17/03/2029 10:00,2029031710,Saturday,Market Close
17/03/2029 11:00,2029031711,Saturday,Market Close
17/03/2029 12:00,2029031712,Saturday,Market Close
17/03/2029 13:00,2029031713,Saturday,Market Close
17/03/2029 14:00,2029031714,Saturday,Market Close
17/03/2029 15:00,2029031715,Saturday,Market Close
17/03/2029 16:00,2029031716,Saturday,Market Close
17/03/2029 17:00,2029031717,Saturday,Market Close
17/03/2029 18:00,2029031718,Saturday,Market Close
17/03/2029 19:00,2029031719,Saturday,Market Close
17/03/2029 20:00,2029031720,Saturday,Market Close
17/03/2029 21:00,2029031721,Saturday,Market Close
17/03/2029 22:00,2029031722,Saturday,Market Close
17/03/2029 23:00,2029031723,Saturday,Market Close
18/03/2029 0:00,2029031800,Sunday,Market Close
18/03/2029 1:00,2029031801,Sunday,Market Close
18/03/2029 2:00,2029031802,Sunday,Market Close
18/03/2029 3:00,2029031803,Sunday,Market Close
18/03/2029 4:00,2029031804,Sunday,Market Close
18/03/2029 5:00,2029031805,Sunday,Market Close
18/03/2029 6:00,2029031806,Sunday,Market Close
18/03/2029 7:00,2029031807,Sunday,Market Close
18/03/2029 8:00,2029031808,Sunday,Market Close
18/03/2029 9:00,2029031809,Sunday,Market Close
18/03/2029 10:00,2029031810,Sunday,Market Close
18/03/2029 11:00,2029031811,Sunday,Market Close
18/03/2029 12:00,2029031812,Sunday,Market Close
18/03/2029 13:00,2029031813,Sunday,Market Close
18/03/2029 14:00,2029031814,Sunday,Market Close
18/03/2029 15:00,2029031815,Sunday,Market Close
18/03/2029 16:00,2029031816,Sunday,Market Close
18/03/2029 17:00,2029031817,Sunday,Market Close
18/03/2029 18:00,2029031818,Sunday,Market Close
18/03/2029 19:00,2029031819,Sunday,Market Close
18/03/2029 20:00,2029031820,Sunday,Market Close
23/03/2029 21:00,2029032321,Friday,Market Close
23/03/2029 22:00,2029032322,Friday,Market Close
23/03/2029 23:00,2029032323,Friday,Market Close
24/03/2029 0:00,2029032400,Saturday,Market Close
24/03/2029 1:00,2029032401,Saturday,Market Close
24/03/2029 2:00,2029032402,Saturday,Market Close
24/03/2029 3:00,2029032403,Saturday,Market Close
24/03/2029 4:00,2029032404,Saturday,Market Close
24/03/2029 5:00,2029032405,Saturday,Market Close
24/03/2029 6:00,2029032406,Saturday,Market Close
24/03/2029 7:00,2029032407,Saturday,Market Close
24/03/2029 8:00,2029032408,Saturday,Market Close
24/03/2029 9:00,2029032409,Saturday,Market Close
24/03/2029 10:00,2029032410,Saturday,Market Close
24/03/2029 11:00,2029032411,Saturday,Market Close
24/03/2029 12:00,2029032412,Saturday,Market Close
24/03/2029 13:00,2029032413,Saturday,Market Close
24/03/2029 14:00,2029032414,Saturday,Market Close
24/03/2029 15:00,2029032415,Saturday,Market Close
24/03/2029 16:00,2029032416,Saturday,Market Close
24/03/2029 17:00,2029032417,Saturday,Market Close
24/03/2029 18:00,2029032418,Saturday,Market Close
24/03/2029 19:00,2029032419,Saturday,Market Close
24/03/2029 20:00,2029032420,Saturday,Market Close
24/03/2029 21:00,2029032421,Saturday,Market Close
24/03/2029 22:00,2029032422,Saturday,Market Close
24/03/2029 23:00,2029032423,Saturday,Market Close
25/03/2029 0:00,2029032500,Sunday,Market Close
25/03/2029 1:00,2029032501,Sunday,Market Close
25/03/2029 2:00,2029032502,Sunday,Market Close
25/03/2029 3:00,2029032503,Sunday,Market Close
25/03/2029 4:00,2029032504,Sunday,Market Close
25/03/2029 5:00,2029032505,Sunday,Market Close
25/03/2029 6:00,2029032506,Sunday,Market Close
25/03/2029 7:00,2029032507,Sunday,Market Close
25/03/2029 8:00,2029032508,Sunday,Market Close
25/03/2029 9:00,2029032509,Sunday,Market Close
25/03/2029 10:00,2029032510,Sunday,Market Close
25/03/2029 11:00,2029032511,Sunday,Market Close
25/03/2029 12:00,2029032512,Sunday,Market Close
25/03/2029 13:00,2029032513,Sunday,Market Close
25/03/2029 14:00,2029032514,Sunday,Market Close
25/03/2029 15:00,2029032515,Sunday,Market Close
25/03/2029 16:00,2029032516,Sunday,Market Close
25/03/2029 17:00,2029032517,Sunday,Market Close
25/03/2029 18:00,2029032518,Sunday,Market Close
25/03/2029 19:00,2029032519,Sunday,Market Close
25/03/2029 20:00,2029032520,Sunday,Market Close
30/03/2029 21:00,2029033021,Friday,Market Close
30/03/2029 22:00,2029033022,Friday,Market Close
30/03/2029 23:00,2029033023,Friday,Market Close
31/03/2029 0:00,2029033100,Saturday,Market Close
31/03/2029 1:00,2029033101,Saturday,Market Close
31/03/2029 2:00,2029033102,Saturday,Market Close
31/03/2029 3:00,2029033103,Saturday,Market Close
31/03/2029 4:00,2029033104,Saturday,Market Close
31/03/2029 5:00,2029033105,Saturday,Market Close
31/03/2029 6:00,2029033106,Saturday,Market Close
31/03/2029 7:00,2029033107,Saturday,Market Close
31/03/2029 8:00,2029033108,Saturday,Market Close
31/03/2029 9:00,2029033109,Saturday,Market Close
31/03/2029 10:00,2029033110,Saturday,Market Close
31/03/2029 11:00,2029033111,Saturday,Market Close
31/03/2029 12:00,2029033112,Saturday,Market Close
31/03/2029 13:00,2029033113,Saturday,Market Close
31/03/2029 14:00,2029033114,Saturday,Market Close
31/03/2029 15:00,2029033115,Saturday,Market Close
31/03/2029 16:00,2029033116,Saturday,Market Close
31/03/2029 17:00,2029033117,Saturday,Market Close
31/03/2029 18:00,2029033118,Saturday,Market Close
31/03/2029 19:00,2029033119,Saturday,Market Close
31/03/2029 20:00,2029033120,Saturday,Market Close
31/03/2029 21:00,2029033121,Saturday,Market Close
31/03/2029 22:00,2029033122,Saturday,Market Close
31/03/2029 23:00,2029033123,Saturday,Market Close
1/04/2029 0:00,2029040100,Sunday,Market Close
1/04/2029 1:00,2029040101,Sunday,Market Close
1/04/2029 2:00,2029040102,Sunday,Market Close
1/04/2029 3:00,2029040103,Sunday,Market Close
1/04/2029 4:00,2029040104,Sunday,Market Close
1/04/2029 5:00,2029040105,Sunday,Market Close
1/04/2029 6:00,2029040106,Sunday,Market Close
1/04/2029 7:00,2029040107,Sunday,Market Close
1/04/2029 8:00,2029040108,Sunday,Market Close
1/04/2029 9:00,2029040109,Sunday,Market Close
1/04/2029 10:00,2029040110,Sunday,Market Close
1/04/2029 11:00,2029040111,Sunday,Market Close
1/04/2029 12:00,2029040112,Sunday,Market Close
1/04/2029 13:00,2029040113,Sunday,Market Close
1/04/2029 14:00,2029040114,Sunday,Market Close
1/04/2029 15:00,2029040115,Sunday,Market Close
1/04/2029 16:00,2029040116,Sunday,Market Close
1/04/2029 17:00,2029040117,Sunday,Market Close
1/04/2029 18:00,2029040118,Sunday,Market Close
1/04/2029 19:00,2029040119,Sunday,Market Close
1/04/2029 20:00,2029040120,Sunday,Market Close
6/04/2029 21:00,2029040621,Friday,Market Close
6/04/2029 22:00,2029040622,Friday,Market Close
6/04/2029 23:00,2029040623,Friday,Market Close
7/04/2029 0:00,2029040700,Saturday,Market Close
7/04/2029 1:00,2029040701,Saturday,Market Close
7/04/2029 2:00,2029040702,Saturday,Market Close
7/04/2029 3:00,2029040703,Saturday,Market Close
7/04/2029 4:00,2029040704,Saturday,Market Close
7/04/2029 5:00,2029040705,Saturday,Market Close
7/04/2029 6:00,2029040706,Saturday,Market Close
7/04/2029 7:00,2029040707,Saturday,Market Close
7/04/2029 8:00,2029040708,Saturday,Market Close
7/04/2029 9:00,2029040709,Saturday,Market Close
7/04/2029 10:00,2029040710,Saturday,Market Close
7/04/2029 11:00,2029040711,Saturday,Market Close
7/04/2029 12:00,2029040712,Saturday,Market Close
7/04/2029 13:00,2029040713,Saturday,Market Close
7/04/2029 14:00,2029040714,Saturday,Market Close
7/04/2029 15:00,2029040715,Saturday,Market Close
7/04/2029 16:00,2029040716,Saturday,Market Close
7/04/2029 17:00,2029040717,Saturday,Market Close
7/04/2029 18:00,2029040718,Saturday,Market Close
7/04/2029 19:00,2029040719,Saturday,Market Close
7/04/2029 20:00,2029040720,Saturday,Market Close
7/04/2029 21:00,2029040721,Saturday,Market Close
7/04/2029 22:00,2029040722,Saturday,Market Close
7/04/2029 23:00,2029040723,Saturday,Market Close
8/04/2029 0:00,2029040800,Sunday,Market Close
8/04/2029 1:00,2029040801,Sunday,Market Close
8/04/2029 2:00,2029040802,Sunday,Market Close
8/04/2029 3:00,2029040803,Sunday,Market Close
8/04/2029 4:00,2029040804,Sunday,Market Close
8/04/2029 5:00,2029040805,Sunday,Market Close
8/04/2029 6:00,2029040806,Sunday,Market Close
8/04/2029 7:00,2029040807,Sunday,Market Close
8/04/2029 8:00,2029040808,Sunday,Market Close
8/04/2029 9:00,2029040809,Sunday,Market Close
8/04/2029 10:00,2029040810,Sunday,Market Close
8/04/2029 11:00,2029040811,Sunday,Market Close
8/04/2029 12:00,2029040812,Sunday,Market Close
8/04/2029 13:00,2029040813,Sunday,Market Close
8/04/2029 14:00,2029040814,Sunday,Market Close
8/04/2029 15:00,2029040815,Sunday,Market Close
8/04/2029 16:00,2029040816,Sunday,Market Close
8/04/2029 17:00,2029040817,Sunday,Market Close
8/04/2029 18:00,2029040818,Sunday,Market Close
8/04/2029 19:00,2029040819,Sunday,Market Close
8/04/2029 20:00,2029040820,Sunday,Market Close
13/04/2029 21:00,2029041321,Friday,Market Close
13/04/2029 22:00,2029041322,Friday,Market Close
13/04/2029 23:00,2029041323,Friday,Market Close
14/04/2029 0:00,2029041400,Saturday,Market Close
14/04/2029 1:00,2029041401,Saturday,Market Close
14/04/2029 2:00,2029041402,Saturday,Market Close
14/04/2029 3:00,2029041403,Saturday,Market Close
14/04/2029 4:00,2029041404,Saturday,Market Close
14/04/2029 5:00,2029041405,Saturday,Market Close
14/04/2029 6:00,2029041406,Saturday,Market Close
14/04/2029 7:00,2029041407,Saturday,Market Close
14/04/2029 8:00,2029041408,Saturday,Market Close
14/04/2029 9:00,2029041409,Saturday,Market Close
14/04/2029 10:00,2029041410,Saturday,Market Close
14/04/2029 11:00,2029041411,Saturday,Market Close
14/04/2029 12:00,2029041412,Saturday,Market Close
14/04/2029 13:00,2029041413,Saturday,Market Close
14/04/2029 14:00,2029041414,Saturday,Market Close
14/04/2029 15:00,2029041415,Saturday,Market Close
14/04/2029 16:00,2029041416,Saturday,Market Close
14/04/2029 17:00,2029041417,Saturday,Market Close
14/04/2029 18:00,2029041418,Saturday,Market Close
14/04/2029 19:00,2029041419,Saturday,Market Close
14/04/2029 20:00,2029041420,Saturday,Market Close
14/04/2029 21:00,2029041421,Saturday,Market Close
14/04/2029 22:00,2029041422,Saturday,Market Close
14/04/2029 23:00,2029041423,Saturday,Market Close
15/04/2029 0:00,2029041500,Sunday,Market Close
15/04/2029 1:00,2029041501,Sunday,Market Close
15/04/2029 2:00,2029041502,Sunday,Market Close
15/04/2029 3:00,2029041503,Sunday,Market Close
15/04/2029 4:00,2029041504,Sunday,Market Close
15/04/2029 5:00,2029041505,Sunday,Market Close
15/04/2029 6:00,2029041506,Sunday,Market Close
15/04/2029 7:00,2029041507,Sunday,Market Close
15/04/2029 8:00,2029041508,Sunday,Market Close
15/04/2029 9:00,2029041509,Sunday,Market Close
15/04/2029 10:00,2029041510,Sunday,Market Close
15/04/2029 11:00,2029041511,Sunday,Market Close
15/04/2029 12:00,2029041512,Sunday,Market Close
15/04/2029 13:00,2029041513,Sunday,Market Close
15/04/2029 14:00,2029041514,Sunday,Market Close
15/04/2029 15:00,2029041515,Sunday,Market Close
15/04/2029 16:00,2029041516,Sunday,Market Close
15/04/2029 17:00,2029041517,Sunday,Market Close
15/04/2029 18:00,2029041518,Sunday,Market Close
15/04/2029 19:00,2029041519,Sunday,Market Close
15/04/2029 20:00,2029041520,Sunday,Market Close
20/04/2029 21:00,2029042021,Friday,Market Close
20/04/2029 22:00,2029042022,Friday,Market Close
20/04/2029 23:00,2029042023,Friday,Market Close
21/04/2029 0:00,2029042100,Saturday,Market Close
21/04/2029 1:00,2029042101,Saturday,Market Close
21/04/2029 2:00,2029042102,Saturday,Market Close
21/04/2029 3:00,2029042103,Saturday,Market Close
21/04/2029 4:00,2029042104,Saturday,Market Close
21/04/2029 5:00,2029042105,Saturday,Market Close
21/04/2029 6:00,2029042106,Saturday,Market Close
21/04/2029 7:00,2029042107,Saturday,Market Close
21/04/2029 8:00,2029042108,Saturday,Market Close
21/04/2029 9:00,2029042109,Saturday,Market Close
21/04/2029 10:00,2029042110,Saturday,Market Close
21/04/2029 11:00,2029042111,Saturday,Market Close
21/04/2029 12:00,2029042112,Saturday,Market Close
21/04/2029 13:00,2029042113,Saturday,Market Close
21/04/2029 14:00,2029042114,Saturday,Market Close
21/04/2029 15:00,2029042115,Saturday,Market Close
21/04/2029 16:00,2029042116,Saturday,Market Close
21/04/2029 17:00,2029042117,Saturday,Market Close
21/04/2029 18:00,2029042118,Saturday,Market Close
21/04/2029 19:00,2029042119,Saturday,Market Close
21/04/2029 20:00,2029042120,Saturday,Market Close
21/04/2029 21:00,2029042121,Saturday,Market Close
21/04/2029 22:00,2029042122,Saturday,Market Close
21/04/2029 23:00,2029042123,Saturday,Market Close
22/04/2029 0:00,2029042200,Sunday,Market Close
22/04/2029 1:00,2029042201,Sunday,Market Close
22/04/2029 2:00,2029042202,Sunday,Market Close
22/04/2029 3:00,2029042203,Sunday,Market Close
22/04/2029 4:00,2029042204,Sunday,Market Close
22/04/2029 5:00,2029042205,Sunday,Market Close
22/04/2029 6:00,2029042206,Sunday,Market Close
22/04/2029 7:00,2029042207,Sunday,Market Close
22/04/2029 8:00,2029042208,Sunday,Market Close
22/04/2029 9:00,2029042209,Sunday,Market Close
22/04/2029 10:00,2029042210,Sunday,Market Close
22/04/2029 11:00,2029042211,Sunday,Market Close
22/04/2029 12:00,2029042212,Sunday,Market Close
22/04/2029 13:00,2029042213,Sunday,Market Close
22/04/2029 14:00,2029042214,Sunday,Market Close
22/04/2029 15:00,2029042215,Sunday,Market Close
22/04/2029 16:00,2029042216,Sunday,Market Close
22/04/2029 17:00,2029042217,Sunday,Market Close
22/04/2029 18:00,2029042218,Sunday,Market Close
22/04/2029 19:00,2029042219,Sunday,Market Close
22/04/2029 20:00,2029042220,Sunday,Market Close
27/04/2029 21:00,2029042721,Friday,Market Close
27/04/2029 22:00,2029042722,Friday,Market Close
27/04/2029 23:00,2029042723,Friday,Market Close
28/04/2029 0:00,2029042800,Saturday,Market Close
28/04/2029 1:00,2029042801,Saturday,Market Close
28/04/2029 2:00,2029042802,Saturday,Market Close
28/04/2029 3:00,2029042803,Saturday,Market Close
28/04/2029 4:00,2029042804,Saturday,Market Close
28/04/2029 5:00,2029042805,Saturday,Market Close
28/04/2029 6:00,2029042806,Saturday,Market Close
28/04/2029 7:00,2029042807,Saturday,Market Close
28/04/2029 8:00,2029042808,Saturday,Market Close
28/04/2029 9:00,2029042809,Saturday,Market Close
28/04/2029 10:00,2029042810,Saturday,Market Close
28/04/2029 11:00,2029042811,Saturday,Market Close
28/04/2029 12:00,2029042812,Saturday,Market Close
28/04/2029 13:00,2029042813,Saturday,Market Close
28/04/2029 14:00,2029042814,Saturday,Market Close
28/04/2029 15:00,2029042815,Saturday,Market Close
28/04/2029 16:00,2029042816,Saturday,Market Close
28/04/2029 17:00,2029042817,Saturday,Market Close
28/04/2029 18:00,2029042818,Saturday,Market Close
28/04/2029 19:00,2029042819,Saturday,Market Close
28/04/2029 20:00,2029042820,Saturday,Market Close
28/04/2029 21:00,2029042821,Saturday,Market Close
28/04/2029 22:00,2029042822,Saturday,Market Close
28/04/2029 23:00,2029042823,Saturday,Market Close
29/04/2029 0:00,2029042900,Sunday,Market Close
29/04/2029 1:00,2029042901,Sunday,Market Close
29/04/2029 2:00,2029042902,Sunday,Market Close
29/04/2029 3:00,2029042903,Sunday,Market Close
29/04/2029 4:00,2029042904,Sunday,Market Close
29/04/2029 5:00,2029042905,Sunday,Market Close
29/04/2029 6:00,2029042906,Sunday,Market Close
29/04/2029 7:00,2029042907,Sunday,Market Close
29/04/2029 8:00,2029042908,Sunday,Market Close
29/04/2029 9:00,2029042909,Sunday,Market Close
29/04/2029 10:00,2029042910,Sunday,Market Close
29/04/2029 11:00,2029042911,Sunday,Market Close
29/04/2029 12:00,2029042912,Sunday,Market Close
29/04/2029 13:00,2029042913,Sunday,Market Close
29/04/2029 14:00,2029042914,Sunday,Market Close
29/04/2029 15:00,2029042915,Sunday,Market Close
29/04/2029 16:00,2029042916,Sunday,Market Close
29/04/2029 17:00,2029042917,Sunday,Market Close
29/04/2029 18:00,2029042918,Sunday,Market Close
29/04/2029 19:00,2029042919,Sunday,Market Close
29/04/2029 20:00,2029042920,Sunday,Market Close
4/05/2029 21:00,2029050421,Friday,Market Close
4/05/2029 22:00,2029050422,Friday,Market Close
4/05/2029 23:00,2029050423,Friday,Market Close
5/05/2029 0:00,2029050500,Saturday,Market Close
5/05/2029 1:00,2029050501,Saturday,Market Close
5/05/2029 2:00,2029050502,Saturday,Market Close
5/05/2029 3:00,2029050503,Saturday,Market Close
5/05/2029 4:00,2029050504,Saturday,Market Close
5/05/2029 5:00,2029050505,Saturday,Market Close
5/05/2029 6:00,2029050506,Saturday,Market Close
5/05/2029 7:00,2029050507,Saturday,Market Close
5/05/2029 8:00,2029050508,Saturday,Market Close
5/05/2029 9:00,2029050509,Saturday,Market Close
5/05/2029 10:00,2029050510,Saturday,Market Close
5/05/2029 11:00,2029050511,Saturday,Market Close
5/05/2029 12:00,2029050512,Saturday,Market Close
5/05/2029 13:00,2029050513,Saturday,Market Close
5/05/2029 14:00,2029050514,Saturday,Market Close
5/05/2029 15:00,2029050515,Saturday,Market Close
5/05/2029 16:00,2029050516,Saturday,Market Close
5/05/2029 17:00,2029050517,Saturday,Market Close
5/05/2029 18:00,2029050518,Saturday,Market Close
5/05/2029 19:00,2029050519,Saturday,Market Close
5/05/2029 20:00,2029050520,Saturday,Market Close
5/05/2029 21:00,2029050521,Saturday,Market Close
5/05/2029 22:00,2029050522,Saturday,Market Close
5/05/2029 23:00,2029050523,Saturday,Market Close
6/05/2029 0:00,2029050600,Sunday,Market Close
6/05/2029 1:00,2029050601,Sunday,Market Close
6/05/2029 2:00,2029050602,Sunday,Market Close
6/05/2029 3:00,2029050603,Sunday,Market Close
6/05/2029 4:00,2029050604,Sunday,Market Close
6/05/2029 5:00,2029050605,Sunday,Market Close
6/05/2029 6:00,2029050606,Sunday,Market Close
6/05/2029 7:00,2029050607,Sunday,Market Close
6/05/2029 8:00,2029050608,Sunday,Market Close
6/05/2029 9:00,2029050609,Sunday,Market Close
6/05/2029 10:00,2029050610,Sunday,Market Close
6/05/2029 11:00,2029050611,Sunday,Market Close
6/05/2029 12:00,2029050612,Sunday,Market Close
6/05/2029 13:00,2029050613,Sunday,Market Close
6/05/2029 14:00,2029050614,Sunday,Market Close
6/05/2029 15:00,2029050615,Sunday,Market Close
6/05/2029 16:00,2029050616,Sunday,Market Close
6/05/2029 17:00,2029050617,Sunday,Market Close
6/05/2029 18:00,2029050618,Sunday,Market Close
6/05/2029 19:00,2029050619,Sunday,Market Close
6/05/2029 20:00,2029050620,Sunday,Market Close
11/05/2029 21:00,2029051121,Friday,Market Close
11/05/2029 22:00,2029051122,Friday,Market Close
11/05/2029 23:00,2029051123,Friday,Market Close
12/05/2029 0:00,2029051200,Saturday,Market Close
12/05/2029 1:00,2029051201,Saturday,Market Close
12/05/2029 2:00,2029051202,Saturday,Market Close
12/05/2029 3:00,2029051203,Saturday,Market Close
12/05/2029 4:00,2029051204,Saturday,Market Close
12/05/2029 5:00,2029051205,Saturday,Market Close
12/05/2029 6:00,2029051206,Saturday,Market Close
12/05/2029 7:00,2029051207,Saturday,Market Close
12/05/2029 8:00,2029051208,Saturday,Market Close
12/05/2029 9:00,2029051209,Saturday,Market Close
12/05/2029 10:00,2029051210,Saturday,Market Close
12/05/2029 11:00,2029051211,Saturday,Market Close
12/05/2029 12:00,2029051212,Saturday,Market Close
12/05/2029 13:00,2029051213,Saturday,Market Close
12/05/2029 14:00,2029051214,Saturday,Market Close
12/05/2029 15:00,2029051215,Saturday,Market Close
12/05/2029 16:00,2029051216,Saturday,Market Close
12/05/2029 17:00,2029051217,Saturday,Market Close
12/05/2029 18:00,2029051218,Saturday,Market Close
12/05/2029 19:00,2029051219,Saturday,Market Close
12/05/2029 20:00,2029051220,Saturday,Market Close
12/05/2029 21:00,2029051221,Saturday,Market Close
12/05/2029 22:00,2029051222,Saturday,Market Close
12/05/2029 23:00,2029051223,Saturday,Market Close
13/05/2029 0:00,2029051300,Sunday,Market Close
13/05/2029 1:00,2029051301,Sunday,Market Close
13/05/2029 2:00,2029051302,Sunday,Market Close
13/05/2029 3:00,2029051303,Sunday,Market Close
13/05/2029 4:00,2029051304,Sunday,Market Close
13/05/2029 5:00,2029051305,Sunday,Market Close
13/05/2029 6:00,2029051306,Sunday,Market Close
13/05/2029 7:00,2029051307,Sunday,Market Close
13/05/2029 8:00,2029051308,Sunday,Market Close
13/05/2029 9:00,2029051309,Sunday,Market Close
13/05/2029 10:00,2029051310,Sunday,Market Close
13/05/2029 11:00,2029051311,Sunday,Market Close
13/05/2029 12:00,2029051312,Sunday,Market Close
13/05/2029 13:00,2029051313,Sunday,Market Close
13/05/2029 14:00,2029051314,Sunday,Market Close
13/05/2029 15:00,2029051315,Sunday,Market Close
13/05/2029 16:00,2029051316,Sunday,Market Close
13/05/2029 17:00,2029051317,Sunday,Market Close
13/05/2029 18:00,2029051318,Sunday,Market Close
13/05/2029 19:00,2029051319,Sunday,Market Close
13/05/2029 20:00,2029051320,Sunday,Market Close
18/05/2029 21:00,2029051821,Friday,Market Close
18/05/2029 22:00,2029051822,Friday,Market Close
18/05/2029 23:00,2029051823,Friday,Market Close
19/05/2029 0:00,2029051900,Saturday,Market Close
19/05/2029 1:00,2029051901,Saturday,Market Close
19/05/2029 2:00,2029051902,Saturday,Market Close
19/05/2029 3:00,2029051903,Saturday,Market Close
19/05/2029 4:00,2029051904,Saturday,Market Close
19/05/2029 5:00,2029051905,Saturday,Market Close
19/05/2029 6:00,2029051906,Saturday,Market Close
19/05/2029 7:00,2029051907,Saturday,Market Close
19/05/2029 8:00,2029051908,Saturday,Market Close
19/05/2029 9:00,2029051909,Saturday,Market Close
19/05/2029 10:00,2029051910,Saturday,Market Close
19/05/2029 11:00,2029051911,Saturday,Market Close
19/05/2029 12:00,2029051912,Saturday,Market Close
19/05/2029 13:00,2029051913,Saturday,Market Close
19/05/2029 14:00,2029051914,Saturday,Market Close
19/05/2029 15:00,2029051915,Saturday,Market Close
19/05/2029 16:00,2029051916,Saturday,Market Close
19/05/2029 17:00,2029051917,Saturday,Market Close
19/05/2029 18:00,2029051918,Saturday,Market Close
19/05/2029 19:00,2029051919,Saturday,Market Close
19/05/2029 20:00,2029051920,Saturday,Market Close
19/05/2029 21:00,2029051921,Saturday,Market Close
19/05/2029 22:00,2029051922,Saturday,Market Close
19/05/2029 23:00,2029051923,Saturday,Market Close
20/05/2029 0:00,2029052000,Sunday,Market Close
20/05/2029 1:00,2029052001,Sunday,Market Close
20/05/2029 2:00,2029052002,Sunday,Market Close
20/05/2029 3:00,2029052003,Sunday,Market Close
20/05/2029 4:00,2029052004,Sunday,Market Close
20/05/2029 5:00,2029052005,Sunday,Market Close
20/05/2029 6:00,2029052006,Sunday,Market Close
20/05/2029 7:00,2029052007,Sunday,Market Close
20/05/2029 8:00,2029052008,Sunday,Market Close
20/05/2029 9:00,2029052009,Sunday,Market Close
20/05/2029 10:00,2029052010,Sunday,Market Close
20/05/2029 11:00,2029052011,Sunday,Market Close
20/05/2029 12:00,2029052012,Sunday,Market Close
20/05/2029 13:00,2029052013,Sunday,Market Close
20/05/2029 14:00,2029052014,Sunday,Market Close
20/05/2029 15:00,2029052015,Sunday,Market Close
20/05/2029 16:00,2029052016,Sunday,Market Close
20/05/2029 17:00,2029052017,Sunday,Market Close
20/05/2029 18:00,2029052018,Sunday,Market Close
20/05/2029 19:00,2029052019,Sunday,Market Close
20/05/2029 20:00,2029052020,Sunday,Market Close
25/05/2029 21:00,2029052521,Friday,Market Close
25/05/2029 22:00,2029052522,Friday,Market Close
25/05/2029 23:00,2029052523,Friday,Market Close
26/05/2029 0:00,2029052600,Saturday,Market Close
26/05/2029 1:00,2029052601,Saturday,Market Close
26/05/2029 2:00,2029052602,Saturday,Market Close
26/05/2029 3:00,2029052603,Saturday,Market Close
26/05/2029 4:00,2029052604,Saturday,Market Close
26/05/2029 5:00,2029052605,Saturday,Market Close
26/05/2029 6:00,2029052606,Saturday,Market Close
26/05/2029 7:00,2029052607,Saturday,Market Close
26/05/2029 8:00,2029052608,Saturday,Market Close
26/05/2029 9:00,2029052609,Saturday,Market Close
26/05/2029 10:00,2029052610,Saturday,Market Close
26/05/2029 11:00,2029052611,Saturday,Market Close
26/05/2029 12:00,2029052612,Saturday,Market Close
26/05/2029 13:00,2029052613,Saturday,Market Close
26/05/2029 14:00,2029052614,Saturday,Market Close
26/05/2029 15:00,2029052615,Saturday,Market Close
26/05/2029 16:00,2029052616,Saturday,Market Close
26/05/2029 17:00,2029052617,Saturday,Market Close
26/05/2029 18:00,2029052618,Saturday,Market Close
26/05/2029 19:00,2029052619,Saturday,Market Close
26/05/2029 20:00,2029052620,Saturday,Market Close
26/05/2029 21:00,2029052621,Saturday,Market Close
26/05/2029 22:00,2029052622,Saturday,Market Close
26/05/2029 23:00,2029052623,Saturday,Market Close
27/05/2029 0:00,2029052700,Sunday,Market Close
27/05/2029 1:00,2029052701,Sunday,Market Close
27/05/2029 2:00,2029052702,Sunday,Market Close
27/05/2029 3:00,2029052703,Sunday,Market Close
27/05/2029 4:00,2029052704,Sunday,Market Close
27/05/2029 5:00,2029052705,Sunday,Market Close
27/05/2029 6:00,2029052706,Sunday,Market Close
27/05/2029 7:00,2029052707,Sunday,Market Close
27/05/2029 8:00,2029052708,Sunday,Market Close
27/05/2029 9:00,2029052709,Sunday,Market Close
27/05/2029 10:00,2029052710,Sunday,Market Close
27/05/2029 11:00,2029052711,Sunday,Market Close
27/05/2029 12:00,2029052712,Sunday,Market Close
27/05/2029 13:00,2029052713,Sunday,Market Close
27/05/2029 14:00,2029052714,Sunday,Market Close
27/05/2029 15:00,2029052715,Sunday,Market Close
27/05/2029 16:00,2029052716,Sunday,Market Close
27/05/2029 17:00,2029052717,Sunday,Market Close
27/05/2029 18:00,2029052718,Sunday,Market Close
27/05/2029 19:00,2029052719,Sunday,Market Close
27/05/2029 20:00,2029052720,Sunday,Market Close
1/06/2029 21:00,2029060121,Friday,Market Close
1/06/2029 22:00,2029060122,Friday,Market Close
1/06/2029 23:00,2029060123,Friday,Market Close
2/06/2029 0:00,2029060200,Saturday,Market Close
2/06/2029 1:00,2029060201,Saturday,Market Close
2/06/2029 2:00,2029060202,Saturday,Market Close
2/06/2029 3:00,2029060203,Saturday,Market Close
2/06/2029 4:00,2029060204,Saturday,Market Close
2/06/2029 5:00,2029060205,Saturday,Market Close
2/06/2029 6:00,2029060206,Saturday,Market Close
2/06/2029 7:00,2029060207,Saturday,Market Close
2/06/2029 8:00,2029060208,Saturday,Market Close
2/06/2029 9:00,2029060209,Saturday,Market Close
2/06/2029 10:00,2029060210,Saturday,Market Close
2/06/2029 11:00,2029060211,Saturday,Market Close
2/06/2029 12:00,2029060212,Saturday,Market Close
2/06/2029 13:00,2029060213,Saturday,Market Close
2/06/2029 14:00,2029060214,Saturday,Market Close
2/06/2029 15:00,2029060215,Saturday,Market Close
2/06/2029 16:00,2029060216,Saturday,Market Close
2/06/2029 17:00,2029060217,Saturday,Market Close
2/06/2029 18:00,2029060218,Saturday,Market Close
2/06/2029 19:00,2029060219,Saturday,Market Close
2/06/2029 20:00,2029060220,Saturday,Market Close
2/06/2029 21:00,2029060221,Saturday,Market Close
2/06/2029 22:00,2029060222,Saturday,Market Close
2/06/2029 23:00,2029060223,Saturday,Market Close
3/06/2029 0:00,2029060300,Sunday,Market Close
3/06/2029 1:00,2029060301,Sunday,Market Close
3/06/2029 2:00,2029060302,Sunday,Market Close
3/06/2029 3:00,2029060303,Sunday,Market Close
3/06/2029 4:00,2029060304,Sunday,Market Close
3/06/2029 5:00,2029060305,Sunday,Market Close
3/06/2029 6:00,2029060306,Sunday,Market Close
3/06/2029 7:00,2029060307,Sunday,Market Close
3/06/2029 8:00,2029060308,Sunday,Market Close
3/06/2029 9:00,2029060309,Sunday,Market Close
3/06/2029 10:00,2029060310,Sunday,Market Close
3/06/2029 11:00,2029060311,Sunday,Market Close
3/06/2029 12:00,2029060312,Sunday,Market Close
3/06/2029 13:00,2029060313,Sunday,Market Close
3/06/2029 14:00,2029060314,Sunday,Market Close
3/06/2029 15:00,2029060315,Sunday,Market Close
3/06/2029 16:00,2029060316,Sunday,Market Close
3/06/2029 17:00,2029060317,Sunday,Market Close
3/06/2029 18:00,2029060318,Sunday,Market Close
3/06/2029 19:00,2029060319,Sunday,Market Close
3/06/2029 20:00,2029060320,Sunday,Market Close
8/06/2029 21:00,2029060821,Friday,Market Close
8/06/2029 22:00,2029060822,Friday,Market Close
8/06/2029 23:00,2029060823,Friday,Market Close
9/06/2029 0:00,2029060900,Saturday,Market Close
9/06/2029 1:00,2029060901,Saturday,Market Close
9/06/2029 2:00,2029060902,Saturday,Market Close
9/06/2029 3:00,2029060903,Saturday,Market Close
9/06/2029 4:00,2029060904,Saturday,Market Close
9/06/2029 5:00,2029060905,Saturday,Market Close
9/06/2029 6:00,2029060906,Saturday,Market Close
9/06/2029 7:00,2029060907,Saturday,Market Close
9/06/2029 8:00,2029060908,Saturday,Market Close
9/06/2029 9:00,2029060909,Saturday,Market Close
9/06/2029 10:00,2029060910,Saturday,Market Close
9/06/2029 11:00,2029060911,Saturday,Market Close
9/06/2029 12:00,2029060912,Saturday,Market Close
9/06/2029 13:00,2029060913,Saturday,Market Close
9/06/2029 14:00,2029060914,Saturday,Market Close
9/06/2029 15:00,2029060915,Saturday,Market Close
9/06/2029 16:00,2029060916,Saturday,Market Close
9/06/2029 17:00,2029060917,Saturday,Market Close
9/06/2029 18:00,2029060918,Saturday,Market Close
9/06/2029 19:00,2029060919,Saturday,Market Close
9/06/2029 20:00,2029060920,Saturday,Market Close
9/06/2029 21:00,2029060921,Saturday,Market Close
9/06/2029 22:00,2029060922,Saturday,Market Close
9/06/2029 23:00,2029060923,Saturday,Market Close
10/06/2029 0:00,2029061000,Sunday,Market Close
10/06/2029 1:00,2029061001,Sunday,Market Close
10/06/2029 2:00,2029061002,Sunday,Market Close
10/06/2029 3:00,2029061003,Sunday,Market Close
10/06/2029 4:00,2029061004,Sunday,Market Close
10/06/2029 5:00,2029061005,Sunday,Market Close
10/06/2029 6:00,2029061006,Sunday,Market Close
10/06/2029 7:00,2029061007,Sunday,Market Close
10/06/2029 8:00,2029061008,Sunday,Market Close
10/06/2029 9:00,2029061009,Sunday,Market Close
10/06/2029 10:00,2029061010,Sunday,Market Close
10/06/2029 11:00,2029061011,Sunday,Market Close
10/06/2029 12:00,2029061012,Sunday,Market Close
10/06/2029 13:00,2029061013,Sunday,Market Close
10/06/2029 14:00,2029061014,Sunday,Market Close
10/06/2029 15:00,2029061015,Sunday,Market Close
10/06/2029 16:00,2029061016,Sunday,Market Close
10/06/2029 17:00,2029061017,Sunday,Market Close
10/06/2029 18:00,2029061018,Sunday,Market Close
10/06/2029 19:00,2029061019,Sunday,Market Close
10/06/2029 20:00,2029061020,Sunday,Market Close
15/06/2029 21:00,2029061521,Friday,Market Close
15/06/2029 22:00,2029061522,Friday,Market Close
15/06/2029 23:00,2029061523,Friday,Market Close
16/06/2029 0:00,2029061600,Saturday,Market Close
16/06/2029 1:00,2029061601,Saturday,Market Close
16/06/2029 2:00,2029061602,Saturday,Market Close
16/06/2029 3:00,2029061603,Saturday,Market Close
16/06/2029 4:00,2029061604,Saturday,Market Close
16/06/2029 5:00,2029061605,Saturday,Market Close
16/06/2029 6:00,2029061606,Saturday,Market Close
16/06/2029 7:00,2029061607,Saturday,Market Close
16/06/2029 8:00,2029061608,Saturday,Market Close
16/06/2029 9:00,2029061609,Saturday,Market Close
16/06/2029 10:00,2029061610,Saturday,Market Close
16/06/2029 11:00,2029061611,Saturday,Market Close
16/06/2029 12:00,2029061612,Saturday,Market Close
16/06/2029 13:00,2029061613,Saturday,Market Close
16/06/2029 14:00,2029061614,Saturday,Market Close
16/06/2029 15:00,2029061615,Saturday,Market Close
16/06/2029 16:00,2029061616,Saturday,Market Close
16/06/2029 17:00,2029061617,Saturday,Market Close
16/06/2029 18:00,2029061618,Saturday,Market Close
16/06/2029 19:00,2029061619,Saturday,Market Close
16/06/2029 20:00,2029061620,Saturday,Market Close
16/06/2029 21:00,2029061621,Saturday,Market Close
16/06/2029 22:00,2029061622,Saturday,Market Close
16/06/2029 23:00,2029061623,Saturday,Market Close
17/06/2029 0:00,2029061700,Sunday,Market Close
17/06/2029 1:00,2029061701,Sunday,Market Close
17/06/2029 2:00,2029061702,Sunday,Market Close
17/06/2029 3:00,2029061703,Sunday,Market Close
17/06/2029 4:00,2029061704,Sunday,Market Close
17/06/2029 5:00,2029061705,Sunday,Market Close
17/06/2029 6:00,2029061706,Sunday,Market Close
17/06/2029 7:00,2029061707,Sunday,Market Close
17/06/2029 8:00,2029061708,Sunday,Market Close
17/06/2029 9:00,2029061709,Sunday,Market Close
17/06/2029 10:00,2029061710,Sunday,Market Close
17/06/2029 11:00,2029061711,Sunday,Market Close
17/06/2029 12:00,2029061712,Sunday,Market Close
17/06/2029 13:00,2029061713,Sunday,Market Close
17/06/2029 14:00,2029061714,Sunday,Market Close
17/06/2029 15:00,2029061715,Sunday,Market Close
17/06/2029 16:00,2029061716,Sunday,Market Close
17/06/2029 17:00,2029061717,Sunday,Market Close
17/06/2029 18:00,2029061718,Sunday,Market Close
17/06/2029 19:00,2029061719,Sunday,Market Close
17/06/2029 20:00,2029061720,Sunday,Market Close
22/06/2029 21:00,2029062221,Friday,Market Close
22/06/2029 22:00,2029062222,Friday,Market Close
22/06/2029 23:00,2029062223,Friday,Market Close
23/06/2029 0:00,2029062300,Saturday,Market Close
23/06/2029 1:00,2029062301,Saturday,Market Close
23/06/2029 2:00,2029062302,Saturday,Market Close
23/06/2029 3:00,2029062303,Saturday,Market Close
23/06/2029 4:00,2029062304,Saturday,Market Close
23/06/2029 5:00,2029062305,Saturday,Market Close
23/06/2029 6:00,2029062306,Saturday,Market Close
23/06/2029 7:00,2029062307,Saturday,Market Close
23/06/2029 8:00,2029062308,Saturday,Market Close
23/06/2029 9:00,2029062309,Saturday,Market Close
23/06/2029 10:00,2029062310,Saturday,Market Close
23/06/2029 11:00,2029062311,Saturday,Market Close
23/06/2029 12:00,2029062312,Saturday,Market Close
23/06/2029 13:00,2029062313,Saturday,Market Close
23/06/2029 14:00,2029062314,Saturday,Market Close
23/06/2029 15:00,2029062315,Saturday,Market Close
23/06/2029 16:00,2029062316,Saturday,Market Close
23/06/2029 17:00,2029062317,Saturday,Market Close
23/06/2029 18:00,2029062318,Saturday,Market Close
23/06/2029 19:00,2029062319,Saturday,Market Close
23/06/2029 20:00,2029062320,Saturday,Market Close
23/06/2029 21:00,2029062321,Saturday,Market Close
23/06/2029 22:00,2029062322,Saturday,Market Close
23/06/2029 23:00,2029062323,Saturday,Market Close
24/06/2029 0:00,2029062400,Sunday,Market Close
24/06/2029 1:00,2029062401,Sunday,Market Close
24/06/2029 2:00,2029062402,Sunday,Market Close
24/06/2029 3:00,2029062403,Sunday,Market Close
24/06/2029 4:00,2029062404,Sunday,Market Close
24/06/2029 5:00,2029062405,Sunday,Market Close
24/06/2029 6:00,2029062406,Sunday,Market Close
24/06/2029 7:00,2029062407,Sunday,Market Close
24/06/2029 8:00,2029062408,Sunday,Market Close
24/06/2029 9:00,2029062409,Sunday,Market Close
24/06/2029 10:00,2029062410,Sunday,Market Close
24/06/2029 11:00,2029062411,Sunday,Market Close
24/06/2029 12:00,2029062412,Sunday,Market Close
24/06/2029 13:00,2029062413,Sunday,Market Close
24/06/2029 14:00,2029062414,Sunday,Market Close
24/06/2029 15:00,2029062415,Sunday,Market Close
24/06/2029 16:00,2029062416,Sunday,Market Close
24/06/2029 17:00,2029062417,Sunday,Market Close
24/06/2029 18:00,2029062418,Sunday,Market Close
24/06/2029 19:00,2029062419,Sunday,Market Close
24/06/2029 20:00,2029062420,Sunday,Market Close
29/06/2029 21:00,2029062921,Friday,Market Close
29/06/2029 22:00,2029062922,Friday,Market Close
29/06/2029 23:00,2029062923,Friday,Market Close
30/06/2029 0:00,2029063000,Saturday,Market Close
30/06/2029 1:00,2029063001,Saturday,Market Close
30/06/2029 2:00,2029063002,Saturday,Market Close
30/06/2029 3:00,2029063003,Saturday,Market Close
30/06/2029 4:00,2029063004,Saturday,Market Close
30/06/2029 5:00,2029063005,Saturday,Market Close
30/06/2029 6:00,2029063006,Saturday,Market Close
30/06/2029 7:00,2029063007,Saturday,Market Close
30/06/2029 8:00,2029063008,Saturday,Market Close
30/06/2029 9:00,2029063009,Saturday,Market Close
30/06/2029 10:00,2029063010,Saturday,Market Close
30/06/2029 11:00,2029063011,Saturday,Market Close
30/06/2029 12:00,2029063012,Saturday,Market Close
30/06/2029 13:00,2029063013,Saturday,Market Close
30/06/2029 14:00,2029063014,Saturday,Market Close
30/06/2029 15:00,2029063015,Saturday,Market Close
30/06/2029 16:00,2029063016,Saturday,Market Close
30/06/2029 17:00,2029063017,Saturday,Market Close
30/06/2029 18:00,2029063018,Saturday,Market Close
30/06/2029 19:00,2029063019,Saturday,Market Close
30/06/2029 20:00,2029063020,Saturday,Market Close
30/06/2029 21:00,2029063021,Saturday,Market Close
30/06/2029 22:00,2029063022,Saturday,Market Close
30/06/2029 23:00,2029063023,Saturday,Market Close
1/07/2029 0:00,2029070100,Sunday,Market Close
1/07/2029 1:00,2029070101,Sunday,Market Close
1/07/2029 2:00,2029070102,Sunday,Market Close
1/07/2029 3:00,2029070103,Sunday,Market Close
1/07/2029 4:00,2029070104,Sunday,Market Close
1/07/2029 5:00,2029070105,Sunday,Market Close
1/07/2029 6:00,2029070106,Sunday,Market Close
1/07/2029 7:00,2029070107,Sunday,Market Close
1/07/2029 8:00,2029070108,Sunday,Market Close
1/07/2029 9:00,2029070109,Sunday,Market Close
1/07/2029 10:00,2029070110,Sunday,Market Close
1/07/2029 11:00,2029070111,Sunday,Market Close
1/07/2029 12:00,2029070112,Sunday,Market Close
1/07/2029 13:00,2029070113,Sunday,Market Close
1/07/2029 14:00,2029070114,Sunday,Market Close
1/07/2029 15:00,2029070115,Sunday,Market Close
1/07/2029 16:00,2029070116,Sunday,Market Close
1/07/2029 17:00,2029070117,Sunday,Market Close
1/07/2029 18:00,2029070118,Sunday,Market Close
1/07/2029 19:00,2029070119,Sunday,Market Close
1/07/2029 20:00,2029070120,Sunday,Market Close
6/07/2029 21:00,2029070621,Friday,Market Close
6/07/2029 22:00,2029070622,Friday,Market Close
6/07/2029 23:00,2029070623,Friday,Market Close
7/07/2029 0:00,2029070700,Saturday,Market Close
7/07/2029 1:00,2029070701,Saturday,Market Close
7/07/2029 2:00,2029070702,Saturday,Market Close
7/07/2029 3:00,2029070703,Saturday,Market Close
7/07/2029 4:00,2029070704,Saturday,Market Close
7/07/2029 5:00,2029070705,Saturday,Market Close
7/07/2029 6:00,2029070706,Saturday,Market Close
7/07/2029 7:00,2029070707,Saturday,Market Close
7/07/2029 8:00,2029070708,Saturday,Market Close
7/07/2029 9:00,2029070709,Saturday,Market Close
7/07/2029 10:00,2029070710,Saturday,Market Close
7/07/2029 11:00,2029070711,Saturday,Market Close
7/07/2029 12:00,2029070712,Saturday,Market Close
7/07/2029 13:00,2029070713,Saturday,Market Close
7/07/2029 14:00,2029070714,Saturday,Market Close
7/07/2029 15:00,2029070715,Saturday,Market Close
7/07/2029 16:00,2029070716,Saturday,Market Close
7/07/2029 17:00,2029070717,Saturday,Market Close
7/07/2029 18:00,2029070718,Saturday,Market Close
7/07/2029 19:00,2029070719,Saturday,Market Close
7/07/2029 20:00,2029070720,Saturday,Market Close
7/07/2029 21:00,2029070721,Saturday,Market Close
7/07/2029 22:00,2029070722,Saturday,Market Close
7/07/2029 23:00,2029070723,Saturday,Market Close
8/07/2029 0:00,2029070800,Sunday,Market Close
8/07/2029 1:00,2029070801,Sunday,Market Close
8/07/2029 2:00,2029070802,Sunday,Market Close
8/07/2029 3:00,2029070803,Sunday,Market Close
8/07/2029 4:00,2029070804,Sunday,Market Close
8/07/2029 5:00,2029070805,Sunday,Market Close
8/07/2029 6:00,2029070806,Sunday,Market Close
8/07/2029 7:00,2029070807,Sunday,Market Close
8/07/2029 8:00,2029070808,Sunday,Market Close
8/07/2029 9:00,2029070809,Sunday,Market Close
8/07/2029 10:00,2029070810,Sunday,Market Close
8/07/2029 11:00,2029070811,Sunday,Market Close
8/07/2029 12:00,2029070812,Sunday,Market Close
8/07/2029 13:00,2029070813,Sunday,Market Close
8/07/2029 14:00,2029070814,Sunday,Market Close
8/07/2029 15:00,2029070815,Sunday,Market Close
8/07/2029 16:00,2029070816,Sunday,Market Close
8/07/2029 17:00,2029070817,Sunday,Market Close
8/07/2029 18:00,2029070818,Sunday,Market Close
8/07/2029 19:00,2029070819,Sunday,Market Close
8/07/2029 20:00,2029070820,Sunday,Market Close
13/07/2029 21:00,2029071321,Friday,Market Close
13/07/2029 22:00,2029071322,Friday,Market Close
13/07/2029 23:00,2029071323,Friday,Market Close
14/07/2029 0:00,2029071400,Saturday,Market Close
14/07/2029 1:00,2029071401,Saturday,Market Close
14/07/2029 2:00,2029071402,Saturday,Market Close
14/07/2029 3:00,2029071403,Saturday,Market Close
14/07/2029 4:00,2029071404,Saturday,Market Close
14/07/2029 5:00,2029071405,Saturday,Market Close
14/07/2029 6:00,2029071406,Saturday,Market Close
14/07/2029 7:00,2029071407,Saturday,Market Close
14/07/2029 8:00,2029071408,Saturday,Market Close
14/07/2029 9:00,2029071409,Saturday,Market Close
14/07/2029 10:00,2029071410,Saturday,Market Close
14/07/2029 11:00,2029071411,Saturday,Market Close
14/07/2029 12:00,2029071412,Saturday,Market Close
14/07/2029 13:00,2029071413,Saturday,Market Close
14/07/2029 14:00,2029071414,Saturday,Market Close
14/07/2029 15:00,2029071415,Saturday,Market Close
14/07/2029 16:00,2029071416,Saturday,Market Close
14/07/2029 17:00,2029071417,Saturday,Market Close
14/07/2029 18:00,2029071418,Saturday,Market Close
14/07/2029 19:00,2029071419,Saturday,Market Close
14/07/2029 20:00,2029071420,Saturday,Market Close
14/07/2029 21:00,2029071421,Saturday,Market Close
14/07/2029 22:00,2029071422,Saturday,Market Close
14/07/2029 23:00,2029071423,Saturday,Market Close
15/07/2029 0:00,2029071500,Sunday,Market Close
15/07/2029 1:00,2029071501,Sunday,Market Close
15/07/2029 2:00,2029071502,Sunday,Market Close
15/07/2029 3:00,2029071503,Sunday,Market Close
15/07/2029 4:00,2029071504,Sunday,Market Close
15/07/2029 5:00,2029071505,Sunday,Market Close
15/07/2029 6:00,2029071506,Sunday,Market Close
15/07/2029 7:00,2029071507,Sunday,Market Close
15/07/2029 8:00,2029071508,Sunday,Market Close
15/07/2029 9:00,2029071509,Sunday,Market Close
15/07/2029 10:00,2029071510,Sunday,Market Close
15/07/2029 11:00,2029071511,Sunday,Market Close
15/07/2029 12:00,2029071512,Sunday,Market Close
15/07/2029 13:00,2029071513,Sunday,Market Close
15/07/2029 14:00,2029071514,Sunday,Market Close
15/07/2029 15:00,2029071515,Sunday,Market Close
15/07/2029 16:00,2029071516,Sunday,Market Close
15/07/2029 17:00,2029071517,Sunday,Market Close
15/07/2029 18:00,2029071518,Sunday,Market Close
15/07/2029 19:00,2029071519,Sunday,Market Close
15/07/2029 20:00,2029071520,Sunday,Market Close
20/07/2029 21:00,2029072021,Friday,Market Close
20/07/2029 22:00,2029072022,Friday,Market Close
20/07/2029 23:00,2029072023,Friday,Market Close
21/07/2029 0:00,2029072100,Saturday,Market Close
21/07/2029 1:00,2029072101,Saturday,Market Close
21/07/2029 2:00,2029072102,Saturday,Market Close
21/07/2029 3:00,2029072103,Saturday,Market Close
21/07/2029 4:00,2029072104,Saturday,Market Close
21/07/2029 5:00,2029072105,Saturday,Market Close
21/07/2029 6:00,2029072106,Saturday,Market Close
21/07/2029 7:00,2029072107,Saturday,Market Close
21/07/2029 8:00,2029072108,Saturday,Market Close
21/07/2029 9:00,2029072109,Saturday,Market Close
21/07/2029 10:00,2029072110,Saturday,Market Close
21/07/2029 11:00,2029072111,Saturday,Market Close
21/07/2029 12:00,2029072112,Saturday,Market Close
21/07/2029 13:00,2029072113,Saturday,Market Close
21/07/2029 14:00,2029072114,Saturday,Market Close
21/07/2029 15:00,2029072115,Saturday,Market Close
21/07/2029 16:00,2029072116,Saturday,Market Close
21/07/2029 17:00,2029072117,Saturday,Market Close
21/07/2029 18:00,2029072118,Saturday,Market Close
21/07/2029 19:00,2029072119,Saturday,Market Close
21/07/2029 20:00,2029072120,Saturday,Market Close
21/07/2029 21:00,2029072121,Saturday,Market Close
21/07/2029 22:00,2029072122,Saturday,Market Close
21/07/2029 23:00,2029072123,Saturday,Market Close
22/07/2029 0:00,2029072200,Sunday,Market Close
22/07/2029 1:00,2029072201,Sunday,Market Close
22/07/2029 2:00,2029072202,Sunday,Market Close
22/07/2029 3:00,2029072203,Sunday,Market Close
22/07/2029 4:00,2029072204,Sunday,Market Close
22/07/2029 5:00,2029072205,Sunday,Market Close
22/07/2029 6:00,2029072206,Sunday,Market Close
22/07/2029 7:00,2029072207,Sunday,Market Close
22/07/2029 8:00,2029072208,Sunday,Market Close
22/07/2029 9:00,2029072209,Sunday,Market Close
22/07/2029 10:00,2029072210,Sunday,Market Close
22/07/2029 11:00,2029072211,Sunday,Market Close
22/07/2029 12:00,2029072212,Sunday,Market Close
22/07/2029 13:00,2029072213,Sunday,Market Close
22/07/2029 14:00,2029072214,Sunday,Market Close
22/07/2029 15:00,2029072215,Sunday,Market Close
22/07/2029 16:00,2029072216,Sunday,Market Close
22/07/2029 17:00,2029072217,Sunday,Market Close
22/07/2029 18:00,2029072218,Sunday,Market Close
22/07/2029 19:00,2029072219,Sunday,Market Close
22/07/2029 20:00,2029072220,Sunday,Market Close
27/07/2029 21:00,2029072721,Friday,Market Close
27/07/2029 22:00,2029072722,Friday,Market Close
27/07/2029 23:00,2029072723,Friday,Market Close
28/07/2029 0:00,2029072800,Saturday,Market Close
28/07/2029 1:00,2029072801,Saturday,Market Close
28/07/2029 2:00,2029072802,Saturday,Market Close
28/07/2029 3:00,2029072803,Saturday,Market Close
28/07/2029 4:00,2029072804,Saturday,Market Close
28/07/2029 5:00,2029072805,Saturday,Market Close
28/07/2029 6:00,2029072806,Saturday,Market Close
28/07/2029 7:00,2029072807,Saturday,Market Close
28/07/2029 8:00,2029072808,Saturday,Market Close
28/07/2029 9:00,2029072809,Saturday,Market Close
28/07/2029 10:00,2029072810,Saturday,Market Close
28/07/2029 11:00,2029072811,Saturday,Market Close
28/07/2029 12:00,2029072812,Saturday,Market Close
28/07/2029 13:00,2029072813,Saturday,Market Close
28/07/2029 14:00,2029072814,Saturday,Market Close
28/07/2029 15:00,2029072815,Saturday,Market Close
28/07/2029 16:00,2029072816,Saturday,Market Close
28/07/2029 17:00,2029072817,Saturday,Market Close
28/07/2029 18:00,2029072818,Saturday,Market Close
28/07/2029 19:00,2029072819,Saturday,Market Close
28/07/2029 20:00,2029072820,Saturday,Market Close
28/07/2029 21:00,2029072821,Saturday,Market Close
28/07/2029 22:00,2029072822,Saturday,Market Close
28/07/2029 23:00,2029072823,Saturday,Market Close
29/07/2029 0:00,2029072900,Sunday,Market Close
29/07/2029 1:00,2029072901,Sunday,Market Close
29/07/2029 2:00,2029072902,Sunday,Market Close
29/07/2029 3:00,2029072903,Sunday,Market Close
29/07/2029 4:00,2029072904,Sunday,Market Close
29/07/2029 5:00,2029072905,Sunday,Market Close
29/07/2029 6:00,2029072906,Sunday,Market Close
29/07/2029 7:00,2029072907,Sunday,Market Close
29/07/2029 8:00,2029072908,Sunday,Market Close
29/07/2029 9:00,2029072909,Sunday,Market Close
29/07/2029 10:00,2029072910,Sunday,Market Close
29/07/2029 11:00,2029072911,Sunday,Market Close
29/07/2029 12:00,2029072912,Sunday,Market Close
29/07/2029 13:00,2029072913,Sunday,Market Close
29/07/2029 14:00,2029072914,Sunday,Market Close
29/07/2029 15:00,2029072915,Sunday,Market Close
29/07/2029 16:00,2029072916,Sunday,Market Close
29/07/2029 17:00,2029072917,Sunday,Market Close
29/07/2029 18:00,2029072918,Sunday,Market Close
29/07/2029 19:00,2029072919,Sunday,Market Close
29/07/2029 20:00,2029072920,Sunday,Market Close
3/08/2029 21:00,2029080321,Friday,Market Close
3/08/2029 22:00,2029080322,Friday,Market Close
3/08/2029 23:00,2029080323,Friday,Market Close
4/08/2029 0:00,2029080400,Saturday,Market Close
4/08/2029 1:00,2029080401,Saturday,Market Close
4/08/2029 2:00,2029080402,Saturday,Market Close
4/08/2029 3:00,2029080403,Saturday,Market Close
4/08/2029 4:00,2029080404,Saturday,Market Close
4/08/2029 5:00,2029080405,Saturday,Market Close
4/08/2029 6:00,2029080406,Saturday,Market Close
4/08/2029 7:00,2029080407,Saturday,Market Close
4/08/2029 8:00,2029080408,Saturday,Market Close
4/08/2029 9:00,2029080409,Saturday,Market Close
4/08/2029 10:00,2029080410,Saturday,Market Close
4/08/2029 11:00,2029080411,Saturday,Market Close
4/08/2029 12:00,2029080412,Saturday,Market Close
4/08/2029 13:00,2029080413,Saturday,Market Close
4/08/2029 14:00,2029080414,Saturday,Market Close
4/08/2029 15:00,2029080415,Saturday,Market Close
4/08/2029 16:00,2029080416,Saturday,Market Close
4/08/2029 17:00,2029080417,Saturday,Market Close
4/08/2029 18:00,2029080418,Saturday,Market Close
4/08/2029 19:00,2029080419,Saturday,Market Close
4/08/2029 20:00,2029080420,Saturday,Market Close
4/08/2029 21:00,2029080421,Saturday,Market Close
4/08/2029 22:00,2029080422,Saturday,Market Close
4/08/2029 23:00,2029080423,Saturday,Market Close
5/08/2029 0:00,2029080500,Sunday,Market Close
5/08/2029 1:00,2029080501,Sunday,Market Close
5/08/2029 2:00,2029080502,Sunday,Market Close
5/08/2029 3:00,2029080503,Sunday,Market Close
5/08/2029 4:00,2029080504,Sunday,Market Close
5/08/2029 5:00,2029080505,Sunday,Market Close
5/08/2029 6:00,2029080506,Sunday,Market Close
5/08/2029 7:00,2029080507,Sunday,Market Close
5/08/2029 8:00,2029080508,Sunday,Market Close
5/08/2029 9:00,2029080509,Sunday,Market Close
5/08/2029 10:00,2029080510,Sunday,Market Close
5/08/2029 11:00,2029080511,Sunday,Market Close
5/08/2029 12:00,2029080512,Sunday,Market Close
5/08/2029 13:00,2029080513,Sunday,Market Close
5/08/2029 14:00,2029080514,Sunday,Market Close
5/08/2029 15:00,2029080515,Sunday,Market Close
5/08/2029 16:00,2029080516,Sunday,Market Close
5/08/2029 17:00,2029080517,Sunday,Market Close
5/08/2029 18:00,2029080518,Sunday,Market Close
5/08/2029 19:00,2029080519,Sunday,Market Close
5/08/2029 20:00,2029080520,Sunday,Market Close
10/08/2029 21:00,2029081021,Friday,Market Close
10/08/2029 22:00,2029081022,Friday,Market Close
10/08/2029 23:00,2029081023,Friday,Market Close
11/08/2029 0:00,2029081100,Saturday,Market Close
11/08/2029 1:00,2029081101,Saturday,Market Close
11/08/2029 2:00,2029081102,Saturday,Market Close
11/08/2029 3:00,2029081103,Saturday,Market Close
11/08/2029 4:00,2029081104,Saturday,Market Close
11/08/2029 5:00,2029081105,Saturday,Market Close
11/08/2029 6:00,2029081106,Saturday,Market Close
11/08/2029 7:00,2029081107,Saturday,Market Close
11/08/2029 8:00,2029081108,Saturday,Market Close
11/08/2029 9:00,2029081109,Saturday,Market Close
11/08/2029 10:00,2029081110,Saturday,Market Close
11/08/2029 11:00,2029081111,Saturday,Market Close
11/08/2029 12:00,2029081112,Saturday,Market Close
11/08/2029 13:00,2029081113,Saturday,Market Close
11/08/2029 14:00,2029081114,Saturday,Market Close
11/08/2029 15:00,2029081115,Saturday,Market Close
11/08/2029 16:00,2029081116,Saturday,Market Close
11/08/2029 17:00,2029081117,Saturday,Market Close
11/08/2029 18:00,2029081118,Saturday,Market Close
11/08/2029 19:00,2029081119,Saturday,Market Close
11/08/2029 20:00,2029081120,Saturday,Market Close
11/08/2029 21:00,2029081121,Saturday,Market Close
11/08/2029 22:00,2029081122,Saturday,Market Close
11/08/2029 23:00,2029081123,Saturday,Market Close
12/08/2029 0:00,2029081200,Sunday,Market Close
12/08/2029 1:00,2029081201,Sunday,Market Close
12/08/2029 2:00,2029081202,Sunday,Market Close
12/08/2029 3:00,2029081203,Sunday,Market Close
12/08/2029 4:00,2029081204,Sunday,Market Close
12/08/2029 5:00,2029081205,Sunday,Market Close
12/08/2029 6:00,2029081206,Sunday,Market Close
12/08/2029 7:00,2029081207,Sunday,Market Close
12/08/2029 8:00,2029081208,Sunday,Market Close
12/08/2029 9:00,2029081209,Sunday,Market Close
12/08/2029 10:00,2029081210,Sunday,Market Close
12/08/2029 11:00,2029081211,Sunday,Market Close
12/08/2029 12:00,2029081212,Sunday,Market Close
12/08/2029 13:00,2029081213,Sunday,Market Close
12/08/2029 14:00,2029081214,Sunday,Market Close
12/08/2029 15:00,2029081215,Sunday,Market Close
12/08/2029 16:00,2029081216,Sunday,Market Close
12/08/2029 17:00,2029081217,Sunday,Market Close
12/08/2029 18:00,2029081218,Sunday,Market Close
12/08/2029 19:00,2029081219,Sunday,Market Close
12/08/2029 20:00,2029081220,Sunday,Market Close
17/08/2029 21:00,2029081721,Friday,Market Close
17/08/2029 22:00,2029081722,Friday,Market Close
17/08/2029 23:00,2029081723,Friday,Market Close
18/08/2029 0:00,2029081800,Saturday,Market Close
18/08/2029 1:00,2029081801,Saturday,Market Close
18/08/2029 2:00,2029081802,Saturday,Market Close
18/08/2029 3:00,2029081803,Saturday,Market Close
18/08/2029 4:00,2029081804,Saturday,Market Close
18/08/2029 5:00,2029081805,Saturday,Market Close
18/08/2029 6:00,2029081806,Saturday,Market Close
18/08/2029 7:00,2029081807,Saturday,Market Close
18/08/2029 8:00,2029081808,Saturday,Market Close
18/08/2029 9:00,2029081809,Saturday,Market Close
18/08/2029 10:00,2029081810,Saturday,Market Close
18/08/2029 11:00,2029081811,Saturday,Market Close
18/08/2029 12:00,2029081812,Saturday,Market Close
18/08/2029 13:00,2029081813,Saturday,Market Close
18/08/2029 14:00,2029081814,Saturday,Market Close
18/08/2029 15:00,2029081815,Saturday,Market Close
18/08/2029 16:00,2029081816,Saturday,Market Close
18/08/2029 17:00,2029081817,Saturday,Market Close
18/08/2029 18:00,2029081818,Saturday,Market Close
18/08/2029 19:00,2029081819,Saturday,Market Close
18/08/2029 20:00,2029081820,Saturday,Market Close
18/08/2029 21:00,2029081821,Saturday,Market Close
18/08/2029 22:00,2029081822,Saturday,Market Close
18/08/2029 23:00,2029081823,Saturday,Market Close
19/08/2029 0:00,2029081900,Sunday,Market Close
19/08/2029 1:00,2029081901,Sunday,Market Close
19/08/2029 2:00,2029081902,Sunday,Market Close
19/08/2029 3:00,2029081903,Sunday,Market Close
19/08/2029 4:00,2029081904,Sunday,Market Close
19/08/2029 5:00,2029081905,Sunday,Market Close
19/08/2029 6:00,2029081906,Sunday,Market Close
19/08/2029 7:00,2029081907,Sunday,Market Close
19/08/2029 8:00,2029081908,Sunday,Market Close
19/08/2029 9:00,2029081909,Sunday,Market Close
19/08/2029 10:00,2029081910,Sunday,Market Close
19/08/2029 11:00,2029081911,Sunday,Market Close
19/08/2029 12:00,2029081912,Sunday,Market Close
19/08/2029 13:00,2029081913,Sunday,Market Close
19/08/2029 14:00,2029081914,Sunday,Market Close
19/08/2029 15:00,2029081915,Sunday,Market Close
19/08/2029 16:00,2029081916,Sunday,Market Close
19/08/2029 17:00,2029081917,Sunday,Market Close
19/08/2029 18:00,2029081918,Sunday,Market Close
19/08/2029 19:00,2029081919,Sunday,Market Close
19/08/2029 20:00,2029081920,Sunday,Market Close
24/08/2029 21:00,2029082421,Friday,Market Close
24/08/2029 22:00,2029082422,Friday,Market Close
24/08/2029 23:00,2029082423,Friday,Market Close
25/08/2029 0:00,2029082500,Saturday,Market Close
25/08/2029 1:00,2029082501,Saturday,Market Close
25/08/2029 2:00,2029082502,Saturday,Market Close
25/08/2029 3:00,2029082503,Saturday,Market Close
25/08/2029 4:00,2029082504,Saturday,Market Close
25/08/2029 5:00,2029082505,Saturday,Market Close
25/08/2029 6:00,2029082506,Saturday,Market Close
25/08/2029 7:00,2029082507,Saturday,Market Close
25/08/2029 8:00,2029082508,Saturday,Market Close
25/08/2029 9:00,2029082509,Saturday,Market Close
25/08/2029 10:00,2029082510,Saturday,Market Close
25/08/2029 11:00,2029082511,Saturday,Market Close
25/08/2029 12:00,2029082512,Saturday,Market Close
25/08/2029 13:00,2029082513,Saturday,Market Close
25/08/2029 14:00,2029082514,Saturday,Market Close
25/08/2029 15:00,2029082515,Saturday,Market Close
25/08/2029 16:00,2029082516,Saturday,Market Close
25/08/2029 17:00,2029082517,Saturday,Market Close
25/08/2029 18:00,2029082518,Saturday,Market Close
25/08/2029 19:00,2029082519,Saturday,Market Close
25/08/2029 20:00,2029082520,Saturday,Market Close
25/08/2029 21:00,2029082521,Saturday,Market Close
25/08/2029 22:00,2029082522,Saturday,Market Close
25/08/2029 23:00,2029082523,Saturday,Market Close
26/08/2029 0:00,2029082600,Sunday,Market Close
26/08/2029 1:00,2029082601,Sunday,Market Close
26/08/2029 2:00,2029082602,Sunday,Market Close
26/08/2029 3:00,2029082603,Sunday,Market Close
26/08/2029 4:00,2029082604,Sunday,Market Close
26/08/2029 5:00,2029082605,Sunday,Market Close
26/08/2029 6:00,2029082606,Sunday,Market Close
26/08/2029 7:00,2029082607,Sunday,Market Close
26/08/2029 8:00,2029082608,Sunday,Market Close
26/08/2029 9:00,2029082609,Sunday,Market Close
26/08/2029 10:00,2029082610,Sunday,Market Close
26/08/2029 11:00,2029082611,Sunday,Market Close
26/08/2029 12:00,2029082612,Sunday,Market Close
26/08/2029 13:00,2029082613,Sunday,Market Close
26/08/2029 14:00,2029082614,Sunday,Market Close
26/08/2029 15:00,2029082615,Sunday,Market Close
26/08/2029 16:00,2029082616,Sunday,Market Close
26/08/2029 17:00,2029082617,Sunday,Market Close
26/08/2029 18:00,2029082618,Sunday,Market Close
26/08/2029 19:00,2029082619,Sunday,Market Close
26/08/2029 20:00,2029082620,Sunday,Market Close
31/08/2029 21:00,2029083121,Friday,Market Close
31/08/2029 22:00,2029083122,Friday,Market Close
31/08/2029 23:00,2029083123,Friday,Market Close
1/09/2029 0:00,2029090100,Saturday,Market Close
1/09/2029 1:00,2029090101,Saturday,Market Close
1/09/2029 2:00,2029090102,Saturday,Market Close
1/09/2029 3:00,2029090103,Saturday,Market Close
1/09/2029 4:00,2029090104,Saturday,Market Close
1/09/2029 5:00,2029090105,Saturday,Market Close
1/09/2029 6:00,2029090106,Saturday,Market Close
1/09/2029 7:00,2029090107,Saturday,Market Close
1/09/2029 8:00,2029090108,Saturday,Market Close
1/09/2029 9:00,2029090109,Saturday,Market Close
1/09/2029 10:00,2029090110,Saturday,Market Close
1/09/2029 11:00,2029090111,Saturday,Market Close
1/09/2029 12:00,2029090112,Saturday,Market Close
1/09/2029 13:00,2029090113,Saturday,Market Close
1/09/2029 14:00,2029090114,Saturday,Market Close
1/09/2029 15:00,2029090115,Saturday,Market Close
1/09/2029 16:00,2029090116,Saturday,Market Close
1/09/2029 17:00,2029090117,Saturday,Market Close
1/09/2029 18:00,2029090118,Saturday,Market Close
1/09/2029 19:00,2029090119,Saturday,Market Close
1/09/2029 20:00,2029090120,Saturday,Market Close
1/09/2029 21:00,2029090121,Saturday,Market Close
1/09/2029 22:00,2029090122,Saturday,Market Close
1/09/2029 23:00,2029090123,Saturday,Market Close
2/09/2029 0:00,2029090200,Sunday,Market Close
2/09/2029 1:00,2029090201,Sunday,Market Close
2/09/2029 2:00,2029090202,Sunday,Market Close
2/09/2029 3:00,2029090203,Sunday,Market Close
2/09/2029 4:00,2029090204,Sunday,Market Close
2/09/2029 5:00,2029090205,Sunday,Market Close
2/09/2029 6:00,2029090206,Sunday,Market Close
2/09/2029 7:00,2029090207,Sunday,Market Close
2/09/2029 8:00,2029090208,Sunday,Market Close
2/09/2029 9:00,2029090209,Sunday,Market Close
2/09/2029 10:00,2029090210,Sunday,Market Close
2/09/2029 11:00,2029090211,Sunday,Market Close
2/09/2029 12:00,2029090212,Sunday,Market Close
2/09/2029 13:00,2029090213,Sunday,Market Close
2/09/2029 14:00,2029090214,Sunday,Market Close
2/09/2029 15:00,2029090215,Sunday,Market Close
2/09/2029 16:00,2029090216,Sunday,Market Close
2/09/2029 17:00,2029090217,Sunday,Market Close
2/09/2029 18:00,2029090218,Sunday,Market Close
2/09/2029 19:00,2029090219,Sunday,Market Close
2/09/2029 20:00,2029090220,Sunday,Market Close
7/09/2029 21:00,2029090721,Friday,Market Close
7/09/2029 22:00,2029090722,Friday,Market Close
7/09/2029 23:00,2029090723,Friday,Market Close
8/09/2029 0:00,2029090800,Saturday,Market Close
8/09/2029 1:00,2029090801,Saturday,Market Close
8/09/2029 2:00,2029090802,Saturday,Market Close
8/09/2029 3:00,2029090803,Saturday,Market Close
8/09/2029 4:00,2029090804,Saturday,Market Close
8/09/2029 5:00,2029090805,Saturday,Market Close
8/09/2029 6:00,2029090806,Saturday,Market Close
8/09/2029 7:00,2029090807,Saturday,Market Close
8/09/2029 8:00,2029090808,Saturday,Market Close
8/09/2029 9:00,2029090809,Saturday,Market Close
8/09/2029 10:00,2029090810,Saturday,Market Close
8/09/2029 11:00,2029090811,Saturday,Market Close
8/09/2029 12:00,2029090812,Saturday,Market Close
8/09/2029 13:00,2029090813,Saturday,Market Close
8/09/2029 14:00,2029090814,Saturday,Market Close
8/09/2029 15:00,2029090815,Saturday,Market Close
8/09/2029 16:00,2029090816,Saturday,Market Close
8/09/2029 17:00,2029090817,Saturday,Market Close
8/09/2029 18:00,2029090818,Saturday,Market Close
8/09/2029 19:00,2029090819,Saturday,Market Close
8/09/2029 20:00,2029090820,Saturday,Market Close
8/09/2029 21:00,2029090821,Saturday,Market Close
8/09/2029 22:00,2029090822,Saturday,Market Close
8/09/2029 23:00,2029090823,Saturday,Market Close
9/09/2029 0:00,2029090900,Sunday,Market Close
9/09/2029 1:00,2029090901,Sunday,Market Close
9/09/2029 2:00,2029090902,Sunday,Market Close
9/09/2029 3:00,2029090903,Sunday,Market Close
9/09/2029 4:00,2029090904,Sunday,Market Close
9/09/2029 5:00,2029090905,Sunday,Market Close
9/09/2029 6:00,2029090906,Sunday,Market Close
9/09/2029 7:00,2029090907,Sunday,Market Close
9/09/2029 8:00,2029090908,Sunday,Market Close
9/09/2029 9:00,2029090909,Sunday,Market Close
9/09/2029 10:00,2029090910,Sunday,Market Close
9/09/2029 11:00,2029090911,Sunday,Market Close
9/09/2029 12:00,2029090912,Sunday,Market Close
9/09/2029 13:00,2029090913,Sunday,Market Close
9/09/2029 14:00,2029090914,Sunday,Market Close
9/09/2029 15:00,2029090915,Sunday,Market Close
9/09/2029 16:00,2029090916,Sunday,Market Close
9/09/2029 17:00,2029090917,Sunday,Market Close
9/09/2029 18:00,2029090918,Sunday,Market Close
9/09/2029 19:00,2029090919,Sunday,Market Close
9/09/2029 20:00,2029090920,Sunday,Market Close
14/09/2029 21:00,2029091421,Friday,Market Close
14/09/2029 22:00,2029091422,Friday,Market Close
14/09/2029 23:00,2029091423,Friday,Market Close
15/09/2029 0:00,2029091500,Saturday,Market Close
15/09/2029 1:00,2029091501,Saturday,Market Close
15/09/2029 2:00,2029091502,Saturday,Market Close
15/09/2029 3:00,2029091503,Saturday,Market Close
15/09/2029 4:00,2029091504,Saturday,Market Close
15/09/2029 5:00,2029091505,Saturday,Market Close
15/09/2029 6:00,2029091506,Saturday,Market Close
15/09/2029 7:00,2029091507,Saturday,Market Close
15/09/2029 8:00,2029091508,Saturday,Market Close
15/09/2029 9:00,2029091509,Saturday,Market Close
15/09/2029 10:00,2029091510,Saturday,Market Close
15/09/2029 11:00,2029091511,Saturday,Market Close
15/09/2029 12:00,2029091512,Saturday,Market Close
15/09/2029 13:00,2029091513,Saturday,Market Close
15/09/2029 14:00,2029091514,Saturday,Market Close
15/09/2029 15:00,2029091515,Saturday,Market Close
15/09/2029 16:00,2029091516,Saturday,Market Close
15/09/2029 17:00,2029091517,Saturday,Market Close
15/09/2029 18:00,2029091518,Saturday,Market Close
15/09/2029 19:00,2029091519,Saturday,Market Close
15/09/2029 20:00,2029091520,Saturday,Market Close
15/09/2029 21:00,2029091521,Saturday,Market Close
15/09/2029 22:00,2029091522,Saturday,Market Close
15/09/2029 23:00,2029091523,Saturday,Market Close
16/09/2029 0:00,2029091600,Sunday,Market Close
16/09/2029 1:00,2029091601,Sunday,Market Close
16/09/2029 2:00,2029091602,Sunday,Market Close
16/09/2029 3:00,2029091603,Sunday,Market Close
16/09/2029 4:00,2029091604,Sunday,Market Close
16/09/2029 5:00,2029091605,Sunday,Market Close
16/09/2029 6:00,2029091606,Sunday,Market Close
16/09/2029 7:00,2029091607,Sunday,Market Close
16/09/2029 8:00,2029091608,Sunday,Market Close
16/09/2029 9:00,2029091609,Sunday,Market Close
16/09/2029 10:00,2029091610,Sunday,Market Close
16/09/2029 11:00,2029091611,Sunday,Market Close
16/09/2029 12:00,2029091612,Sunday,Market Close
16/09/2029 13:00,2029091613,Sunday,Market Close
16/09/2029 14:00,2029091614,Sunday,Market Close
16/09/2029 15:00,2029091615,Sunday,Market Close
16/09/2029 16:00,2029091616,Sunday,Market Close
16/09/2029 17:00,2029091617,Sunday,Market Close
16/09/2029 18:00,2029091618,Sunday,Market Close
16/09/2029 19:00,2029091619,Sunday,Market Close
16/09/2029 20:00,2029091620,Sunday,Market Close
21/09/2029 21:00,2029092121,Friday,Market Close
21/09/2029 22:00,2029092122,Friday,Market Close
21/09/2029 23:00,2029092123,Friday,Market Close
22/09/2029 0:00,2029092200,Saturday,Market Close
22/09/2029 1:00,2029092201,Saturday,Market Close
22/09/2029 2:00,2029092202,Saturday,Market Close
22/09/2029 3:00,2029092203,Saturday,Market Close
22/09/2029 4:00,2029092204,Saturday,Market Close
22/09/2029 5:00,2029092205,Saturday,Market Close
22/09/2029 6:00,2029092206,Saturday,Market Close
22/09/2029 7:00,2029092207,Saturday,Market Close
22/09/2029 8:00,2029092208,Saturday,Market Close
22/09/2029 9:00,2029092209,Saturday,Market Close
22/09/2029 10:00,2029092210,Saturday,Market Close
22/09/2029 11:00,2029092211,Saturday,Market Close
22/09/2029 12:00,2029092212,Saturday,Market Close
22/09/2029 13:00,2029092213,Saturday,Market Close
22/09/2029 14:00,2029092214,Saturday,Market Close
22/09/2029 15:00,2029092215,Saturday,Market Close
22/09/2029 16:00,2029092216,Saturday,Market Close
22/09/2029 17:00,2029092217,Saturday,Market Close
22/09/2029 18:00,2029092218,Saturday,Market Close
22/09/2029 19:00,2029092219,Saturday,Market Close
22/09/2029 20:00,2029092220,Saturday,Market Close
22/09/2029 21:00,2029092221,Saturday,Market Close
22/09/2029 22:00,2029092222,Saturday,Market Close
22/09/2029 23:00,2029092223,Saturday,Market Close
23/09/2029 0:00,2029092300,Sunday,Market Close
23/09/2029 1:00,2029092301,Sunday,Market Close
23/09/2029 2:00,2029092302,Sunday,Market Close
23/09/2029 3:00,2029092303,Sunday,Market Close
23/09/2029 4:00,2029092304,Sunday,Market Close
23/09/2029 5:00,2029092305,Sunday,Market Close
23/09/2029 6:00,2029092306,Sunday,Market Close
23/09/2029 7:00,2029092307,Sunday,Market Close
23/09/2029 8:00,2029092308,Sunday,Market Close
23/09/2029 9:00,2029092309,Sunday,Market Close
23/09/2029 10:00,2029092310,Sunday,Market Close
23/09/2029 11:00,2029092311,Sunday,Market Close
23/09/2029 12:00,2029092312,Sunday,Market Close
23/09/2029 13:00,2029092313,Sunday,Market Close
23/09/2029 14:00,2029092314,Sunday,Market Close
23/09/2029 15:00,2029092315,Sunday,Market Close
23/09/2029 16:00,2029092316,Sunday,Market Close
23/09/2029 17:00,2029092317,Sunday,Market Close
23/09/2029 18:00,2029092318,Sunday,Market Close
23/09/2029 19:00,2029092319,Sunday,Market Close
23/09/2029 20:00,2029092320,Sunday,Market Close
28/09/2029 21:00,2029092821,Friday,Market Close
28/09/2029 22:00,2029092822,Friday,Market Close
28/09/2029 23:00,2029092823,Friday,Market Close
29/09/2029 0:00,2029092900,Saturday,Market Close
29/09/2029 1:00,2029092901,Saturday,Market Close
29/09/2029 2:00,2029092902,Saturday,Market Close
29/09/2029 3:00,2029092903,Saturday,Market Close
29/09/2029 4:00,2029092904,Saturday,Market Close
29/09/2029 5:00,2029092905,Saturday,Market Close
29/09/2029 6:00,2029092906,Saturday,Market Close
29/09/2029 7:00,2029092907,Saturday,Market Close
29/09/2029 8:00,2029092908,Saturday,Market Close
29/09/2029 9:00,2029092909,Saturday,Market Close
29/09/2029 10:00,2029092910,Saturday,Market Close
29/09/2029 11:00,2029092911,Saturday,Market Close
29/09/2029 12:00,2029092912,Saturday,Market Close
29/09/2029 13:00,2029092913,Saturday,Market Close
29/09/2029 14:00,2029092914,Saturday,Market Close
29/09/2029 15:00,2029092915,Saturday,Market Close
29/09/2029 16:00,2029092916,Saturday,Market Close
29/09/2029 17:00,2029092917,Saturday,Market Close
29/09/2029 18:00,2029092918,Saturday,Market Close
29/09/2029 19:00,2029092919,Saturday,Market Close
29/09/2029 20:00,2029092920,Saturday,Market Close
29/09/2029 21:00,2029092921,Saturday,Market Close
29/09/2029 22:00,2029092922,Saturday,Market Close
29/09/2029 23:00,2029092923,Saturday,Market Close
30/09/2029 0:00,2029093000,Sunday,Market Close
30/09/2029 1:00,2029093001,Sunday,Market Close
30/09/2029 2:00,2029093002,Sunday,Market Close
30/09/2029 3:00,2029093003,Sunday,Market Close
30/09/2029 4:00,2029093004,Sunday,Market Close
30/09/2029 5:00,2029093005,Sunday,Market Close
30/09/2029 6:00,2029093006,Sunday,Market Close
30/09/2029 7:00,2029093007,Sunday,Market Close
30/09/2029 8:00,2029093008,Sunday,Market Close
30/09/2029 9:00,2029093009,Sunday,Market Close
30/09/2029 10:00,2029093010,Sunday,Market Close
30/09/2029 11:00,2029093011,Sunday,Market Close
30/09/2029 12:00,2029093012,Sunday,Market Close
30/09/2029 13:00,2029093013,Sunday,Market Close
30/09/2029 14:00,2029093014,Sunday,Market Close
30/09/2029 15:00,2029093015,Sunday,Market Close
30/09/2029 16:00,2029093016,Sunday,Market Close
30/09/2029 17:00,2029093017,Sunday,Market Close
30/09/2029 18:00,2029093018,Sunday,Market Close
30/09/2029 19:00,2029093019,Sunday,Market Close
30/09/2029 20:00,2029093020,Sunday,Market Close
5/10/2029 21:00,2029100521,Friday,Market Close
5/10/2029 22:00,2029100522,Friday,Market Close
5/10/2029 23:00,2029100523,Friday,Market Close
6/10/2029 0:00,2029100600,Saturday,Market Close
6/10/2029 1:00,2029100601,Saturday,Market Close
6/10/2029 2:00,2029100602,Saturday,Market Close
6/10/2029 3:00,2029100603,Saturday,Market Close
6/10/2029 4:00,2029100604,Saturday,Market Close
6/10/2029 5:00,2029100605,Saturday,Market Close
6/10/2029 6:00,2029100606,Saturday,Market Close
6/10/2029 7:00,2029100607,Saturday,Market Close
6/10/2029 8:00,2029100608,Saturday,Market Close
6/10/2029 9:00,2029100609,Saturday,Market Close
6/10/2029 10:00,2029100610,Saturday,Market Close
6/10/2029 11:00,2029100611,Saturday,Market Close
6/10/2029 12:00,2029100612,Saturday,Market Close
6/10/2029 13:00,2029100613,Saturday,Market Close
6/10/2029 14:00,2029100614,Saturday,Market Close
6/10/2029 15:00,2029100615,Saturday,Market Close
6/10/2029 16:00,2029100616,Saturday,Market Close
6/10/2029 17:00,2029100617,Saturday,Market Close
6/10/2029 18:00,2029100618,Saturday,Market Close
6/10/2029 19:00,2029100619,Saturday,Market Close
6/10/2029 20:00,2029100620,Saturday,Market Close
6/10/2029 21:00,2029100621,Saturday,Market Close
6/10/2029 22:00,2029100622,Saturday,Market Close
6/10/2029 23:00,2029100623,Saturday,Market Close
7/10/2029 0:00,2029100700,Sunday,Market Close
7/10/2029 1:00,2029100701,Sunday,Market Close
7/10/2029 2:00,2029100702,Sunday,Market Close
7/10/2029 3:00,2029100703,Sunday,Market Close
7/10/2029 4:00,2029100704,Sunday,Market Close
7/10/2029 5:00,2029100705,Sunday,Market Close
7/10/2029 6:00,2029100706,Sunday,Market Close
7/10/2029 7:00,2029100707,Sunday,Market Close
7/10/2029 8:00,2029100708,Sunday,Market Close
7/10/2029 9:00,2029100709,Sunday,Market Close
7/10/2029 10:00,2029100710,Sunday,Market Close
7/10/2029 11:00,2029100711,Sunday,Market Close
7/10/2029 12:00,2029100712,Sunday,Market Close
7/10/2029 13:00,2029100713,Sunday,Market Close
7/10/2029 14:00,2029100714,Sunday,Market Close
7/10/2029 15:00,2029100715,Sunday,Market Close
7/10/2029 16:00,2029100716,Sunday,Market Close
7/10/2029 17:00,2029100717,Sunday,Market Close
7/10/2029 18:00,2029100718,Sunday,Market Close
7/10/2029 19:00,2029100719,Sunday,Market Close
7/10/2029 20:00,2029100720,Sunday,Market Close
12/10/2029 21:00,2029101221,Friday,Market Close
12/10/2029 22:00,2029101222,Friday,Market Close
12/10/2029 23:00,2029101223,Friday,Market Close
13/10/2029 0:00,2029101300,Saturday,Market Close
13/10/2029 1:00,2029101301,Saturday,Market Close
13/10/2029 2:00,2029101302,Saturday,Market Close
13/10/2029 3:00,2029101303,Saturday,Market Close
13/10/2029 4:00,2029101304,Saturday,Market Close
13/10/2029 5:00,2029101305,Saturday,Market Close
13/10/2029 6:00,2029101306,Saturday,Market Close
13/10/2029 7:00,2029101307,Saturday,Market Close
13/10/2029 8:00,2029101308,Saturday,Market Close
13/10/2029 9:00,2029101309,Saturday,Market Close
13/10/2029 10:00,2029101310,Saturday,Market Close
13/10/2029 11:00,2029101311,Saturday,Market Close
13/10/2029 12:00,2029101312,Saturday,Market Close
13/10/2029 13:00,2029101313,Saturday,Market Close
13/10/2029 14:00,2029101314,Saturday,Market Close
13/10/2029 15:00,2029101315,Saturday,Market Close
13/10/2029 16:00,2029101316,Saturday,Market Close
13/10/2029 17:00,2029101317,Saturday,Market Close
13/10/2029 18:00,2029101318,Saturday,Market Close
13/10/2029 19:00,2029101319,Saturday,Market Close
13/10/2029 20:00,2029101320,Saturday,Market Close
13/10/2029 21:00,2029101321,Saturday,Market Close
13/10/2029 22:00,2029101322,Saturday,Market Close
13/10/2029 23:00,2029101323,Saturday,Market Close
14/10/2029 0:00,2029101400,Sunday,Market Close
14/10/2029 1:00,2029101401,Sunday,Market Close
14/10/2029 2:00,2029101402,Sunday,Market Close
14/10/2029 3:00,2029101403,Sunday,Market Close
14/10/2029 4:00,2029101404,Sunday,Market Close
14/10/2029 5:00,2029101405,Sunday,Market Close
14/10/2029 6:00,2029101406,Sunday,Market Close
14/10/2029 7:00,2029101407,Sunday,Market Close
14/10/2029 8:00,2029101408,Sunday,Market Close
14/10/2029 9:00,2029101409,Sunday,Market Close
14/10/2029 10:00,2029101410,Sunday,Market Close
14/10/2029 11:00,2029101411,Sunday,Market Close
14/10/2029 12:00,2029101412,Sunday,Market Close
14/10/2029 13:00,2029101413,Sunday,Market Close
14/10/2029 14:00,2029101414,Sunday,Market Close
14/10/2029 15:00,2029101415,Sunday,Market Close
14/10/2029 16:00,2029101416,Sunday,Market Close
14/10/2029 17:00,2029101417,Sunday,Market Close
14/10/2029 18:00,2029101418,Sunday,Market Close
14/10/2029 19:00,2029101419,Sunday,Market Close
14/10/2029 20:00,2029101420,Sunday,Market Close
19/10/2029 21:00,2029101921,Friday,Market Close
19/10/2029 22:00,2029101922,Friday,Market Close
19/10/2029 23:00,2029101923,Friday,Market Close
20/10/2029 0:00,2029102000,Saturday,Market Close
20/10/2029 1:00,2029102001,Saturday,Market Close
20/10/2029 2:00,2029102002,Saturday,Market Close
20/10/2029 3:00,2029102003,Saturday,Market Close
20/10/2029 4:00,2029102004,Saturday,Market Close
20/10/2029 5:00,2029102005,Saturday,Market Close
20/10/2029 6:00,2029102006,Saturday,Market Close
20/10/2029 7:00,2029102007,Saturday,Market Close
20/10/2029 8:00,2029102008,Saturday,Market Close
20/10/2029 9:00,2029102009,Saturday,Market Close
20/10/2029 10:00,2029102010,Saturday,Market Close
20/10/2029 11:00,2029102011,Saturday,Market Close
20/10/2029 12:00,2029102012,Saturday,Market Close
20/10/2029 13:00,2029102013,Saturday,Market Close
20/10/2029 14:00,2029102014,Saturday,Market Close
20/10/2029 15:00,2029102015,Saturday,Market Close
20/10/2029 16:00,2029102016,Saturday,Market Close
20/10/2029 17:00,2029102017,Saturday,Market Close
20/10/2029 18:00,2029102018,Saturday,Market Close
20/10/2029 19:00,2029102019,Saturday,Market Close
20/10/2029 20:00,2029102020,Saturday,Market Close
20/10/2029 21:00,2029102021,Saturday,Market Close
20/10/2029 22:00,2029102022,Saturday,Market Close
20/10/2029 23:00,2029102023,Saturday,Market Close
21/10/2029 0:00,2029102100,Sunday,Market Close
21/10/2029 1:00,2029102101,Sunday,Market Close
21/10/2029 2:00,2029102102,Sunday,Market Close
21/10/2029 3:00,2029102103,Sunday,Market Close
21/10/2029 4:00,2029102104,Sunday,Market Close
21/10/2029 5:00,2029102105,Sunday,Market Close
21/10/2029 6:00,2029102106,Sunday,Market Close
21/10/2029 7:00,2029102107,Sunday,Market Close
21/10/2029 8:00,2029102108,Sunday,Market Close
21/10/2029 9:00,2029102109,Sunday,Market Close
21/10/2029 10:00,2029102110,Sunday,Market Close
21/10/2029 11:00,2029102111,Sunday,Market Close
21/10/2029 12:00,2029102112,Sunday,Market Close
21/10/2029 13:00,2029102113,Sunday,Market Close
21/10/2029 14:00,2029102114,Sunday,Market Close
21/10/2029 15:00,2029102115,Sunday,Market Close
21/10/2029 16:00,2029102116,Sunday,Market Close
21/10/2029 17:00,2029102117,Sunday,Market Close
21/10/2029 18:00,2029102118,Sunday,Market Close
21/10/2029 19:00,2029102119,Sunday,Market Close
21/10/2029 20:00,2029102120,Sunday,Market Close
26/10/2029 21:00,2029102621,Friday,Market Close
26/10/2029 22:00,2029102622,Friday,Market Close
26/10/2029 23:00,2029102623,Friday,Market Close
27/10/2029 0:00,2029102700,Saturday,Market Close
27/10/2029 1:00,2029102701,Saturday,Market Close
27/10/2029 2:00,2029102702,Saturday,Market Close
27/10/2029 3:00,2029102703,Saturday,Market Close
27/10/2029 4:00,2029102704,Saturday,Market Close
27/10/2029 5:00,2029102705,Saturday,Market Close
27/10/2029 6:00,2029102706,Saturday,Market Close
27/10/2029 7:00,2029102707,Saturday,Market Close
27/10/2029 8:00,2029102708,Saturday,Market Close
27/10/2029 9:00,2029102709,Saturday,Market Close
27/10/2029 10:00,2029102710,Saturday,Market Close
27/10/2029 11:00,2029102711,Saturday,Market Close
27/10/2029 12:00,2029102712,Saturday,Market Close
27/10/2029 13:00,2029102713,Saturday,Market Close
27/10/2029 14:00,2029102714,Saturday,Market Close
27/10/2029 15:00,2029102715,Saturday,Market Close
27/10/2029 16:00,2029102716,Saturday,Market Close
27/10/2029 17:00,2029102717,Saturday,Market Close
27/10/2029 18:00,2029102718,Saturday,Market Close
27/10/2029 19:00,2029102719,Saturday,Market Close
27/10/2029 20:00,2029102720,Saturday,Market Close
27/10/2029 21:00,2029102721,Saturday,Market Close
27/10/2029 22:00,2029102722,Saturday,Market Close
27/10/2029 23:00,2029102723,Saturday,Market Close
28/10/2029 0:00,2029102800,Sunday,Market Close
28/10/2029 1:00,2029102801,Sunday,Market Close
28/10/2029 2:00,2029102802,Sunday,Market Close
28/10/2029 3:00,2029102803,Sunday,Market Close
28/10/2029 4:00,2029102804,Sunday,Market Close
28/10/2029 5:00,2029102805,Sunday,Market Close
28/10/2029 6:00,2029102806,Sunday,Market Close
28/10/2029 7:00,2029102807,Sunday,Market Close
28/10/2029 8:00,2029102808,Sunday,Market Close
28/10/2029 9:00,2029102809,Sunday,Market Close
28/10/2029 10:00,2029102810,Sunday,Market Close
28/10/2029 11:00,2029102811,Sunday,Market Close
28/10/2029 12:00,2029102812,Sunday,Market Close
28/10/2029 13:00,2029102813,Sunday,Market Close
28/10/2029 14:00,2029102814,Sunday,Market Close
28/10/2029 15:00,2029102815,Sunday,Market Close
28/10/2029 16:00,2029102816,Sunday,Market Close
28/10/2029 17:00,2029102817,Sunday,Market Close
28/10/2029 18:00,2029102818,Sunday,Market Close
28/10/2029 19:00,2029102819,Sunday,Market Close
28/10/2029 20:00,2029102820,Sunday,Market Close
2/11/2029 21:00,2029110221,Friday,Market Close
2/11/2029 22:00,2029110222,Friday,Market Close
2/11/2029 23:00,2029110223,Friday,Market Close
3/11/2029 0:00,2029110300,Saturday,Market Close
3/11/2029 1:00,2029110301,Saturday,Market Close
3/11/2029 2:00,2029110302,Saturday,Market Close
3/11/2029 3:00,2029110303,Saturday,Market Close
3/11/2029 4:00,2029110304,Saturday,Market Close
3/11/2029 5:00,2029110305,Saturday,Market Close
3/11/2029 6:00,2029110306,Saturday,Market Close
3/11/2029 7:00,2029110307,Saturday,Market Close
3/11/2029 8:00,2029110308,Saturday,Market Close
3/11/2029 9:00,2029110309,Saturday,Market Close
3/11/2029 10:00,2029110310,Saturday,Market Close
3/11/2029 11:00,2029110311,Saturday,Market Close
3/11/2029 12:00,2029110312,Saturday,Market Close
3/11/2029 13:00,2029110313,Saturday,Market Close
3/11/2029 14:00,2029110314,Saturday,Market Close
3/11/2029 15:00,2029110315,Saturday,Market Close
3/11/2029 16:00,2029110316,Saturday,Market Close
3/11/2029 17:00,2029110317,Saturday,Market Close
3/11/2029 18:00,2029110318,Saturday,Market Close
3/11/2029 19:00,2029110319,Saturday,Market Close
3/11/2029 20:00,2029110320,Saturday,Market Close
3/11/2029 21:00,2029110321,Saturday,Market Close
3/11/2029 22:00,2029110322,Saturday,Market Close
3/11/2029 23:00,2029110323,Saturday,Market Close
4/11/2029 0:00,2029110400,Sunday,Market Close
4/11/2029 1:00,2029110401,Sunday,Market Close
4/11/2029 2:00,2029110402,Sunday,Market Close
4/11/2029 3:00,2029110403,Sunday,Market Close
4/11/2029 4:00,2029110404,Sunday,Market Close
4/11/2029 5:00,2029110405,Sunday,Market Close
4/11/2029 6:00,2029110406,Sunday,Market Close
4/11/2029 7:00,2029110407,Sunday,Market Close
4/11/2029 8:00,2029110408,Sunday,Market Close
4/11/2029 9:00,2029110409,Sunday,Market Close
4/11/2029 10:00,2029110410,Sunday,Market Close
4/11/2029 11:00,2029110411,Sunday,Market Close
4/11/2029 12:00,2029110412,Sunday,Market Close
4/11/2029 13:00,2029110413,Sunday,Market Close
4/11/2029 14:00,2029110414,Sunday,Market Close
4/11/2029 15:00,2029110415,Sunday,Market Close
4/11/2029 16:00,2029110416,Sunday,Market Close
4/11/2029 17:00,2029110417,Sunday,Market Close
4/11/2029 18:00,2029110418,Sunday,Market Close
4/11/2029 19:00,2029110419,Sunday,Market Close
4/11/2029 20:00,2029110420,Sunday,Market Close
4/11/2029 21:00,2029110421,Sunday,Market Close
9/11/2029 22:00,2029110922,Friday,Market Close
9/11/2029 23:00,2029110923,Friday,Market Close
10/11/2029 0:00,2029111000,Saturday,Market Close
10/11/2029 1:00,2029111001,Saturday,Market Close
10/11/2029 2:00,2029111002,Saturday,Market Close
10/11/2029 3:00,2029111003,Saturday,Market Close
10/11/2029 4:00,2029111004,Saturday,Market Close
10/11/2029 5:00,2029111005,Saturday,Market Close
10/11/2029 6:00,2029111006,Saturday,Market Close
10/11/2029 7:00,2029111007,Saturday,Market Close
10/11/2029 8:00,2029111008,Saturday,Market Close
10/11/2029 9:00,2029111009,Saturday,Market Close
10/11/2029 10:00,2029111010,Saturday,Market Close
10/11/2029 11:00,2029111011,Saturday,Market Close
10/11/2029 12:00,2029111012,Saturday,Market Close
10/11/2029 13:00,2029111013,Saturday,Market Close
10/11/2029 14:00,2029111014,Saturday,Market Close
10/11/2029 15:00,2029111015,Saturday,Market Close
10/11/2029 16:00,2029111016,Saturday,Market Close
10/11/2029 17:00,2029111017,Saturday,Market Close
10/11/2029 18:00,2029111018,Saturday,Market Close
10/11/2029 19:00,2029111019,Saturday,Market Close
10/11/2029 20:00,2029111020,Saturday,Market Close
10/11/2029 21:00,2029111021,Saturday,Market Close
10/11/2029 22:00,2029111022,Saturday,Market Close
10/11/2029 23:00,2029111023,Saturday,Market Close
11/11/2029 0:00,2029111100,Sunday,Market Close
11/11/2029 1:00,2029111101,Sunday,Market Close
11/11/2029 2:00,2029111102,Sunday,Market Close
11/11/2029 3:00,2029111103,Sunday,Market Close
11/11/2029 4:00,2029111104,Sunday,Market Close
11/11/2029 5:00,2029111105,Sunday,Market Close
11/11/2029 6:00,2029111106,Sunday,Market Close
11/11/2029 7:00,2029111107,Sunday,Market Close
11/11/2029 8:00,2029111108,Sunday,Market Close
11/11/2029 9:00,2029111109,Sunday,Market Close
11/11/2029 10:00,2029111110,Sunday,Market Close
11/11/2029 11:00,2029111111,Sunday,Market Close
11/11/2029 12:00,2029111112,Sunday,Market Close
11/11/2029 13:00,2029111113,Sunday,Market Close
11/11/2029 14:00,2029111114,Sunday,Market Close
11/11/2029 15:00,2029111115,Sunday,Market Close
11/11/2029 16:00,2029111116,Sunday,Market Close
11/11/2029 17:00,2029111117,Sunday,Market Close
11/11/2029 18:00,2029111118,Sunday,Market Close
11/11/2029 19:00,2029111119,Sunday,Market Close
11/11/2029 20:00,2029111120,Sunday,Market Close
11/11/2029 21:00,2029111121,Sunday,Market Close
16/11/2029 22:00,2029111622,Friday,Market Close
16/11/2029 23:00,2029111623,Friday,Market Close
17/11/2029 0:00,2029111700,Saturday,Market Close
17/11/2029 1:00,2029111701,Saturday,Market Close
17/11/2029 2:00,2029111702,Saturday,Market Close
17/11/2029 3:00,2029111703,Saturday,Market Close
17/11/2029 4:00,2029111704,Saturday,Market Close
17/11/2029 5:00,2029111705,Saturday,Market Close
17/11/2029 6:00,2029111706,Saturday,Market Close
17/11/2029 7:00,2029111707,Saturday,Market Close
17/11/2029 8:00,2029111708,Saturday,Market Close
17/11/2029 9:00,2029111709,Saturday,Market Close
17/11/2029 10:00,2029111710,Saturday,Market Close
17/11/2029 11:00,2029111711,Saturday,Market Close
17/11/2029 12:00,2029111712,Saturday,Market Close
17/11/2029 13:00,2029111713,Saturday,Market Close
17/11/2029 14:00,2029111714,Saturday,Market Close
17/11/2029 15:00,2029111715,Saturday,Market Close
17/11/2029 16:00,2029111716,Saturday,Market Close
17/11/2029 17:00,2029111717,Saturday,Market Close
17/11/2029 18:00,2029111718,Saturday,Market Close
17/11/2029 19:00,2029111719,Saturday,Market Close
17/11/2029 20:00,2029111720,Saturday,Market Close
17/11/2029 21:00,2029111721,Saturday,Market Close
17/11/2029 22:00,2029111722,Saturday,Market Close
17/11/2029 23:00,2029111723,Saturday,Market Close
18/11/2029 0:00,2029111800,Sunday,Market Close
18/11/2029 1:00,2029111801,Sunday,Market Close
18/11/2029 2:00,2029111802,Sunday,Market Close
18/11/2029 3:00,2029111803,Sunday,Market Close
18/11/2029 4:00,2029111804,Sunday,Market Close
18/11/2029 5:00,2029111805,Sunday,Market Close
18/11/2029 6:00,2029111806,Sunday,Market Close
18/11/2029 7:00,2029111807,Sunday,Market Close
18/11/2029 8:00,2029111808,Sunday,Market Close
18/11/2029 9:00,2029111809,Sunday,Market Close
18/11/2029 10:00,2029111810,Sunday,Market Close
18/11/2029 11:00,2029111811,Sunday,Market Close
18/11/2029 12:00,2029111812,Sunday,Market Close
18/11/2029 13:00,2029111813,Sunday,Market Close
18/11/2029 14:00,2029111814,Sunday,Market Close
18/11/2029 15:00,2029111815,Sunday,Market Close
18/11/2029 16:00,2029111816,Sunday,Market Close
18/11/2029 17:00,2029111817,Sunday,Market Close
18/11/2029 18:00,2029111818,Sunday,Market Close
18/11/2029 19:00,2029111819,Sunday,Market Close
18/11/2029 20:00,2029111820,Sunday,Market Close
18/11/2029 21:00,2029111821,Sunday,Market Close
23/11/2029 22:00,2029112322,Friday,Market Close
23/11/2029 23:00,2029112323,Friday,Market Close
24/11/2029 0:00,2029112400,Saturday,Market Close
24/11/2029 1:00,2029112401,Saturday,Market Close
24/11/2029 2:00,2029112402,Saturday,Market Close
24/11/2029 3:00,2029112403,Saturday,Market Close
24/11/2029 4:00,2029112404,Saturday,Market Close
24/11/2029 5:00,2029112405,Saturday,Market Close
24/11/2029 6:00,2029112406,Saturday,Market Close
24/11/2029 7:00,2029112407,Saturday,Market Close
24/11/2029 8:00,2029112408,Saturday,Market Close
24/11/2029 9:00,2029112409,Saturday,Market Close
24/11/2029 10:00,2029112410,Saturday,Market Close
24/11/2029 11:00,2029112411,Saturday,Market Close
24/11/2029 12:00,2029112412,Saturday,Market Close
24/11/2029 13:00,2029112413,Saturday,Market Close
24/11/2029 14:00,2029112414,Saturday,Market Close
24/11/2029 15:00,2029112415,Saturday,Market Close
24/11/2029 16:00,2029112416,Saturday,Market Close
24/11/2029 17:00,2029112417,Saturday,Market Close
24/11/2029 18:00,2029112418,Saturday,Market Close
24/11/2029 19:00,2029112419,Saturday,Market Close
24/11/2029 20:00,2029112420,Saturday,Market Close
24/11/2029 21:00,2029112421,Saturday,Market Close
24/11/2029 22:00,2029112422,Saturday,Market Close
24/11/2029 23:00,2029112423,Saturday,Market Close
25/11/2029 0:00,2029112500,Sunday,Market Close
25/11/2029 1:00,2029112501,Sunday,Market Close
25/11/2029 2:00,2029112502,Sunday,Market Close
25/11/2029 3:00,2029112503,Sunday,Market Close
25/11/2029 4:00,2029112504,Sunday,Market Close
25/11/2029 5:00,2029112505,Sunday,Market Close
25/11/2029 6:00,2029112506,Sunday,Market Close
25/11/2029 7:00,2029112507,Sunday,Market Close
25/11/2029 8:00,2029112508,Sunday,Market Close
25/11/2029 9:00,2029112509,Sunday,Market Close
25/11/2029 10:00,2029112510,Sunday,Market Close
25/11/2029 11:00,2029112511,Sunday,Market Close
25/11/2029 12:00,2029112512,Sunday,Market Close
25/11/2029 13:00,2029112513,Sunday,Market Close
25/11/2029 14:00,2029112514,Sunday,Market Close
25/11/2029 15:00,2029112515,Sunday,Market Close
25/11/2029 16:00,2029112516,Sunday,Market Close
25/11/2029 17:00,2029112517,Sunday,Market Close
25/11/2029 18:00,2029112518,Sunday,Market Close
25/11/2029 19:00,2029112519,Sunday,Market Close
25/11/2029 20:00,2029112520,Sunday,Market Close
25/11/2029 21:00,2029112521,Sunday,Market Close
30/11/2029 22:00,2029113022,Friday,Market Close
30/11/2029 23:00,2029113023,Friday,Market Close
1/12/2029 0:00,2029120100,Saturday,Market Close
1/12/2029 1:00,2029120101,Saturday,Market Close
1/12/2029 2:00,2029120102,Saturday,Market Close
1/12/2029 3:00,2029120103,Saturday,Market Close
1/12/2029 4:00,2029120104,Saturday,Market Close
1/12/2029 5:00,2029120105,Saturday,Market Close
1/12/2029 6:00,2029120106,Saturday,Market Close
1/12/2029 7:00,2029120107,Saturday,Market Close
1/12/2029 8:00,2029120108,Saturday,Market Close
1/12/2029 9:00,2029120109,Saturday,Market Close
1/12/2029 10:00,2029120110,Saturday,Market Close
1/12/2029 11:00,2029120111,Saturday,Market Close
1/12/2029 12:00,2029120112,Saturday,Market Close
1/12/2029 13:00,2029120113,Saturday,Market Close
1/12/2029 14:00,2029120114,Saturday,Market Close
1/12/2029 15:00,2029120115,Saturday,Market Close
1/12/2029 16:00,2029120116,Saturday,Market Close
1/12/2029 17:00,2029120117,Saturday,Market Close
1/12/2029 18:00,2029120118,Saturday,Market Close
1/12/2029 19:00,2029120119,Saturday,Market Close
1/12/2029 20:00,2029120120,Saturday,Market Close
1/12/2029 21:00,2029120121,Saturday,Market Close
1/12/2029 22:00,2029120122,Saturday,Market Close
1/12/2029 23:00,2029120123,Saturday,Market Close
2/12/2029 0:00,2029120200,Sunday,Market Close
2/12/2029 1:00,2029120201,Sunday,Market Close
2/12/2029 2:00,2029120202,Sunday,Market Close
2/12/2029 3:00,2029120203,Sunday,Market Close
2/12/2029 4:00,2029120204,Sunday,Market Close
2/12/2029 5:00,2029120205,Sunday,Market Close
2/12/2029 6:00,2029120206,Sunday,Market Close
2/12/2029 7:00,2029120207,Sunday,Market Close
2/12/2029 8:00,2029120208,Sunday,Market Close
2/12/2029 9:00,2029120209,Sunday,Market Close
2/12/2029 10:00,2029120210,Sunday,Market Close
2/12/2029 11:00,2029120211,Sunday,Market Close
2/12/2029 12:00,2029120212,Sunday,Market Close
2/12/2029 13:00,2029120213,Sunday,Market Close
2/12/2029 14:00,2029120214,Sunday,Market Close
2/12/2029 15:00,2029120215,Sunday,Market Close
2/12/2029 16:00,2029120216,Sunday,Market Close
2/12/2029 17:00,2029120217,Sunday,Market Close
2/12/2029 18:00,2029120218,Sunday,Market Close
2/12/2029 19:00,2029120219,Sunday,Market Close
2/12/2029 20:00,2029120220,Sunday,Market Close
2/12/2029 21:00,2029120221,Sunday,Market Close
7/12/2029 22:00,2029120722,Friday,Market Close
7/12/2029 23:00,2029120723,Friday,Market Close
8/12/2029 0:00,2029120800,Saturday,Market Close
8/12/2029 1:00,2029120801,Saturday,Market Close
8/12/2029 2:00,2029120802,Saturday,Market Close
8/12/2029 3:00,2029120803,Saturday,Market Close
8/12/2029 4:00,2029120804,Saturday,Market Close
8/12/2029 5:00,2029120805,Saturday,Market Close
8/12/2029 6:00,2029120806,Saturday,Market Close
8/12/2029 7:00,2029120807,Saturday,Market Close
8/12/2029 8:00,2029120808,Saturday,Market Close
8/12/2029 9:00,2029120809,Saturday,Market Close
8/12/2029 10:00,2029120810,Saturday,Market Close
8/12/2029 11:00,2029120811,Saturday,Market Close
8/12/2029 12:00,2029120812,Saturday,Market Close
8/12/2029 13:00,2029120813,Saturday,Market Close
8/12/2029 14:00,2029120814,Saturday,Market Close
8/12/2029 15:00,2029120815,Saturday,Market Close
8/12/2029 16:00,2029120816,Saturday,Market Close
8/12/2029 17:00,2029120817,Saturday,Market Close
8/12/2029 18:00,2029120818,Saturday,Market Close
8/12/2029 19:00,2029120819,Saturday,Market Close
8/12/2029 20:00,2029120820,Saturday,Market Close
8/12/2029 21:00,2029120821,Saturday,Market Close
8/12/2029 22:00,2029120822,Saturday,Market Close
8/12/2029 23:00,2029120823,Saturday,Market Close
9/12/2029 0:00,2029120900,Sunday,Market Close
9/12/2029 1:00,2029120901,Sunday,Market Close
9/12/2029 2:00,2029120902,Sunday,Market Close
9/12/2029 3:00,2029120903,Sunday,Market Close
9/12/2029 4:00,2029120904,Sunday,Market Close
9/12/2029 5:00,2029120905,Sunday,Market Close
9/12/2029 6:00,2029120906,Sunday,Market Close
9/12/2029 7:00,2029120907,Sunday,Market Close
9/12/2029 8:00,2029120908,Sunday,Market Close
9/12/2029 9:00,2029120909,Sunday,Market Close
9/12/2029 10:00,2029120910,Sunday,Market Close
9/12/2029 11:00,2029120911,Sunday,Market Close
9/12/2029 12:00,2029120912,Sunday,Market Close
9/12/2029 13:00,2029120913,Sunday,Market Close
9/12/2029 14:00,2029120914,Sunday,Market Close
9/12/2029 15:00,2029120915,Sunday,Market Close
9/12/2029 16:00,2029120916,Sunday,Market Close
9/12/2029 17:00,2029120917,Sunday,Market Close
9/12/2029 18:00,2029120918,Sunday,Market Close
9/12/2029 19:00,2029120919,Sunday,Market Close
9/12/2029 20:00,2029120920,Sunday,Market Close
9/12/2029 21:00,2029120921,Sunday,Market Close
14/12/2029 22:00,2029121422,Friday,Market Close
14/12/2029 23:00,2029121423,Friday,Market Close
15/12/2029 0:00,2029121500,Saturday,Market Close
15/12/2029 1:00,2029121501,Saturday,Market Close
15/12/2029 2:00,2029121502,Saturday,Market Close
15/12/2029 3:00,2029121503,Saturday,Market Close
15/12/2029 4:00,2029121504,Saturday,Market Close
15/12/2029 5:00,2029121505,Saturday,Market Close
15/12/2029 6:00,2029121506,Saturday,Market Close
15/12/2029 7:00,2029121507,Saturday,Market Close
15/12/2029 8:00,2029121508,Saturday,Market Close
15/12/2029 9:00,2029121509,Saturday,Market Close
15/12/2029 10:00,2029121510,Saturday,Market Close
15/12/2029 11:00,2029121511,Saturday,Market Close
15/12/2029 12:00,2029121512,Saturday,Market Close
15/12/2029 13:00,2029121513,Saturday,Market Close
15/12/2029 14:00,2029121514,Saturday,Market Close
15/12/2029 15:00,2029121515,Saturday,Market Close
15/12/2029 16:00,2029121516,Saturday,Market Close
15/12/2029 17:00,2029121517,Saturday,Market Close
15/12/2029 18:00,2029121518,Saturday,Market Close
15/12/2029 19:00,2029121519,Saturday,Market Close
15/12/2029 20:00,2029121520,Saturday,Market Close
15/12/2029 21:00,2029121521,Saturday,Market Close
15/12/2029 22:00,2029121522,Saturday,Market Close
15/12/2029 23:00,2029121523,Saturday,Market Close
16/12/2029 0:00,2029121600,Sunday,Market Close
16/12/2029 1:00,2029121601,Sunday,Market Close
16/12/2029 2:00,2029121602,Sunday,Market Close
16/12/2029 3:00,2029121603,Sunday,Market Close
16/12/2029 4:00,2029121604,Sunday,Market Close
16/12/2029 5:00,2029121605,Sunday,Market Close
16/12/2029 6:00,2029121606,Sunday,Market Close
16/12/2029 7:00,2029121607,Sunday,Market Close
16/12/2029 8:00,2029121608,Sunday,Market Close
16/12/2029 9:00,2029121609,Sunday,Market Close
16/12/2029 10:00,2029121610,Sunday,Market Close
16/12/2029 11:00,2029121611,Sunday,Market Close
16/12/2029 12:00,2029121612,Sunday,Market Close
16/12/2029 13:00,2029121613,Sunday,Market Close
16/12/2029 14:00,2029121614,Sunday,Market Close
16/12/2029 15:00,2029121615,Sunday,Market Close
16/12/2029 16:00,2029121616,Sunday,Market Close
16/12/2029 17:00,2029121617,Sunday,Market Close
16/12/2029 18:00,2029121618,Sunday,Market Close
16/12/2029 19:00,2029121619,Sunday,Market Close
16/12/2029 20:00,2029121620,Sunday,Market Close
16/12/2029 21:00,2029121621,Sunday,Market Close
21/12/2029 22:00,2029122122,Friday,Market Close
21/12/2029 23:00,2029122123,Friday,Market Close
22/12/2029 0:00,2029122200,Saturday,Market Close
22/12/2029 1:00,2029122201,Saturday,Market Close
22/12/2029 2:00,2029122202,Saturday,Market Close
22/12/2029 3:00,2029122203,Saturday,Market Close
22/12/2029 4:00,2029122204,Saturday,Market Close
22/12/2029 5:00,2029122205,Saturday,Market Close
22/12/2029 6:00,2029122206,Saturday,Market Close
22/12/2029 7:00,2029122207,Saturday,Market Close
22/12/2029 8:00,2029122208,Saturday,Market Close
22/12/2029 9:00,2029122209,Saturday,Market Close
22/12/2029 10:00,2029122210,Saturday,Market Close
22/12/2029 11:00,2029122211,Saturday,Market Close
22/12/2029 12:00,2029122212,Saturday,Market Close
22/12/2029 13:00,2029122213,Saturday,Market Close
22/12/2029 14:00,2029122214,Saturday,Market Close
22/12/2029 15:00,2029122215,Saturday,Market Close
22/12/2029 16:00,2029122216,Saturday,Market Close
22/12/2029 17:00,2029122217,Saturday,Market Close
22/12/2029 18:00,2029122218,Saturday,Market Close
22/12/2029 19:00,2029122219,Saturday,Market Close
22/12/2029 20:00,2029122220,Saturday,Market Close
22/12/2029 21:00,2029122221,Saturday,Market Close
22/12/2029 22:00,2029122222,Saturday,Market Close
22/12/2029 23:00,2029122223,Saturday,Market Close
23/12/2029 0:00,2029122300,Sunday,Market Close
23/12/2029 1:00,2029122301,Sunday,Market Close
23/12/2029 2:00,2029122302,Sunday,Market Close
23/12/2029 3:00,2029122303,Sunday,Market Close
23/12/2029 4:00,2029122304,Sunday,Market Close
23/12/2029 5:00,2029122305,Sunday,Market Close
23/12/2029 6:00,2029122306,Sunday,Market Close
23/12/2029 7:00,2029122307,Sunday,Market Close
23/12/2029 8:00,2029122308,Sunday,Market Close
23/12/2029 9:00,2029122309,Sunday,Market Close
23/12/2029 10:00,2029122310,Sunday,Market Close
23/12/2029 11:00,2029122311,Sunday,Market Close
23/12/2029 12:00,2029122312,Sunday,Market Close
23/12/2029 13:00,2029122313,Sunday,Market Close
23/12/2029 14:00,2029122314,Sunday,Market Close
23/12/2029 15:00,2029122315,Sunday,Market Close
23/12/2029 16:00,2029122316,Sunday,Market Close
23/12/2029 17:00,2029122317,Sunday,Market Close
23/12/2029 18:00,2029122318,Sunday,Market Close
23/12/2029 19:00,2029122319,Sunday,Market Close
23/12/2029 20:00,2029122320,Sunday,Market Close
23/12/2029 21:00,2029122321,Sunday,Market Close
28/12/2029 22:00,2029122822,Friday,Market Close
28/12/2029 23:00,2029122823,Friday,Market Close
29/12/2029 0:00,2029122900,Saturday,Market Close
29/12/2029 1:00,2029122901,Saturday,Market Close
29/12/2029 2:00,2029122902,Saturday,Market Close
29/12/2029 3:00,2029122903,Saturday,Market Close
29/12/2029 4:00,2029122904,Saturday,Market Close
29/12/2029 5:00,2029122905,Saturday,Market Close
29/12/2029 6:00,2029122906,Saturday,Market Close
29/12/2029 7:00,2029122907,Saturday,Market Close
29/12/2029 8:00,2029122908,Saturday,Market Close
29/12/2029 9:00,2029122909,Saturday,Market Close
29/12/2029 10:00,2029122910,Saturday,Market Close
29/12/2029 11:00,2029122911,Saturday,Market Close
29/12/2029 12:00,2029122912,Saturday,Market Close
29/12/2029 13:00,2029122913,Saturday,Market Close
29/12/2029 14:00,2029122914,Saturday,Market Close
29/12/2029 15:00,2029122915,Saturday,Market Close
29/12/2029 16:00,2029122916,Saturday,Market Close
29/12/2029 17:00,2029122917,Saturday,Market Close
29/12/2029 18:00,2029122918,Saturday,Market Close
29/12/2029 19:00,2029122919,Saturday,Market Close
29/12/2029 20:00,2029122920,Saturday,Market Close
29/12/2029 21:00,2029122921,Saturday,Market Close
29/12/2029 22:00,2029122922,Saturday,Market Close
29/12/2029 23:00,2029122923,Saturday,Market Close
30/12/2029 0:00,2029123000,Sunday,Market Close
30/12/2029 1:00,2029123001,Sunday,Market Close
30/12/2029 2:00,2029123002,Sunday,Market Close
30/12/2029 3:00,2029123003,Sunday,Market Close
30/12/2029 4:00,2029123004,Sunday,Market Close
30/12/2029 5:00,2029123005,Sunday,Market Close
30/12/2029 6:00,2029123006,Sunday,Market Close
30/12/2029 7:00,2029123007,Sunday,Market Close
30/12/2029 8:00,2029123008,Sunday,Market Close
30/12/2029 9:00,2029123009,Sunday,Market Close
30/12/2029 10:00,2029123010,Sunday,Market Close
30/12/2029 11:00,2029123011,Sunday,Market Close
30/12/2029 12:00,2029123012,Sunday,Market Close
30/12/2029 13:00,2029123013,Sunday,Market Close
30/12/2029 14:00,2029123014,Sunday,Market Close
30/12/2029 15:00,2029123015,Sunday,Market Close
30/12/2029 16:00,2029123016,Sunday,Market Close
30/12/2029 17:00,2029123017,Sunday,Market Close
30/12/2029 18:00,2029123018,Sunday,Market Close
30/12/2029 19:00,2029123019,Sunday,Market Close
30/12/2029 20:00,2029123020,Sunday,Market Close
30/12/2029 21:00,2029123021,Sunday,Market Close
4/01/2030 22:00,2030010422,Friday,Market Close
4/01/2030 23:00,2030010423,Friday,Market Close
5/01/2030 0:00,2030010500,Saturday,Market Close
5/01/2030 1:00,2030010501,Saturday,Market Close
5/01/2030 2:00,2030010502,Saturday,Market Close
5/01/2030 3:00,2030010503,Saturday,Market Close
5/01/2030 4:00,2030010504,Saturday,Market Close
5/01/2030 5:00,2030010505,Saturday,Market Close
5/01/2030 6:00,2030010506,Saturday,Market Close
5/01/2030 7:00,2030010507,Saturday,Market Close
5/01/2030 8:00,2030010508,Saturday,Market Close
5/01/2030 9:00,2030010509,Saturday,Market Close
5/01/2030 10:00,2030010510,Saturday,Market Close
5/01/2030 11:00,2030010511,Saturday,Market Close
5/01/2030 12:00,2030010512,Saturday,Market Close
5/01/2030 13:00,2030010513,Saturday,Market Close
5/01/2030 14:00,2030010514,Saturday,Market Close
5/01/2030 15:00,2030010515,Saturday,Market Close
5/01/2030 16:00,2030010516,Saturday,Market Close
5/01/2030 17:00,2030010517,Saturday,Market Close
5/01/2030 18:00,2030010518,Saturday,Market Close
5/01/2030 19:00,2030010519,Saturday,Market Close
5/01/2030 20:00,2030010520,Saturday,Market Close
5/01/2030 21:00,2030010521,Saturday,Market Close
5/01/2030 22:00,2030010522,Saturday,Market Close
5/01/2030 23:00,2030010523,Saturday,Market Close
6/01/2030 0:00,2030010600,Sunday,Market Close
6/01/2030 1:00,2030010601,Sunday,Market Close
6/01/2030 2:00,2030010602,Sunday,Market Close
6/01/2030 3:00,2030010603,Sunday,Market Close
6/01/2030 4:00,2030010604,Sunday,Market Close
6/01/2030 5:00,2030010605,Sunday,Market Close
6/01/2030 6:00,2030010606,Sunday,Market Close
6/01/2030 7:00,2030010607,Sunday,Market Close
6/01/2030 8:00,2030010608,Sunday,Market Close
6/01/2030 9:00,2030010609,Sunday,Market Close
6/01/2030 10:00,2030010610,Sunday,Market Close
6/01/2030 11:00,2030010611,Sunday,Market Close
6/01/2030 12:00,2030010612,Sunday,Market Close
6/01/2030 13:00,2030010613,Sunday,Market Close
6/01/2030 14:00,2030010614,Sunday,Market Close
6/01/2030 15:00,2030010615,Sunday,Market Close
6/01/2030 16:00,2030010616,Sunday,Market Close
6/01/2030 17:00,2030010617,Sunday,Market Close
6/01/2030 18:00,2030010618,Sunday,Market Close
6/01/2030 19:00,2030010619,Sunday,Market Close
6/01/2030 20:00,2030010620,Sunday,Market Close
6/01/2030 21:00,2030010621,Sunday,Market Close
11/01/2030 22:00,2030011122,Friday,Market Close
11/01/2030 23:00,2030011123,Friday,Market Close
12/01/2030 0:00,2030011200,Saturday,Market Close
12/01/2030 1:00,2030011201,Saturday,Market Close
12/01/2030 2:00,2030011202,Saturday,Market Close
12/01/2030 3:00,2030011203,Saturday,Market Close
12/01/2030 4:00,2030011204,Saturday,Market Close
12/01/2030 5:00,2030011205,Saturday,Market Close
12/01/2030 6:00,2030011206,Saturday,Market Close
12/01/2030 7:00,2030011207,Saturday,Market Close
12/01/2030 8:00,2030011208,Saturday,Market Close
12/01/2030 9:00,2030011209,Saturday,Market Close
12/01/2030 10:00,2030011210,Saturday,Market Close
12/01/2030 11:00,2030011211,Saturday,Market Close
12/01/2030 12:00,2030011212,Saturday,Market Close
12/01/2030 13:00,2030011213,Saturday,Market Close
12/01/2030 14:00,2030011214,Saturday,Market Close
12/01/2030 15:00,2030011215,Saturday,Market Close
12/01/2030 16:00,2030011216,Saturday,Market Close
12/01/2030 17:00,2030011217,Saturday,Market Close
12/01/2030 18:00,2030011218,Saturday,Market Close
12/01/2030 19:00,2030011219,Saturday,Market Close
12/01/2030 20:00,2030011220,Saturday,Market Close
12/01/2030 21:00,2030011221,Saturday,Market Close
12/01/2030 22:00,2030011222,Saturday,Market Close
12/01/2030 23:00,2030011223,Saturday,Market Close
13/01/2030 0:00,2030011300,Sunday,Market Close
13/01/2030 1:00,2030011301,Sunday,Market Close
13/01/2030 2:00,2030011302,Sunday,Market Close
13/01/2030 3:00,2030011303,Sunday,Market Close
13/01/2030 4:00,2030011304,Sunday,Market Close
13/01/2030 5:00,2030011305,Sunday,Market Close
13/01/2030 6:00,2030011306,Sunday,Market Close
13/01/2030 7:00,2030011307,Sunday,Market Close
13/01/2030 8:00,2030011308,Sunday,Market Close
13/01/2030 9:00,2030011309,Sunday,Market Close
13/01/2030 10:00,2030011310,Sunday,Market Close
13/01/2030 11:00,2030011311,Sunday,Market Close
13/01/2030 12:00,2030011312,Sunday,Market Close
13/01/2030 13:00,2030011313,Sunday,Market Close
13/01/2030 14:00,2030011314,Sunday,Market Close
13/01/2030 15:00,2030011315,Sunday,Market Close
13/01/2030 16:00,2030011316,Sunday,Market Close
13/01/2030 17:00,2030011317,Sunday,Market Close
13/01/2030 18:00,2030011318,Sunday,Market Close
13/01/2030 19:00,2030011319,Sunday,Market Close
13/01/2030 20:00,2030011320,Sunday,Market Close
13/01/2030 21:00,2030011321,Sunday,Market Close
18/01/2030 22:00,2030011822,Friday,Market Close
18/01/2030 23:00,2030011823,Friday,Market Close
19/01/2030 0:00,2030011900,Saturday,Market Close
19/01/2030 1:00,2030011901,Saturday,Market Close
19/01/2030 2:00,2030011902,Saturday,Market Close
19/01/2030 3:00,2030011903,Saturday,Market Close
19/01/2030 4:00,2030011904,Saturday,Market Close
19/01/2030 5:00,2030011905,Saturday,Market Close
19/01/2030 6:00,2030011906,Saturday,Market Close
19/01/2030 7:00,2030011907,Saturday,Market Close
19/01/2030 8:00,2030011908,Saturday,Market Close
19/01/2030 9:00,2030011909,Saturday,Market Close
19/01/2030 10:00,2030011910,Saturday,Market Close
19/01/2030 11:00,2030011911,Saturday,Market Close
19/01/2030 12:00,2030011912,Saturday,Market Close
19/01/2030 13:00,2030011913,Saturday,Market Close
19/01/2030 14:00,2030011914,Saturday,Market Close
19/01/2030 15:00,2030011915,Saturday,Market Close
19/01/2030 16:00,2030011916,Saturday,Market Close
19/01/2030 17:00,2030011917,Saturday,Market Close
19/01/2030 18:00,2030011918,Saturday,Market Close
19/01/2030 19:00,2030011919,Saturday,Market Close
19/01/2030 20:00,2030011920,Saturday,Market Close
19/01/2030 21:00,2030011921,Saturday,Market Close
19/01/2030 22:00,2030011922,Saturday,Market Close
19/01/2030 23:00,2030011923,Saturday,Market Close
20/01/2030 0:00,2030012000,Sunday,Market Close
20/01/2030 1:00,2030012001,Sunday,Market Close
20/01/2030 2:00,2030012002,Sunday,Market Close
20/01/2030 3:00,2030012003,Sunday,Market Close
20/01/2030 4:00,2030012004,Sunday,Market Close
20/01/2030 5:00,2030012005,Sunday,Market Close
20/01/2030 6:00,2030012006,Sunday,Market Close
20/01/2030 7:00,2030012007,Sunday,Market Close
20/01/2030 8:00,2030012008,Sunday,Market Close
20/01/2030 9:00,2030012009,Sunday,Market Close
20/01/2030 10:00,2030012010,Sunday,Market Close
20/01/2030 11:00,2030012011,Sunday,Market Close
20/01/2030 12:00,2030012012,Sunday,Market Close
20/01/2030 13:00,2030012013,Sunday,Market Close
20/01/2030 14:00,2030012014,Sunday,Market Close
20/01/2030 15:00,2030012015,Sunday,Market Close
20/01/2030 16:00,2030012016,Sunday,Market Close
20/01/2030 17:00,2030012017,Sunday,Market Close
20/01/2030 18:00,2030012018,Sunday,Market Close
20/01/2030 19:00,2030012019,Sunday,Market Close
20/01/2030 20:00,2030012020,Sunday,Market Close
20/01/2030 21:00,2030012021,Sunday,Market Close
25/01/2030 22:00,2030012522,Friday,Market Close
25/01/2030 23:00,2030012523,Friday,Market Close
26/01/2030 0:00,2030012600,Saturday,Market Close
26/01/2030 1:00,2030012601,Saturday,Market Close
26/01/2030 2:00,2030012602,Saturday,Market Close
26/01/2030 3:00,2030012603,Saturday,Market Close
26/01/2030 4:00,2030012604,Saturday,Market Close
26/01/2030 5:00,2030012605,Saturday,Market Close
26/01/2030 6:00,2030012606,Saturday,Market Close
26/01/2030 7:00,2030012607,Saturday,Market Close
26/01/2030 8:00,2030012608,Saturday,Market Close
26/01/2030 9:00,2030012609,Saturday,Market Close
26/01/2030 10:00,2030012610,Saturday,Market Close
26/01/2030 11:00,2030012611,Saturday,Market Close
26/01/2030 12:00,2030012612,Saturday,Market Close
26/01/2030 13:00,2030012613,Saturday,Market Close
26/01/2030 14:00,2030012614,Saturday,Market Close
26/01/2030 15:00,2030012615,Saturday,Market Close
26/01/2030 16:00,2030012616,Saturday,Market Close
26/01/2030 17:00,2030012617,Saturday,Market Close
26/01/2030 18:00,2030012618,Saturday,Market Close
26/01/2030 19:00,2030012619,Saturday,Market Close
26/01/2030 20:00,2030012620,Saturday,Market Close
26/01/2030 21:00,2030012621,Saturday,Market Close
26/01/2030 22:00,2030012622,Saturday,Market Close
26/01/2030 23:00,2030012623,Saturday,Market Close
27/01/2030 0:00,2030012700,Sunday,Market Close
27/01/2030 1:00,2030012701,Sunday,Market Close
27/01/2030 2:00,2030012702,Sunday,Market Close
27/01/2030 3:00,2030012703,Sunday,Market Close
27/01/2030 4:00,2030012704,Sunday,Market Close
27/01/2030 5:00,2030012705,Sunday,Market Close
27/01/2030 6:00,2030012706,Sunday,Market Close
27/01/2030 7:00,2030012707,Sunday,Market Close
27/01/2030 8:00,2030012708,Sunday,Market Close
27/01/2030 9:00,2030012709,Sunday,Market Close
27/01/2030 10:00,2030012710,Sunday,Market Close
27/01/2030 11:00,2030012711,Sunday,Market Close
27/01/2030 12:00,2030012712,Sunday,Market Close
27/01/2030 13:00,2030012713,Sunday,Market Close
27/01/2030 14:00,2030012714,Sunday,Market Close
27/01/2030 15:00,2030012715,Sunday,Market Close
27/01/2030 16:00,2030012716,Sunday,Market Close
27/01/2030 17:00,2030012717,Sunday,Market Close
27/01/2030 18:00,2030012718,Sunday,Market Close
27/01/2030 19:00,2030012719,Sunday,Market Close
27/01/2030 20:00,2030012720,Sunday,Market Close
27/01/2030 21:00,2030012721,Sunday,Market Close
1/02/2030 22:00,2030020122,Friday,Market Close
1/02/2030 23:00,2030020123,Friday,Market Close
2/02/2030 0:00,2030020200,Saturday,Market Close
2/02/2030 1:00,2030020201,Saturday,Market Close
2/02/2030 2:00,2030020202,Saturday,Market Close
2/02/2030 3:00,2030020203,Saturday,Market Close
2/02/2030 4:00,2030020204,Saturday,Market Close
2/02/2030 5:00,2030020205,Saturday,Market Close
2/02/2030 6:00,2030020206,Saturday,Market Close
2/02/2030 7:00,2030020207,Saturday,Market Close
2/02/2030 8:00,2030020208,Saturday,Market Close
2/02/2030 9:00,2030020209,Saturday,Market Close
2/02/2030 10:00,2030020210,Saturday,Market Close
2/02/2030 11:00,2030020211,Saturday,Market Close
2/02/2030 12:00,2030020212,Saturday,Market Close
2/02/2030 13:00,2030020213,Saturday,Market Close
2/02/2030 14:00,2030020214,Saturday,Market Close
2/02/2030 15:00,2030020215,Saturday,Market Close
2/02/2030 16:00,2030020216,Saturday,Market Close
2/02/2030 17:00,2030020217,Saturday,Market Close
2/02/2030 18:00,2030020218,Saturday,Market Close
2/02/2030 19:00,2030020219,Saturday,Market Close
2/02/2030 20:00,2030020220,Saturday,Market Close
2/02/2030 21:00,2030020221,Saturday,Market Close
2/02/2030 22:00,2030020222,Saturday,Market Close
2/02/2030 23:00,2030020223,Saturday,Market Close
3/02/2030 0:00,2030020300,Sunday,Market Close
3/02/2030 1:00,2030020301,Sunday,Market Close
3/02/2030 2:00,2030020302,Sunday,Market Close
3/02/2030 3:00,2030020303,Sunday,Market Close
3/02/2030 4:00,2030020304,Sunday,Market Close
3/02/2030 5:00,2030020305,Sunday,Market Close
3/02/2030 6:00,2030020306,Sunday,Market Close
3/02/2030 7:00,2030020307,Sunday,Market Close
3/02/2030 8:00,2030020308,Sunday,Market Close
3/02/2030 9:00,2030020309,Sunday,Market Close
3/02/2030 10:00,2030020310,Sunday,Market Close
3/02/2030 11:00,2030020311,Sunday,Market Close
3/02/2030 12:00,2030020312,Sunday,Market Close
3/02/2030 13:00,2030020313,Sunday,Market Close
3/02/2030 14:00,2030020314,Sunday,Market Close
3/02/2030 15:00,2030020315,Sunday,Market Close
3/02/2030 16:00,2030020316,Sunday,Market Close
3/02/2030 17:00,2030020317,Sunday,Market Close
3/02/2030 18:00,2030020318,Sunday,Market Close
3/02/2030 19:00,2030020319,Sunday,Market Close
3/02/2030 20:00,2030020320,Sunday,Market Close
3/02/2030 21:00,2030020321,Sunday,Market Close
8/02/2030 22:00,2030020822,Friday,Market Close
8/02/2030 23:00,2030020823,Friday,Market Close
9/02/2030 0:00,2030020900,Saturday,Market Close
9/02/2030 1:00,2030020901,Saturday,Market Close
9/02/2030 2:00,2030020902,Saturday,Market Close
9/02/2030 3:00,2030020903,Saturday,Market Close
9/02/2030 4:00,2030020904,Saturday,Market Close
9/02/2030 5:00,2030020905,Saturday,Market Close
9/02/2030 6:00,2030020906,Saturday,Market Close
9/02/2030 7:00,2030020907,Saturday,Market Close
9/02/2030 8:00,2030020908,Saturday,Market Close
9/02/2030 9:00,2030020909,Saturday,Market Close
9/02/2030 10:00,2030020910,Saturday,Market Close
9/02/2030 11:00,2030020911,Saturday,Market Close
9/02/2030 12:00,2030020912,Saturday,Market Close
9/02/2030 13:00,2030020913,Saturday,Market Close
9/02/2030 14:00,2030020914,Saturday,Market Close
9/02/2030 15:00,2030020915,Saturday,Market Close
9/02/2030 16:00,2030020916,Saturday,Market Close
9/02/2030 17:00,2030020917,Saturday,Market Close
9/02/2030 18:00,2030020918,Saturday,Market Close
9/02/2030 19:00,2030020919,Saturday,Market Close
9/02/2030 20:00,2030020920,Saturday,Market Close
9/02/2030 21:00,2030020921,Saturday,Market Close
9/02/2030 22:00,2030020922,Saturday,Market Close
9/02/2030 23:00,2030020923,Saturday,Market Close
10/02/2030 0:00,2030021000,Sunday,Market Close
10/02/2030 1:00,2030021001,Sunday,Market Close
10/02/2030 2:00,2030021002,Sunday,Market Close
10/02/2030 3:00,2030021003,Sunday,Market Close
10/02/2030 4:00,2030021004,Sunday,Market Close
10/02/2030 5:00,2030021005,Sunday,Market Close
10/02/2030 6:00,2030021006,Sunday,Market Close
10/02/2030 7:00,2030021007,Sunday,Market Close
10/02/2030 8:00,2030021008,Sunday,Market Close
10/02/2030 9:00,2030021009,Sunday,Market Close
10/02/2030 10:00,2030021010,Sunday,Market Close
10/02/2030 11:00,2030021011,Sunday,Market Close
10/02/2030 12:00,2030021012,Sunday,Market Close
10/02/2030 13:00,2030021013,Sunday,Market Close
10/02/2030 14:00,2030021014,Sunday,Market Close
10/02/2030 15:00,2030021015,Sunday,Market Close
10/02/2030 16:00,2030021016,Sunday,Market Close
10/02/2030 17:00,2030021017,Sunday,Market Close
10/02/2030 18:00,2030021018,Sunday,Market Close
10/02/2030 19:00,2030021019,Sunday,Market Close
10/02/2030 20:00,2030021020,Sunday,Market Close
10/02/2030 21:00,2030021021,Sunday,Market Close
15/02/2030 22:00,2030021522,Friday,Market Close
15/02/2030 23:00,2030021523,Friday,Market Close
16/02/2030 0:00,2030021600,Saturday,Market Close
16/02/2030 1:00,2030021601,Saturday,Market Close
16/02/2030 2:00,2030021602,Saturday,Market Close
16/02/2030 3:00,2030021603,Saturday,Market Close
16/02/2030 4:00,2030021604,Saturday,Market Close
16/02/2030 5:00,2030021605,Saturday,Market Close
16/02/2030 6:00,2030021606,Saturday,Market Close
16/02/2030 7:00,2030021607,Saturday,Market Close
16/02/2030 8:00,2030021608,Saturday,Market Close
16/02/2030 9:00,2030021609,Saturday,Market Close
16/02/2030 10:00,2030021610,Saturday,Market Close
16/02/2030 11:00,2030021611,Saturday,Market Close
16/02/2030 12:00,2030021612,Saturday,Market Close
16/02/2030 13:00,2030021613,Saturday,Market Close
16/02/2030 14:00,2030021614,Saturday,Market Close
16/02/2030 15:00,2030021615,Saturday,Market Close
16/02/2030 16:00,2030021616,Saturday,Market Close
16/02/2030 17:00,2030021617,Saturday,Market Close
16/02/2030 18:00,2030021618,Saturday,Market Close
16/02/2030 19:00,2030021619,Saturday,Market Close
16/02/2030 20:00,2030021620,Saturday,Market Close
16/02/2030 21:00,2030021621,Saturday,Market Close
16/02/2030 22:00,2030021622,Saturday,Market Close
16/02/2030 23:00,2030021623,Saturday,Market Close
17/02/2030 0:00,2030021700,Sunday,Market Close
17/02/2030 1:00,2030021701,Sunday,Market Close
17/02/2030 2:00,2030021702,Sunday,Market Close
17/02/2030 3:00,2030021703,Sunday,Market Close
17/02/2030 4:00,2030021704,Sunday,Market Close
17/02/2030 5:00,2030021705,Sunday,Market Close
17/02/2030 6:00,2030021706,Sunday,Market Close
17/02/2030 7:00,2030021707,Sunday,Market Close
17/02/2030 8:00,2030021708,Sunday,Market Close
17/02/2030 9:00,2030021709,Sunday,Market Close
17/02/2030 10:00,2030021710,Sunday,Market Close
17/02/2030 11:00,2030021711,Sunday,Market Close
17/02/2030 12:00,2030021712,Sunday,Market Close
17/02/2030 13:00,2030021713,Sunday,Market Close
17/02/2030 14:00,2030021714,Sunday,Market Close
17/02/2030 15:00,2030021715,Sunday,Market Close
17/02/2030 16:00,2030021716,Sunday,Market Close
17/02/2030 17:00,2030021717,Sunday,Market Close
17/02/2030 18:00,2030021718,Sunday,Market Close
17/02/2030 19:00,2030021719,Sunday,Market Close
17/02/2030 20:00,2030021720,Sunday,Market Close
17/02/2030 21:00,2030021721,Sunday,Market Close
22/02/2030 22:00,2030022222,Friday,Market Close
22/02/2030 23:00,2030022223,Friday,Market Close
23/02/2030 0:00,2030022300,Saturday,Market Close
23/02/2030 1:00,2030022301,Saturday,Market Close
23/02/2030 2:00,2030022302,Saturday,Market Close
23/02/2030 3:00,2030022303,Saturday,Market Close
23/02/2030 4:00,2030022304,Saturday,Market Close
23/02/2030 5:00,2030022305,Saturday,Market Close
23/02/2030 6:00,2030022306,Saturday,Market Close
23/02/2030 7:00,2030022307,Saturday,Market Close
23/02/2030 8:00,2030022308,Saturday,Market Close
23/02/2030 9:00,2030022309,Saturday,Market Close
23/02/2030 10:00,2030022310,Saturday,Market Close
23/02/2030 11:00,2030022311,Saturday,Market Close
23/02/2030 12:00,2030022312,Saturday,Market Close
23/02/2030 13:00,2030022313,Saturday,Market Close
23/02/2030 14:00,2030022314,Saturday,Market Close
23/02/2030 15:00,2030022315,Saturday,Market Close
23/02/2030 16:00,2030022316,Saturday,Market Close
23/02/2030 17:00,2030022317,Saturday,Market Close
23/02/2030 18:00,2030022318,Saturday,Market Close
23/02/2030 19:00,2030022319,Saturday,Market Close
23/02/2030 20:00,2030022320,Saturday,Market Close
23/02/2030 21:00,2030022321,Saturday,Market Close
23/02/2030 22:00,2030022322,Saturday,Market Close
23/02/2030 23:00,2030022323,Saturday,Market Close
24/02/2030 0:00,2030022400,Sunday,Market Close
24/02/2030 1:00,2030022401,Sunday,Market Close
24/02/2030 2:00,2030022402,Sunday,Market Close
24/02/2030 3:00,2030022403,Sunday,Market Close
24/02/2030 4:00,2030022404,Sunday,Market Close
24/02/2030 5:00,2030022405,Sunday,Market Close
24/02/2030 6:00,2030022406,Sunday,Market Close
24/02/2030 7:00,2030022407,Sunday,Market Close
24/02/2030 8:00,2030022408,Sunday,Market Close
24/02/2030 9:00,2030022409,Sunday,Market Close
24/02/2030 10:00,2030022410,Sunday,Market Close
24/02/2030 11:00,2030022411,Sunday,Market Close
24/02/2030 12:00,2030022412,Sunday,Market Close
24/02/2030 13:00,2030022413,Sunday,Market Close
24/02/2030 14:00,2030022414,Sunday,Market Close
24/02/2030 15:00,2030022415,Sunday,Market Close
24/02/2030 16:00,2030022416,Sunday,Market Close
24/02/2030 17:00,2030022417,Sunday,Market Close
24/02/2030 18:00,2030022418,Sunday,Market Close
24/02/2030 19:00,2030022419,Sunday,Market Close
24/02/2030 20:00,2030022420,Sunday,Market Close
24/02/2030 21:00,2030022421,Sunday,Market Close
1/03/2030 22:00,2030030122,Friday,Market Close
1/03/2030 23:00,2030030123,Friday,Market Close
2/03/2030 0:00,2030030200,Saturday,Market Close
2/03/2030 1:00,2030030201,Saturday,Market Close
2/03/2030 2:00,2030030202,Saturday,Market Close
2/03/2030 3:00,2030030203,Saturday,Market Close
2/03/2030 4:00,2030030204,Saturday,Market Close
2/03/2030 5:00,2030030205,Saturday,Market Close
2/03/2030 6:00,2030030206,Saturday,Market Close
2/03/2030 7:00,2030030207,Saturday,Market Close
2/03/2030 8:00,2030030208,Saturday,Market Close
2/03/2030 9:00,2030030209,Saturday,Market Close
2/03/2030 10:00,2030030210,Saturday,Market Close
2/03/2030 11:00,2030030211,Saturday,Market Close
2/03/2030 12:00,2030030212,Saturday,Market Close
2/03/2030 13:00,2030030213,Saturday,Market Close
2/03/2030 14:00,2030030214,Saturday,Market Close
2/03/2030 15:00,2030030215,Saturday,Market Close
2/03/2030 16:00,2030030216,Saturday,Market Close
2/03/2030 17:00,2030030217,Saturday,Market Close
2/03/2030 18:00,2030030218,Saturday,Market Close
2/03/2030 19:00,2030030219,Saturday,Market Close
2/03/2030 20:00,2030030220,Saturday,Market Close
2/03/2030 21:00,2030030221,Saturday,Market Close
2/03/2030 22:00,2030030222,Saturday,Market Close
2/03/2030 23:00,2030030223,Saturday,Market Close
3/03/2030 0:00,2030030300,Sunday,Market Close
3/03/2030 1:00,2030030301,Sunday,Market Close
3/03/2030 2:00,2030030302,Sunday,Market Close
3/03/2030 3:00,2030030303,Sunday,Market Close
3/03/2030 4:00,2030030304,Sunday,Market Close
3/03/2030 5:00,2030030305,Sunday,Market Close
3/03/2030 6:00,2030030306,Sunday,Market Close
3/03/2030 7:00,2030030307,Sunday,Market Close
3/03/2030 8:00,2030030308,Sunday,Market Close
3/03/2030 9:00,2030030309,Sunday,Market Close
3/03/2030 10:00,2030030310,Sunday,Market Close
3/03/2030 11:00,2030030311,Sunday,Market Close
3/03/2030 12:00,2030030312,Sunday,Market Close
3/03/2030 13:00,2030030313,Sunday,Market Close
3/03/2030 14:00,2030030314,Sunday,Market Close
3/03/2030 15:00,2030030315,Sunday,Market Close
3/03/2030 16:00,2030030316,Sunday,Market Close
3/03/2030 17:00,2030030317,Sunday,Market Close
3/03/2030 18:00,2030030318,Sunday,Market Close
3/03/2030 19:00,2030030319,Sunday,Market Close
3/03/2030 20:00,2030030320,Sunday,Market Close
3/03/2030 21:00,2030030321,Sunday,Market Close
8/03/2030 22:00,2030030822,Friday,Market Close
8/03/2030 23:00,2030030823,Friday,Market Close
9/03/2030 0:00,2030030900,Saturday,Market Close
9/03/2030 1:00,2030030901,Saturday,Market Close
9/03/2030 2:00,2030030902,Saturday,Market Close
9/03/2030 3:00,2030030903,Saturday,Market Close
9/03/2030 4:00,2030030904,Saturday,Market Close
9/03/2030 5:00,2030030905,Saturday,Market Close
9/03/2030 6:00,2030030906,Saturday,Market Close
9/03/2030 7:00,2030030907,Saturday,Market Close
9/03/2030 8:00,2030030908,Saturday,Market Close
9/03/2030 9:00,2030030909,Saturday,Market Close
9/03/2030 10:00,2030030910,Saturday,Market Close
9/03/2030 11:00,2030030911,Saturday,Market Close
9/03/2030 12:00,2030030912,Saturday,Market Close
9/03/2030 13:00,2030030913,Saturday,Market Close
9/03/2030 14:00,2030030914,Saturday,Market Close
9/03/2030 15:00,2030030915,Saturday,Market Close
9/03/2030 16:00,2030030916,Saturday,Market Close
9/03/2030 17:00,2030030917,Saturday,Market Close
9/03/2030 18:00,2030030918,Saturday,Market Close
9/03/2030 19:00,2030030919,Saturday,Market Close
9/03/2030 20:00,2030030920,Saturday,Market Close
9/03/2030 21:00,2030030921,Saturday,Market Close
9/03/2030 22:00,2030030922,Saturday,Market Close
9/03/2030 23:00,2030030923,Saturday,Market Close
10/03/2030 0:00,2030031000,Sunday,Market Close
10/03/2030 1:00,2030031001,Sunday,Market Close
10/03/2030 2:00,2030031002,Sunday,Market Close
10/03/2030 3:00,2030031003,Sunday,Market Close
10/03/2030 4:00,2030031004,Sunday,Market Close
10/03/2030 5:00,2030031005,Sunday,Market Close
10/03/2030 6:00,2030031006,Sunday,Market Close
10/03/2030 7:00,2030031007,Sunday,Market Close
10/03/2030 8:00,2030031008,Sunday,Market Close
10/03/2030 9:00,2030031009,Sunday,Market Close
10/03/2030 10:00,2030031010,Sunday,Market Close
10/03/2030 11:00,2030031011,Sunday,Market Close
10/03/2030 12:00,2030031012,Sunday,Market Close
10/03/2030 13:00,2030031013,Sunday,Market Close
10/03/2030 14:00,2030031014,Sunday,Market Close
10/03/2030 15:00,2030031015,Sunday,Market Close
10/03/2030 16:00,2030031016,Sunday,Market Close
10/03/2030 17:00,2030031017,Sunday,Market Close
10/03/2030 18:00,2030031018,Sunday,Market Close
10/03/2030 19:00,2030031019,Sunday,Market Close
10/03/2030 20:00,2030031020,Sunday,Market Close
15/03/2030 21:00,2030031521,Friday,Market Close
15/03/2030 22:00,2030031522,Friday,Market Close
15/03/2030 23:00,2030031523,Friday,Market Close
16/03/2030 0:00,2030031600,Saturday,Market Close
16/03/2030 1:00,2030031601,Saturday,Market Close
16/03/2030 2:00,2030031602,Saturday,Market Close
16/03/2030 3:00,2030031603,Saturday,Market Close
16/03/2030 4:00,2030031604,Saturday,Market Close
16/03/2030 5:00,2030031605,Saturday,Market Close
16/03/2030 6:00,2030031606,Saturday,Market Close
16/03/2030 7:00,2030031607,Saturday,Market Close
16/03/2030 8:00,2030031608,Saturday,Market Close
16/03/2030 9:00,2030031609,Saturday,Market Close
16/03/2030 10:00,2030031610,Saturday,Market Close
16/03/2030 11:00,2030031611,Saturday,Market Close
16/03/2030 12:00,2030031612,Saturday,Market Close
16/03/2030 13:00,2030031613,Saturday,Market Close
16/03/2030 14:00,2030031614,Saturday,Market Close
16/03/2030 15:00,2030031615,Saturday,Market Close
16/03/2030 16:00,2030031616,Saturday,Market Close
16/03/2030 17:00,2030031617,Saturday,Market Close
16/03/2030 18:00,2030031618,Saturday,Market Close
16/03/2030 19:00,2030031619,Saturday,Market Close
16/03/2030 20:00,2030031620,Saturday,Market Close
16/03/2030 21:00,2030031621,Saturday,Market Close
16/03/2030 22:00,2030031622,Saturday,Market Close
16/03/2030 23:00,2030031623,Saturday,Market Close
17/03/2030 0:00,2030031700,Sunday,Market Close
17/03/2030 1:00,2030031701,Sunday,Market Close
17/03/2030 2:00,2030031702,Sunday,Market Close
17/03/2030 3:00,2030031703,Sunday,Market Close
17/03/2030 4:00,2030031704,Sunday,Market Close
17/03/2030 5:00,2030031705,Sunday,Market Close
17/03/2030 6:00,2030031706,Sunday,Market Close
17/03/2030 7:00,2030031707,Sunday,Market Close
17/03/2030 8:00,2030031708,Sunday,Market Close
17/03/2030 9:00,2030031709,Sunday,Market Close
17/03/2030 10:00,2030031710,Sunday,Market Close
17/03/2030 11:00,2030031711,Sunday,Market Close
17/03/2030 12:00,2030031712,Sunday,Market Close
17/03/2030 13:00,2030031713,Sunday,Market Close
17/03/2030 14:00,2030031714,Sunday,Market Close
17/03/2030 15:00,2030031715,Sunday,Market Close
17/03/2030 16:00,2030031716,Sunday,Market Close
17/03/2030 17:00,2030031717,Sunday,Market Close
17/03/2030 18:00,2030031718,Sunday,Market Close
17/03/2030 19:00,2030031719,Sunday,Market Close
17/03/2030 20:00,2030031720,Sunday,Market Close
22/03/2030 21:00,2030032221,Friday,Market Close
22/03/2030 22:00,2030032222,Friday,Market Close
22/03/2030 23:00,2030032223,Friday,Market Close
23/03/2030 0:00,2030032300,Saturday,Market Close
23/03/2030 1:00,2030032301,Saturday,Market Close
23/03/2030 2:00,2030032302,Saturday,Market Close
23/03/2030 3:00,2030032303,Saturday,Market Close
23/03/2030 4:00,2030032304,Saturday,Market Close
23/03/2030 5:00,2030032305,Saturday,Market Close
23/03/2030 6:00,2030032306,Saturday,Market Close
23/03/2030 7:00,2030032307,Saturday,Market Close
23/03/2030 8:00,2030032308,Saturday,Market Close
23/03/2030 9:00,2030032309,Saturday,Market Close
23/03/2030 10:00,2030032310,Saturday,Market Close
23/03/2030 11:00,2030032311,Saturday,Market Close
23/03/2030 12:00,2030032312,Saturday,Market Close
23/03/2030 13:00,2030032313,Saturday,Market Close
23/03/2030 14:00,2030032314,Saturday,Market Close
23/03/2030 15:00,2030032315,Saturday,Market Close
23/03/2030 16:00,2030032316,Saturday,Market Close
23/03/2030 17:00,2030032317,Saturday,Market Close
23/03/2030 18:00,2030032318,Saturday,Market Close
23/03/2030 19:00,2030032319,Saturday,Market Close
23/03/2030 20:00,2030032320,Saturday,Market Close
23/03/2030 21:00,2030032321,Saturday,Market Close
23/03/2030 22:00,2030032322,Saturday,Market Close
23/03/2030 23:00,2030032323,Saturday,Market Close
24/03/2030 0:00,2030032400,Sunday,Market Close
24/03/2030 1:00,2030032401,Sunday,Market Close
24/03/2030 2:00,2030032402,Sunday,Market Close
24/03/2030 3:00,2030032403,Sunday,Market Close
24/03/2030 4:00,2030032404,Sunday,Market Close
24/03/2030 5:00,2030032405,Sunday,Market Close
24/03/2030 6:00,2030032406,Sunday,Market Close
24/03/2030 7:00,2030032407,Sunday,Market Close
24/03/2030 8:00,2030032408,Sunday,Market Close
24/03/2030 9:00,2030032409,Sunday,Market Close
24/03/2030 10:00,2030032410,Sunday,Market Close
24/03/2030 11:00,2030032411,Sunday,Market Close
24/03/2030 12:00,2030032412,Sunday,Market Close
24/03/2030 13:00,2030032413,Sunday,Market Close
24/03/2030 14:00,2030032414,Sunday,Market Close
24/03/2030 15:00,2030032415,Sunday,Market Close
24/03/2030 16:00,2030032416,Sunday,Market Close
24/03/2030 17:00,2030032417,Sunday,Market Close
24/03/2030 18:00,2030032418,Sunday,Market Close
24/03/2030 19:00,2030032419,Sunday,Market Close
24/03/2030 20:00,2030032420,Sunday,Market Close
29/03/2030 21:00,2030032921,Friday,Market Close
29/03/2030 22:00,2030032922,Friday,Market Close
29/03/2030 23:00,2030032923,Friday,Market Close
30/03/2030 0:00,2030033000,Saturday,Market Close
30/03/2030 1:00,2030033001,Saturday,Market Close
30/03/2030 2:00,2030033002,Saturday,Market Close
30/03/2030 3:00,2030033003,Saturday,Market Close
30/03/2030 4:00,2030033004,Saturday,Market Close
30/03/2030 5:00,2030033005,Saturday,Market Close
30/03/2030 6:00,2030033006,Saturday,Market Close
30/03/2030 7:00,2030033007,Saturday,Market Close
30/03/2030 8:00,2030033008,Saturday,Market Close
30/03/2030 9:00,2030033009,Saturday,Market Close
30/03/2030 10:00,2030033010,Saturday,Market Close
30/03/2030 11:00,2030033011,Saturday,Market Close
30/03/2030 12:00,2030033012,Saturday,Market Close
30/03/2030 13:00,2030033013,Saturday,Market Close
30/03/2030 14:00,2030033014,Saturday,Market Close
30/03/2030 15:00,2030033015,Saturday,Market Close
30/03/2030 16:00,2030033016,Saturday,Market Close
30/03/2030 17:00,2030033017,Saturday,Market Close
30/03/2030 18:00,2030033018,Saturday,Market Close
30/03/2030 19:00,2030033019,Saturday,Market Close
30/03/2030 20:00,2030033020,Saturday,Market Close
30/03/2030 21:00,2030033021,Saturday,Market Close
30/03/2030 22:00,2030033022,Saturday,Market Close
30/03/2030 23:00,2030033023,Saturday,Market Close
31/03/2030 0:00,2030033100,Sunday,Market Close
31/03/2030 1:00,2030033101,Sunday,Market Close
31/03/2030 2:00,2030033102,Sunday,Market Close
31/03/2030 3:00,2030033103,Sunday,Market Close
31/03/2030 4:00,2030033104,Sunday,Market Close
31/03/2030 5:00,2030033105,Sunday,Market Close
31/03/2030 6:00,2030033106,Sunday,Market Close
31/03/2030 7:00,2030033107,Sunday,Market Close
31/03/2030 8:00,2030033108,Sunday,Market Close
31/03/2030 9:00,2030033109,Sunday,Market Close
31/03/2030 10:00,2030033110,Sunday,Market Close
31/03/2030 11:00,2030033111,Sunday,Market Close
31/03/2030 12:00,2030033112,Sunday,Market Close
31/03/2030 13:00,2030033113,Sunday,Market Close
31/03/2030 14:00,2030033114,Sunday,Market Close
31/03/2030 15:00,2030033115,Sunday,Market Close
31/03/2030 16:00,2030033116,Sunday,Market Close
31/03/2030 17:00,2030033117,Sunday,Market Close
31/03/2030 18:00,2030033118,Sunday,Market Close
31/03/2030 19:00,2030033119,Sunday,Market Close
31/03/2030 20:00,2030033120,Sunday,Market Close
5/04/2030 21:00,2030040521,Friday,Market Close
5/04/2030 22:00,2030040522,Friday,Market Close
5/04/2030 23:00,2030040523,Friday,Market Close
6/04/2030 0:00,2030040600,Saturday,Market Close
6/04/2030 1:00,2030040601,Saturday,Market Close
6/04/2030 2:00,2030040602,Saturday,Market Close
6/04/2030 3:00,2030040603,Saturday,Market Close
6/04/2030 4:00,2030040604,Saturday,Market Close
6/04/2030 5:00,2030040605,Saturday,Market Close
6/04/2030 6:00,2030040606,Saturday,Market Close
6/04/2030 7:00,2030040607,Saturday,Market Close
6/04/2030 8:00,2030040608,Saturday,Market Close
6/04/2030 9:00,2030040609,Saturday,Market Close
6/04/2030 10:00,2030040610,Saturday,Market Close
6/04/2030 11:00,2030040611,Saturday,Market Close
6/04/2030 12:00,2030040612,Saturday,Market Close
6/04/2030 13:00,2030040613,Saturday,Market Close
6/04/2030 14:00,2030040614,Saturday,Market Close
6/04/2030 15:00,2030040615,Saturday,Market Close
6/04/2030 16:00,2030040616,Saturday,Market Close
6/04/2030 17:00,2030040617,Saturday,Market Close
6/04/2030 18:00,2030040618,Saturday,Market Close
6/04/2030 19:00,2030040619,Saturday,Market Close
6/04/2030 20:00,2030040620,Saturday,Market Close
6/04/2030 21:00,2030040621,Saturday,Market Close
6/04/2030 22:00,2030040622,Saturday,Market Close
6/04/2030 23:00,2030040623,Saturday,Market Close
7/04/2030 0:00,2030040700,Sunday,Market Close
7/04/2030 1:00,2030040701,Sunday,Market Close
7/04/2030 2:00,2030040702,Sunday,Market Close
7/04/2030 3:00,2030040703,Sunday,Market Close
7/04/2030 4:00,2030040704,Sunday,Market Close
7/04/2030 5:00,2030040705,Sunday,Market Close
7/04/2030 6:00,2030040706,Sunday,Market Close
7/04/2030 7:00,2030040707,Sunday,Market Close
7/04/2030 8:00,2030040708,Sunday,Market Close
7/04/2030 9:00,2030040709,Sunday,Market Close
7/04/2030 10:00,2030040710,Sunday,Market Close
7/04/2030 11:00,2030040711,Sunday,Market Close
7/04/2030 12:00,2030040712,Sunday,Market Close
7/04/2030 13:00,2030040713,Sunday,Market Close
7/04/2030 14:00,2030040714,Sunday,Market Close
7/04/2030 15:00,2030040715,Sunday,Market Close
7/04/2030 16:00,2030040716,Sunday,Market Close
7/04/2030 17:00,2030040717,Sunday,Market Close
7/04/2030 18:00,2030040718,Sunday,Market Close
7/04/2030 19:00,2030040719,Sunday,Market Close
7/04/2030 20:00,2030040720,Sunday,Market Close
12/04/2030 21:00,2030041221,Friday,Market Close
12/04/2030 22:00,2030041222,Friday,Market Close
12/04/2030 23:00,2030041223,Friday,Market Close
13/04/2030 0:00,2030041300,Saturday,Market Close
13/04/2030 1:00,2030041301,Saturday,Market Close
13/04/2030 2:00,2030041302,Saturday,Market Close
13/04/2030 3:00,2030041303,Saturday,Market Close
13/04/2030 4:00,2030041304,Saturday,Market Close
13/04/2030 5:00,2030041305,Saturday,Market Close
13/04/2030 6:00,2030041306,Saturday,Market Close
13/04/2030 7:00,2030041307,Saturday,Market Close
13/04/2030 8:00,2030041308,Saturday,Market Close
13/04/2030 9:00,2030041309,Saturday,Market Close
13/04/2030 10:00,2030041310,Saturday,Market Close
13/04/2030 11:00,2030041311,Saturday,Market Close
13/04/2030 12:00,2030041312,Saturday,Market Close
13/04/2030 13:00,2030041313,Saturday,Market Close
13/04/2030 14:00,2030041314,Saturday,Market Close
13/04/2030 15:00,2030041315,Saturday,Market Close
13/04/2030 16:00,2030041316,Saturday,Market Close
13/04/2030 17:00,2030041317,Saturday,Market Close
13/04/2030 18:00,2030041318,Saturday,Market Close
13/04/2030 19:00,2030041319,Saturday,Market Close
13/04/2030 20:00,2030041320,Saturday,Market Close
13/04/2030 21:00,2030041321,Saturday,Market Close
13/04/2030 22:00,2030041322,Saturday,Market Close
13/04/2030 23:00,2030041323,Saturday,Market Close
14/04/2030 0:00,2030041400,Sunday,Market Close
14/04/2030 1:00,2030041401,Sunday,Market Close
14/04/2030 2:00,2030041402,Sunday,Market Close
14/04/2030 3:00,2030041403,Sunday,Market Close
14/04/2030 4:00,2030041404,Sunday,Market Close
14/04/2030 5:00,2030041405,Sunday,Market Close
14/04/2030 6:00,2030041406,Sunday,Market Close
14/04/2030 7:00,2030041407,Sunday,Market Close
14/04/2030 8:00,2030041408,Sunday,Market Close
14/04/2030 9:00,2030041409,Sunday,Market Close
14/04/2030 10:00,2030041410,Sunday,Market Close
14/04/2030 11:00,2030041411,Sunday,Market Close
14/04/2030 12:00,2030041412,Sunday,Market Close
14/04/2030 13:00,2030041413,Sunday,Market Close
14/04/2030 14:00,2030041414,Sunday,Market Close
14/04/2030 15:00,2030041415,Sunday,Market Close
14/04/2030 16:00,2030041416,Sunday,Market Close
14/04/2030 17:00,2030041417,Sunday,Market Close
14/04/2030 18:00,2030041418,Sunday,Market Close
14/04/2030 19:00,2030041419,Sunday,Market Close
14/04/2030 20:00,2030041420,Sunday,Market Close
19/04/2030 21:00,2030041921,Friday,Market Close
19/04/2030 22:00,2030041922,Friday,Market Close
19/04/2030 23:00,2030041923,Friday,Market Close
20/04/2030 0:00,2030042000,Saturday,Market Close
20/04/2030 1:00,2030042001,Saturday,Market Close
20/04/2030 2:00,2030042002,Saturday,Market Close
20/04/2030 3:00,2030042003,Saturday,Market Close
20/04/2030 4:00,2030042004,Saturday,Market Close
20/04/2030 5:00,2030042005,Saturday,Market Close
20/04/2030 6:00,2030042006,Saturday,Market Close
20/04/2030 7:00,2030042007,Saturday,Market Close
20/04/2030 8:00,2030042008,Saturday,Market Close
20/04/2030 9:00,2030042009,Saturday,Market Close
20/04/2030 10:00,2030042010,Saturday,Market Close
20/04/2030 11:00,2030042011,Saturday,Market Close
20/04/2030 12:00,2030042012,Saturday,Market Close
20/04/2030 13:00,2030042013,Saturday,Market Close
20/04/2030 14:00,2030042014,Saturday,Market Close
20/04/2030 15:00,2030042015,Saturday,Market Close
20/04/2030 16:00,2030042016,Saturday,Market Close
20/04/2030 17:00,2030042017,Saturday,Market Close
20/04/2030 18:00,2030042018,Saturday,Market Close
20/04/2030 19:00,2030042019,Saturday,Market Close
20/04/2030 20:00,2030042020,Saturday,Market Close
20/04/2030 21:00,2030042021,Saturday,Market Close
20/04/2030 22:00,2030042022,Saturday,Market Close
20/04/2030 23:00,2030042023,Saturday,Market Close
21/04/2030 0:00,2030042100,Sunday,Market Close
21/04/2030 1:00,2030042101,Sunday,Market Close
21/04/2030 2:00,2030042102,Sunday,Market Close
21/04/2030 3:00,2030042103,Sunday,Market Close
21/04/2030 4:00,2030042104,Sunday,Market Close
21/04/2030 5:00,2030042105,Sunday,Market Close
21/04/2030 6:00,2030042106,Sunday,Market Close
21/04/2030 7:00,2030042107,Sunday,Market Close
21/04/2030 8:00,2030042108,Sunday,Market Close
21/04/2030 9:00,2030042109,Sunday,Market Close
21/04/2030 10:00,2030042110,Sunday,Market Close
21/04/2030 11:00,2030042111,Sunday,Market Close
21/04/2030 12:00,2030042112,Sunday,Market Close
21/04/2030 13:00,2030042113,Sunday,Market Close
21/04/2030 14:00,2030042114,Sunday,Market Close
21/04/2030 15:00,2030042115,Sunday,Market Close
21/04/2030 16:00,2030042116,Sunday,Market Close
21/04/2030 17:00,2030042117,Sunday,Market Close
21/04/2030 18:00,2030042118,Sunday,Market Close
21/04/2030 19:00,2030042119,Sunday,Market Close
21/04/2030 20:00,2030042120,Sunday,Market Close
26/04/2030 21:00,2030042621,Friday,Market Close
26/04/2030 22:00,2030042622,Friday,Market Close
26/04/2030 23:00,2030042623,Friday,Market Close
27/04/2030 0:00,2030042700,Saturday,Market Close
27/04/2030 1:00,2030042701,Saturday,Market Close
27/04/2030 2:00,2030042702,Saturday,Market Close
27/04/2030 3:00,2030042703,Saturday,Market Close
27/04/2030 4:00,2030042704,Saturday,Market Close
27/04/2030 5:00,2030042705,Saturday,Market Close
27/04/2030 6:00,2030042706,Saturday,Market Close
27/04/2030 7:00,2030042707,Saturday,Market Close
27/04/2030 8:00,2030042708,Saturday,Market Close
27/04/2030 9:00,2030042709,Saturday,Market Close
27/04/2030 10:00,2030042710,Saturday,Market Close
27/04/2030 11:00,2030042711,Saturday,Market Close
27/04/2030 12:00,2030042712,Saturday,Market Close
27/04/2030 13:00,2030042713,Saturday,Market Close
27/04/2030 14:00,2030042714,Saturday,Market Close
27/04/2030 15:00,2030042715,Saturday,Market Close
27/04/2030 16:00,2030042716,Saturday,Market Close
27/04/2030 17:00,2030042717,Saturday,Market Close
27/04/2030 18:00,2030042718,Saturday,Market Close
27/04/2030 19:00,2030042719,Saturday,Market Close
27/04/2030 20:00,2030042720,Saturday,Market Close
27/04/2030 21:00,2030042721,Saturday,Market Close
27/04/2030 22:00,2030042722,Saturday,Market Close
27/04/2030 23:00,2030042723,Saturday,Market Close
28/04/2030 0:00,2030042800,Sunday,Market Close
28/04/2030 1:00,2030042801,Sunday,Market Close
28/04/2030 2:00,2030042802,Sunday,Market Close
28/04/2030 3:00,2030042803,Sunday,Market Close
28/04/2030 4:00,2030042804,Sunday,Market Close
28/04/2030 5:00,2030042805,Sunday,Market Close
28/04/2030 6:00,2030042806,Sunday,Market Close
28/04/2030 7:00,2030042807,Sunday,Market Close
28/04/2030 8:00,2030042808,Sunday,Market Close
28/04/2030 9:00,2030042809,Sunday,Market Close
28/04/2030 10:00,2030042810,Sunday,Market Close
28/04/2030 11:00,2030042811,Sunday,Market Close
28/04/2030 12:00,2030042812,Sunday,Market Close
28/04/2030 13:00,2030042813,Sunday,Market Close
28/04/2030 14:00,2030042814,Sunday,Market Close
28/04/2030 15:00,2030042815,Sunday,Market Close
28/04/2030 16:00,2030042816,Sunday,Market Close
28/04/2030 17:00,2030042817,Sunday,Market Close
28/04/2030 18:00,2030042818,Sunday,Market Close
28/04/2030 19:00,2030042819,Sunday,Market Close
28/04/2030 20:00,2030042820,Sunday,Market Close
3/05/2030 21:00,2030050321,Friday,Market Close
3/05/2030 22:00,2030050322,Friday,Market Close
3/05/2030 23:00,2030050323,Friday,Market Close
4/05/2030 0:00,2030050400,Saturday,Market Close
4/05/2030 1:00,2030050401,Saturday,Market Close
4/05/2030 2:00,2030050402,Saturday,Market Close
4/05/2030 3:00,2030050403,Saturday,Market Close
4/05/2030 4:00,2030050404,Saturday,Market Close
4/05/2030 5:00,2030050405,Saturday,Market Close
4/05/2030 6:00,2030050406,Saturday,Market Close
4/05/2030 7:00,2030050407,Saturday,Market Close
4/05/2030 8:00,2030050408,Saturday,Market Close
4/05/2030 9:00,2030050409,Saturday,Market Close
4/05/2030 10:00,2030050410,Saturday,Market Close
4/05/2030 11:00,2030050411,Saturday,Market Close
4/05/2030 12:00,2030050412,Saturday,Market Close
4/05/2030 13:00,2030050413,Saturday,Market Close
4/05/2030 14:00,2030050414,Saturday,Market Close
4/05/2030 15:00,2030050415,Saturday,Market Close
4/05/2030 16:00,2030050416,Saturday,Market Close
4/05/2030 17:00,2030050417,Saturday,Market Close
4/05/2030 18:00,2030050418,Saturday,Market Close
4/05/2030 19:00,2030050419,Saturday,Market Close
4/05/2030 20:00,2030050420,Saturday,Market Close
4/05/2030 21:00,2030050421,Saturday,Market Close
4/05/2030 22:00,2030050422,Saturday,Market Close
4/05/2030 23:00,2030050423,Saturday,Market Close
5/05/2030 0:00,2030050500,Sunday,Market Close
5/05/2030 1:00,2030050501,Sunday,Market Close
5/05/2030 2:00,2030050502,Sunday,Market Close
5/05/2030 3:00,2030050503,Sunday,Market Close
5/05/2030 4:00,2030050504,Sunday,Market Close
5/05/2030 5:00,2030050505,Sunday,Market Close
5/05/2030 6:00,2030050506,Sunday,Market Close
5/05/2030 7:00,2030050507,Sunday,Market Close
5/05/2030 8:00,2030050508,Sunday,Market Close
5/05/2030 9:00,2030050509,Sunday,Market Close
5/05/2030 10:00,2030050510,Sunday,Market Close
5/05/2030 11:00,2030050511,Sunday,Market Close
5/05/2030 12:00,2030050512,Sunday,Market Close
5/05/2030 13:00,2030050513,Sunday,Market Close
5/05/2030 14:00,2030050514,Sunday,Market Close
5/05/2030 15:00,2030050515,Sunday,Market Close
5/05/2030 16:00,2030050516,Sunday,Market Close
5/05/2030 17:00,2030050517,Sunday,Market Close
5/05/2030 18:00,2030050518,Sunday,Market Close
5/05/2030 19:00,2030050519,Sunday,Market Close
5/05/2030 20:00,2030050520,Sunday,Market Close
10/05/2030 21:00,2030051021,Friday,Market Close
10/05/2030 22:00,2030051022,Friday,Market Close
10/05/2030 23:00,2030051023,Friday,Market Close
11/05/2030 0:00,2030051100,Saturday,Market Close
11/05/2030 1:00,2030051101,Saturday,Market Close
11/05/2030 2:00,2030051102,Saturday,Market Close
11/05/2030 3:00,2030051103,Saturday,Market Close
11/05/2030 4:00,2030051104,Saturday,Market Close
11/05/2030 5:00,2030051105,Saturday,Market Close
11/05/2030 6:00,2030051106,Saturday,Market Close
11/05/2030 7:00,2030051107,Saturday,Market Close
11/05/2030 8:00,2030051108,Saturday,Market Close
11/05/2030 9:00,2030051109,Saturday,Market Close
11/05/2030 10:00,2030051110,Saturday,Market Close
11/05/2030 11:00,2030051111,Saturday,Market Close
11/05/2030 12:00,2030051112,Saturday,Market Close
11/05/2030 13:00,2030051113,Saturday,Market Close
11/05/2030 14:00,2030051114,Saturday,Market Close
11/05/2030 15:00,2030051115,Saturday,Market Close
11/05/2030 16:00,2030051116,Saturday,Market Close
11/05/2030 17:00,2030051117,Saturday,Market Close
11/05/2030 18:00,2030051118,Saturday,Market Close
11/05/2030 19:00,2030051119,Saturday,Market Close
11/05/2030 20:00,2030051120,Saturday,Market Close
11/05/2030 21:00,2030051121,Saturday,Market Close
11/05/2030 22:00,2030051122,Saturday,Market Close
11/05/2030 23:00,2030051123,Saturday,Market Close
12/05/2030 0:00,2030051200,Sunday,Market Close
12/05/2030 1:00,2030051201,Sunday,Market Close
12/05/2030 2:00,2030051202,Sunday,Market Close
12/05/2030 3:00,2030051203,Sunday,Market Close
12/05/2030 4:00,2030051204,Sunday,Market Close
12/05/2030 5:00,2030051205,Sunday,Market Close
12/05/2030 6:00,2030051206,Sunday,Market Close
12/05/2030 7:00,2030051207,Sunday,Market Close
12/05/2030 8:00,2030051208,Sunday,Market Close
12/05/2030 9:00,2030051209,Sunday,Market Close
12/05/2030 10:00,2030051210,Sunday,Market Close
12/05/2030 11:00,2030051211,Sunday,Market Close
12/05/2030 12:00,2030051212,Sunday,Market Close
12/05/2030 13:00,2030051213,Sunday,Market Close
12/05/2030 14:00,2030051214,Sunday,Market Close
12/05/2030 15:00,2030051215,Sunday,Market Close
12/05/2030 16:00,2030051216,Sunday,Market Close
12/05/2030 17:00,2030051217,Sunday,Market Close
12/05/2030 18:00,2030051218,Sunday,Market Close
12/05/2030 19:00,2030051219,Sunday,Market Close
12/05/2030 20:00,2030051220,Sunday,Market Close
17/05/2030 21:00,2030051721,Friday,Market Close
17/05/2030 22:00,2030051722,Friday,Market Close
17/05/2030 23:00,2030051723,Friday,Market Close
18/05/2030 0:00,2030051800,Saturday,Market Close
18/05/2030 1:00,2030051801,Saturday,Market Close
18/05/2030 2:00,2030051802,Saturday,Market Close
18/05/2030 3:00,2030051803,Saturday,Market Close
18/05/2030 4:00,2030051804,Saturday,Market Close
18/05/2030 5:00,2030051805,Saturday,Market Close
18/05/2030 6:00,2030051806,Saturday,Market Close
18/05/2030 7:00,2030051807,Saturday,Market Close
18/05/2030 8:00,2030051808,Saturday,Market Close
18/05/2030 9:00,2030051809,Saturday,Market Close
18/05/2030 10:00,2030051810,Saturday,Market Close
18/05/2030 11:00,2030051811,Saturday,Market Close
18/05/2030 12:00,2030051812,Saturday,Market Close
18/05/2030 13:00,2030051813,Saturday,Market Close
18/05/2030 14:00,2030051814,Saturday,Market Close
18/05/2030 15:00,2030051815,Saturday,Market Close
18/05/2030 16:00,2030051816,Saturday,Market Close
18/05/2030 17:00,2030051817,Saturday,Market Close
18/05/2030 18:00,2030051818,Saturday,Market Close
18/05/2030 19:00,2030051819,Saturday,Market Close
18/05/2030 20:00,2030051820,Saturday,Market Close
18/05/2030 21:00,2030051821,Saturday,Market Close
18/05/2030 22:00,2030051822,Saturday,Market Close
18/05/2030 23:00,2030051823,Saturday,Market Close
19/05/2030 0:00,2030051900,Sunday,Market Close
19/05/2030 1:00,2030051901,Sunday,Market Close
19/05/2030 2:00,2030051902,Sunday,Market Close
19/05/2030 3:00,2030051903,Sunday,Market Close
19/05/2030 4:00,2030051904,Sunday,Market Close
19/05/2030 5:00,2030051905,Sunday,Market Close
19/05/2030 6:00,2030051906,Sunday,Market Close
19/05/2030 7:00,2030051907,Sunday,Market Close
19/05/2030 8:00,2030051908,Sunday,Market Close
19/05/2030 9:00,2030051909,Sunday,Market Close
19/05/2030 10:00,2030051910,Sunday,Market Close
19/05/2030 11:00,2030051911,Sunday,Market Close
19/05/2030 12:00,2030051912,Sunday,Market Close
19/05/2030 13:00,2030051913,Sunday,Market Close
19/05/2030 14:00,2030051914,Sunday,Market Close
19/05/2030 15:00,2030051915,Sunday,Market Close
19/05/2030 16:00,2030051916,Sunday,Market Close
19/05/2030 17:00,2030051917,Sunday,Market Close
19/05/2030 18:00,2030051918,Sunday,Market Close
19/05/2030 19:00,2030051919,Sunday,Market Close
19/05/2030 20:00,2030051920,Sunday,Market Close
24/05/2030 21:00,2030052421,Friday,Market Close
24/05/2030 22:00,2030052422,Friday,Market Close
24/05/2030 23:00,2030052423,Friday,Market Close
25/05/2030 0:00,2030052500,Saturday,Market Close
25/05/2030 1:00,2030052501,Saturday,Market Close
25/05/2030 2:00,2030052502,Saturday,Market Close
25/05/2030 3:00,2030052503,Saturday,Market Close
25/05/2030 4:00,2030052504,Saturday,Market Close
25/05/2030 5:00,2030052505,Saturday,Market Close
25/05/2030 6:00,2030052506,Saturday,Market Close
25/05/2030 7:00,2030052507,Saturday,Market Close
25/05/2030 8:00,2030052508,Saturday,Market Close
25/05/2030 9:00,2030052509,Saturday,Market Close
25/05/2030 10:00,2030052510,Saturday,Market Close
25/05/2030 11:00,2030052511,Saturday,Market Close
25/05/2030 12:00,2030052512,Saturday,Market Close
25/05/2030 13:00,2030052513,Saturday,Market Close
25/05/2030 14:00,2030052514,Saturday,Market Close
25/05/2030 15:00,2030052515,Saturday,Market Close
25/05/2030 16:00,2030052516,Saturday,Market Close
25/05/2030 17:00,2030052517,Saturday,Market Close
25/05/2030 18:00,2030052518,Saturday,Market Close
25/05/2030 19:00,2030052519,Saturday,Market Close
25/05/2030 20:00,2030052520,Saturday,Market Close
25/05/2030 21:00,2030052521,Saturday,Market Close
25/05/2030 22:00,2030052522,Saturday,Market Close
25/05/2030 23:00,2030052523,Saturday,Market Close
26/05/2030 0:00,2030052600,Sunday,Market Close
26/05/2030 1:00,2030052601,Sunday,Market Close
26/05/2030 2:00,2030052602,Sunday,Market Close
26/05/2030 3:00,2030052603,Sunday,Market Close
26/05/2030 4:00,2030052604,Sunday,Market Close
26/05/2030 5:00,2030052605,Sunday,Market Close
26/05/2030 6:00,2030052606,Sunday,Market Close
26/05/2030 7:00,2030052607,Sunday,Market Close
26/05/2030 8:00,2030052608,Sunday,Market Close
26/05/2030 9:00,2030052609,Sunday,Market Close
26/05/2030 10:00,2030052610,Sunday,Market Close
26/05/2030 11:00,2030052611,Sunday,Market Close
26/05/2030 12:00,2030052612,Sunday,Market Close
26/05/2030 13:00,2030052613,Sunday,Market Close
26/05/2030 14:00,2030052614,Sunday,Market Close
26/05/2030 15:00,2030052615,Sunday,Market Close
26/05/2030 16:00,2030052616,Sunday,Market Close
26/05/2030 17:00,2030052617,Sunday,Market Close
26/05/2030 18:00,2030052618,Sunday,Market Close
26/05/2030 19:00,2030052619,Sunday,Market Close
26/05/2030 20:00,2030052620,Sunday,Market Close
31/05/2030 21:00,2030053121,Friday,Market Close
31/05/2030 22:00,2030053122,Friday,Market Close
31/05/2030 23:00,2030053123,Friday,Market Close
1/06/2030 0:00,2030060100,Saturday,Market Close
1/06/2030 1:00,2030060101,Saturday,Market Close
1/06/2030 2:00,2030060102,Saturday,Market Close
1/06/2030 3:00,2030060103,Saturday,Market Close
1/06/2030 4:00,2030060104,Saturday,Market Close
1/06/2030 5:00,2030060105,Saturday,Market Close
1/06/2030 6:00,2030060106,Saturday,Market Close
1/06/2030 7:00,2030060107,Saturday,Market Close
1/06/2030 8:00,2030060108,Saturday,Market Close
1/06/2030 9:00,2030060109,Saturday,Market Close
1/06/2030 10:00,2030060110,Saturday,Market Close
1/06/2030 11:00,2030060111,Saturday,Market Close
1/06/2030 12:00,2030060112,Saturday,Market Close
1/06/2030 13:00,2030060113,Saturday,Market Close
1/06/2030 14:00,2030060114,Saturday,Market Close
1/06/2030 15:00,2030060115,Saturday,Market Close
1/06/2030 16:00,2030060116,Saturday,Market Close
1/06/2030 17:00,2030060117,Saturday,Market Close
1/06/2030 18:00,2030060118,Saturday,Market Close
1/06/2030 19:00,2030060119,Saturday,Market Close
1/06/2030 20:00,2030060120,Saturday,Market Close
1/06/2030 21:00,2030060121,Saturday,Market Close
1/06/2030 22:00,2030060122,Saturday,Market Close
1/06/2030 23:00,2030060123,Saturday,Market Close
2/06/2030 0:00,2030060200,Sunday,Market Close
2/06/2030 1:00,2030060201,Sunday,Market Close
2/06/2030 2:00,2030060202,Sunday,Market Close
2/06/2030 3:00,2030060203,Sunday,Market Close
2/06/2030 4:00,2030060204,Sunday,Market Close
2/06/2030 5:00,2030060205,Sunday,Market Close
2/06/2030 6:00,2030060206,Sunday,Market Close
2/06/2030 7:00,2030060207,Sunday,Market Close
2/06/2030 8:00,2030060208,Sunday,Market Close
2/06/2030 9:00,2030060209,Sunday,Market Close
2/06/2030 10:00,2030060210,Sunday,Market Close
2/06/2030 11:00,2030060211,Sunday,Market Close
2/06/2030 12:00,2030060212,Sunday,Market Close
2/06/2030 13:00,2030060213,Sunday,Market Close
2/06/2030 14:00,2030060214,Sunday,Market Close
2/06/2030 15:00,2030060215,Sunday,Market Close
2/06/2030 16:00,2030060216,Sunday,Market Close
2/06/2030 17:00,2030060217,Sunday,Market Close
2/06/2030 18:00,2030060218,Sunday,Market Close
2/06/2030 19:00,2030060219,Sunday,Market Close
2/06/2030 20:00,2030060220,Sunday,Market Close
7/06/2030 21:00,2030060721,Friday,Market Close
7/06/2030 22:00,2030060722,Friday,Market Close
7/06/2030 23:00,2030060723,Friday,Market Close
8/06/2030 0:00,2030060800,Saturday,Market Close
8/06/2030 1:00,2030060801,Saturday,Market Close
8/06/2030 2:00,2030060802,Saturday,Market Close
8/06/2030 3:00,2030060803,Saturday,Market Close
8/06/2030 4:00,2030060804,Saturday,Market Close
8/06/2030 5:00,2030060805,Saturday,Market Close
8/06/2030 6:00,2030060806,Saturday,Market Close
8/06/2030 7:00,2030060807,Saturday,Market Close
8/06/2030 8:00,2030060808,Saturday,Market Close
8/06/2030 9:00,2030060809,Saturday,Market Close
8/06/2030 10:00,2030060810,Saturday,Market Close
8/06/2030 11:00,2030060811,Saturday,Market Close
8/06/2030 12:00,2030060812,Saturday,Market Close
8/06/2030 13:00,2030060813,Saturday,Market Close
8/06/2030 14:00,2030060814,Saturday,Market Close
8/06/2030 15:00,2030060815,Saturday,Market Close
8/06/2030 16:00,2030060816,Saturday,Market Close
8/06/2030 17:00,2030060817,Saturday,Market Close
8/06/2030 18:00,2030060818,Saturday,Market Close
8/06/2030 19:00,2030060819,Saturday,Market Close
8/06/2030 20:00,2030060820,Saturday,Market Close
8/06/2030 21:00,2030060821,Saturday,Market Close
8/06/2030 22:00,2030060822,Saturday,Market Close
8/06/2030 23:00,2030060823,Saturday,Market Close
9/06/2030 0:00,2030060900,Sunday,Market Close
9/06/2030 1:00,2030060901,Sunday,Market Close
9/06/2030 2:00,2030060902,Sunday,Market Close
9/06/2030 3:00,2030060903,Sunday,Market Close
9/06/2030 4:00,2030060904,Sunday,Market Close
9/06/2030 5:00,2030060905,Sunday,Market Close
9/06/2030 6:00,2030060906,Sunday,Market Close
9/06/2030 7:00,2030060907,Sunday,Market Close
9/06/2030 8:00,2030060908,Sunday,Market Close
9/06/2030 9:00,2030060909,Sunday,Market Close
9/06/2030 10:00,2030060910,Sunday,Market Close
9/06/2030 11:00,2030060911,Sunday,Market Close
9/06/2030 12:00,2030060912,Sunday,Market Close
9/06/2030 13:00,2030060913,Sunday,Market Close
9/06/2030 14:00,2030060914,Sunday,Market Close
9/06/2030 15:00,2030060915,Sunday,Market Close
9/06/2030 16:00,2030060916,Sunday,Market Close
9/06/2030 17:00,2030060917,Sunday,Market Close
9/06/2030 18:00,2030060918,Sunday,Market Close
9/06/2030 19:00,2030060919,Sunday,Market Close
9/06/2030 20:00,2030060920,Sunday,Market Close
14/06/2030 21:00,2030061421,Friday,Market Close
14/06/2030 22:00,2030061422,Friday,Market Close
14/06/2030 23:00,2030061423,Friday,Market Close
15/06/2030 0:00,2030061500,Saturday,Market Close
15/06/2030 1:00,2030061501,Saturday,Market Close
15/06/2030 2:00,2030061502,Saturday,Market Close
15/06/2030 3:00,2030061503,Saturday,Market Close
15/06/2030 4:00,2030061504,Saturday,Market Close
15/06/2030 5:00,2030061505,Saturday,Market Close
15/06/2030 6:00,2030061506,Saturday,Market Close
15/06/2030 7:00,2030061507,Saturday,Market Close
15/06/2030 8:00,2030061508,Saturday,Market Close
15/06/2030 9:00,2030061509,Saturday,Market Close
15/06/2030 10:00,2030061510,Saturday,Market Close
15/06/2030 11:00,2030061511,Saturday,Market Close
15/06/2030 12:00,2030061512,Saturday,Market Close
15/06/2030 13:00,2030061513,Saturday,Market Close
15/06/2030 14:00,2030061514,Saturday,Market Close
15/06/2030 15:00,2030061515,Saturday,Market Close
15/06/2030 16:00,2030061516,Saturday,Market Close
15/06/2030 17:00,2030061517,Saturday,Market Close
15/06/2030 18:00,2030061518,Saturday,Market Close
15/06/2030 19:00,2030061519,Saturday,Market Close
15/06/2030 20:00,2030061520,Saturday,Market Close
15/06/2030 21:00,2030061521,Saturday,Market Close
15/06/2030 22:00,2030061522,Saturday,Market Close
15/06/2030 23:00,2030061523,Saturday,Market Close
16/06/2030 0:00,2030061600,Sunday,Market Close
16/06/2030 1:00,2030061601,Sunday,Market Close
16/06/2030 2:00,2030061602,Sunday,Market Close
16/06/2030 3:00,2030061603,Sunday,Market Close
16/06/2030 4:00,2030061604,Sunday,Market Close
16/06/2030 5:00,2030061605,Sunday,Market Close
16/06/2030 6:00,2030061606,Sunday,Market Close
16/06/2030 7:00,2030061607,Sunday,Market Close
16/06/2030 8:00,2030061608,Sunday,Market Close
16/06/2030 9:00,2030061609,Sunday,Market Close
16/06/2030 10:00,2030061610,Sunday,Market Close
16/06/2030 11:00,2030061611,Sunday,Market Close
16/06/2030 12:00,2030061612,Sunday,Market Close
16/06/2030 13:00,2030061613,Sunday,Market Close
16/06/2030 14:00,2030061614,Sunday,Market Close
16/06/2030 15:00,2030061615,Sunday,Market Close
16/06/2030 16:00,2030061616,Sunday,Market Close
16/06/2030 17:00,2030061617,Sunday,Market Close
16/06/2030 18:00,2030061618,Sunday,Market Close
16/06/2030 19:00,2030061619,Sunday,Market Close
16/06/2030 20:00,2030061620,Sunday,Market Close
21/06/2030 21:00,2030062121,Friday,Market Close
21/06/2030 22:00,2030062122,Friday,Market Close
21/06/2030 23:00,2030062123,Friday,Market Close
22/06/2030 0:00,2030062200,Saturday,Market Close
22/06/2030 1:00,2030062201,Saturday,Market Close
22/06/2030 2:00,2030062202,Saturday,Market Close
22/06/2030 3:00,2030062203,Saturday,Market Close
22/06/2030 4:00,2030062204,Saturday,Market Close
22/06/2030 5:00,2030062205,Saturday,Market Close
22/06/2030 6:00,2030062206,Saturday,Market Close
22/06/2030 7:00,2030062207,Saturday,Market Close
22/06/2030 8:00,2030062208,Saturday,Market Close
22/06/2030 9:00,2030062209,Saturday,Market Close
22/06/2030 10:00,2030062210,Saturday,Market Close
22/06/2030 11:00,2030062211,Saturday,Market Close
22/06/2030 12:00,2030062212,Saturday,Market Close
22/06/2030 13:00,2030062213,Saturday,Market Close
22/06/2030 14:00,2030062214,Saturday,Market Close
22/06/2030 15:00,2030062215,Saturday,Market Close
22/06/2030 16:00,2030062216,Saturday,Market Close
22/06/2030 17:00,2030062217,Saturday,Market Close
22/06/2030 18:00,2030062218,Saturday,Market Close
22/06/2030 19:00,2030062219,Saturday,Market Close
22/06/2030 20:00,2030062220,Saturday,Market Close
22/06/2030 21:00,2030062221,Saturday,Market Close
22/06/2030 22:00,2030062222,Saturday,Market Close
22/06/2030 23:00,2030062223,Saturday,Market Close
23/06/2030 0:00,2030062300,Sunday,Market Close
23/06/2030 1:00,2030062301,Sunday,Market Close
23/06/2030 2:00,2030062302,Sunday,Market Close
23/06/2030 3:00,2030062303,Sunday,Market Close
23/06/2030 4:00,2030062304,Sunday,Market Close
23/06/2030 5:00,2030062305,Sunday,Market Close
23/06/2030 6:00,2030062306,Sunday,Market Close
23/06/2030 7:00,2030062307,Sunday,Market Close
23/06/2030 8:00,2030062308,Sunday,Market Close
23/06/2030 9:00,2030062309,Sunday,Market Close
23/06/2030 10:00,2030062310,Sunday,Market Close
23/06/2030 11:00,2030062311,Sunday,Market Close
23/06/2030 12:00,2030062312,Sunday,Market Close
23/06/2030 13:00,2030062313,Sunday,Market Close
23/06/2030 14:00,2030062314,Sunday,Market Close
23/06/2030 15:00,2030062315,Sunday,Market Close
23/06/2030 16:00,2030062316,Sunday,Market Close
23/06/2030 17:00,2030062317,Sunday,Market Close
23/06/2030 18:00,2030062318,Sunday,Market Close
23/06/2030 19:00,2030062319,Sunday,Market Close
23/06/2030 20:00,2030062320,Sunday,Market Close
28/06/2030 21:00,2030062821,Friday,Market Close
28/06/2030 22:00,2030062822,Friday,Market Close
28/06/2030 23:00,2030062823,Friday,Market Close
29/06/2030 0:00,2030062900,Saturday,Market Close
29/06/2030 1:00,2030062901,Saturday,Market Close
29/06/2030 2:00,2030062902,Saturday,Market Close
29/06/2030 3:00,2030062903,Saturday,Market Close
29/06/2030 4:00,2030062904,Saturday,Market Close
29/06/2030 5:00,2030062905,Saturday,Market Close
29/06/2030 6:00,2030062906,Saturday,Market Close
29/06/2030 7:00,2030062907,Saturday,Market Close
29/06/2030 8:00,2030062908,Saturday,Market Close
29/06/2030 9:00,2030062909,Saturday,Market Close
29/06/2030 10:00,2030062910,Saturday,Market Close
29/06/2030 11:00,2030062911,Saturday,Market Close
29/06/2030 12:00,2030062912,Saturday,Market Close
29/06/2030 13:00,2030062913,Saturday,Market Close
29/06/2030 14:00,2030062914,Saturday,Market Close
29/06/2030 15:00,2030062915,Saturday,Market Close
29/06/2030 16:00,2030062916,Saturday,Market Close
29/06/2030 17:00,2030062917,Saturday,Market Close
29/06/2030 18:00,2030062918,Saturday,Market Close
29/06/2030 19:00,2030062919,Saturday,Market Close
29/06/2030 20:00,2030062920,Saturday,Market Close
29/06/2030 21:00,2030062921,Saturday,Market Close
29/06/2030 22:00,2030062922,Saturday,Market Close
29/06/2030 23:00,2030062923,Saturday,Market Close
30/06/2030 0:00,2030063000,Sunday,Market Close
30/06/2030 1:00,2030063001,Sunday,Market Close
30/06/2030 2:00,2030063002,Sunday,Market Close
30/06/2030 3:00,2030063003,Sunday,Market Close
30/06/2030 4:00,2030063004,Sunday,Market Close
30/06/2030 5:00,2030063005,Sunday,Market Close
30/06/2030 6:00,2030063006,Sunday,Market Close
30/06/2030 7:00,2030063007,Sunday,Market Close
30/06/2030 8:00,2030063008,Sunday,Market Close
30/06/2030 9:00,2030063009,Sunday,Market Close
30/06/2030 10:00,2030063010,Sunday,Market Close
30/06/2030 11:00,2030063011,Sunday,Market Close
30/06/2030 12:00,2030063012,Sunday,Market Close
30/06/2030 13:00,2030063013,Sunday,Market Close
30/06/2030 14:00,2030063014,Sunday,Market Close
30/06/2030 15:00,2030063015,Sunday,Market Close
30/06/2030 16:00,2030063016,Sunday,Market Close
30/06/2030 17:00,2030063017,Sunday,Market Close
30/06/2030 18:00,2030063018,Sunday,Market Close
30/06/2030 19:00,2030063019,Sunday,Market Close
30/06/2030 20:00,2030063020,Sunday,Market Close
5/07/2030 21:00,2030070521,Friday,Market Close
5/07/2030 22:00,2030070522,Friday,Market Close
5/07/2030 23:00,2030070523,Friday,Market Close
6/07/2030 0:00,2030070600,Saturday,Market Close
6/07/2030 1:00,2030070601,Saturday,Market Close
6/07/2030 2:00,2030070602,Saturday,Market Close
6/07/2030 3:00,2030070603,Saturday,Market Close
6/07/2030 4:00,2030070604,Saturday,Market Close
6/07/2030 5:00,2030070605,Saturday,Market Close
6/07/2030 6:00,2030070606,Saturday,Market Close
6/07/2030 7:00,2030070607,Saturday,Market Close
6/07/2030 8:00,2030070608,Saturday,Market Close
6/07/2030 9:00,2030070609,Saturday,Market Close
6/07/2030 10:00,2030070610,Saturday,Market Close
6/07/2030 11:00,2030070611,Saturday,Market Close
6/07/2030 12:00,2030070612,Saturday,Market Close
6/07/2030 13:00,2030070613,Saturday,Market Close
6/07/2030 14:00,2030070614,Saturday,Market Close
6/07/2030 15:00,2030070615,Saturday,Market Close
6/07/2030 16:00,2030070616,Saturday,Market Close
6/07/2030 17:00,2030070617,Saturday,Market Close
6/07/2030 18:00,2030070618,Saturday,Market Close
6/07/2030 19:00,2030070619,Saturday,Market Close
6/07/2030 20:00,2030070620,Saturday,Market Close
6/07/2030 21:00,2030070621,Saturday,Market Close
6/07/2030 22:00,2030070622,Saturday,Market Close
6/07/2030 23:00,2030070623,Saturday,Market Close
7/07/2030 0:00,2030070700,Sunday,Market Close
7/07/2030 1:00,2030070701,Sunday,Market Close
7/07/2030 2:00,2030070702,Sunday,Market Close
7/07/2030 3:00,2030070703,Sunday,Market Close
7/07/2030 4:00,2030070704,Sunday,Market Close
7/07/2030 5:00,2030070705,Sunday,Market Close
7/07/2030 6:00,2030070706,Sunday,Market Close
7/07/2030 7:00,2030070707,Sunday,Market Close
7/07/2030 8:00,2030070708,Sunday,Market Close
7/07/2030 9:00,2030070709,Sunday,Market Close
7/07/2030 10:00,2030070710,Sunday,Market Close
7/07/2030 11:00,2030070711,Sunday,Market Close
7/07/2030 12:00,2030070712,Sunday,Market Close
7/07/2030 13:00,2030070713,Sunday,Market Close
7/07/2030 14:00,2030070714,Sunday,Market Close
7/07/2030 15:00,2030070715,Sunday,Market Close
7/07/2030 16:00,2030070716,Sunday,Market Close
7/07/2030 17:00,2030070717,Sunday,Market Close
7/07/2030 18:00,2030070718,Sunday,Market Close
7/07/2030 19:00,2030070719,Sunday,Market Close
7/07/2030 20:00,2030070720,Sunday,Market Close
12/07/2030 21:00,2030071221,Friday,Market Close
12/07/2030 22:00,2030071222,Friday,Market Close
12/07/2030 23:00,2030071223,Friday,Market Close
13/07/2030 0:00,2030071300,Saturday,Market Close
13/07/2030 1:00,2030071301,Saturday,Market Close
13/07/2030 2:00,2030071302,Saturday,Market Close
13/07/2030 3:00,2030071303,Saturday,Market Close
13/07/2030 4:00,2030071304,Saturday,Market Close
13/07/2030 5:00,2030071305,Saturday,Market Close
13/07/2030 6:00,2030071306,Saturday,Market Close
13/07/2030 7:00,2030071307,Saturday,Market Close
13/07/2030 8:00,2030071308,Saturday,Market Close
13/07/2030 9:00,2030071309,Saturday,Market Close
13/07/2030 10:00,2030071310,Saturday,Market Close
13/07/2030 11:00,2030071311,Saturday,Market Close
13/07/2030 12:00,2030071312,Saturday,Market Close
13/07/2030 13:00,2030071313,Saturday,Market Close
13/07/2030 14:00,2030071314,Saturday,Market Close
13/07/2030 15:00,2030071315,Saturday,Market Close
13/07/2030 16:00,2030071316,Saturday,Market Close
13/07/2030 17:00,2030071317,Saturday,Market Close
13/07/2030 18:00,2030071318,Saturday,Market Close
13/07/2030 19:00,2030071319,Saturday,Market Close
13/07/2030 20:00,2030071320,Saturday,Market Close
13/07/2030 21:00,2030071321,Saturday,Market Close
13/07/2030 22:00,2030071322,Saturday,Market Close
13/07/2030 23:00,2030071323,Saturday,Market Close
14/07/2030 0:00,2030071400,Sunday,Market Close
14/07/2030 1:00,2030071401,Sunday,Market Close
14/07/2030 2:00,2030071402,Sunday,Market Close
14/07/2030 3:00,2030071403,Sunday,Market Close
14/07/2030 4:00,2030071404,Sunday,Market Close
14/07/2030 5:00,2030071405,Sunday,Market Close
14/07/2030 6:00,2030071406,Sunday,Market Close
14/07/2030 7:00,2030071407,Sunday,Market Close
14/07/2030 8:00,2030071408,Sunday,Market Close
14/07/2030 9:00,2030071409,Sunday,Market Close
14/07/2030 10:00,2030071410,Sunday,Market Close
14/07/2030 11:00,2030071411,Sunday,Market Close
14/07/2030 12:00,2030071412,Sunday,Market Close
14/07/2030 13:00,2030071413,Sunday,Market Close
14/07/2030 14:00,2030071414,Sunday,Market Close
14/07/2030 15:00,2030071415,Sunday,Market Close
14/07/2030 16:00,2030071416,Sunday,Market Close
14/07/2030 17:00,2030071417,Sunday,Market Close
14/07/2030 18:00,2030071418,Sunday,Market Close
14/07/2030 19:00,2030071419,Sunday,Market Close
14/07/2030 20:00,2030071420,Sunday,Market Close
19/07/2030 21:00,2030071921,Friday,Market Close
19/07/2030 22:00,2030071922,Friday,Market Close
19/07/2030 23:00,2030071923,Friday,Market Close
20/07/2030 0:00,2030072000,Saturday,Market Close
20/07/2030 1:00,2030072001,Saturday,Market Close
20/07/2030 2:00,2030072002,Saturday,Market Close
20/07/2030 3:00,2030072003,Saturday,Market Close
20/07/2030 4:00,2030072004,Saturday,Market Close
20/07/2030 5:00,2030072005,Saturday,Market Close
20/07/2030 6:00,2030072006,Saturday,Market Close
20/07/2030 7:00,2030072007,Saturday,Market Close
20/07/2030 8:00,2030072008,Saturday,Market Close
20/07/2030 9:00,2030072009,Saturday,Market Close
20/07/2030 10:00,2030072010,Saturday,Market Close
20/07/2030 11:00,2030072011,Saturday,Market Close
20/07/2030 12:00,2030072012,Saturday,Market Close
20/07/2030 13:00,2030072013,Saturday,Market Close
20/07/2030 14:00,2030072014,Saturday,Market Close
20/07/2030 15:00,2030072015,Saturday,Market Close
20/07/2030 16:00,2030072016,Saturday,Market Close
20/07/2030 17:00,2030072017,Saturday,Market Close
20/07/2030 18:00,2030072018,Saturday,Market Close
20/07/2030 19:00,2030072019,Saturday,Market Close
20/07/2030 20:00,2030072020,Saturday,Market Close
20/07/2030 21:00,2030072021,Saturday,Market Close
20/07/2030 22:00,2030072022,Saturday,Market Close
20/07/2030 23:00,2030072023,Saturday,Market Close
21/07/2030 0:00,2030072100,Sunday,Market Close
21/07/2030 1:00,2030072101,Sunday,Market Close
21/07/2030 2:00,2030072102,Sunday,Market Close
21/07/2030 3:00,2030072103,Sunday,Market Close
21/07/2030 4:00,2030072104,Sunday,Market Close
21/07/2030 5:00,2030072105,Sunday,Market Close
21/07/2030 6:00,2030072106,Sunday,Market Close
21/07/2030 7:00,2030072107,Sunday,Market Close
21/07/2030 8:00,2030072108,Sunday,Market Close
21/07/2030 9:00,2030072109,Sunday,Market Close
21/07/2030 10:00,2030072110,Sunday,Market Close
21/07/2030 11:00,2030072111,Sunday,Market Close
21/07/2030 12:00,2030072112,Sunday,Market Close
21/07/2030 13:00,2030072113,Sunday,Market Close
21/07/2030 14:00,2030072114,Sunday,Market Close
21/07/2030 15:00,2030072115,Sunday,Market Close
21/07/2030 16:00,2030072116,Sunday,Market Close
21/07/2030 17:00,2030072117,Sunday,Market Close
21/07/2030 18:00,2030072118,Sunday,Market Close
21/07/2030 19:00,2030072119,Sunday,Market Close
21/07/2030 20:00,2030072120,Sunday,Market Close
26/07/2030 21:00,2030072621,Friday,Market Close
26/07/2030 22:00,2030072622,Friday,Market Close
26/07/2030 23:00,2030072623,Friday,Market Close
27/07/2030 0:00,2030072700,Saturday,Market Close
27/07/2030 1:00,2030072701,Saturday,Market Close
27/07/2030 2:00,2030072702,Saturday,Market Close
27/07/2030 3:00,2030072703,Saturday,Market Close
27/07/2030 4:00,2030072704,Saturday,Market Close
27/07/2030 5:00,2030072705,Saturday,Market Close
27/07/2030 6:00,2030072706,Saturday,Market Close
27/07/2030 7:00,2030072707,Saturday,Market Close
27/07/2030 8:00,2030072708,Saturday,Market Close
27/07/2030 9:00,2030072709,Saturday,Market Close
27/07/2030 10:00,2030072710,Saturday,Market Close
27/07/2030 11:00,2030072711,Saturday,Market Close
27/07/2030 12:00,2030072712,Saturday,Market Close
27/07/2030 13:00,2030072713,Saturday,Market Close
27/07/2030 14:00,2030072714,Saturday,Market Close
27/07/2030 15:00,2030072715,Saturday,Market Close
27/07/2030 16:00,2030072716,Saturday,Market Close
27/07/2030 17:00,2030072717,Saturday,Market Close
27/07/2030 18:00,2030072718,Saturday,Market Close
27/07/2030 19:00,2030072719,Saturday,Market Close
27/07/2030 20:00,2030072720,Saturday,Market Close
27/07/2030 21:00,2030072721,Saturday,Market Close
27/07/2030 22:00,2030072722,Saturday,Market Close
27/07/2030 23:00,2030072723,Saturday,Market Close
28/07/2030 0:00,2030072800,Sunday,Market Close
28/07/2030 1:00,2030072801,Sunday,Market Close
28/07/2030 2:00,2030072802,Sunday,Market Close
28/07/2030 3:00,2030072803,Sunday,Market Close
28/07/2030 4:00,2030072804,Sunday,Market Close
28/07/2030 5:00,2030072805,Sunday,Market Close
28/07/2030 6:00,2030072806,Sunday,Market Close
28/07/2030 7:00,2030072807,Sunday,Market Close
28/07/2030 8:00,2030072808,Sunday,Market Close
28/07/2030 9:00,2030072809,Sunday,Market Close
28/07/2030 10:00,2030072810,Sunday,Market Close
28/07/2030 11:00,2030072811,Sunday,Market Close
28/07/2030 12:00,2030072812,Sunday,Market Close
28/07/2030 13:00,2030072813,Sunday,Market Close
28/07/2030 14:00,2030072814,Sunday,Market Close
28/07/2030 15:00,2030072815,Sunday,Market Close
28/07/2030 16:00,2030072816,Sunday,Market Close
28/07/2030 17:00,2030072817,Sunday,Market Close
28/07/2030 18:00,2030072818,Sunday,Market Close
28/07/2030 19:00,2030072819,Sunday,Market Close
28/07/2030 20:00,2030072820,Sunday,Market Close
2/08/2030 21:00,2030080221,Friday,Market Close
2/08/2030 22:00,2030080222,Friday,Market Close
2/08/2030 23:00,2030080223,Friday,Market Close
3/08/2030 0:00,2030080300,Saturday,Market Close
3/08/2030 1:00,2030080301,Saturday,Market Close
3/08/2030 2:00,2030080302,Saturday,Market Close
3/08/2030 3:00,2030080303,Saturday,Market Close
3/08/2030 4:00,2030080304,Saturday,Market Close
3/08/2030 5:00,2030080305,Saturday,Market Close
3/08/2030 6:00,2030080306,Saturday,Market Close
3/08/2030 7:00,2030080307,Saturday,Market Close
3/08/2030 8:00,2030080308,Saturday,Market Close
3/08/2030 9:00,2030080309,Saturday,Market Close
3/08/2030 10:00,2030080310,Saturday,Market Close
3/08/2030 11:00,2030080311,Saturday,Market Close
3/08/2030 12:00,2030080312,Saturday,Market Close
3/08/2030 13:00,2030080313,Saturday,Market Close
3/08/2030 14:00,2030080314,Saturday,Market Close
3/08/2030 15:00,2030080315,Saturday,Market Close
3/08/2030 16:00,2030080316,Saturday,Market Close
3/08/2030 17:00,2030080317,Saturday,Market Close
3/08/2030 18:00,2030080318,Saturday,Market Close
3/08/2030 19:00,2030080319,Saturday,Market Close
3/08/2030 20:00,2030080320,Saturday,Market Close
3/08/2030 21:00,2030080321,Saturday,Market Close
3/08/2030 22:00,2030080322,Saturday,Market Close
3/08/2030 23:00,2030080323,Saturday,Market Close
4/08/2030 0:00,2030080400,Sunday,Market Close
4/08/2030 1:00,2030080401,Sunday,Market Close
4/08/2030 2:00,2030080402,Sunday,Market Close
4/08/2030 3:00,2030080403,Sunday,Market Close
4/08/2030 4:00,2030080404,Sunday,Market Close
4/08/2030 5:00,2030080405,Sunday,Market Close
4/08/2030 6:00,2030080406,Sunday,Market Close
4/08/2030 7:00,2030080407,Sunday,Market Close
4/08/2030 8:00,2030080408,Sunday,Market Close
4/08/2030 9:00,2030080409,Sunday,Market Close
4/08/2030 10:00,2030080410,Sunday,Market Close
4/08/2030 11:00,2030080411,Sunday,Market Close
4/08/2030 12:00,2030080412,Sunday,Market Close
4/08/2030 13:00,2030080413,Sunday,Market Close
4/08/2030 14:00,2030080414,Sunday,Market Close
4/08/2030 15:00,2030080415,Sunday,Market Close
4/08/2030 16:00,2030080416,Sunday,Market Close
4/08/2030 17:00,2030080417,Sunday,Market Close
4/08/2030 18:00,2030080418,Sunday,Market Close
4/08/2030 19:00,2030080419,Sunday,Market Close
4/08/2030 20:00,2030080420,Sunday,Market Close
9/08/2030 21:00,2030080921,Friday,Market Close
9/08/2030 22:00,2030080922,Friday,Market Close
9/08/2030 23:00,2030080923,Friday,Market Close
10/08/2030 0:00,2030081000,Saturday,Market Close
10/08/2030 1:00,2030081001,Saturday,Market Close
10/08/2030 2:00,2030081002,Saturday,Market Close
10/08/2030 3:00,2030081003,Saturday,Market Close
10/08/2030 4:00,2030081004,Saturday,Market Close
10/08/2030 5:00,2030081005,Saturday,Market Close
10/08/2030 6:00,2030081006,Saturday,Market Close
10/08/2030 7:00,2030081007,Saturday,Market Close
10/08/2030 8:00,2030081008,Saturday,Market Close
10/08/2030 9:00,2030081009,Saturday,Market Close
10/08/2030 10:00,2030081010,Saturday,Market Close
10/08/2030 11:00,2030081011,Saturday,Market Close
10/08/2030 12:00,2030081012,Saturday,Market Close
10/08/2030 13:00,2030081013,Saturday,Market Close
10/08/2030 14:00,2030081014,Saturday,Market Close
10/08/2030 15:00,2030081015,Saturday,Market Close
10/08/2030 16:00,2030081016,Saturday,Market Close
10/08/2030 17:00,2030081017,Saturday,Market Close
10/08/2030 18:00,2030081018,Saturday,Market Close
10/08/2030 19:00,2030081019,Saturday,Market Close
10/08/2030 20:00,2030081020,Saturday,Market Close
10/08/2030 21:00,2030081021,Saturday,Market Close
10/08/2030 22:00,2030081022,Saturday,Market Close
10/08/2030 23:00,2030081023,Saturday,Market Close
11/08/2030 0:00,2030081100,Sunday,Market Close
11/08/2030 1:00,2030081101,Sunday,Market Close
11/08/2030 2:00,2030081102,Sunday,Market Close
11/08/2030 3:00,2030081103,Sunday,Market Close
11/08/2030 4:00,2030081104,Sunday,Market Close
11/08/2030 5:00,2030081105,Sunday,Market Close
11/08/2030 6:00,2030081106,Sunday,Market Close
11/08/2030 7:00,2030081107,Sunday,Market Close
11/08/2030 8:00,2030081108,Sunday,Market Close
11/08/2030 9:00,2030081109,Sunday,Market Close
11/08/2030 10:00,2030081110,Sunday,Market Close
11/08/2030 11:00,2030081111,Sunday,Market Close
11/08/2030 12:00,2030081112,Sunday,Market Close
11/08/2030 13:00,2030081113,Sunday,Market Close
11/08/2030 14:00,2030081114,Sunday,Market Close
11/08/2030 15:00,2030081115,Sunday,Market Close
11/08/2030 16:00,2030081116,Sunday,Market Close
11/08/2030 17:00,2030081117,Sunday,Market Close
11/08/2030 18:00,2030081118,Sunday,Market Close
11/08/2030 19:00,2030081119,Sunday,Market Close
11/08/2030 20:00,2030081120,Sunday,Market Close
16/08/2030 21:00,2030081621,Friday,Market Close
16/08/2030 22:00,2030081622,Friday,Market Close
16/08/2030 23:00,2030081623,Friday,Market Close
17/08/2030 0:00,2030081700,Saturday,Market Close
17/08/2030 1:00,2030081701,Saturday,Market Close
17/08/2030 2:00,2030081702,Saturday,Market Close
17/08/2030 3:00,2030081703,Saturday,Market Close
17/08/2030 4:00,2030081704,Saturday,Market Close
17/08/2030 5:00,2030081705,Saturday,Market Close
17/08/2030 6:00,2030081706,Saturday,Market Close
17/08/2030 7:00,2030081707,Saturday,Market Close
17/08/2030 8:00,2030081708,Saturday,Market Close
17/08/2030 9:00,2030081709,Saturday,Market Close
17/08/2030 10:00,2030081710,Saturday,Market Close
17/08/2030 11:00,2030081711,Saturday,Market Close
17/08/2030 12:00,2030081712,Saturday,Market Close
17/08/2030 13:00,2030081713,Saturday,Market Close
17/08/2030 14:00,2030081714,Saturday,Market Close
17/08/2030 15:00,2030081715,Saturday,Market Close
17/08/2030 16:00,2030081716,Saturday,Market Close
17/08/2030 17:00,2030081717,Saturday,Market Close
17/08/2030 18:00,2030081718,Saturday,Market Close
17/08/2030 19:00,2030081719,Saturday,Market Close
17/08/2030 20:00,2030081720,Saturday,Market Close
17/08/2030 21:00,2030081721,Saturday,Market Close
17/08/2030 22:00,2030081722,Saturday,Market Close
17/08/2030 23:00,2030081723,Saturday,Market Close
18/08/2030 0:00,2030081800,Sunday,Market Close
18/08/2030 1:00,2030081801,Sunday,Market Close
18/08/2030 2:00,2030081802,Sunday,Market Close
18/08/2030 3:00,2030081803,Sunday,Market Close
18/08/2030 4:00,2030081804,Sunday,Market Close
18/08/2030 5:00,2030081805,Sunday,Market Close
18/08/2030 6:00,2030081806,Sunday,Market Close
18/08/2030 7:00,2030081807,Sunday,Market Close
18/08/2030 8:00,2030081808,Sunday,Market Close
18/08/2030 9:00,2030081809,Sunday,Market Close
18/08/2030 10:00,2030081810,Sunday,Market Close
18/08/2030 11:00,2030081811,Sunday,Market Close
18/08/2030 12:00,2030081812,Sunday,Market Close
18/08/2030 13:00,2030081813,Sunday,Market Close
18/08/2030 14:00,2030081814,Sunday,Market Close
18/08/2030 15:00,2030081815,Sunday,Market Close
18/08/2030 16:00,2030081816,Sunday,Market Close
18/08/2030 17:00,2030081817,Sunday,Market Close
18/08/2030 18:00,2030081818,Sunday,Market Close
18/08/2030 19:00,2030081819,Sunday,Market Close
18/08/2030 20:00,2030081820,Sunday,Market Close
23/08/2030 21:00,2030082321,Friday,Market Close
23/08/2030 22:00,2030082322,Friday,Market Close
23/08/2030 23:00,2030082323,Friday,Market Close
24/08/2030 0:00,2030082400,Saturday,Market Close
24/08/2030 1:00,2030082401,Saturday,Market Close
24/08/2030 2:00,2030082402,Saturday,Market Close
24/08/2030 3:00,2030082403,Saturday,Market Close
24/08/2030 4:00,2030082404,Saturday,Market Close
24/08/2030 5:00,2030082405,Saturday,Market Close
24/08/2030 6:00,2030082406,Saturday,Market Close
24/08/2030 7:00,2030082407,Saturday,Market Close
24/08/2030 8:00,2030082408,Saturday,Market Close
24/08/2030 9:00,2030082409,Saturday,Market Close
24/08/2030 10:00,2030082410,Saturday,Market Close
24/08/2030 11:00,2030082411,Saturday,Market Close
24/08/2030 12:00,2030082412,Saturday,Market Close
24/08/2030 13:00,2030082413,Saturday,Market Close
24/08/2030 14:00,2030082414,Saturday,Market Close
24/08/2030 15:00,2030082415,Saturday,Market Close
24/08/2030 16:00,2030082416,Saturday,Market Close
24/08/2030 17:00,2030082417,Saturday,Market Close
24/08/2030 18:00,2030082418,Saturday,Market Close
24/08/2030 19:00,2030082419,Saturday,Market Close
24/08/2030 20:00,2030082420,Saturday,Market Close
24/08/2030 21:00,2030082421,Saturday,Market Close
24/08/2030 22:00,2030082422,Saturday,Market Close
24/08/2030 23:00,2030082423,Saturday,Market Close
25/08/2030 0:00,2030082500,Sunday,Market Close
25/08/2030 1:00,2030082501,Sunday,Market Close
25/08/2030 2:00,2030082502,Sunday,Market Close
25/08/2030 3:00,2030082503,Sunday,Market Close
25/08/2030 4:00,2030082504,Sunday,Market Close
25/08/2030 5:00,2030082505,Sunday,Market Close
25/08/2030 6:00,2030082506,Sunday,Market Close
25/08/2030 7:00,2030082507,Sunday,Market Close
25/08/2030 8:00,2030082508,Sunday,Market Close
25/08/2030 9:00,2030082509,Sunday,Market Close
25/08/2030 10:00,2030082510,Sunday,Market Close
25/08/2030 11:00,2030082511,Sunday,Market Close
25/08/2030 12:00,2030082512,Sunday,Market Close
25/08/2030 13:00,2030082513,Sunday,Market Close
25/08/2030 14:00,2030082514,Sunday,Market Close
25/08/2030 15:00,2030082515,Sunday,Market Close
25/08/2030 16:00,2030082516,Sunday,Market Close
25/08/2030 17:00,2030082517,Sunday,Market Close
25/08/2030 18:00,2030082518,Sunday,Market Close
25/08/2030 19:00,2030082519,Sunday,Market Close
25/08/2030 20:00,2030082520,Sunday,Market Close
30/08/2030 21:00,2030083021,Friday,Market Close
30/08/2030 22:00,2030083022,Friday,Market Close
30/08/2030 23:00,2030083023,Friday,Market Close
31/08/2030 0:00,2030083100,Saturday,Market Close
31/08/2030 1:00,2030083101,Saturday,Market Close
31/08/2030 2:00,2030083102,Saturday,Market Close
31/08/2030 3:00,2030083103,Saturday,Market Close
31/08/2030 4:00,2030083104,Saturday,Market Close
31/08/2030 5:00,2030083105,Saturday,Market Close
31/08/2030 6:00,2030083106,Saturday,Market Close
31/08/2030 7:00,2030083107,Saturday,Market Close
31/08/2030 8:00,2030083108,Saturday,Market Close
31/08/2030 9:00,2030083109,Saturday,Market Close
31/08/2030 10:00,2030083110,Saturday,Market Close
31/08/2030 11:00,2030083111,Saturday,Market Close
31/08/2030 12:00,2030083112,Saturday,Market Close
31/08/2030 13:00,2030083113,Saturday,Market Close
31/08/2030 14:00,2030083114,Saturday,Market Close
31/08/2030 15:00,2030083115,Saturday,Market Close
31/08/2030 16:00,2030083116,Saturday,Market Close
31/08/2030 17:00,2030083117,Saturday,Market Close
31/08/2030 18:00,2030083118,Saturday,Market Close
31/08/2030 19:00,2030083119,Saturday,Market Close
31/08/2030 20:00,2030083120,Saturday,Market Close
31/08/2030 21:00,2030083121,Saturday,Market Close
31/08/2030 22:00,2030083122,Saturday,Market Close
31/08/2030 23:00,2030083123,Saturday,Market Close
1/09/2030 0:00,2030090100,Sunday,Market Close
1/09/2030 1:00,2030090101,Sunday,Market Close
1/09/2030 2:00,2030090102,Sunday,Market Close
1/09/2030 3:00,2030090103,Sunday,Market Close
1/09/2030 4:00,2030090104,Sunday,Market Close
1/09/2030 5:00,2030090105,Sunday,Market Close
1/09/2030 6:00,2030090106,Sunday,Market Close
1/09/2030 7:00,2030090107,Sunday,Market Close
1/09/2030 8:00,2030090108,Sunday,Market Close
1/09/2030 9:00,2030090109,Sunday,Market Close
1/09/2030 10:00,2030090110,Sunday,Market Close
1/09/2030 11:00,2030090111,Sunday,Market Close
1/09/2030 12:00,2030090112,Sunday,Market Close
1/09/2030 13:00,2030090113,Sunday,Market Close
1/09/2030 14:00,2030090114,Sunday,Market Close
1/09/2030 15:00,2030090115,Sunday,Market Close
1/09/2030 16:00,2030090116,Sunday,Market Close
1/09/2030 17:00,2030090117,Sunday,Market Close
1/09/2030 18:00,2030090118,Sunday,Market Close
1/09/2030 19:00,2030090119,Sunday,Market Close
1/09/2030 20:00,2030090120,Sunday,Market Close
6/09/2030 21:00,2030090621,Friday,Market Close
6/09/2030 22:00,2030090622,Friday,Market Close
6/09/2030 23:00,2030090623,Friday,Market Close
7/09/2030 0:00,2030090700,Saturday,Market Close
7/09/2030 1:00,2030090701,Saturday,Market Close
7/09/2030 2:00,2030090702,Saturday,Market Close
7/09/2030 3:00,2030090703,Saturday,Market Close
7/09/2030 4:00,2030090704,Saturday,Market Close
7/09/2030 5:00,2030090705,Saturday,Market Close
7/09/2030 6:00,2030090706,Saturday,Market Close
7/09/2030 7:00,2030090707,Saturday,Market Close
7/09/2030 8:00,2030090708,Saturday,Market Close
7/09/2030 9:00,2030090709,Saturday,Market Close
7/09/2030 10:00,2030090710,Saturday,Market Close
7/09/2030 11:00,2030090711,Saturday,Market Close
7/09/2030 12:00,2030090712,Saturday,Market Close
7/09/2030 13:00,2030090713,Saturday,Market Close
7/09/2030 14:00,2030090714,Saturday,Market Close
7/09/2030 15:00,2030090715,Saturday,Market Close
7/09/2030 16:00,2030090716,Saturday,Market Close
7/09/2030 17:00,2030090717,Saturday,Market Close
7/09/2030 18:00,2030090718,Saturday,Market Close
7/09/2030 19:00,2030090719,Saturday,Market Close
7/09/2030 20:00,2030090720,Saturday,Market Close
7/09/2030 21:00,2030090721,Saturday,Market Close
7/09/2030 22:00,2030090722,Saturday,Market Close
7/09/2030 23:00,2030090723,Saturday,Market Close
8/09/2030 0:00,2030090800,Sunday,Market Close
8/09/2030 1:00,2030090801,Sunday,Market Close
8/09/2030 2:00,2030090802,Sunday,Market Close
8/09/2030 3:00,2030090803,Sunday,Market Close
8/09/2030 4:00,2030090804,Sunday,Market Close
8/09/2030 5:00,2030090805,Sunday,Market Close
8/09/2030 6:00,2030090806,Sunday,Market Close
8/09/2030 7:00,2030090807,Sunday,Market Close
8/09/2030 8:00,2030090808,Sunday,Market Close
8/09/2030 9:00,2030090809,Sunday,Market Close
8/09/2030 10:00,2030090810,Sunday,Market Close
8/09/2030 11:00,2030090811,Sunday,Market Close
8/09/2030 12:00,2030090812,Sunday,Market Close
8/09/2030 13:00,2030090813,Sunday,Market Close
8/09/2030 14:00,2030090814,Sunday,Market Close
8/09/2030 15:00,2030090815,Sunday,Market Close
8/09/2030 16:00,2030090816,Sunday,Market Close
8/09/2030 17:00,2030090817,Sunday,Market Close
8/09/2030 18:00,2030090818,Sunday,Market Close
8/09/2030 19:00,2030090819,Sunday,Market Close
8/09/2030 20:00,2030090820,Sunday,Market Close
13/09/2030 21:00,2030091321,Friday,Market Close
13/09/2030 22:00,2030091322,Friday,Market Close
13/09/2030 23:00,2030091323,Friday,Market Close
14/09/2030 0:00,2030091400,Saturday,Market Close
14/09/2030 1:00,2030091401,Saturday,Market Close
14/09/2030 2:00,2030091402,Saturday,Market Close
14/09/2030 3:00,2030091403,Saturday,Market Close
14/09/2030 4:00,2030091404,Saturday,Market Close
14/09/2030 5:00,2030091405,Saturday,Market Close
14/09/2030 6:00,2030091406,Saturday,Market Close
14/09/2030 7:00,2030091407,Saturday,Market Close
14/09/2030 8:00,2030091408,Saturday,Market Close
14/09/2030 9:00,2030091409,Saturday,Market Close
14/09/2030 10:00,2030091410,Saturday,Market Close
14/09/2030 11:00,2030091411,Saturday,Market Close
14/09/2030 12:00,2030091412,Saturday,Market Close
14/09/2030 13:00,2030091413,Saturday,Market Close
14/09/2030 14:00,2030091414,Saturday,Market Close
14/09/2030 15:00,2030091415,Saturday,Market Close
14/09/2030 16:00,2030091416,Saturday,Market Close
14/09/2030 17:00,2030091417,Saturday,Market Close
14/09/2030 18:00,2030091418,Saturday,Market Close
14/09/2030 19:00,2030091419,Saturday,Market Close
14/09/2030 20:00,2030091420,Saturday,Market Close
14/09/2030 21:00,2030091421,Saturday,Market Close
14/09/2030 22:00,2030091422,Saturday,Market Close
14/09/2030 23:00,2030091423,Saturday,Market Close
15/09/2030 0:00,2030091500,Sunday,Market Close
15/09/2030 1:00,2030091501,Sunday,Market Close
15/09/2030 2:00,2030091502,Sunday,Market Close
15/09/2030 3:00,2030091503,Sunday,Market Close
15/09/2030 4:00,2030091504,Sunday,Market Close
15/09/2030 5:00,2030091505,Sunday,Market Close
15/09/2030 6:00,2030091506,Sunday,Market Close
15/09/2030 7:00,2030091507,Sunday,Market Close
15/09/2030 8:00,2030091508,Sunday,Market Close
15/09/2030 9:00,2030091509,Sunday,Market Close
15/09/2030 10:00,2030091510,Sunday,Market Close
15/09/2030 11:00,2030091511,Sunday,Market Close
15/09/2030 12:00,2030091512,Sunday,Market Close
15/09/2030 13:00,2030091513,Sunday,Market Close
15/09/2030 14:00,2030091514,Sunday,Market Close
15/09/2030 15:00,2030091515,Sunday,Market Close
15/09/2030 16:00,2030091516,Sunday,Market Close
15/09/2030 17:00,2030091517,Sunday,Market Close
15/09/2030 18:00,2030091518,Sunday,Market Close
15/09/2030 19:00,2030091519,Sunday,Market Close
15/09/2030 20:00,2030091520,Sunday,Market Close
20/09/2030 21:00,2030092021,Friday,Market Close
20/09/2030 22:00,2030092022,Friday,Market Close
20/09/2030 23:00,2030092023,Friday,Market Close
21/09/2030 0:00,2030092100,Saturday,Market Close
21/09/2030 1:00,2030092101,Saturday,Market Close
21/09/2030 2:00,2030092102,Saturday,Market Close
21/09/2030 3:00,2030092103,Saturday,Market Close
21/09/2030 4:00,2030092104,Saturday,Market Close
21/09/2030 5:00,2030092105,Saturday,Market Close
21/09/2030 6:00,2030092106,Saturday,Market Close
21/09/2030 7:00,2030092107,Saturday,Market Close
21/09/2030 8:00,2030092108,Saturday,Market Close
21/09/2030 9:00,2030092109,Saturday,Market Close
21/09/2030 10:00,2030092110,Saturday,Market Close
21/09/2030 11:00,2030092111,Saturday,Market Close
21/09/2030 12:00,2030092112,Saturday,Market Close
21/09/2030 13:00,2030092113,Saturday,Market Close
21/09/2030 14:00,2030092114,Saturday,Market Close
21/09/2030 15:00,2030092115,Saturday,Market Close
21/09/2030 16:00,2030092116,Saturday,Market Close
21/09/2030 17:00,2030092117,Saturday,Market Close
21/09/2030 18:00,2030092118,Saturday,Market Close
21/09/2030 19:00,2030092119,Saturday,Market Close
21/09/2030 20:00,2030092120,Saturday,Market Close
21/09/2030 21:00,2030092121,Saturday,Market Close
21/09/2030 22:00,2030092122,Saturday,Market Close
21/09/2030 23:00,2030092123,Saturday,Market Close
22/09/2030 0:00,2030092200,Sunday,Market Close
22/09/2030 1:00,2030092201,Sunday,Market Close
22/09/2030 2:00,2030092202,Sunday,Market Close
22/09/2030 3:00,2030092203,Sunday,Market Close
22/09/2030 4:00,2030092204,Sunday,Market Close
22/09/2030 5:00,2030092205,Sunday,Market Close
22/09/2030 6:00,2030092206,Sunday,Market Close
22/09/2030 7:00,2030092207,Sunday,Market Close
22/09/2030 8:00,2030092208,Sunday,Market Close
22/09/2030 9:00,2030092209,Sunday,Market Close
22/09/2030 10:00,2030092210,Sunday,Market Close
22/09/2030 11:00,2030092211,Sunday,Market Close
22/09/2030 12:00,2030092212,Sunday,Market Close
22/09/2030 13:00,2030092213,Sunday,Market Close
22/09/2030 14:00,2030092214,Sunday,Market Close
22/09/2030 15:00,2030092215,Sunday,Market Close
22/09/2030 16:00,2030092216,Sunday,Market Close
22/09/2030 17:00,2030092217,Sunday,Market Close
22/09/2030 18:00,2030092218,Sunday,Market Close
22/09/2030 19:00,2030092219,Sunday,Market Close
22/09/2030 20:00,2030092220,Sunday,Market Close
27/09/2030 21:00,2030092721,Friday,Market Close
27/09/2030 22:00,2030092722,Friday,Market Close
27/09/2030 23:00,2030092723,Friday,Market Close
28/09/2030 0:00,2030092800,Saturday,Market Close
28/09/2030 1:00,2030092801,Saturday,Market Close
28/09/2030 2:00,2030092802,Saturday,Market Close
28/09/2030 3:00,2030092803,Saturday,Market Close
28/09/2030 4:00,2030092804,Saturday,Market Close
28/09/2030 5:00,2030092805,Saturday,Market Close
28/09/2030 6:00,2030092806,Saturday,Market Close
28/09/2030 7:00,2030092807,Saturday,Market Close
28/09/2030 8:00,2030092808,Saturday,Market Close
28/09/2030 9:00,2030092809,Saturday,Market Close
28/09/2030 10:00,2030092810,Saturday,Market Close
28/09/2030 11:00,2030092811,Saturday,Market Close
28/09/2030 12:00,2030092812,Saturday,Market Close
28/09/2030 13:00,2030092813,Saturday,Market Close
28/09/2030 14:00,2030092814,Saturday,Market Close
28/09/2030 15:00,2030092815,Saturday,Market Close
28/09/2030 16:00,2030092816,Saturday,Market Close
28/09/2030 17:00,2030092817,Saturday,Market Close
28/09/2030 18:00,2030092818,Saturday,Market Close
28/09/2030 19:00,2030092819,Saturday,Market Close
28/09/2030 20:00,2030092820,Saturday,Market Close
28/09/2030 21:00,2030092821,Saturday,Market Close
28/09/2030 22:00,2030092822,Saturday,Market Close
28/09/2030 23:00,2030092823,Saturday,Market Close
29/09/2030 0:00,2030092900,Sunday,Market Close
29/09/2030 1:00,2030092901,Sunday,Market Close
29/09/2030 2:00,2030092902,Sunday,Market Close
29/09/2030 3:00,2030092903,Sunday,Market Close
29/09/2030 4:00,2030092904,Sunday,Market Close
29/09/2030 5:00,2030092905,Sunday,Market Close
29/09/2030 6:00,2030092906,Sunday,Market Close
29/09/2030 7:00,2030092907,Sunday,Market Close
29/09/2030 8:00,2030092908,Sunday,Market Close
29/09/2030 9:00,2030092909,Sunday,Market Close
29/09/2030 10:00,2030092910,Sunday,Market Close
29/09/2030 11:00,2030092911,Sunday,Market Close
29/09/2030 12:00,2030092912,Sunday,Market Close
29/09/2030 13:00,2030092913,Sunday,Market Close
29/09/2030 14:00,2030092914,Sunday,Market Close
29/09/2030 15:00,2030092915,Sunday,Market Close
29/09/2030 16:00,2030092916,Sunday,Market Close
29/09/2030 17:00,2030092917,Sunday,Market Close
29/09/2030 18:00,2030092918,Sunday,Market Close
29/09/2030 19:00,2030092919,Sunday,Market Close
29/09/2030 20:00,2030092920,Sunday,Market Close
4/10/2030 21:00,2030100421,Friday,Market Close
4/10/2030 22:00,2030100422,Friday,Market Close
4/10/2030 23:00,2030100423,Friday,Market Close
5/10/2030 0:00,2030100500,Saturday,Market Close
5/10/2030 1:00,2030100501,Saturday,Market Close
5/10/2030 2:00,2030100502,Saturday,Market Close
5/10/2030 3:00,2030100503,Saturday,Market Close
5/10/2030 4:00,2030100504,Saturday,Market Close
5/10/2030 5:00,2030100505,Saturday,Market Close
5/10/2030 6:00,2030100506,Saturday,Market Close
5/10/2030 7:00,2030100507,Saturday,Market Close
5/10/2030 8:00,2030100508,Saturday,Market Close
5/10/2030 9:00,2030100509,Saturday,Market Close
5/10/2030 10:00,2030100510,Saturday,Market Close
5/10/2030 11:00,2030100511,Saturday,Market Close
5/10/2030 12:00,2030100512,Saturday,Market Close
5/10/2030 13:00,2030100513,Saturday,Market Close
5/10/2030 14:00,2030100514,Saturday,Market Close
5/10/2030 15:00,2030100515,Saturday,Market Close
5/10/2030 16:00,2030100516,Saturday,Market Close
5/10/2030 17:00,2030100517,Saturday,Market Close
5/10/2030 18:00,2030100518,Saturday,Market Close
5/10/2030 19:00,2030100519,Saturday,Market Close
5/10/2030 20:00,2030100520,Saturday,Market Close
5/10/2030 21:00,2030100521,Saturday,Market Close
5/10/2030 22:00,2030100522,Saturday,Market Close
5/10/2030 23:00,2030100523,Saturday,Market Close
6/10/2030 0:00,2030100600,Sunday,Market Close
6/10/2030 1:00,2030100601,Sunday,Market Close
6/10/2030 2:00,2030100602,Sunday,Market Close
6/10/2030 3:00,2030100603,Sunday,Market Close
6/10/2030 4:00,2030100604,Sunday,Market Close
6/10/2030 5:00,2030100605,Sunday,Market Close
6/10/2030 6:00,2030100606,Sunday,Market Close
6/10/2030 7:00,2030100607,Sunday,Market Close
6/10/2030 8:00,2030100608,Sunday,Market Close
6/10/2030 9:00,2030100609,Sunday,Market Close
6/10/2030 10:00,2030100610,Sunday,Market Close
6/10/2030 11:00,2030100611,Sunday,Market Close
6/10/2030 12:00,2030100612,Sunday,Market Close
6/10/2030 13:00,2030100613,Sunday,Market Close
6/10/2030 14:00,2030100614,Sunday,Market Close
6/10/2030 15:00,2030100615,Sunday,Market Close
6/10/2030 16:00,2030100616,Sunday,Market Close
6/10/2030 17:00,2030100617,Sunday,Market Close
6/10/2030 18:00,2030100618,Sunday,Market Close
6/10/2030 19:00,2030100619,Sunday,Market Close
6/10/2030 20:00,2030100620,Sunday,Market Close
11/10/2030 21:00,2030101121,Friday,Market Close
11/10/2030 22:00,2030101122,Friday,Market Close
11/10/2030 23:00,2030101123,Friday,Market Close
12/10/2030 0:00,2030101200,Saturday,Market Close
12/10/2030 1:00,2030101201,Saturday,Market Close
12/10/2030 2:00,2030101202,Saturday,Market Close
12/10/2030 3:00,2030101203,Saturday,Market Close
12/10/2030 4:00,2030101204,Saturday,Market Close
12/10/2030 5:00,2030101205,Saturday,Market Close
12/10/2030 6:00,2030101206,Saturday,Market Close
12/10/2030 7:00,2030101207,Saturday,Market Close
12/10/2030 8:00,2030101208,Saturday,Market Close
12/10/2030 9:00,2030101209,Saturday,Market Close
12/10/2030 10:00,2030101210,Saturday,Market Close
12/10/2030 11:00,2030101211,Saturday,Market Close
12/10/2030 12:00,2030101212,Saturday,Market Close
12/10/2030 13:00,2030101213,Saturday,Market Close
12/10/2030 14:00,2030101214,Saturday,Market Close
12/10/2030 15:00,2030101215,Saturday,Market Close
12/10/2030 16:00,2030101216,Saturday,Market Close
12/10/2030 17:00,2030101217,Saturday,Market Close
12/10/2030 18:00,2030101218,Saturday,Market Close
12/10/2030 19:00,2030101219,Saturday,Market Close
12/10/2030 20:00,2030101220,Saturday,Market Close
12/10/2030 21:00,2030101221,Saturday,Market Close
12/10/2030 22:00,2030101222,Saturday,Market Close
12/10/2030 23:00,2030101223,Saturday,Market Close
13/10/2030 0:00,2030101300,Sunday,Market Close
13/10/2030 1:00,2030101301,Sunday,Market Close
13/10/2030 2:00,2030101302,Sunday,Market Close
13/10/2030 3:00,2030101303,Sunday,Market Close
13/10/2030 4:00,2030101304,Sunday,Market Close
13/10/2030 5:00,2030101305,Sunday,Market Close
13/10/2030 6:00,2030101306,Sunday,Market Close
13/10/2030 7:00,2030101307,Sunday,Market Close
13/10/2030 8:00,2030101308,Sunday,Market Close
13/10/2030 9:00,2030101309,Sunday,Market Close
13/10/2030 10:00,2030101310,Sunday,Market Close
13/10/2030 11:00,2030101311,Sunday,Market Close
13/10/2030 12:00,2030101312,Sunday,Market Close
13/10/2030 13:00,2030101313,Sunday,Market Close
13/10/2030 14:00,2030101314,Sunday,Market Close
13/10/2030 15:00,2030101315,Sunday,Market Close
13/10/2030 16:00,2030101316,Sunday,Market Close
13/10/2030 17:00,2030101317,Sunday,Market Close
13/10/2030 18:00,2030101318,Sunday,Market Close
13/10/2030 19:00,2030101319,Sunday,Market Close
13/10/2030 20:00,2030101320,Sunday,Market Close
18/10/2030 21:00,2030101821,Friday,Market Close
18/10/2030 22:00,2030101822,Friday,Market Close
18/10/2030 23:00,2030101823,Friday,Market Close
19/10/2030 0:00,2030101900,Saturday,Market Close
19/10/2030 1:00,2030101901,Saturday,Market Close
19/10/2030 2:00,2030101902,Saturday,Market Close
19/10/2030 3:00,2030101903,Saturday,Market Close
19/10/2030 4:00,2030101904,Saturday,Market Close
19/10/2030 5:00,2030101905,Saturday,Market Close
19/10/2030 6:00,2030101906,Saturday,Market Close
19/10/2030 7:00,2030101907,Saturday,Market Close
19/10/2030 8:00,2030101908,Saturday,Market Close
19/10/2030 9:00,2030101909,Saturday,Market Close
19/10/2030 10:00,2030101910,Saturday,Market Close
19/10/2030 11:00,2030101911,Saturday,Market Close
19/10/2030 12:00,2030101912,Saturday,Market Close
19/10/2030 13:00,2030101913,Saturday,Market Close
19/10/2030 14:00,2030101914,Saturday,Market Close
19/10/2030 15:00,2030101915,Saturday,Market Close
19/10/2030 16:00,2030101916,Saturday,Market Close
19/10/2030 17:00,2030101917,Saturday,Market Close
19/10/2030 18:00,2030101918,Saturday,Market Close
19/10/2030 19:00,2030101919,Saturday,Market Close
19/10/2030 20:00,2030101920,Saturday,Market Close
19/10/2030 21:00,2030101921,Saturday,Market Close
19/10/2030 22:00,2030101922,Saturday,Market Close
19/10/2030 23:00,2030101923,Saturday,Market Close
20/10/2030 0:00,2030102000,Sunday,Market Close
20/10/2030 1:00,2030102001,Sunday,Market Close
20/10/2030 2:00,2030102002,Sunday,Market Close
20/10/2030 3:00,2030102003,Sunday,Market Close
20/10/2030 4:00,2030102004,Sunday,Market Close
20/10/2030 5:00,2030102005,Sunday,Market Close
20/10/2030 6:00,2030102006,Sunday,Market Close
20/10/2030 7:00,2030102007,Sunday,Market Close
20/10/2030 8:00,2030102008,Sunday,Market Close
20/10/2030 9:00,2030102009,Sunday,Market Close
20/10/2030 10:00,2030102010,Sunday,Market Close
20/10/2030 11:00,2030102011,Sunday,Market Close
20/10/2030 12:00,2030102012,Sunday,Market Close
20/10/2030 13:00,2030102013,Sunday,Market Close
20/10/2030 14:00,2030102014,Sunday,Market Close
20/10/2030 15:00,2030102015,Sunday,Market Close
20/10/2030 16:00,2030102016,Sunday,Market Close
20/10/2030 17:00,2030102017,Sunday,Market Close
20/10/2030 18:00,2030102018,Sunday,Market Close
20/10/2030 19:00,2030102019,Sunday,Market Close
20/10/2030 20:00,2030102020,Sunday,Market Close
25/10/2030 21:00,2030102521,Friday,Market Close
25/10/2030 22:00,2030102522,Friday,Market Close
25/10/2030 23:00,2030102523,Friday,Market Close
26/10/2030 0:00,2030102600,Saturday,Market Close
26/10/2030 1:00,2030102601,Saturday,Market Close
26/10/2030 2:00,2030102602,Saturday,Market Close
26/10/2030 3:00,2030102603,Saturday,Market Close
26/10/2030 4:00,2030102604,Saturday,Market Close
26/10/2030 5:00,2030102605,Saturday,Market Close
26/10/2030 6:00,2030102606,Saturday,Market Close
26/10/2030 7:00,2030102607,Saturday,Market Close
26/10/2030 8:00,2030102608,Saturday,Market Close
26/10/2030 9:00,2030102609,Saturday,Market Close
26/10/2030 10:00,2030102610,Saturday,Market Close
26/10/2030 11:00,2030102611,Saturday,Market Close
26/10/2030 12:00,2030102612,Saturday,Market Close
26/10/2030 13:00,2030102613,Saturday,Market Close
26/10/2030 14:00,2030102614,Saturday,Market Close
26/10/2030 15:00,2030102615,Saturday,Market Close
26/10/2030 16:00,2030102616,Saturday,Market Close
26/10/2030 17:00,2030102617,Saturday,Market Close
26/10/2030 18:00,2030102618,Saturday,Market Close
26/10/2030 19:00,2030102619,Saturday,Market Close
26/10/2030 20:00,2030102620,Saturday,Market Close
26/10/2030 21:00,2030102621,Saturday,Market Close
26/10/2030 22:00,2030102622,Saturday,Market Close
26/10/2030 23:00,2030102623,Saturday,Market Close
27/10/2030 0:00,2030102700,Sunday,Market Close
27/10/2030 1:00,2030102701,Sunday,Market Close
27/10/2030 2:00,2030102702,Sunday,Market Close
27/10/2030 3:00,2030102703,Sunday,Market Close
27/10/2030 4:00,2030102704,Sunday,Market Close
27/10/2030 5:00,2030102705,Sunday,Market Close
27/10/2030 6:00,2030102706,Sunday,Market Close
27/10/2030 7:00,2030102707,Sunday,Market Close
27/10/2030 8:00,2030102708,Sunday,Market Close
27/10/2030 9:00,2030102709,Sunday,Market Close
27/10/2030 10:00,2030102710,Sunday,Market Close
27/10/2030 11:00,2030102711,Sunday,Market Close
27/10/2030 12:00,2030102712,Sunday,Market Close
27/10/2030 13:00,2030102713,Sunday,Market Close
27/10/2030 14:00,2030102714,Sunday,Market Close
27/10/2030 15:00,2030102715,Sunday,Market Close
27/10/2030 16:00,2030102716,Sunday,Market Close
27/10/2030 17:00,2030102717,Sunday,Market Close
27/10/2030 18:00,2030102718,Sunday,Market Close
27/10/2030 19:00,2030102719,Sunday,Market Close
27/10/2030 20:00,2030102720,Sunday,Market Close
1/11/2030 21:00,2030110121,Friday,Market Close
1/11/2030 22:00,2030110122,Friday,Market Close
1/11/2030 23:00,2030110123,Friday,Market Close
2/11/2030 0:00,2030110200,Saturday,Market Close
2/11/2030 1:00,2030110201,Saturday,Market Close
2/11/2030 2:00,2030110202,Saturday,Market Close
2/11/2030 3:00,2030110203,Saturday,Market Close
2/11/2030 4:00,2030110204,Saturday,Market Close
2/11/2030 5:00,2030110205,Saturday,Market Close
2/11/2030 6:00,2030110206,Saturday,Market Close
2/11/2030 7:00,2030110207,Saturday,Market Close
2/11/2030 8:00,2030110208,Saturday,Market Close
2/11/2030 9:00,2030110209,Saturday,Market Close
2/11/2030 10:00,2030110210,Saturday,Market Close
2/11/2030 11:00,2030110211,Saturday,Market Close
2/11/2030 12:00,2030110212,Saturday,Market Close
2/11/2030 13:00,2030110213,Saturday,Market Close
2/11/2030 14:00,2030110214,Saturday,Market Close
2/11/2030 15:00,2030110215,Saturday,Market Close
2/11/2030 16:00,2030110216,Saturday,Market Close
2/11/2030 17:00,2030110217,Saturday,Market Close
2/11/2030 18:00,2030110218,Saturday,Market Close
2/11/2030 19:00,2030110219,Saturday,Market Close
2/11/2030 20:00,2030110220,Saturday,Market Close
2/11/2030 21:00,2030110221,Saturday,Market Close
2/11/2030 22:00,2030110222,Saturday,Market Close
2/11/2030 23:00,2030110223,Saturday,Market Close
3/11/2030 0:00,2030110300,Sunday,Market Close
3/11/2030 1:00,2030110301,Sunday,Market Close
3/11/2030 2:00,2030110302,Sunday,Market Close
3/11/2030 3:00,2030110303,Sunday,Market Close
3/11/2030 4:00,2030110304,Sunday,Market Close
3/11/2030 5:00,2030110305,Sunday,Market Close
3/11/2030 6:00,2030110306,Sunday,Market Close
3/11/2030 7:00,2030110307,Sunday,Market Close
3/11/2030 8:00,2030110308,Sunday,Market Close
3/11/2030 9:00,2030110309,Sunday,Market Close
3/11/2030 10:00,2030110310,Sunday,Market Close
3/11/2030 11:00,2030110311,Sunday,Market Close
3/11/2030 12:00,2030110312,Sunday,Market Close
3/11/2030 13:00,2030110313,Sunday,Market Close
3/11/2030 14:00,2030110314,Sunday,Market Close
3/11/2030 15:00,2030110315,Sunday,Market Close
3/11/2030 16:00,2030110316,Sunday,Market Close
3/11/2030 17:00,2030110317,Sunday,Market Close
3/11/2030 18:00,2030110318,Sunday,Market Close
3/11/2030 19:00,2030110319,Sunday,Market Close
3/11/2030 20:00,2030110320,Sunday,Market Close
3/11/2030 21:00,2030110321,Sunday,Market Close
8/11/2030 22:00,2030110822,Friday,Market Close
8/11/2030 23:00,2030110823,Friday,Market Close
9/11/2030 0:00,2030110900,Saturday,Market Close
9/11/2030 1:00,2030110901,Saturday,Market Close
9/11/2030 2:00,2030110902,Saturday,Market Close
9/11/2030 3:00,2030110903,Saturday,Market Close
9/11/2030 4:00,2030110904,Saturday,Market Close
9/11/2030 5:00,2030110905,Saturday,Market Close
9/11/2030 6:00,2030110906,Saturday,Market Close
9/11/2030 7:00,2030110907,Saturday,Market Close
9/11/2030 8:00,2030110908,Saturday,Market Close
9/11/2030 9:00,2030110909,Saturday,Market Close
9/11/2030 10:00,2030110910,Saturday,Market Close
9/11/2030 11:00,2030110911,Saturday,Market Close
9/11/2030 12:00,2030110912,Saturday,Market Close
9/11/2030 13:00,2030110913,Saturday,Market Close
9/11/2030 14:00,2030110914,Saturday,Market Close
9/11/2030 15:00,2030110915,Saturday,Market Close
9/11/2030 16:00,2030110916,Saturday,Market Close
9/11/2030 17:00,2030110917,Saturday,Market Close
9/11/2030 18:00,2030110918,Saturday,Market Close
9/11/2030 19:00,2030110919,Saturday,Market Close
9/11/2030 20:00,2030110920,Saturday,Market Close
9/11/2030 21:00,2030110921,Saturday,Market Close
9/11/2030 22:00,2030110922,Saturday,Market Close
9/11/2030 23:00,2030110923,Saturday,Market Close
10/11/2030 0:00,2030111000,Sunday,Market Close
10/11/2030 1:00,2030111001,Sunday,Market Close
10/11/2030 2:00,2030111002,Sunday,Market Close
10/11/2030 3:00,2030111003,Sunday,Market Close
10/11/2030 4:00,2030111004,Sunday,Market Close
10/11/2030 5:00,2030111005,Sunday,Market Close
10/11/2030 6:00,2030111006,Sunday,Market Close
10/11/2030 7:00,2030111007,Sunday,Market Close
10/11/2030 8:00,2030111008,Sunday,Market Close
10/11/2030 9:00,2030111009,Sunday,Market Close
10/11/2030 10:00,2030111010,Sunday,Market Close
10/11/2030 11:00,2030111011,Sunday,Market Close
10/11/2030 12:00,2030111012,Sunday,Market Close
10/11/2030 13:00,2030111013,Sunday,Market Close
10/11/2030 14:00,2030111014,Sunday,Market Close
10/11/2030 15:00,2030111015,Sunday,Market Close
10/11/2030 16:00,2030111016,Sunday,Market Close
10/11/2030 17:00,2030111017,Sunday,Market Close
10/11/2030 18:00,2030111018,Sunday,Market Close
10/11/2030 19:00,2030111019,Sunday,Market Close
10/11/2030 20:00,2030111020,Sunday,Market Close
10/11/2030 21:00,2030111021,Sunday,Market Close
15/11/2030 22:00,2030111522,Friday,Market Close
15/11/2030 23:00,2030111523,Friday,Market Close
16/11/2030 0:00,2030111600,Saturday,Market Close
16/11/2030 1:00,2030111601,Saturday,Market Close
16/11/2030 2:00,2030111602,Saturday,Market Close
16/11/2030 3:00,2030111603,Saturday,Market Close
16/11/2030 4:00,2030111604,Saturday,Market Close
16/11/2030 5:00,2030111605,Saturday,Market Close
16/11/2030 6:00,2030111606,Saturday,Market Close
16/11/2030 7:00,2030111607,Saturday,Market Close
16/11/2030 8:00,2030111608,Saturday,Market Close
16/11/2030 9:00,2030111609,Saturday,Market Close
16/11/2030 10:00,2030111610,Saturday,Market Close
16/11/2030 11:00,2030111611,Saturday,Market Close
16/11/2030 12:00,2030111612,Saturday,Market Close
16/11/2030 13:00,2030111613,Saturday,Market Close
16/11/2030 14:00,2030111614,Saturday,Market Close
16/11/2030 15:00,2030111615,Saturday,Market Close
16/11/2030 16:00,2030111616,Saturday,Market Close
16/11/2030 17:00,2030111617,Saturday,Market Close
16/11/2030 18:00,2030111618,Saturday,Market Close
16/11/2030 19:00,2030111619,Saturday,Market Close
16/11/2030 20:00,2030111620,Saturday,Market Close
16/11/2030 21:00,2030111621,Saturday,Market Close
16/11/2030 22:00,2030111622,Saturday,Market Close
16/11/2030 23:00,2030111623,Saturday,Market Close
17/11/2030 0:00,2030111700,Sunday,Market Close
17/11/2030 1:00,2030111701,Sunday,Market Close
17/11/2030 2:00,2030111702,Sunday,Market Close
17/11/2030 3:00,2030111703,Sunday,Market Close
17/11/2030 4:00,2030111704,Sunday,Market Close
17/11/2030 5:00,2030111705,Sunday,Market Close
17/11/2030 6:00,2030111706,Sunday,Market Close
17/11/2030 7:00,2030111707,Sunday,Market Close
17/11/2030 8:00,2030111708,Sunday,Market Close
17/11/2030 9:00,2030111709,Sunday,Market Close
17/11/2030 10:00,2030111710,Sunday,Market Close
17/11/2030 11:00,2030111711,Sunday,Market Close
17/11/2030 12:00,2030111712,Sunday,Market Close
17/11/2030 13:00,2030111713,Sunday,Market Close
17/11/2030 14:00,2030111714,Sunday,Market Close
17/11/2030 15:00,2030111715,Sunday,Market Close
17/11/2030 16:00,2030111716,Sunday,Market Close
17/11/2030 17:00,2030111717,Sunday,Market Close
17/11/2030 18:00,2030111718,Sunday,Market Close
17/11/2030 19:00,2030111719,Sunday,Market Close
17/11/2030 20:00,2030111720,Sunday,Market Close
17/11/2030 21:00,2030111721,Sunday,Market Close
22/11/2030 22:00,2030112222,Friday,Market Close
22/11/2030 23:00,2030112223,Friday,Market Close
23/11/2030 0:00,2030112300,Saturday,Market Close
23/11/2030 1:00,2030112301,Saturday,Market Close
23/11/2030 2:00,2030112302,Saturday,Market Close
23/11/2030 3:00,2030112303,Saturday,Market Close
23/11/2030 4:00,2030112304,Saturday,Market Close
23/11/2030 5:00,2030112305,Saturday,Market Close
23/11/2030 6:00,2030112306,Saturday,Market Close
23/11/2030 7:00,2030112307,Saturday,Market Close
23/11/2030 8:00,2030112308,Saturday,Market Close
23/11/2030 9:00,2030112309,Saturday,Market Close
23/11/2030 10:00,2030112310,Saturday,Market Close
23/11/2030 11:00,2030112311,Saturday,Market Close
23/11/2030 12:00,2030112312,Saturday,Market Close
23/11/2030 13:00,2030112313,Saturday,Market Close
23/11/2030 14:00,2030112314,Saturday,Market Close
23/11/2030 15:00,2030112315,Saturday,Market Close
23/11/2030 16:00,2030112316,Saturday,Market Close
23/11/2030 17:00,2030112317,Saturday,Market Close
23/11/2030 18:00,2030112318,Saturday,Market Close
23/11/2030 19:00,2030112319,Saturday,Market Close
23/11/2030 20:00,2030112320,Saturday,Market Close
23/11/2030 21:00,2030112321,Saturday,Market Close
23/11/2030 22:00,2030112322,Saturday,Market Close
23/11/2030 23:00,2030112323,Saturday,Market Close
24/11/2030 0:00,2030112400,Sunday,Market Close
24/11/2030 1:00,2030112401,Sunday,Market Close
24/11/2030 2:00,2030112402,Sunday,Market Close
24/11/2030 3:00,2030112403,Sunday,Market Close
24/11/2030 4:00,2030112404,Sunday,Market Close
24/11/2030 5:00,2030112405,Sunday,Market Close
24/11/2030 6:00,2030112406,Sunday,Market Close
24/11/2030 7:00,2030112407,Sunday,Market Close
24/11/2030 8:00,2030112408,Sunday,Market Close
24/11/2030 9:00,2030112409,Sunday,Market Close
24/11/2030 10:00,2030112410,Sunday,Market Close
24/11/2030 11:00,2030112411,Sunday,Market Close
24/11/2030 12:00,2030112412,Sunday,Market Close
24/11/2030 13:00,2030112413,Sunday,Market Close
24/11/2030 14:00,2030112414,Sunday,Market Close
24/11/2030 15:00,2030112415,Sunday,Market Close
24/11/2030 16:00,2030112416,Sunday,Market Close
24/11/2030 17:00,2030112417,Sunday,Market Close
24/11/2030 18:00,2030112418,Sunday,Market Close
24/11/2030 19:00,2030112419,Sunday,Market Close
24/11/2030 20:00,2030112420,Sunday,Market Close
24/11/2030 21:00,2030112421,Sunday,Market Close
29/11/2030 22:00,2030112922,Friday,Market Close
29/11/2030 23:00,2030112923,Friday,Market Close
30/11/2030 0:00,2030113000,Saturday,Market Close
30/11/2030 1:00,2030113001,Saturday,Market Close
30/11/2030 2:00,2030113002,Saturday,Market Close
30/11/2030 3:00,2030113003,Saturday,Market Close
30/11/2030 4:00,2030113004,Saturday,Market Close
30/11/2030 5:00,2030113005,Saturday,Market Close
30/11/2030 6:00,2030113006,Saturday,Market Close
30/11/2030 7:00,2030113007,Saturday,Market Close
30/11/2030 8:00,2030113008,Saturday,Market Close
30/11/2030 9:00,2030113009,Saturday,Market Close
30/11/2030 10:00,2030113010,Saturday,Market Close
30/11/2030 11:00,2030113011,Saturday,Market Close
30/11/2030 12:00,2030113012,Saturday,Market Close
30/11/2030 13:00,2030113013,Saturday,Market Close
30/11/2030 14:00,2030113014,Saturday,Market Close
30/11/2030 15:00,2030113015,Saturday,Market Close
30/11/2030 16:00,2030113016,Saturday,Market Close
30/11/2030 17:00,2030113017,Saturday,Market Close
30/11/2030 18:00,2030113018,Saturday,Market Close
30/11/2030 19:00,2030113019,Saturday,Market Close
30/11/2030 20:00,2030113020,Saturday,Market Close
30/11/2030 21:00,2030113021,Saturday,Market Close
30/11/2030 22:00,2030113022,Saturday,Market Close
30/11/2030 23:00,2030113023,Saturday,Market Close
1/12/2030 0:00,2030120100,Sunday,Market Close
1/12/2030 1:00,2030120101,Sunday,Market Close
1/12/2030 2:00,2030120102,Sunday,Market Close
1/12/2030 3:00,2030120103,Sunday,Market Close
1/12/2030 4:00,2030120104,Sunday,Market Close
1/12/2030 5:00,2030120105,Sunday,Market Close
1/12/2030 6:00,2030120106,Sunday,Market Close
1/12/2030 7:00,2030120107,Sunday,Market Close
1/12/2030 8:00,2030120108,Sunday,Market Close
1/12/2030 9:00,2030120109,Sunday,Market Close
1/12/2030 10:00,2030120110,Sunday,Market Close
1/12/2030 11:00,2030120111,Sunday,Market Close
1/12/2030 12:00,2030120112,Sunday,Market Close
1/12/2030 13:00,2030120113,Sunday,Market Close
1/12/2030 14:00,2030120114,Sunday,Market Close
1/12/2030 15:00,2030120115,Sunday,Market Close
1/12/2030 16:00,2030120116,Sunday,Market Close
1/12/2030 17:00,2030120117,Sunday,Market Close
1/12/2030 18:00,2030120118,Sunday,Market Close
1/12/2030 19:00,2030120119,Sunday,Market Close
1/12/2030 20:00,2030120120,Sunday,Market Close
1/12/2030 21:00,2030120121,Sunday,Market Close
6/12/2030 22:00,2030120622,Friday,Market Close
6/12/2030 23:00,2030120623,Friday,Market Close
7/12/2030 0:00,2030120700,Saturday,Market Close
7/12/2030 1:00,2030120701,Saturday,Market Close
7/12/2030 2:00,2030120702,Saturday,Market Close
7/12/2030 3:00,2030120703,Saturday,Market Close
7/12/2030 4:00,2030120704,Saturday,Market Close
7/12/2030 5:00,2030120705,Saturday,Market Close
7/12/2030 6:00,2030120706,Saturday,Market Close
7/12/2030 7:00,2030120707,Saturday,Market Close
7/12/2030 8:00,2030120708,Saturday,Market Close
7/12/2030 9:00,2030120709,Saturday,Market Close
7/12/2030 10:00,2030120710,Saturday,Market Close
7/12/2030 11:00,2030120711,Saturday,Market Close
7/12/2030 12:00,2030120712,Saturday,Market Close
7/12/2030 13:00,2030120713,Saturday,Market Close
7/12/2030 14:00,2030120714,Saturday,Market Close
7/12/2030 15:00,2030120715,Saturday,Market Close
7/12/2030 16:00,2030120716,Saturday,Market Close
7/12/2030 17:00,2030120717,Saturday,Market Close
7/12/2030 18:00,2030120718,Saturday,Market Close
7/12/2030 19:00,2030120719,Saturday,Market Close
7/12/2030 20:00,2030120720,Saturday,Market Close
7/12/2030 21:00,2030120721,Saturday,Market Close
7/12/2030 22:00,2030120722,Saturday,Market Close
7/12/2030 23:00,2030120723,Saturday,Market Close
8/12/2030 0:00,2030120800,Sunday,Market Close
8/12/2030 1:00,2030120801,Sunday,Market Close
8/12/2030 2:00,2030120802,Sunday,Market Close
8/12/2030 3:00,2030120803,Sunday,Market Close
8/12/2030 4:00,2030120804,Sunday,Market Close
8/12/2030 5:00,2030120805,Sunday,Market Close
8/12/2030 6:00,2030120806,Sunday,Market Close
8/12/2030 7:00,2030120807,Sunday,Market Close
8/12/2030 8:00,2030120808,Sunday,Market Close
8/12/2030 9:00,2030120809,Sunday,Market Close
8/12/2030 10:00,2030120810,Sunday,Market Close
8/12/2030 11:00,2030120811,Sunday,Market Close
8/12/2030 12:00,2030120812,Sunday,Market Close
8/12/2030 13:00,2030120813,Sunday,Market Close
8/12/2030 14:00,2030120814,Sunday,Market Close
8/12/2030 15:00,2030120815,Sunday,Market Close
8/12/2030 16:00,2030120816,Sunday,Market Close
8/12/2030 17:00,2030120817,Sunday,Market Close
8/12/2030 18:00,2030120818,Sunday,Market Close
8/12/2030 19:00,2030120819,Sunday,Market Close
8/12/2030 20:00,2030120820,Sunday,Market Close
8/12/2030 21:00,2030120821,Sunday,Market Close
13/12/2030 22:00,2030121322,Friday,Market Close
13/12/2030 23:00,2030121323,Friday,Market Close
14/12/2030 0:00,2030121400,Saturday,Market Close
14/12/2030 1:00,2030121401,Saturday,Market Close
14/12/2030 2:00,2030121402,Saturday,Market Close
14/12/2030 3:00,2030121403,Saturday,Market Close
14/12/2030 4:00,2030121404,Saturday,Market Close
14/12/2030 5:00,2030121405,Saturday,Market Close
14/12/2030 6:00,2030121406,Saturday,Market Close
14/12/2030 7:00,2030121407,Saturday,Market Close
14/12/2030 8:00,2030121408,Saturday,Market Close
14/12/2030 9:00,2030121409,Saturday,Market Close
14/12/2030 10:00,2030121410,Saturday,Market Close
14/12/2030 11:00,2030121411,Saturday,Market Close
14/12/2030 12:00,2030121412,Saturday,Market Close
14/12/2030 13:00,2030121413,Saturday,Market Close
14/12/2030 14:00,2030121414,Saturday,Market Close
14/12/2030 15:00,2030121415,Saturday,Market Close
14/12/2030 16:00,2030121416,Saturday,Market Close
14/12/2030 17:00,2030121417,Saturday,Market Close
14/12/2030 18:00,2030121418,Saturday,Market Close
14/12/2030 19:00,2030121419,Saturday,Market Close
14/12/2030 20:00,2030121420,Saturday,Market Close
14/12/2030 21:00,2030121421,Saturday,Market Close
14/12/2030 22:00,2030121422,Saturday,Market Close
14/12/2030 23:00,2030121423,Saturday,Market Close
15/12/2030 0:00,2030121500,Sunday,Market Close
15/12/2030 1:00,2030121501,Sunday,Market Close
15/12/2030 2:00,2030121502,Sunday,Market Close
15/12/2030 3:00,2030121503,Sunday,Market Close
15/12/2030 4:00,2030121504,Sunday,Market Close
15/12/2030 5:00,2030121505,Sunday,Market Close
15/12/2030 6:00,2030121506,Sunday,Market Close
15/12/2030 7:00,2030121507,Sunday,Market Close
15/12/2030 8:00,2030121508,Sunday,Market Close
15/12/2030 9:00,2030121509,Sunday,Market Close
15/12/2030 10:00,2030121510,Sunday,Market Close
15/12/2030 11:00,2030121511,Sunday,Market Close
15/12/2030 12:00,2030121512,Sunday,Market Close
15/12/2030 13:00,2030121513,Sunday,Market Close
15/12/2030 14:00,2030121514,Sunday,Market Close
15/12/2030 15:00,2030121515,Sunday,Market Close
15/12/2030 16:00,2030121516,Sunday,Market Close
15/12/2030 17:00,2030121517,Sunday,Market Close
15/12/2030 18:00,2030121518,Sunday,Market Close
15/12/2030 19:00,2030121519,Sunday,Market Close
15/12/2030 20:00,2030121520,Sunday,Market Close
15/12/2030 21:00,2030121521,Sunday,Market Close
20/12/2030 22:00,2030122022,Friday,Market Close
20/12/2030 23:00,2030122023,Friday,Market Close
21/12/2030 0:00,2030122100,Saturday,Market Close
21/12/2030 1:00,2030122101,Saturday,Market Close
21/12/2030 2:00,2030122102,Saturday,Market Close
21/12/2030 3:00,2030122103,Saturday,Market Close
21/12/2030 4:00,2030122104,Saturday,Market Close
21/12/2030 5:00,2030122105,Saturday,Market Close
21/12/2030 6:00,2030122106,Saturday,Market Close
21/12/2030 7:00,2030122107,Saturday,Market Close
21/12/2030 8:00,2030122108,Saturday,Market Close
21/12/2030 9:00,2030122109,Saturday,Market Close
21/12/2030 10:00,2030122110,Saturday,Market Close
21/12/2030 11:00,2030122111,Saturday,Market Close
21/12/2030 12:00,2030122112,Saturday,Market Close
21/12/2030 13:00,2030122113,Saturday,Market Close
21/12/2030 14:00,2030122114,Saturday,Market Close
21/12/2030 15:00,2030122115,Saturday,Market Close
21/12/2030 16:00,2030122116,Saturday,Market Close
21/12/2030 17:00,2030122117,Saturday,Market Close
21/12/2030 18:00,2030122118,Saturday,Market Close
21/12/2030 19:00,2030122119,Saturday,Market Close
21/12/2030 20:00,2030122120,Saturday,Market Close
21/12/2030 21:00,2030122121,Saturday,Market Close
21/12/2030 22:00,2030122122,Saturday,Market Close
21/12/2030 23:00,2030122123,Saturday,Market Close
22/12/2030 0:00,2030122200,Sunday,Market Close
22/12/2030 1:00,2030122201,Sunday,Market Close
22/12/2030 2:00,2030122202,Sunday,Market Close
22/12/2030 3:00,2030122203,Sunday,Market Close
22/12/2030 4:00,2030122204,Sunday,Market Close
22/12/2030 5:00,2030122205,Sunday,Market Close
22/12/2030 6:00,2030122206,Sunday,Market Close
22/12/2030 7:00,2030122207,Sunday,Market Close
22/12/2030 8:00,2030122208,Sunday,Market Close
22/12/2030 9:00,2030122209,Sunday,Market Close
22/12/2030 10:00,2030122210,Sunday,Market Close
22/12/2030 11:00,2030122211,Sunday,Market Close
22/12/2030 12:00,2030122212,Sunday,Market Close
22/12/2030 13:00,2030122213,Sunday,Market Close
22/12/2030 14:00,2030122214,Sunday,Market Close
22/12/2030 15:00,2030122215,Sunday,Market Close
22/12/2030 16:00,2030122216,Sunday,Market Close
22/12/2030 17:00,2030122217,Sunday,Market Close
22/12/2030 18:00,2030122218,Sunday,Market Close
22/12/2030 19:00,2030122219,Sunday,Market Close
22/12/2030 20:00,2030122220,Sunday,Market Close
22/12/2030 21:00,2030122221,Sunday,Market Close
27/12/2030 22:00,2030122722,Friday,Market Close
27/12/2030 23:00,2030122723,Friday,Market Close
28/12/2030 0:00,2030122800,Saturday,Market Close
28/12/2030 1:00,2030122801,Saturday,Market Close
28/12/2030 2:00,2030122802,Saturday,Market Close
28/12/2030 3:00,2030122803,Saturday,Market Close
28/12/2030 4:00,2030122804,Saturday,Market Close
28/12/2030 5:00,2030122805,Saturday,Market Close
28/12/2030 6:00,2030122806,Saturday,Market Close
28/12/2030 7:00,2030122807,Saturday,Market Close
28/12/2030 8:00,2030122808,Saturday,Market Close
28/12/2030 9:00,2030122809,Saturday,Market Close
28/12/2030 10:00,2030122810,Saturday,Market Close
28/12/2030 11:00,2030122811,Saturday,Market Close
28/12/2030 12:00,2030122812,Saturday,Market Close
28/12/2030 13:00,2030122813,Saturday,Market Close
28/12/2030 14:00,2030122814,Saturday,Market Close
28/12/2030 15:00,2030122815,Saturday,Market Close
28/12/2030 16:00,2030122816,Saturday,Market Close
28/12/2030 17:00,2030122817,Saturday,Market Close
28/12/2030 18:00,2030122818,Saturday,Market Close
28/12/2030 19:00,2030122819,Saturday,Market Close
28/12/2030 20:00,2030122820,Saturday,Market Close
28/12/2030 21:00,2030122821,Saturday,Market Close
28/12/2030 22:00,2030122822,Saturday,Market Close
28/12/2030 23:00,2030122823,Saturday,Market Close
29/12/2030 0:00,2030122900,Sunday,Market Close
29/12/2030 1:00,2030122901,Sunday,Market Close
29/12/2030 2:00,2030122902,Sunday,Market Close
29/12/2030 3:00,2030122903,Sunday,Market Close
29/12/2030 4:00,2030122904,Sunday,Market Close
29/12/2030 5:00,2030122905,Sunday,Market Close
29/12/2030 6:00,2030122906,Sunday,Market Close
29/12/2030 7:00,2030122907,Sunday,Market Close
29/12/2030 8:00,2030122908,Sunday,Market Close
29/12/2030 9:00,2030122909,Sunday,Market Close
29/12/2030 10:00,2030122910,Sunday,Market Close
29/12/2030 11:00,2030122911,Sunday,Market Close
29/12/2030 12:00,2030122912,Sunday,Market Close
29/12/2030 13:00,2030122913,Sunday,Market Close
29/12/2030 14:00,2030122914,Sunday,Market Close
29/12/2030 15:00,2030122915,Sunday,Market Close
29/12/2030 16:00,2030122916,Sunday,Market Close
29/12/2030 17:00,2030122917,Sunday,Market Close
29/12/2030 18:00,2030122918,Sunday,Market Close
29/12/2030 19:00,2030122919,Sunday,Market Close
29/12/2030 20:00,2030122920,Sunday,Market Close
29/12/2030 21:00,2030122921,Sunday,Market Close
