Datetime,Open_EURUSD,High_EURUSD,Low_EURUSD,Close_EURUSD,Volume_EURUSD,FilledMethod,WasMissing,DataConsistencyFlag,y
2021-07-29 13:00:00,1.18848,1.1886,1.18763,1.18853,6764.0,,False,5m consistent,1
2021-07-29 15:00:00,1.18864,1.18918,1.18824,1.18864,4552.0,,False,5m consistent,1
2021-07-29 23:00:00,1.18916,1.18953,1.18905,1.1891,506.0,,False,5m consistent,0
2021-07-30 05:00:00,1.18791,1.18805,1.1876,1.18791,1304.0,,False,5m consistent,1
2021-07-30 08:00:00,1.1896,1.19093,1.18936,1.19074,3502.0,,False,5m consistent,0
2021-07-30 09:00:00,1.19077,1.19094,1.18966,1.18977,3944.0,,False,5m consistent,0
2021-07-30 10:00:00,1.18979,1.19039,1.18849,1.19018,5280.0,,False,5m consistent,0
2021-07-30 11:00:00,1.19017,1.19055,1.18829,1.18842,5625.0,,False,5m consistent,1
2021-07-30 13:00:00,1.18799,1.18872,1.18755,1.1879,7046.0,,False,5m consistent,0
2021-07-30 17:00:00,1.18598,1.18635,1.18562,1.1862,2657.0,,False,5m consistent,1
2021-08-02 00:00:00,1.18668,1.18721,1.18635,1.18698,1460.0,,False,5m consistent,0
2021-08-02 05:00:00,1.18712,1.18761,1.18669,1.18729,1196.0,,False,5m consistent,1
2021-08-02 09:00:00,1.18855,1.18965,1.1882,1.18961,3124.0,,False,5m consistent,0
2021-08-02 10:00:00,1.18963,1.18978,1.18874,1.18915,3041.0,,False,5m consistent,0
2021-08-02 11:00:00,1.18914,1.18937,1.18813,1.18906,3375.0,,False,5m consistent,0
2021-08-02 14:00:00,1.18815,1.189,1.18767,1.18792,8945.0,,False,5m consistent,0
2021-08-02 15:00:00,1.18793,1.18866,1.1873,1.18735,4894.0,,False,5m consistent,0
2021-08-02 18:00:00,1.1869,1.18746,1.18679,1.18745,1691.0,,False,5m consistent,1
2021-08-03 01:00:00,1.18728,1.1877,1.18688,1.18756,1594.0,,False,5m consistent,1
2021-08-03 04:00:00,1.18752,1.18832,1.1875,1.1881,2465.0,,False,5m consistent,0
2021-08-03 07:00:00,1.18736,1.18847,1.18733,1.1879,5160.0,,False,5m consistent,1
2021-08-03 08:00:00,1.1879,1.18861,1.18745,1.18846,3729.0,,False,5m consistent,1
2021-08-03 11:00:00,1.18884,1.1894,1.18854,1.18932,3073.0,,False,5m consistent,0
2021-08-03 12:00:00,1.18934,1.18934,1.18811,1.18867,4970.0,,False,5m consistent,0
2021-08-03 13:00:00,1.18868,1.18882,1.18623,1.18702,8190.0,,False,5m consistent,0
2021-08-03 16:00:00,1.18593,1.18696,1.18586,1.1869,2799.0,,False,5m consistent,0
2021-08-03 20:00:00,1.18669,1.18672,1.1862,1.1866,737.0,,False,5m consistent,1
2021-08-03 23:00:00,1.18701,1.1871,1.18684,1.18703,346.0,,False,5m consistent,0
2021-08-04 01:00:00,1.18628,1.18721,1.18625,1.18713,1504.0,,False,5m consistent,1
2021-08-04 03:00:00,1.18742,1.18763,1.18733,1.18742,835.0,,False,5m consistent,1
2021-08-04 06:00:00,1.18725,1.18804,1.18695,1.18794,2455.0,,False,5m consistent,0
2021-08-04 07:00:00,1.18795,1.18806,1.18699,1.18778,3385.0,,False,5m consistent,0
2021-08-04 13:00:00,1.18899,1.19005,1.18873,1.18935,5538.0,,False,5m consistent,0
2021-08-04 14:00:00,1.18932,1.1894,1.18372,1.1844,15504.0,,False,5m consistent,0
2021-08-04 23:00:00,1.1839,1.18395,1.18377,1.18385,194.0,,False,5m consistent,1
2021-08-05 05:00:00,1.18368,1.1839,1.18347,1.18374,850.0,,False,5m consistent,1
2021-08-05 07:00:00,1.18384,1.18504,1.18367,1.18497,4766.0,,False,5m consistent,0
2021-08-05 08:00:00,1.18496,1.18505,1.18305,1.18379,4056.0,,False,5m consistent,0
2021-08-05 11:00:00,1.18467,1.18577,1.18433,1.18562,6833.0,,False,5m consistent,0
2021-08-05 16:00:00,1.18381,1.18425,1.18363,1.18396,2047.0,,False,5m consistent,0
2021-08-05 23:00:00,1.1833,1.18351,1.18329,1.1834,298.0,,False,5m consistent,0
2021-08-06 01:00:00,1.18263,1.18286,1.18247,1.18267,891.0,,False,5m consistent,0
2021-08-06 06:00:00,1.18252,1.18302,1.18225,1.18287,2710.0,,False,5m consistent,0
2021-08-06 07:00:00,1.18289,1.18306,1.18198,1.1825,4898.0,,False,5m consistent,0
2021-08-06 08:00:00,1.18248,1.18253,1.18081,1.18117,4468.0,,False,5m consistent,0
2021-08-06 09:00:00,1.18119,1.18136,1.18057,1.18106,2798.0,,False,5m consistent,0
2021-08-06 11:00:00,1.18055,1.1809,1.18013,1.18077,2724.0,,False,5m consistent,0
2021-08-06 12:00:00,1.18079,1.18099,1.17772,1.1785,17209.0,,False,5m consistent,1
2021-08-06 13:00:00,1.17849,1.1789,1.17682,1.17748,11525.0,,False,5m consistent,0
2021-08-06 15:00:00,1.17618,1.17669,1.17584,1.1761,4787.0,,False,5m consistent,1
2021-08-09 04:00:00,1.17598,1.17645,1.17585,1.1764,571.0,,False,5m consistent,1
2021-08-09 07:00:00,1.17595,1.17663,1.17554,1.17584,4774.0,,False,5m consistent,1
2021-08-09 09:00:00,1.17556,1.17638,1.17533,1.1762,3864.0,,False,5m consistent,0
2021-08-09 13:00:00,1.17615,1.17677,1.17572,1.1762,6244.0,,False,5m consistent,0
2021-08-09 15:00:00,1.17449,1.17543,1.17413,1.1749,4521.0,,False,5m consistent,0
2021-08-09 18:00:00,1.17442,1.17494,1.17408,1.17411,1789.0,,False,5m consistent,1
2021-08-10 00:00:00,1.17367,1.17388,1.1733,1.17383,1791.0,,False,5m consistent,1
2021-08-10 05:00:00,1.1739,1.17426,1.17378,1.17382,1079.0,,False,5m consistent,1
2021-08-10 06:00:00,1.17384,1.17435,1.17333,1.17395,4555.0,,False,5m consistent,0
2021-08-10 08:00:00,1.17324,1.17399,1.17285,1.17332,4496.0,,False,5m consistent,0
2021-08-10 09:00:00,1.17331,1.17331,1.17231,1.17243,4812.0,,False,5m consistent,0
2021-08-10 10:00:00,1.17243,1.17287,1.17169,1.17271,3877.0,,False,5m consistent,0
2021-08-10 11:00:00,1.17272,1.17282,1.17184,1.1723,4258.0,,False,5m consistent,0
2021-08-10 12:00:00,1.17231,1.17258,1.17167,1.17168,4630.0,,False,5m consistent,1
2021-08-10 13:00:00,1.17167,1.1721,1.17115,1.1717,6615.0,,False,5m consistent,1
2021-08-10 15:00:00,1.17203,1.17254,1.1718,1.17212,4378.0,,False,5m consistent,1
2021-08-10 18:00:00,1.1719,1.17244,1.1718,1.17232,1952.0,,False,5m consistent,0
2021-08-10 23:00:00,1.17226,1.17229,1.17201,1.17203,570.0,,False,5m consistent,0
2021-08-11 02:00:00,1.17218,1.1726,1.17204,1.17259,1124.0,,False,5m consistent,0
2021-08-11 05:00:00,1.17191,1.1722,1.17161,1.17182,915.0,,False,5m consistent,0
2021-08-11 10:00:00,1.17113,1.17176,1.17092,1.17152,2874.0,,False,5m consistent,1
2021-08-11 12:00:00,1.17165,1.17501,1.17137,1.17374,13302.0,,False,5m consistent,0
2021-08-11 14:00:00,1.17349,1.17418,1.17299,1.17398,6539.0,,False,5m consistent,1
2021-08-11 17:00:00,1.17491,1.17551,1.17449,1.17479,5661.0,,False,5m consistent,0
2021-08-12 01:00:00,1.17411,1.17423,1.17383,1.17407,1584.0,,False,5m consistent,1
2021-08-12 03:00:00,1.17402,1.17457,1.17399,1.17451,960.0,,False,5m consistent,0
2021-08-12 05:00:00,1.17408,1.1746,1.17406,1.17422,958.0,,False,5m consistent,0
2021-08-12 07:00:00,1.17363,1.17438,1.17335,1.17425,4616.0,,False,5m consistent,1
2021-08-12 08:00:00,1.17426,1.1749,1.1738,1.17474,3579.0,,False,5m consistent,0
2021-08-12 09:00:00,1.17475,1.1748,1.17417,1.17423,2717.0,,False,5m consistent,0
2021-08-12 11:00:00,1.17364,1.17411,1.17329,1.17391,2844.0,,False,5m consistent,0
2021-08-12 12:00:00,1.17389,1.17421,1.1728,1.17407,7196.0,,False,5m consistent,0
2021-08-12 13:00:00,1.17405,1.17407,1.17244,1.173,6961.0,,False,5m consistent,1
2021-08-12 17:00:00,1.17387,1.17434,1.17351,1.17386,2412.0,,False,5m consistent,0
2021-08-12 19:00:00,1.17306,1.17378,1.17306,1.1736,1445.0,,False,5m consistent,1
2021-08-13 05:00:00,1.17397,1.17404,1.17367,1.17376,612.0,,False,5m consistent,0
2021-08-13 17:00:00,1.1801,1.18017,1.17983,1.17997,2107.0,,False,5m consistent,0
2021-08-16 02:00:00,1.17985,1.1801,1.17967,1.17969,1090.0,,False,5m consistent,0
2021-08-16 04:00:00,1.17908,1.17949,1.17906,1.17945,619.0,,False,5m consistent,0
2021-08-16 05:00:00,1.17943,1.17947,1.17872,1.17872,904.0,,False,5m consistent,1
2021-08-16 06:00:00,1.17873,1.17937,1.17832,1.1786,3595.0,,False,5m consistent,0
2021-08-16 08:00:00,1.17817,1.17916,1.17807,1.17879,3889.0,,False,5m consistent,0
2021-08-16 10:00:00,1.17826,1.17872,1.17794,1.17822,3208.0,,False,5m consistent,0
2021-08-16 12:00:00,1.1769,1.17785,1.17688,1.17782,5950.0,,False,5m consistent,1
2021-08-16 14:00:00,1.17753,1.17912,1.17737,1.17884,7044.0,,False,5m consistent,0
2021-08-16 20:00:00,1.17789,1.17794,1.1776,1.17775,1073.0,,False,5m consistent,0
2021-08-16 23:00:00,1.17798,1.17814,1.17782,1.17785,603.0,,False,5m consistent,0
2021-08-17 00:00:00,1.17784,1.17785,1.1773,1.17748,1380.0,,False,5m consistent,0
2021-08-17 01:00:00,1.17746,1.17775,1.17703,1.17744,2155.0,,False,5m consistent,0
2021-08-17 02:00:00,1.17745,1.17757,1.17701,1.17731,1715.0,,False,5m consistent,0
2021-08-17 05:00:00,1.17693,1.17741,1.17693,1.17709,1543.0,,False,5m consistent,0
2021-08-17 08:00:00,1.17731,1.17855,1.17707,1.17779,5256.0,,False,5m consistent,0
2021-08-17 09:00:00,1.1778,1.17783,1.17649,1.17723,3758.0,,False,5m consistent,0
2021-08-17 12:00:00,1.17633,1.17713,1.17419,1.17448,10098.0,,False,5m consistent,0
2021-08-17 13:00:00,1.17447,1.17454,1.17324,1.17385,9756.0,,False,5m consistent,0
2021-08-17 14:00:00,1.17387,1.17394,1.17147,1.17179,8308.0,,False,5m consistent,1
2021-08-17 17:00:00,1.17093,1.17192,1.1709,1.17187,3316.0,,False,5m consistent,0
2021-08-18 01:00:00,1.17127,1.17184,1.17114,1.17172,1511.0,,False,5m consistent,1
2021-08-18 04:00:00,1.17176,1.17196,1.17156,1.17191,1113.0,,False,5m consistent,1
2021-08-18 07:00:00,1.17177,1.17304,1.17169,1.17245,3940.0,,False,5m consistent,0
2021-08-18 08:00:00,1.17244,1.17267,1.17184,1.1721,3970.0,,False,5m consistent,0
2021-08-18 10:00:00,1.17166,1.17195,1.17128,1.17129,3048.0,,False,5m consistent,1
2021-08-18 11:00:00,1.1713,1.17243,1.17067,1.17227,4096.0,,False,5m consistent,0
2021-08-18 12:00:00,1.17225,1.17269,1.17147,1.17184,5738.0,,False,5m consistent,0
2021-08-18 13:00:00,1.17185,1.17218,1.17093,1.17191,5864.0,,False,5m consistent,0
2021-08-18 14:00:00,1.17192,1.17201,1.17071,1.17122,6255.0,,False,5m consistent,0
2021-08-18 15:00:00,1.1712,1.17127,1.16943,1.1702,6357.0,,False,5m consistent,1
2021-08-18 22:00:00,1.17109,1.17165,1.17108,1.17142,599.0,,False,5m consistent,0
2021-08-18 23:00:00,1.17143,1.17158,1.17034,1.17035,992.0,,False,5m consistent,0
2021-08-19 01:00:00,1.16882,1.16944,1.16847,1.16851,2722.0,,False,5m consistent,0
2021-08-19 02:00:00,1.16852,1.16881,1.1675,1.16775,3240.0,,False,5m consistent,0
2021-08-19 04:00:00,1.16762,1.16789,1.16747,1.16776,1333.0,,False,5m consistent,1
2021-08-19 06:00:00,1.16731,1.16815,1.16696,1.16793,6996.0,,False,5m consistent,1
2021-08-19 08:00:00,1.16836,1.1698,1.16809,1.16876,6975.0,,False,5m consistent,1
2021-08-19 09:00:00,1.16877,1.16985,1.16808,1.16965,6184.0,,False,5m consistent,1
2021-08-19 12:00:00,1.17,1.1705,1.16951,1.16995,5937.0,,False,5m consistent,1
2021-08-19 13:00:00,1.16994,1.17031,1.16926,1.1701,7816.0,,False,5m consistent,0
2021-08-19 15:00:00,1.16832,1.1698,1.16794,1.16935,5919.0,,False,5m consistent,0
2021-08-19 16:00:00,1.16936,1.16941,1.16854,1.1689,3073.0,,False,5m consistent,0
2021-08-20 04:00:00,1.16863,1.16883,1.1685,1.16867,849.0,,False,5m consistent,1
2021-08-20 05:00:00,1.16866,1.16901,1.16824,1.16878,1626.0,,False,5m consistent,0
2021-08-20 06:00:00,1.16878,1.16884,1.16788,1.16838,3656.0,,False,5m consistent,0
2021-08-20 07:00:00,1.16839,1.16874,1.16783,1.16801,5994.0,,False,5m consistent,0
2021-08-20 09:00:00,1.16746,1.16779,1.16725,1.16761,3095.0,,False,5m consistent,1
2021-08-20 10:00:00,1.16762,1.16842,1.16712,1.16812,2886.0,,False,5m consistent,0
2021-08-20 13:00:00,1.1669,1.16862,1.16647,1.16802,8426.0,,False,5m consistent,1
2021-08-20 16:00:00,1.1691,1.17052,1.16898,1.17038,3404.0,,False,5m consistent,0
2021-08-23 05:00:00,1.17194,1.17233,1.17172,1.17178,994.0,,False,5m consistent,0
2021-08-23 06:00:00,1.17177,1.17207,1.17087,1.17142,3805.0,,False,5m consistent,1
2021-08-23 08:00:00,1.17234,1.17329,1.17214,1.17316,4678.0,,False,5m consistent,0
2021-08-23 09:00:00,1.17315,1.17333,1.17223,1.17248,3042.0,,False,5m consistent,0
2021-08-23 10:00:00,1.1725,1.17287,1.17157,1.17287,2764.0,,False,5m consistent,0
2021-08-23 13:00:00,1.17327,1.17442,1.1729,1.17309,7350.0,,False,5m consistent,1
2021-08-23 14:00:00,1.17311,1.17427,1.17246,1.17405,6450.0,,False,5m consistent,0
2021-08-23 23:00:00,1.17466,1.17479,1.17444,1.17449,323.0,,False,5m consistent,0
2021-08-24 02:00:00,1.17372,1.17433,1.17349,1.17428,808.0,,False,5m consistent,1
2021-08-24 06:00:00,1.1742,1.17476,1.17395,1.17403,3578.0,,False,5m consistent,1
2021-08-24 07:00:00,1.17401,1.17457,1.17337,1.17389,4110.0,,False,5m consistent,1
2021-08-24 12:00:00,1.17367,1.17557,1.17358,1.17514,4996.0,,False,5m consistent,0
2021-08-24 13:00:00,1.17516,1.17548,1.17359,1.17489,7016.0,,False,5m consistent,1
2021-08-24 14:00:00,1.1749,1.17659,1.17429,1.17616,7319.0,,False,5m consistent,0
2021-08-24 23:00:00,1.17573,1.1758,1.17529,1.17537,466.0,,False,5m consistent,0
2021-08-25 00:00:00,1.17537,1.17586,1.1741,1.17423,1515.0,,False,5m consistent,0
2021-08-25 05:00:00,1.17416,1.17461,1.17408,1.17436,686.0,,False,5m consistent,0
2021-08-25 07:00:00,1.17337,1.1745,1.17331,1.17387,4020.0,,False,5m consistent,1
2021-08-25 09:00:00,1.17519,1.17562,1.17486,1.17496,3214.0,,False,5m consistent,0
2021-08-25 10:00:00,1.17496,1.17514,1.17434,1.1748,2538.0,,False,5m consistent,0
2021-08-25 11:00:00,1.17482,1.17482,1.17354,1.17416,3262.0,,False,5m consistent,0
2021-08-25 16:00:00,1.17571,1.17641,1.17564,1.1761,2576.0,,False,5m consistent,1
2021-08-25 18:00:00,1.17602,1.17752,1.17601,1.1772,3280.0,,False,5m consistent,1
2021-08-25 23:00:00,1.17715,1.17733,1.17711,1.17728,236.0,,False,5m consistent,0
2021-08-26 05:00:00,1.17649,1.17704,1.17638,1.17661,1001.0,,False,5m consistent,0
2021-08-26 07:00:00,1.17579,1.17755,1.17573,1.17705,5335.0,,False,5m consistent,0
2021-08-26 10:00:00,1.17707,1.17794,1.17707,1.17757,2419.0,,False,5m consistent,0
2021-08-26 12:00:00,1.17702,1.17766,1.17525,1.17565,8263.0,,False,5m consistent,1
2021-08-26 13:00:00,1.17566,1.17608,1.17491,1.17545,8373.0,,False,5m consistent,1
2021-08-26 15:00:00,1.17546,1.17645,1.17536,1.17628,5074.0,,False,5m consistent,0
2021-08-26 23:00:00,1.17574,1.17586,1.17545,1.17547,149.0,,False,5m consistent,0
2021-08-27 06:00:00,1.17625,1.17707,1.17594,1.17688,3111.0,,False,5m consistent,0
2021-08-27 07:00:00,1.17689,1.17721,1.17581,1.17619,3678.0,,False,5m consistent,0
2021-08-27 11:00:00,1.17595,1.17669,1.17577,1.17633,2950.0,,False,5m consistent,1
2021-08-27 12:00:00,1.17632,1.17656,1.17545,1.17569,4433.0,,False,5m consistent,0
2021-08-27 16:00:00,1.17942,1.18026,1.179,1.18012,4029.0,,False,5m consistent,0
2021-08-30 05:00:00,1.18045,1.18059,1.17999,1.18002,881.0,,False,5m consistent,1
2021-08-30 06:00:00,1.18002,1.18031,1.17943,1.18012,2374.0,,False,5m consistent,1
2021-08-30 07:00:00,1.1801,1.18041,1.1795,1.1803,2731.0,,False,5m consistent,1
2021-08-30 09:00:00,1.17995,1.18027,1.17949,1.18005,2073.0,,False,5m consistent,0
2021-08-30 10:00:00,1.18005,1.18035,1.17955,1.17968,2029.0,,False,5m consistent,1
2021-08-30 11:00:00,1.17969,1.18018,1.17917,1.18003,2459.0,,False,5m consistent,0
2021-08-30 14:00:00,1.17894,1.1801,1.17851,1.18006,5781.0,,False,5m consistent,1
2021-08-30 18:00:00,1.17979,1.18049,1.17977,1.18045,1279.0,,False,5m consistent,0
2021-08-31 00:00:00,1.17971,1.18039,1.17961,1.18029,1753.0,,False,5m consistent,1
2021-08-31 05:00:00,1.18182,1.18287,1.1818,1.18282,1589.0,,False,5m consistent,1
2021-08-31 07:00:00,1.18256,1.1831,1.18248,1.18283,3528.0,,False,5m consistent,1
2021-08-31 11:00:00,1.18343,1.18458,1.18334,1.18404,5039.0,,False,5m consistent,0
2021-08-31 12:00:00,1.18405,1.18406,1.18315,1.18376,5248.0,,False,5m consistent,0
2021-08-31 13:00:00,1.18376,1.18388,1.18173,1.18213,8555.0,,False,5m consistent,0
2021-08-31 14:00:00,1.18213,1.18335,1.18001,1.18044,12528.0,,False,5m consistent,1
2021-08-31 18:00:00,1.18092,1.18139,1.18068,1.18137,2590.0,,False,5m consistent,0
2021-08-31 23:00:00,1.1811,1.18126,1.18084,1.18107,476.0,,False,5m consistent,0
2021-09-01 03:00:00,1.1804,1.18073,1.18028,1.18052,920.0,,False,5m consistent,0
2021-09-01 04:00:00,1.18051,1.18055,1.17995,1.18003,745.0,,False,5m consistent,1
2021-09-01 05:00:00,1.18005,1.18011,1.17961,1.18,1784.0,,False,5m consistent,1
2021-09-01 06:00:00,1.18003,1.18123,1.17943,1.18102,5646.0,,False,5m consistent,0
2021-09-01 10:00:00,1.18178,1.18243,1.18162,1.18209,2965.0,,False,5m consistent,1
2021-09-01 13:00:00,1.18385,1.18493,1.18336,1.18447,6502.0,,False,5m consistent,0
2021-09-01 14:00:00,1.18445,1.1858,1.18339,1.18547,8639.0,,False,5m consistent,0
2021-09-01 16:00:00,1.18506,1.18572,1.18481,1.18488,2259.0,,False,5m consistent,0
2021-09-01 18:00:00,1.18438,1.18482,1.18418,1.18473,2258.0,,False,5m consistent,0
2021-09-01 20:00:00,1.1839,1.18412,1.18382,1.18407,999.0,,False,5m consistent,0
2021-09-02 00:00:00,1.18416,1.18469,1.18406,1.18457,1460.0,,False,5m consistent,0
2021-09-02 06:00:00,1.1844,1.18473,1.18406,1.18463,2844.0,,False,5m consistent,1
2021-09-02 07:00:00,1.18464,1.18524,1.18408,1.18482,3894.0,,False,5m consistent,1
2021-09-02 10:00:00,1.18522,1.18566,1.18496,1.18555,2473.0,,False,5m consistent,0
2021-09-02 11:00:00,1.18553,1.18555,1.1847,1.18478,3467.0,,False,5m consistent,0
2021-09-02 13:00:00,1.18478,1.18633,1.18471,1.18595,5548.0,,False,5m consistent,0
2021-09-02 14:00:00,1.18596,1.18695,1.18508,1.18686,6425.0,,False,5m consistent,0
2021-09-03 00:00:00,1.18746,1.18837,1.1874,1.18827,1314.0,,False,5m consistent,0
2021-09-03 01:00:00,1.18829,1.18847,1.18785,1.18832,1355.0,,False,5m consistent,0
2021-09-03 05:00:00,1.18771,1.18817,1.18763,1.18801,1066.0,,False,5m consistent,0
2021-09-03 06:00:00,1.18803,1.18815,1.18743,1.18781,2198.0,,False,5m consistent,0
2021-09-03 08:00:00,1.18756,1.18836,1.18743,1.18754,3400.0,,False,5m consistent,0
2021-09-03 11:00:00,1.18702,1.1878,1.18702,1.18739,2890.0,,False,5m consistent,1
2021-09-03 13:00:00,1.18922,1.19056,1.1877,1.18888,13082.0,,False,5m consistent,0
2021-09-03 17:00:00,1.18903,1.18988,1.18898,1.18959,1844.0,,False,5m consistent,0
2021-09-03 18:00:00,1.18958,1.18975,1.18902,1.18919,1174.0,,False,5m consistent,0
2021-09-06 01:00:00,1.18793,1.18808,1.18764,1.18783,1108.0,,False,5m consistent,0
2021-09-06 02:00:00,1.18782,1.18783,1.18724,1.18748,891.0,,False,5m consistent,0
2021-09-06 06:00:00,1.18722,1.1876,1.1869,1.18727,1923.0,,False,5m consistent,0
2021-09-06 08:00:00,1.18638,1.18693,1.18617,1.18649,2880.0,,False,5m consistent,0
2021-09-06 13:00:00,1.18669,1.18713,1.18661,1.18682,2871.0,,False,5m consistent,0
2021-09-07 01:00:00,1.188,1.1886,1.18792,1.18833,995.0,,False,5m consistent,0
2021-09-07 03:00:00,1.1881,1.18835,1.18782,1.18794,876.0,,False,5m consistent,0
2021-09-07 04:00:00,1.18793,1.18832,1.18757,1.18761,1440.0,,False,5m consistent,0
2021-09-07 05:00:00,1.18763,1.18763,1.18715,1.1872,1908.0,,False,5m consistent,0
2021-09-07 06:00:00,1.18723,1.1875,1.18636,1.18719,3386.0,,False,5m consistent,1
2021-09-07 07:00:00,1.18719,1.18831,1.18673,1.1877,4669.0,,False,5m consistent,0
2021-09-07 08:00:00,1.18771,1.18771,1.18604,1.18769,4836.0,,False,5m consistent,1
2021-09-07 10:00:00,1.18665,1.18759,1.18624,1.18754,4620.0,,False,5m consistent,0
2021-09-07 11:00:00,1.18753,1.18774,1.18587,1.18621,4421.0,,False,5m consistent,0
2021-09-07 12:00:00,1.18622,1.18658,1.18502,1.18514,4916.0,,False,5m consistent,1
2021-09-07 13:00:00,1.18513,1.18612,1.18445,1.1857,6787.0,,False,5m consistent,0
2021-09-07 14:00:00,1.18572,1.18585,1.1838,1.18469,8275.0,,False,5m consistent,1
2021-09-07 15:00:00,1.1847,1.1851,1.18384,1.18494,4157.0,,False,5m consistent,1
2021-09-07 18:00:00,1.185,1.18541,1.18461,1.18464,2159.0,,False,5m consistent,1
2021-09-08 02:00:00,1.18484,1.18489,1.18453,1.18457,706.0,,False,5m consistent,0
2021-09-08 04:00:00,1.18427,1.18445,1.1842,1.18444,535.0,,False,5m consistent,0
2021-09-08 05:00:00,1.18441,1.18443,1.18358,1.18373,1256.0,,False,5m consistent,0
2021-09-08 07:00:00,1.1834,1.18455,1.18312,1.18314,6192.0,,False,5m consistent,0
2021-09-08 08:00:00,1.18313,1.18316,1.18168,1.18222,6460.0,,False,5m consistent,0
2021-09-08 12:00:00,1.18232,1.18303,1.18217,1.18218,5265.0,,False,5m consistent,0
2021-09-08 13:00:00,1.18218,1.18232,1.18094,1.1818,7395.0,,False,5m consistent,0
2021-09-08 18:00:00,1.18247,1.18307,1.18246,1.18249,2496.0,,False,5m consistent,0
2021-09-08 23:00:00,1.18191,1.18199,1.18184,1.18196,323.0,,False,5m consistent,1
2021-09-09 02:00:00,1.18218,1.18261,1.18214,1.18258,908.0,,False,5m consistent,0
2021-09-09 03:00:00,1.1826,1.1826,1.18184,1.18189,863.0,,False,5m consistent,0
2021-09-09 08:00:00,1.18229,1.18368,1.18228,1.18345,4281.0,,False,5m consistent,0
2021-09-09 11:00:00,1.18325,1.18421,1.1825,1.18406,6060.0,,False,5m consistent,0
2021-09-09 12:00:00,1.18408,1.1842,1.18089,1.18242,10370.0,,False,5m consistent,0
2021-09-09 13:00:00,1.18244,1.18355,1.18125,1.18163,10965.0,,False,5m consistent,0
2021-09-09 17:00:00,1.18322,1.18404,1.18309,1.18346,3913.0,,False,5m consistent,0
2021-09-10 00:00:00,1.18242,1.18285,1.18237,1.18248,932.0,,False,5m consistent,1
2021-09-10 08:00:00,1.18429,1.18519,1.18426,1.18486,4388.0,,False,5m consistent,0
2021-09-10 09:00:00,1.18484,1.18488,1.18346,1.18364,3219.0,,False,5m consistent,0
2021-09-10 11:00:00,1.18313,1.18382,1.18294,1.18343,3289.0,,False,5m consistent,1
2021-09-10 12:00:00,1.18344,1.1843,1.18268,1.18275,5078.0,,False,5m consistent,1
2021-09-10 13:00:00,1.18277,1.18356,1.18221,1.18355,6373.0,,False,5m consistent,0
2021-09-10 14:00:00,1.18357,1.18386,1.18304,1.18341,7478.0,,False,5m consistent,0
2021-09-10 15:00:00,1.18339,1.18349,1.1819,1.18225,5964.0,,False,5m consistent,0
2021-09-10 16:00:00,1.18223,1.1824,1.18164,1.18193,3519.0,,False,5m consistent,0
2021-09-13 03:00:00,1.18057,1.18077,1.18037,1.18056,709.0,,False,5m consistent,0
2021-09-13 04:00:00,1.18058,1.18066,1.17945,1.17965,1057.0,,False,5m consistent,0
2021-09-13 05:00:00,1.17964,1.17969,1.17885,1.17942,2079.0,,False,5m consistent,0
2021-09-13 06:00:00,1.17943,1.17958,1.17796,1.17802,4767.0,,False,5m consistent,1
2021-09-13 09:00:00,1.17901,1.17937,1.17873,1.1792,2377.0,,False,5m consistent,0
2021-09-13 10:00:00,1.17918,1.17933,1.17759,1.17765,3754.0,,False,5m consistent,1
2021-09-13 13:00:00,1.17836,1.1802,1.17834,1.18007,6548.0,,False,5m consistent,1
2021-09-13 14:00:00,1.18008,1.18118,1.1793,1.18105,8111.0,,False,5m consistent,1
2021-09-13 16:00:00,1.18096,1.18108,1.18067,1.1808,2117.0,,False,5m consistent,1
2021-09-13 23:00:00,1.18116,1.1812,1.18099,1.18105,350.0,,False,5m consistent,1
2021-09-14 05:00:00,1.18137,1.18168,1.18124,1.18137,1248.0,,False,5m consistent,0
2021-09-14 08:00:00,1.18252,1.18273,1.18213,1.18218,3378.0,,False,5m consistent,0
2021-09-14 09:00:00,1.1822,1.18251,1.18079,1.18153,3576.0,,False,5m consistent,0
2021-09-14 12:00:00,1.18105,1.18465,1.18081,1.18422,13661.0,,False,5m consistent,0
2021-09-14 13:00:00,1.18424,1.18465,1.18241,1.18281,9390.0,,False,5m consistent,0
2021-09-14 17:00:00,1.18228,1.18268,1.18191,1.18238,2862.0,,False,5m consistent,0
2021-09-14 18:00:00,1.18236,1.18248,1.18083,1.18084,2586.0,,False,5m consistent,1
2021-09-14 20:00:00,1.18053,1.1808,1.18044,1.18047,801.0,,False,5m consistent,0
2021-09-14 21:00:00,1.1813,1.18142,1.18049,1.18119,397.0,,False,5m consistent,0
2021-09-15 04:00:00,1.1807,1.181,1.18052,1.18059,855.0,,False,5m consistent,1
2021-09-15 05:00:00,1.1806,1.18077,1.18016,1.18064,1657.0,,False,5m consistent,1
2021-09-15 08:00:00,1.18174,1.18296,1.18149,1.18269,4088.0,,False,5m consistent,1
2021-09-15 10:00:00,1.18254,1.18326,1.18225,1.18285,3311.0,,False,5m consistent,0
2021-09-15 11:00:00,1.18284,1.18326,1.1818,1.18222,4155.0,,False,5m consistent,1
2021-09-15 13:00:00,1.18124,1.18219,1.18094,1.18193,7982.0,,False,5m consistent,0
2021-09-15 14:00:00,1.18191,1.18235,1.18087,1.18196,8330.0,,False,5m consistent,0
2021-09-15 15:00:00,1.18194,1.18225,1.18103,1.18122,4981.0,,False,5m consistent,1
2021-09-16 02:00:00,1.18193,1.18205,1.18169,1.18197,909.0,,False,5m consistent,0
2021-09-16 04:00:00,1.1813,1.18134,1.181,1.18104,754.0,,False,5m consistent,0
2021-09-16 05:00:00,1.18107,1.18126,1.18035,1.18035,1387.0,,False,5m consistent,0
2021-09-16 06:00:00,1.18035,1.1808,1.17918,1.17925,5231.0,,False,5m consistent,0
2021-09-16 07:00:00,1.17923,1.17959,1.17785,1.17822,6408.0,,False,5m consistent,0
2021-09-16 08:00:00,1.17824,1.17854,1.17728,1.17734,5437.0,,False,5m consistent,0
2021-09-16 09:00:00,1.17732,1.17784,1.17669,1.17716,5222.0,,False,5m consistent,0
2021-09-16 11:00:00,1.17669,1.17751,1.17663,1.17696,3639.0,,False,5m consistent,0
2021-09-16 14:00:00,1.1758,1.17694,1.17545,1.17634,6499.0,,False,5m consistent,0
2021-09-16 16:00:00,1.1764,1.17651,1.1759,1.17603,2162.0,,False,5m consistent,1
2021-09-16 23:00:00,1.17664,1.17668,1.1765,1.17658,565.0,,False,5m consistent,1
2021-09-17 04:00:00,1.17696,1.17743,1.17695,1.1774,668.0,,False,5m consistent,1
2021-09-17 07:00:00,1.17729,1.17857,1.17722,1.17738,4822.0,,False,5m consistent,1
2021-09-17 10:00:00,1.17827,1.17868,1.17793,1.17835,4206.0,,False,5m consistent,1
2021-09-17 11:00:00,1.17833,1.17892,1.17764,1.17891,4043.0,,False,5m consistent,0
2021-09-17 12:00:00,1.17892,1.17897,1.17734,1.17744,5153.0,,False,5m consistent,0
2021-09-17 13:00:00,1.17743,1.17757,1.17512,1.17546,8082.0,,False,5m consistent,1
2021-09-17 14:00:00,1.17545,1.17579,1.1735,1.17386,8768.0,,False,5m consistent,1
2021-09-17 15:00:00,1.17384,1.17413,1.17295,1.17343,6043.0,,False,5m consistent,0
2021-09-17 19:00:00,1.17298,1.17331,1.17297,1.17313,1522.0,,False,5m consistent,0
2021-09-20 00:00:00,1.17301,1.17306,1.17236,1.17244,547.0,,False,5m consistent,0
2021-09-20 01:00:00,1.17245,1.17247,1.1719,1.17192,710.0,,False,5m consistent,0
2021-09-20 05:00:00,1.17157,1.17187,1.17141,1.17179,834.0,,False,5m consistent,0
2021-09-20 06:00:00,1.17178,1.17188,1.17118,1.17154,3240.0,,False,5m consistent,0
2021-09-20 07:00:00,1.17153,1.17191,1.17066,1.17116,5837.0,,False,5m consistent,1
2021-09-20 08:00:00,1.17116,1.17144,1.17058,1.17103,4399.0,,False,5m consistent,0
2021-09-20 10:00:00,1.17073,1.17171,1.1707,1.17136,3561.0,,False,5m consistent,0
2021-09-20 13:00:00,1.17151,1.17192,1.17121,1.17191,7007.0,,False,5m consistent,1
2021-09-20 15:00:00,1.17248,1.17372,1.17243,1.17291,4532.0,,False,5m consistent,1
2021-09-20 19:00:00,1.17252,1.17313,1.17229,1.17307,2543.0,,False,5m consistent,1
2021-09-21 01:00:00,1.17262,1.17403,1.17241,1.17396,2054.0,,False,5m consistent,0
2021-09-21 05:00:00,1.17326,1.17368,1.17322,1.17344,953.0,,False,5m consistent,0
2021-09-21 06:00:00,1.17343,1.17382,1.17303,1.1732,3480.0,,False,5m consistent,1
2021-09-21 09:00:00,1.17349,1.17388,1.17306,1.17378,3851.0,,False,5m consistent,1
2021-09-21 12:00:00,1.17452,1.17494,1.17343,1.17403,8155.0,,False,5m consistent,0
2021-09-21 13:00:00,1.17404,1.17425,1.17287,1.17314,7843.0,,False,5m consistent,0
2021-09-21 14:00:00,1.17315,1.17322,1.17175,1.17251,8277.0,,False,5m consistent,0
2021-09-21 16:00:00,1.17253,1.173,1.17233,1.17292,2992.0,,False,5m consistent,0
2021-09-21 19:00:00,1.1727,1.17332,1.17257,1.17301,2236.0,,False,5m consistent,0
2021-09-21 23:00:00,1.17253,1.17253,1.17227,1.17237,342.0,,False,5m consistent,1
2021-09-22 02:00:00,1.17286,1.17289,1.17246,1.17256,977.0,,False,5m consistent,0
2021-09-22 05:00:00,1.17225,1.17269,1.17223,1.17234,1051.0,,False,5m consistent,1
2021-09-22 07:00:00,1.17283,1.17383,1.17244,1.17294,5589.0,,False,5m consistent,1
2021-09-22 08:00:00,1.17292,1.17355,1.17247,1.17348,3741.0,,False,5m consistent,0
2021-09-22 10:00:00,1.17293,1.17363,1.17292,1.17346,2487.0,,False,5m consistent,0
2021-09-22 12:00:00,1.17267,1.1734,1.17257,1.17302,4008.0,,False,5m consistent,1
2021-09-22 15:00:00,1.17355,1.17417,1.17335,1.17389,4247.0,,False,5m consistent,0
2021-09-22 16:00:00,1.1739,1.17424,1.17337,1.1736,3052.0,,False,5m consistent,0
2021-09-22 18:00:00,1.1731,1.17565,1.16914,1.16943,33215.0,,False,5m consistent,1
2021-09-22 22:00:00,1.16947,1.16957,1.16928,1.16952,321.0,,False,5m consistent,1
2021-09-23 06:00:00,1.171,1.17181,1.17069,1.17155,4308.0,,False,5m consistent,1
2021-09-23 09:00:00,1.17217,1.17333,1.17202,1.17226,5856.0,,False,5m consistent,0
2021-09-23 12:00:00,1.17162,1.17332,1.17147,1.17298,6434.0,,False,5m consistent,1
2021-09-23 14:00:00,1.17396,1.17507,1.17383,1.17495,7888.0,,False,5m consistent,0
2021-09-23 19:00:00,1.17473,1.17497,1.17421,1.17427,1936.0,,False,5m consistent,1
2021-09-24 00:00:00,1.17408,1.17485,1.17408,1.17469,1624.0,,False,5m consistent,0
2021-09-24 03:00:00,1.17409,1.17438,1.17399,1.17419,943.0,,False,5m consistent,0
2021-09-24 05:00:00,1.1738,1.17404,1.17364,1.17377,1209.0,,False,5m consistent,1
2021-09-24 07:00:00,1.1736,1.17419,1.17318,1.17393,4886.0,,False,5m consistent,0
2021-09-24 09:00:00,1.17366,1.1739,1.1734,1.17356,2771.0,,False,5m consistent,1
2021-09-24 10:00:00,1.17357,1.17381,1.17288,1.17353,2991.0,,False,5m consistent,0
2021-09-24 11:00:00,1.17352,1.17377,1.17134,1.17145,4680.0,,False,5m consistent,0
2021-09-24 12:00:00,1.17147,1.17205,1.17072,1.17072,5018.0,,False,5m consistent,1
2021-09-24 13:00:00,1.17073,1.17206,1.17015,1.17126,6951.0,,False,5m consistent,1
2021-09-24 14:00:00,1.17124,1.1717,1.17051,1.17136,6739.0,,False,5m consistent,1
2021-09-27 01:00:00,1.17183,1.1726,1.17174,1.1725,1171.0,,False,5m consistent,0
2021-09-27 05:00:00,1.17232,1.17252,1.17206,1.17213,760.0,,False,5m consistent,0
2021-09-27 06:00:00,1.17212,1.17237,1.17113,1.17115,4396.0,,False,5m consistent,0
2021-09-27 07:00:00,1.17116,1.17155,1.16947,1.16953,5555.0,,False,5m consistent,0
2021-09-27 10:00:00,1.16974,1.17091,1.1695,1.17082,3135.0,,False,5m consistent,0
2021-09-27 12:00:00,1.16929,1.17102,1.16919,1.1708,10679.0,,False,5m consistent,0
2021-09-27 17:00:00,1.17027,1.17067,1.1701,1.17052,2255.0,,False,5m consistent,0
2021-09-27 20:00:00,1.1699,1.17009,1.16952,1.16962,915.0,,False,5m consistent,0
2021-09-27 23:00:00,1.16961,1.16973,1.16948,1.16966,140.0,,False,5m consistent,0
2021-09-28 05:00:00,1.16994,1.1704,1.16977,1.16995,899.0,,False,5m consistent,0
2021-09-28 07:00:00,1.1677,1.1688,1.16729,1.16877,5210.0,,False,5m consistent,0
2021-09-28 08:00:00,1.16874,1.16897,1.16759,1.16813,4290.0,,False,5m consistent,1
2021-09-28 11:00:00,1.16826,1.16941,1.16779,1.16881,6703.0,,False,5m consistent,0
2021-09-28 12:00:00,1.16882,1.16896,1.16735,1.16812,9292.0,,False,5m consistent,1
2021-09-28 13:00:00,1.16812,1.16886,1.16723,1.16816,8990.0,,False,5m consistent,1
2021-09-28 23:00:00,1.16862,1.16874,1.16833,1.16868,429.0,,False,5m consistent,1
2021-09-29 04:00:00,1.16855,1.16874,1.16832,1.16874,894.0,,False,5m consistent,0
2021-09-29 05:00:00,1.16876,1.16887,1.1683,1.1684,1438.0,,False,5m consistent,1
2021-09-29 06:00:00,1.16838,1.16868,1.16766,1.16785,5470.0,,False,5m consistent,0
2021-09-29 08:00:00,1.16628,1.16728,1.16624,1.16644,5453.0,,False,5m consistent,1
2021-09-29 09:00:00,1.16645,1.16722,1.16592,1.16648,4469.0,,False,5m consistent,0
2021-09-29 10:00:00,1.16649,1.16671,1.16564,1.16596,4168.0,,False,5m consistent,0
2021-09-29 11:00:00,1.16595,1.166,1.16408,1.16499,6382.0,,False,5m consistent,0
2021-09-29 12:00:00,1.16498,1.16597,1.16437,1.16465,7284.0,,False,5m consistent,0
2021-09-29 13:00:00,1.16466,1.16472,1.16329,1.16372,7838.0,,False,5m consistent,0
2021-09-29 15:00:00,1.16145,1.16201,1.16105,1.16124,5320.0,,False,5m consistent,0
2021-09-29 16:00:00,1.16122,1.16163,1.16014,1.16022,3912.0,,False,5m consistent,0
2021-09-29 18:00:00,1.15961,1.16057,1.15904,1.16021,3261.0,,False,5m consistent,0
2021-09-30 04:00:00,1.16047,1.16092,1.16021,1.16087,700.0,,False,5m consistent,0
2021-09-30 06:00:00,1.15958,1.16069,1.15958,1.16069,4455.0,,False,5m consistent,0
2021-09-30 07:00:00,1.16068,1.16094,1.15922,1.16053,6297.0,,False,5m consistent,0
2021-09-30 08:00:00,1.16054,1.16106,1.15991,1.16048,4452.0,,False,5m consistent,0
2021-09-30 09:00:00,1.16045,1.16074,1.15971,1.15988,3399.0,,False,5m consistent,0
2021-09-30 12:00:00,1.15765,1.15934,1.1576,1.15912,7873.0,,False,5m consistent,0
2021-09-30 13:00:00,1.15913,1.1599,1.1578,1.15862,10221.0,,False,5m consistent,1
2021-09-30 14:00:00,1.15863,1.15963,1.15769,1.15892,12767.0,,False,5m consistent,0
2021-09-30 15:00:00,1.15893,1.15989,1.15714,1.15785,11246.0,,False,5m consistent,0
2021-09-30 19:00:00,1.15855,1.15897,1.15799,1.15839,3495.0,,False,5m consistent,0
2021-09-30 22:00:00,1.15832,1.15834,1.15806,1.15818,350.0,,False,5m consistent,0
2021-09-30 23:00:00,1.15819,1.15819,1.15738,1.15746,451.0,,False,5m consistent,1
2021-10-01 06:00:00,1.15778,1.15897,1.15766,1.15887,5362.0,,False,5m consistent,0
2021-10-01 09:00:00,1.15792,1.15849,1.1577,1.15799,4266.0,,False,5m consistent,1
2021-10-01 12:00:00,1.15987,1.16077,1.15978,1.16044,7363.0,,False,5m consistent,0
2021-10-01 13:00:00,1.16045,1.16081,1.15957,1.16039,8768.0,,False,5m consistent,0
2021-10-01 14:00:00,1.16036,1.16046,1.15845,1.15971,13188.0,,False,5m consistent,1
2021-10-01 19:00:00,1.15979,1.15994,1.15933,1.15988,2045.0,,False,5m consistent,0
2021-10-04 00:00:00,1.16072,1.16145,1.16026,1.16035,1570.0,,False,5m consistent,0
2021-10-04 02:00:00,1.15981,1.16013,1.15951,1.15955,1837.0,,False,5m consistent,1
2021-10-04 06:00:00,1.15988,1.16101,1.15966,1.16073,5183.0,,False,5m consistent,1
2021-10-04 12:00:00,1.16341,1.16408,1.1632,1.16331,6098.0,,False,5m consistent,1
2021-10-04 13:00:00,1.16334,1.16343,1.16246,1.16303,6151.0,,False,5m consistent,1
2021-10-04 14:00:00,1.16305,1.16402,1.16223,1.1625,9723.0,,False,5m consistent,1
2021-10-04 18:00:00,1.16205,1.16286,1.16191,1.16243,3034.0,,False,5m consistent,0
2021-10-04 20:00:00,1.16218,1.16237,1.16192,1.16233,753.0,,False,5m consistent,0
2021-10-04 23:00:00,1.16171,1.16193,1.16167,1.16169,329.0,,False,5m consistent,0
2021-10-05 00:00:00,1.16171,1.1621,1.16113,1.16124,1451.0,,False,5m consistent,0
2021-10-05 02:00:00,1.1604,1.16088,1.16028,1.16067,1201.0,,False,5m consistent,0
2021-10-05 04:00:00,1.15995,1.16005,1.15951,1.15954,894.0,,False,5m consistent,1
2021-10-05 06:00:00,1.15954,1.16028,1.15944,1.15995,4364.0,,False,5m consistent,1
2021-10-05 09:00:00,1.15995,1.16041,1.15965,1.16039,3845.0,,False,5m consistent,0
2021-10-05 12:00:00,1.15984,1.16061,1.15984,1.16007,5168.0,,False,5m consistent,0
2021-10-05 13:00:00,1.16005,1.16019,1.15866,1.15961,9005.0,,False,5m consistent,0
2021-10-05 15:00:00,1.15931,1.16139,1.15927,1.16095,6969.0,,False,5m consistent,0
2021-10-05 17:00:00,1.1606,1.1608,1.16017,1.16059,2207.0,,False,5m consistent,0
2021-10-06 00:00:00,1.15965,1.15987,1.15928,1.15946,1783.0,,False,5m consistent,0
2021-10-06 03:00:00,1.15939,1.15953,1.15913,1.15945,831.0,,False,5m consistent,0
2021-10-06 05:00:00,1.15855,1.15908,1.15825,1.15829,1536.0,,False,5m consistent,0
2021-10-06 06:00:00,1.15828,1.15851,1.15762,1.15786,4724.0,,False,5m consistent,0
2021-10-06 07:00:00,1.15784,1.15805,1.15568,1.15569,8027.0,,False,5m consistent,0
2021-10-06 08:00:00,1.1557,1.15613,1.15516,1.15527,6714.0,,False,5m consistent,0
2021-10-06 09:00:00,1.15529,1.1555,1.15419,1.15427,6793.0,,False,5m consistent,0
2021-10-06 12:00:00,1.1539,1.15482,1.15374,1.15457,8762.0,,False,5m consistent,1
2021-10-06 13:00:00,1.15459,1.15529,1.15397,1.15433,8413.0,,False,5m consistent,1
2021-10-06 14:00:00,1.15431,1.15566,1.15359,1.15426,9406.0,,False,5m consistent,0
2021-10-07 00:00:00,1.15558,1.1562,1.15553,1.15592,1617.0,,False,5m consistent,0
2021-10-07 04:00:00,1.15562,1.1558,1.15547,1.15564,969.0,,False,5m consistent,0
2021-10-07 06:00:00,1.15504,1.15704,1.15496,1.15689,4980.0,,False,5m consistent,0
2021-10-07 07:00:00,1.1569,1.15713,1.15623,1.15695,5843.0,,False,5m consistent,0
2021-10-07 08:00:00,1.15693,1.157,1.15601,1.15608,4543.0,,False,5m consistent,1
2021-10-07 11:00:00,1.15617,1.1573,1.15608,1.15656,4954.0,,False,5m consistent,0
2021-10-07 12:00:00,1.15657,1.15657,1.1551,1.15568,6240.0,,False,5m consistent,0
2021-10-07 15:00:00,1.15616,1.15696,1.15607,1.15609,4718.0,,False,5m consistent,1
2021-10-07 17:00:00,1.15565,1.15654,1.15559,1.15606,2100.0,,False,5m consistent,0
2021-10-07 21:00:00,1.15563,1.15624,1.1554,1.15602,106.0,,False,5m consistent,0
2021-10-07 23:00:00,1.15551,1.15609,1.1555,1.15601,413.0,,False,5m consistent,0
2021-10-08 00:00:00,1.156,1.15606,1.15532,1.15593,1791.0,,False,5m consistent,0
2021-10-08 01:00:00,1.15591,1.15598,1.15546,1.15569,2518.0,,False,5m consistent,0
2021-10-08 02:00:00,1.15568,1.15578,1.15513,1.15554,1110.0,,False,5m consistent,0
2021-10-08 03:00:00,1.15553,1.15569,1.15504,1.1553,960.0,,False,5m consistent,0
2021-10-08 04:00:00,1.15531,1.15551,1.15481,1.15489,933.0,,False,5m consistent,0
2021-10-08 07:00:00,1.15466,1.15521,1.15446,1.15487,4983.0,,False,5m consistent,1
2021-10-08 09:00:00,1.15544,1.15699,1.1554,1.1568,3533.0,,False,5m consistent,0
2021-10-08 10:00:00,1.15681,1.1569,1.15613,1.15637,2324.0,,False,5m consistent,1
2021-10-08 12:00:00,1.15632,1.1587,1.15616,1.15716,16976.0,,False,5m consistent,0
2021-10-08 15:00:00,1.1574,1.15804,1.15696,1.15728,5285.0,,False,5m consistent,0
2021-10-08 18:00:00,1.15691,1.15791,1.15685,1.15778,2330.0,,False,5m consistent,0
2021-10-11 06:00:00,1.15742,1.15876,1.1573,1.15837,3922.0,,False,5m consistent,0
2021-10-11 07:00:00,1.15836,1.15846,1.1572,1.15747,6143.0,,False,5m consistent,0
2021-10-11 08:00:00,1.15748,1.15766,1.15649,1.15706,4978.0,,False,5m consistent,0
2021-10-11 11:00:00,1.15669,1.15739,1.1562,1.15692,3002.0,,False,5m consistent,1
2021-10-11 15:00:00,1.1573,1.15756,1.15717,1.15731,2446.0,,False,5m consistent,0
2021-10-11 16:00:00,1.1573,1.15733,1.1563,1.15641,1771.0,,False,5m consistent,0
2021-10-11 18:00:00,1.15586,1.15617,1.15564,1.15602,1310.0,,False,5m consistent,0
2021-10-11 23:00:00,1.155,1.15552,1.15487,1.1554,492.0,,False,5m consistent,1
2021-10-12 06:00:00,1.15621,1.1571,1.15609,1.15691,3719.0,,False,5m consistent,0
2021-10-12 08:00:00,1.15566,1.15657,1.15564,1.15626,2989.0,,False,5m consistent,0
2021-10-12 09:00:00,1.15632,1.15677,1.15573,1.15586,3157.0,,False,5m consistent,0
2021-10-12 11:00:00,1.1553,1.15593,1.15507,1.15571,3891.0,,False,5m consistent,0
2021-10-12 12:00:00,1.1557,1.15594,1.15337,1.15423,7583.0,,False,5m consistent,1
2021-10-12 13:00:00,1.15425,1.15489,1.15354,1.15447,9547.0,,False,5m consistent,0
2021-10-12 14:00:00,1.15446,1.15504,1.15344,1.15487,7780.0,,False,5m consistent,0
2021-10-12 15:00:00,1.15489,1.15508,1.15347,1.1541,5525.0,,False,5m consistent,0
2021-10-13 06:00:00,1.15515,1.15538,1.15478,1.15521,4256.0,,False,5m consistent,1
2021-10-13 08:00:00,1.15517,1.15612,1.15498,1.15571,5000.0,,False,5m consistent,0
2021-10-13 10:00:00,1.15577,1.15676,1.15577,1.15627,4068.0,,False,5m consistent,1
2021-10-13 11:00:00,1.15629,1.15659,1.15583,1.15648,4381.0,,False,5m consistent,0
2021-10-13 13:00:00,1.15434,1.15715,1.1541,1.15654,13155.0,,False,5m consistent,1
2021-10-13 14:00:00,1.15651,1.15754,1.15578,1.15744,9764.0,,False,5m consistent,1
2021-10-13 17:00:00,1.15785,1.15939,1.15785,1.15901,3774.0,,False,5m consistent,1
2021-10-14 00:00:00,1.15977,1.16019,1.15967,1.15997,1253.0,,False,5m consistent,0
2021-10-14 08:00:00,1.16084,1.16196,1.16075,1.16169,4182.0,,False,5m consistent,0
2021-10-14 09:00:00,1.16168,1.16251,1.16101,1.16117,3568.0,,False,5m consistent,1
2021-10-14 10:00:00,1.16116,1.16133,1.16038,1.16113,3450.0,,False,5m consistent,0
2021-10-14 11:00:00,1.16113,1.16162,1.16039,1.16039,3809.0,,False,5m consistent,1
2021-10-14 12:00:00,1.1604,1.16093,1.15985,1.16069,6792.0,,False,5m consistent,0
2021-10-14 13:00:00,1.16071,1.16076,1.15922,1.15976,7239.0,,False,5m consistent,0
2021-10-14 14:00:00,1.15977,1.15994,1.15867,1.15904,4629.0,,False,5m consistent,1
2021-10-14 15:00:00,1.15903,1.15929,1.15846,1.15915,3660.0,,False,5m consistent,1
2021-10-14 22:00:00,1.16009,1.1601,1.15967,1.15984,366.0,,False,5m consistent,0
2021-10-15 06:00:00,1.16061,1.16155,1.16049,1.16151,4437.0,,False,5m consistent,0
2021-10-15 07:00:00,1.1615,1.16158,1.16079,1.16129,4991.0,,False,5m consistent,0
2021-10-15 08:00:00,1.16128,1.16197,1.16001,1.16038,4972.0,,False,5m consistent,1
2021-10-15 10:00:00,1.16039,1.16129,1.16018,1.16107,4162.0,,False,5m consistent,0
2021-10-15 11:00:00,1.16108,1.16116,1.16003,1.16039,4268.0,,False,5m consistent,0
2021-10-15 14:00:00,1.15945,1.1611,1.15899,1.16063,8605.0,,False,5m consistent,0
2021-10-15 18:00:00,1.15973,1.16066,1.15947,1.16062,2294.0,,False,5m consistent,0
2021-10-15 19:00:00,1.16059,1.16067,1.16006,1.16039,1873.0,,False,5m consistent,0
2021-10-18 02:00:00,1.15913,1.15948,1.15906,1.15915,1416.0,,False,5m consistent,0
2021-10-18 05:00:00,1.15794,1.15826,1.15786,1.15791,1148.0,,False,5m consistent,1
2021-10-18 07:00:00,1.15766,1.1594,1.15755,1.15935,6581.0,,False,5m consistent,0
2021-10-18 09:00:00,1.15816,1.15863,1.15783,1.1583,4448.0,,False,5m consistent,1
2021-10-18 14:00:00,1.16019,1.16106,1.15983,1.16023,6186.0,,False,5m consistent,1
2021-10-18 16:00:00,1.16096,1.16226,1.16092,1.16224,2773.0,,False,5m consistent,0
2021-10-19 06:00:00,1.16507,1.16584,1.16469,1.1652,5380.0,,False,5m consistent,1
2021-10-19 08:00:00,1.16543,1.16616,1.16501,1.1661,5016.0,,False,5m consistent,1
2021-10-19 09:00:00,1.16609,1.16703,1.16542,1.16668,4558.0,,False,5m consistent,0
2021-10-19 11:00:00,1.16601,1.1663,1.16549,1.16573,3637.0,,False,5m consistent,0
2021-10-19 13:00:00,1.16464,1.16592,1.16421,1.16563,6450.0,,False,5m consistent,0
2021-10-19 14:00:00,1.16562,1.16586,1.16323,1.16444,6741.0,,False,5m consistent,0
2021-10-19 18:00:00,1.16408,1.16454,1.16392,1.16406,2036.0,,False,5m consistent,0
2021-10-20 01:00:00,1.16354,1.16485,1.16335,1.16429,2845.0,,False,5m consistent,1
2021-10-20 04:00:00,1.16445,1.1652,1.16441,1.16517,1335.0,,False,5m consistent,0
2021-10-20 05:00:00,1.16516,1.1653,1.16453,1.16457,1274.0,,False,5m consistent,0
2021-10-20 06:00:00,1.16459,1.16471,1.1637,1.16396,4480.0,,False,5m consistent,0
2021-10-20 10:00:00,1.16254,1.16356,1.16219,1.16344,3679.0,,False,5m consistent,0
2021-10-20 16:00:00,1.16437,1.16586,1.16428,1.1657,3464.0,,False,5m consistent,0
2021-10-20 18:00:00,1.16534,1.16586,1.16519,1.16564,2566.0,,False,5m consistent,0
2021-10-20 20:00:00,1.16528,1.16533,1.16485,1.16521,798.0,,False,5m consistent,0
2021-10-21 03:00:00,1.16643,1.16684,1.16632,1.16655,1183.0,,False,5m consistent,0
2021-10-21 05:00:00,1.16524,1.16542,1.16489,1.16529,1782.0,,False,5m consistent,0
2021-10-21 06:00:00,1.16527,1.16576,1.16462,1.16479,4435.0,,False,5m consistent,0
2021-10-21 07:00:00,1.16478,1.16479,1.16369,1.16418,5812.0,,False,5m consistent,1
2021-10-21 09:00:00,1.16427,1.16457,1.16386,1.16423,3315.0,,False,5m consistent,1
2021-10-21 11:00:00,1.1641,1.16462,1.16394,1.16427,4147.0,,False,5m consistent,0
2021-10-21 14:00:00,1.16455,1.16524,1.16361,1.1646,7940.0,,False,5m consistent,0
2021-10-21 15:00:00,1.16459,1.16472,1.16385,1.16423,4471.0,,False,5m consistent,0
2021-10-21 16:00:00,1.16422,1.16443,1.16347,1.16366,2586.0,,False,5m consistent,0
2021-10-22 05:00:00,1.1627,1.16304,1.1626,1.16277,871.0,,False,5m consistent,1
2021-10-22 08:00:00,1.16429,1.16473,1.16398,1.16419,4331.0,,False,5m consistent,0
2021-10-22 09:00:00,1.16418,1.16434,1.16344,1.16429,3562.0,,False,5m consistent,0
2021-10-22 10:00:00,1.16431,1.16442,1.16371,1.16375,2874.0,,False,5m consistent,0
2021-10-22 11:00:00,1.16377,1.1645,1.16319,1.16319,3581.0,,False,5m consistent,1
2021-10-22 14:00:00,1.16458,1.1652,1.16415,1.16465,5958.0,,False,5m consistent,0
2021-10-22 15:00:00,1.16463,1.16565,1.16262,1.16327,12005.0,,False,5m consistent,0
2021-10-22 16:00:00,1.16326,1.16356,1.16227,1.16332,5111.0,,False,5m consistent,1
2021-10-25 00:00:00,1.16402,1.16491,1.16398,1.16463,2137.0,,False,5m consistent,1
2021-10-25 03:00:00,1.16492,1.16659,1.16492,1.16647,1392.0,,False,5m consistent,0
2021-10-25 05:00:00,1.16608,1.16609,1.16562,1.16578,892.0,,False,5m consistent,0
2021-10-25 07:00:00,1.16455,1.16651,1.1642,1.16591,5308.0,,False,5m consistent,0
2021-10-25 08:00:00,1.16593,1.16607,1.16462,1.16506,5548.0,,False,5m consistent,0
2021-10-25 09:00:00,1.16506,1.16507,1.16232,1.16275,5681.0,,False,5m consistent,0
2021-10-25 10:00:00,1.16273,1.1628,1.162,1.16246,3918.0,,False,5m consistent,0
2021-10-25 11:00:00,1.16244,1.16275,1.16039,1.16085,5192.0,,False,5m consistent,0
2021-10-25 23:00:00,1.16089,1.16101,1.16069,1.16095,294.0,,False,5m consistent,0
2021-10-26 01:00:00,1.16047,1.16103,1.16029,1.16046,1481.0,,False,5m consistent,1
2021-10-26 06:00:00,1.16035,1.16074,1.16023,1.16054,2890.0,,False,5m consistent,0
2021-10-26 10:00:00,1.16171,1.16255,1.16165,1.16232,3932.0,,False,5m consistent,0
2021-10-26 11:00:00,1.16233,1.16264,1.16167,1.16167,4361.0,,False,5m consistent,1
2021-10-26 12:00:00,1.16168,1.16218,1.16119,1.16187,6777.0,,False,5m consistent,0
2021-10-26 13:00:00,1.16185,1.16232,1.16025,1.16123,6999.0,,False,5m consistent,0
2021-10-26 14:00:00,1.16125,1.16133,1.15913,1.15939,6908.0,,False,5m consistent,1
2021-10-27 00:00:00,1.15973,1.16052,1.15967,1.1603,1521.0,,False,5m consistent,1
2021-10-27 04:00:00,1.1602,1.1606,1.16011,1.1604,537.0,,False,5m consistent,0
2021-10-27 07:00:00,1.16068,1.16138,1.16028,1.16063,5673.0,,False,5m consistent,0
2021-10-27 08:00:00,1.16061,1.16072,1.15927,1.15955,5852.0,,False,5m consistent,0
2021-10-27 12:00:00,1.16054,1.16269,1.16043,1.16188,7508.0,,False,5m consistent,1
2021-10-27 13:00:00,1.16186,1.16222,1.16131,1.16187,7173.0,,False,5m consistent,1
2021-10-27 14:00:00,1.16186,1.16249,1.15956,1.15979,15598.0,,False,5m consistent,1
2021-10-27 17:00:00,1.16094,1.16168,1.16086,1.1616,3861.0,,False,5m consistent,0
2021-10-27 18:00:00,1.16161,1.16169,1.16095,1.16097,2511.0,,False,5m consistent,0
2021-10-27 23:00:00,1.16035,1.16037,1.15992,1.15994,431.0,,False,5m consistent,0
2021-10-28 02:00:00,1.16049,1.16106,1.16034,1.16099,2072.0,,False,5m consistent,0
2021-10-28 04:00:00,1.16063,1.16081,1.16045,1.16074,848.0,,False,5m consistent,0
2021-10-28 05:00:00,1.16076,1.16087,1.16013,1.16017,982.0,,False,5m consistent,1
2021-10-28 07:00:00,1.15991,1.16146,1.1596,1.16094,5687.0,,False,5m consistent,1
2021-10-28 08:00:00,1.16096,1.16153,1.15843,1.15911,6458.0,,False,5m consistent,1
2021-10-28 10:00:00,1.15934,1.1608,1.15915,1.16071,3594.0,,False,5m consistent,1
2021-10-28 11:00:00,1.16074,1.16184,1.15929,1.15978,6318.0,,False,5m consistent,0
2021-10-29 00:00:00,1.16832,1.1691,1.16807,1.16851,2118.0,,False,5m consistent,0
2021-10-29 03:00:00,1.16765,1.16783,1.16742,1.16774,911.0,,False,5m consistent,0
2021-10-29 05:00:00,1.1665,1.1675,1.16645,1.16684,2279.0,,False,5m consistent,1
2021-10-29 07:00:00,1.16638,1.16766,1.1663,1.16712,5410.0,,False,5m consistent,0
2021-10-29 08:00:00,1.16714,1.1672,1.16499,1.16517,5275.0,,False,5m consistent,1
2021-10-29 10:00:00,1.16537,1.16576,1.16491,1.16537,4197.0,,False,5m consistent,0
2021-10-29 11:00:00,1.16536,1.1655,1.16464,1.16478,3904.0,,False,5m consistent,0
2021-10-29 12:00:00,1.16476,1.16489,1.16217,1.16263,11295.0,,False,5m consistent,0
2021-10-29 13:00:00,1.16265,1.16367,1.1619,1.162,8620.0,,False,5m consistent,0
2021-10-29 14:00:00,1.16201,1.16202,1.1566,1.15718,14091.0,,False,5m consistent,0
2021-10-29 15:00:00,1.15719,1.15782,1.15464,1.15505,10797.0,,False,5m consistent,1
2021-11-01 05:00:00,1.15525,1.15647,1.15512,1.15643,1313.0,,False,5m consistent,0
2021-11-01 06:00:00,1.15642,1.15643,1.15547,1.15557,3136.0,,False,5m consistent,1
2021-11-01 08:00:00,1.15644,1.15762,1.15605,1.1573,6139.0,,False,5m consistent,1
2021-11-01 12:00:00,1.15723,1.15808,1.15713,1.15784,6111.0,,False,5m consistent,0
2021-11-01 13:00:00,1.15782,1.15812,1.15698,1.15737,6075.0,,False,5m consistent,1
2021-11-02 05:00:00,1.16045,1.16082,1.16028,1.16081,1149.0,,False,5m consistent,1
2021-11-02 07:00:00,1.16051,1.16143,1.16042,1.16094,3957.0,,False,5m consistent,0
2021-11-02 09:00:00,1.15896,1.16002,1.15866,1.15992,3942.0,,False,5m consistent,1
2021-11-02 10:00:00,1.15993,1.1607,1.1591,1.16069,3693.0,,False,5m consistent,0
2021-11-02 11:00:00,1.16069,1.16069,1.15917,1.16035,4083.0,,False,5m consistent,1
2021-11-02 12:00:00,1.16036,1.16084,1.1598,1.16079,5416.0,,False,5m consistent,0
2021-11-02 13:00:00,1.16077,1.16084,1.15897,1.1592,5416.0,,False,5m consistent,1
2021-11-02 14:00:00,1.15918,1.15993,1.15828,1.15921,6480.0,,False,5m consistent,0
2021-11-02 17:00:00,1.15789,1.15853,1.15777,1.1584,2162.0,,False,5m consistent,1
2021-11-03 05:00:00,1.15846,1.15865,1.15814,1.15863,563.0,,False,5m consistent,1
2021-11-03 06:00:00,1.15861,1.15866,1.15816,1.15836,1160.0,,False,5m consistent,1
2021-11-03 09:00:00,1.15863,1.15986,1.15854,1.15934,3847.0,,False,5m consistent,0
2021-11-03 10:00:00,1.15937,1.15938,1.15799,1.15913,4481.0,,False,5m consistent,0
2021-11-03 11:00:00,1.15911,1.15937,1.15837,1.1588,3144.0,,False,5m consistent,0
2021-11-03 12:00:00,1.15882,1.15905,1.15782,1.15844,6308.0,,False,5m consistent,0
2021-11-03 13:00:00,1.15843,1.15844,1.1569,1.15722,5691.0,,False,5m consistent,0
2021-11-03 15:00:00,1.15789,1.15867,1.15741,1.15853,5363.0,,False,5m consistent,1
2021-11-03 18:00:00,1.1585,1.16173,1.15729,1.1611,26467.0,,False,5m consistent,0
2021-11-04 00:00:00,1.16161,1.1617,1.16122,1.16132,978.0,,False,5m consistent,0
2021-11-04 02:00:00,1.16048,1.16076,1.1601,1.16055,787.0,,False,5m consistent,0
2021-11-04 05:00:00,1.15914,1.15928,1.15862,1.15897,1029.0,,False,5m consistent,0
2021-11-04 06:00:00,1.15896,1.15896,1.15785,1.15788,2605.0,,False,5m consistent,0
2021-11-04 07:00:00,1.15787,1.15829,1.15706,1.15721,3717.0,,False,5m consistent,0
2021-11-04 09:00:00,1.15538,1.15557,1.15482,1.15536,4060.0,,False,5m consistent,0
2021-11-04 11:00:00,1.15463,1.15554,1.15451,1.15552,4324.0,,False,5m consistent,1
2021-11-04 12:00:00,1.1555,1.15637,1.15456,1.15631,11247.0,,False,5m consistent,1
2021-11-04 13:00:00,1.15632,1.15739,1.15538,1.15541,7619.0,,False,5m consistent,0
2021-11-04 14:00:00,1.15542,1.15572,1.15405,1.15452,9239.0,,False,5m consistent,0
2021-11-04 23:00:00,1.15537,1.15562,1.15497,1.15562,521.0,,False,5m consistent,0
2021-11-05 00:00:00,1.15561,1.15568,1.15481,1.15523,1077.0,,False,5m consistent,0
2021-11-05 01:00:00,1.15523,1.15536,1.1546,1.15514,1990.0,,False,5m consistent,0
2021-11-05 07:00:00,1.15553,1.15638,1.15535,1.15612,3221.0,,False,5m consistent,0
2021-11-05 08:00:00,1.15611,1.15621,1.1548,1.15501,6068.0,,False,5m consistent,0
2021-11-05 09:00:00,1.15499,1.15503,1.15401,1.15435,5021.0,,False,5m consistent,0
2021-11-05 10:00:00,1.15433,1.15435,1.15321,1.15372,4786.0,,False,5m consistent,1
2021-11-05 16:00:00,1.15532,1.15674,1.15499,1.15642,5207.0,,False,5m consistent,0
2021-11-05 17:00:00,1.15641,1.15691,1.15573,1.15575,3082.0,,False,5m consistent,1
2021-11-08 06:00:00,1.15608,1.15695,1.15607,1.15643,1687.0,,False,5m consistent,0
2021-11-08 07:00:00,1.15646,1.15669,1.15517,1.15604,3394.0,,False,5m consistent,1
2021-11-08 08:00:00,1.15604,1.15747,1.15513,1.15711,5738.0,,False,5m consistent,0
2021-11-08 12:00:00,1.15721,1.1581,1.15717,1.15768,4533.0,,False,5m consistent,0
2021-11-08 16:00:00,1.15897,1.15957,1.15855,1.15917,3619.0,,False,5m consistent,0
2021-11-08 19:00:00,1.15882,1.15908,1.15867,1.159,1202.0,,False,5m consistent,0
2021-11-08 23:00:00,1.15867,1.15887,1.15856,1.15885,383.0,,False,5m consistent,0
2021-11-09 06:00:00,1.16004,1.16071,1.15979,1.15982,2496.0,,False,5m consistent,0
2021-11-09 07:00:00,1.15982,1.1604,1.15916,1.15971,3486.0,,False,5m consistent,0
2021-11-09 08:00:00,1.15972,1.15977,1.15811,1.15903,4585.0,,False,5m consistent,1
2021-11-09 10:00:00,1.15943,1.15992,1.15907,1.15914,3540.0,,False,5m consistent,0
2021-11-09 11:00:00,1.15916,1.15968,1.1579,1.15805,4363.0,,False,5m consistent,0
2021-11-09 13:00:00,1.1573,1.15974,1.15705,1.1597,7403.0,,False,5m consistent,1
2021-11-09 14:00:00,1.15969,1.16096,1.15878,1.16012,8316.0,,False,5m consistent,0
2021-11-09 15:00:00,1.16011,1.16029,1.15763,1.15855,9879.0,,False,5m consistent,0
2021-11-10 01:00:00,1.15922,1.1596,1.15891,1.15923,1270.0,,False,5m consistent,0
2021-11-10 04:00:00,1.1585,1.15856,1.15824,1.1585,719.0,,False,5m consistent,0
2021-11-10 06:00:00,1.15782,1.15829,1.15776,1.15808,1882.0,,False,5m consistent,0
2021-11-10 07:00:00,1.15811,1.15811,1.15588,1.15693,4825.0,,False,5m consistent,0
2021-11-10 09:00:00,1.15647,1.15831,1.15603,1.15785,5989.0,,False,5m consistent,0
2021-11-10 10:00:00,1.15784,1.1582,1.15722,1.15728,3552.0,,False,5m consistent,0
2021-11-10 12:00:00,1.15501,1.15599,1.15459,1.15589,4940.0,,False,5m consistent,0
2021-11-10 14:00:00,1.15541,1.15753,1.15502,1.15618,14255.0,,False,5m consistent,0
2021-11-10 16:00:00,1.15192,1.15357,1.15153,1.15201,7297.0,,False,5m consistent,0
2021-11-10 17:00:00,1.152,1.15202,1.15063,1.15131,4856.0,,False,5m consistent,0
2021-11-10 18:00:00,1.15133,1.15165,1.14828,1.14994,10455.0,,False,5m consistent,0
2021-11-11 01:00:00,1.14812,1.14847,1.1474,1.14801,1740.0,,False,5m consistent,0
2021-11-11 06:00:00,1.148,1.14858,1.14779,1.14808,1425.0,,False,5m consistent,0
2021-11-11 08:00:00,1.1461,1.14775,1.14546,1.14724,4820.0,,False,5m consistent,0
2021-11-11 10:00:00,1.14638,1.14755,1.14604,1.14624,4182.0,,False,5m consistent,1
2021-11-11 11:00:00,1.14624,1.14733,1.1455,1.14707,3845.0,,False,5m consistent,0
2021-11-11 15:00:00,1.14698,1.14779,1.14626,1.14711,4758.0,,False,5m consistent,0
2021-11-11 16:00:00,1.1471,1.14717,1.14601,1.14639,3273.0,,False,5m consistent,0
2021-11-11 23:00:00,1.14502,1.14503,1.14473,1.14485,471.0,,False,5m consistent,0
2021-11-12 07:00:00,1.1446,1.14569,1.1442,1.14515,2808.0,,False,5m consistent,1
2021-11-12 08:00:00,1.14517,1.14561,1.1444,1.14549,4735.0,,False,5m consistent,0
2021-11-12 09:00:00,1.14548,1.14551,1.14382,1.14434,4946.0,,False,5m consistent,1
2021-11-12 13:00:00,1.14484,1.14543,1.14456,1.14466,5074.0,,False,5m consistent,0
2021-11-15 05:00:00,1.14563,1.14638,1.1456,1.14608,856.0,,False,5m consistent,0
2021-11-15 06:00:00,1.14612,1.14629,1.14543,1.14595,1484.0,,False,5m consistent,0
2021-11-15 07:00:00,1.14595,1.1462,1.14497,1.1451,3135.0,,False,5m consistent,0
2021-11-15 10:00:00,1.14492,1.14575,1.14453,1.14485,3516.0,,False,5m consistent,1
2021-11-15 11:00:00,1.14483,1.1456,1.14432,1.14508,3580.0,,False,5m consistent,0
2021-11-15 13:00:00,1.14415,1.14489,1.14401,1.14464,5604.0,,False,5m consistent,0
2021-11-15 14:00:00,1.14466,1.14468,1.14349,1.14384,7758.0,,False,5m consistent,1
2021-11-15 16:00:00,1.14208,1.14249,1.14158,1.14219,5926.0,,False,5m consistent,0
2021-11-15 17:00:00,1.14218,1.14219,1.13815,1.13862,7657.0,,False,5m consistent,1
2021-11-15 19:00:00,1.13853,1.13908,1.1385,1.13863,2398.0,,False,5m consistent,0
2021-11-15 22:00:00,1.13719,1.13735,1.13661,1.13699,244.0,,False,5m consistent,1
2021-11-16 04:00:00,1.13832,1.13849,1.13799,1.13844,1025.0,,False,5m consistent,0
2021-11-16 06:00:00,1.13781,1.13831,1.13752,1.13786,1602.0,,False,5m consistent,0
2021-11-16 07:00:00,1.13784,1.13807,1.1369,1.13803,4462.0,,False,5m consistent,0
2021-11-16 08:00:00,1.13804,1.13805,1.13696,1.13757,4224.0,,False,5m consistent,0
2021-11-16 09:00:00,1.13756,1.13758,1.13584,1.13618,4603.0,,False,5m consistent,1
2021-11-16 11:00:00,1.13625,1.13732,1.13607,1.13679,4346.0,,False,5m consistent,1
2021-11-16 13:00:00,1.13634,1.13758,1.13586,1.13628,7412.0,,False,5m consistent,0
2021-11-16 15:00:00,1.13446,1.13541,1.13414,1.13508,8856.0,,False,5m consistent,0
2021-11-16 16:00:00,1.13509,1.13565,1.13325,1.13346,5770.0,,False,5m consistent,0
2021-11-16 18:00:00,1.13283,1.13351,1.13214,1.13277,3255.0,,False,5m consistent,0
2021-11-16 22:00:00,1.13234,1.13268,1.13212,1.13231,254.0,,False,5m consistent,0
2021-11-17 02:00:00,1.1324,1.13249,1.13195,1.13226,1202.0,,False,5m consistent,0
2021-11-17 08:00:00,1.13035,1.13216,1.12998,1.1318,5888.0,,False,5m consistent,1
2021-11-17 11:00:00,1.13085,1.13253,1.13079,1.13253,3421.0,,False,5m consistent,0
2021-11-17 12:00:00,1.13252,1.1333,1.13165,1.13176,4553.0,,False,5m consistent,0
2021-11-17 14:00:00,1.12998,1.13216,1.12983,1.13189,6776.0,,False,5m consistent,0
2021-11-18 02:00:00,1.13251,1.13389,1.13249,1.13351,2217.0,,False,5m consistent,0
2021-11-18 04:00:00,1.13291,1.13314,1.13258,1.13259,721.0,,False,5m consistent,0
2021-11-18 07:00:00,1.13201,1.13393,1.13152,1.13356,3842.0,,False,5m consistent,1
2021-11-18 08:00:00,1.13355,1.13406,1.13266,1.13344,4825.0,,False,5m consistent,1
2021-11-18 11:00:00,1.1338,1.13483,1.1338,1.13451,3737.0,,False,5m consistent,1
2021-11-18 12:00:00,1.13449,1.13491,1.13381,1.13406,3379.0,,False,5m consistent,0
2021-11-18 13:00:00,1.13407,1.13482,1.1329,1.13355,6715.0,,False,5m consistent,1
2021-11-19 00:00:00,1.13689,1.13701,1.13635,1.13656,812.0,,False,5m consistent,0
2021-11-19 06:00:00,1.13534,1.13613,1.1352,1.13593,1401.0,,False,5m consistent,0
2021-11-19 07:00:00,1.13595,1.13595,1.13444,1.13444,3239.0,,False,5m consistent,0
2021-11-19 08:00:00,1.13447,1.13462,1.13239,1.13246,6872.0,,False,5m consistent,0
2021-11-19 09:00:00,1.13245,1.13246,1.12838,1.13001,12627.0,,False,5m consistent,1
2021-11-19 10:00:00,1.13001,1.13059,1.12846,1.13015,7787.0,,False,5m consistent,0
2021-11-19 11:00:00,1.13016,1.13037,1.12853,1.12907,5721.0,,False,5m consistent,0
2021-11-19 16:00:00,1.13183,1.13229,1.13135,1.1319,5485.0,,False,5m consistent,0
2021-11-19 17:00:00,1.1319,1.13203,1.1293,1.1299,6994.0,,False,5m consistent,0
2021-11-22 04:00:00,1.12715,1.12797,1.12711,1.12789,1413.0,,False,5m consistent,0
2021-11-22 05:00:00,1.12791,1.12791,1.12706,1.12785,996.0,,False,5m consistent,0
2021-11-22 10:00:00,1.12808,1.12912,1.12792,1.12869,4878.0,,False,5m consistent,0
2021-11-22 13:00:00,1.1277,1.12815,1.12737,1.1281,6005.0,,False,5m consistent,0
2021-11-22 14:00:00,1.12809,1.1281,1.12369,1.12584,15388.0,,False,5m consistent,0
2021-11-22 16:00:00,1.12475,1.12662,1.12471,1.12622,7114.0,,False,5m consistent,0
2021-11-22 17:00:00,1.12621,1.12626,1.12463,1.12492,4076.0,,False,5m consistent,0
2021-11-22 18:00:00,1.12491,1.12508,1.12385,1.12408,3271.0,,False,5m consistent,1
2021-11-23 01:00:00,1.12414,1.12447,1.12376,1.12383,976.0,,False,5m consistent,0
2021-11-23 06:00:00,1.12351,1.12412,1.12329,1.12412,1528.0,,False,5m consistent,1
2021-11-23 07:00:00,1.12414,1.12651,1.12348,1.1254,8275.0,,False,5m consistent,0
2021-11-23 08:00:00,1.12538,1.12699,1.124,1.12681,9988.0,,False,5m consistent,0
2021-11-23 10:00:00,1.12601,1.12698,1.12546,1.1255,3952.0,,False,5m consistent,0
2021-11-23 11:00:00,1.12551,1.12622,1.12426,1.12439,6000.0,,False,5m consistent,1
2021-11-23 13:00:00,1.12413,1.12603,1.12411,1.12527,8277.0,,False,5m consistent,1
2021-11-23 16:00:00,1.12649,1.12721,1.12615,1.12645,7347.0,,False,5m consistent,0
2021-11-23 17:00:00,1.12646,1.12676,1.12544,1.12551,4544.0,,False,5m consistent,0
2021-11-24 06:00:00,1.12404,1.12482,1.12398,1.12477,2184.0,,False,5m consistent,1
2021-11-24 07:00:00,1.12476,1.12482,1.12411,1.12462,3658.0,,False,5m consistent,1
2021-11-24 08:00:00,1.12463,1.12561,1.12207,1.12231,6340.0,,False,5m consistent,0
2021-11-24 11:00:00,1.12095,1.1221,1.12089,1.12181,3940.0,,False,5m consistent,0
2021-11-24 12:00:00,1.12179,1.12204,1.12066,1.12082,4917.0,,False,5m consistent,1
2021-11-24 13:00:00,1.1208,1.12157,1.11929,1.12074,11232.0,,False,5m consistent,0
2021-11-24 14:00:00,1.12076,1.1217,1.11868,1.12053,14045.0,,False,5m consistent,0
2021-11-24 15:00:00,1.12051,1.1214,1.11924,1.11968,11734.0,,False,5m consistent,1
2021-11-25 08:00:00,1.12163,1.12272,1.12153,1.12263,3187.0,,False,5m consistent,0
2021-11-25 10:00:00,1.12237,1.12301,1.12189,1.1223,2223.0,,False,5m consistent,1
2021-11-25 13:00:00,1.12165,1.12276,1.12161,1.12195,2984.0,,False,5m consistent,0
2021-11-25 14:00:00,1.12196,1.12229,1.12138,1.12181,2693.0,,False,5m consistent,0
2021-11-25 16:00:00,1.12103,1.1216,1.12093,1.12126,1559.0,,False,5m consistent,0
2021-11-26 01:00:00,1.12191,1.12257,1.12153,1.12187,2716.0,,False,5m consistent,1
2021-11-26 02:00:00,1.12186,1.12256,1.12133,1.12244,2265.0,,False,5m consistent,1
2021-11-26 10:00:00,1.12653,1.1286,1.12587,1.12849,9003.0,,False,5m consistent,1
2021-11-26 12:00:00,1.12788,1.12962,1.12749,1.12925,8036.0,,False,5m consistent,1
2021-11-26 13:00:00,1.12924,1.12978,1.12791,1.12938,9867.0,,False,5m consistent,1
2021-11-26 15:00:00,1.12942,1.13222,1.129,1.13174,12640.0,,False,5m consistent,0
2021-11-26 16:00:00,1.13175,1.13219,1.13009,1.1302,10442.0,,False,5m consistent,1
2021-11-29 03:00:00,1.12835,1.1286,1.1279,1.12819,2308.0,,False,5m consistent,1
2021-11-29 06:00:00,1.12787,1.12859,1.12723,1.12732,5433.0,,False,5m consistent,1
2021-11-29 11:00:00,1.12855,1.12957,1.12855,1.12931,4000.0,,False,5m consistent,0
2021-11-29 12:00:00,1.12929,1.12948,1.12792,1.12803,4847.0,,False,5m consistent,0
2021-11-29 23:00:00,1.1292,1.13014,1.12901,1.12935,761.0,,False,5m consistent,1
2021-11-30 06:00:00,1.13121,1.13282,1.13084,1.13236,4561.0,,False,5m consistent,1
2021-11-30 10:00:00,1.13647,1.13735,1.1358,1.13632,4567.0,,False,5m consistent,0
2021-11-30 14:00:00,1.13669,1.13836,1.13627,1.13792,6931.0,,False,5m consistent,1
2021-12-01 00:00:00,1.13309,1.1337,1.1329,1.13323,1584.0,,False,5m consistent,1
2021-12-01 06:00:00,1.1338,1.13382,1.13306,1.1333,1993.0,,False,5m consistent,0
2021-12-01 07:00:00,1.1333,1.13449,1.13178,1.13415,4948.0,,False,5m consistent,0
2021-12-01 14:00:00,1.13382,1.13572,1.13354,1.13537,6714.0,,False,5m consistent,0
2021-12-01 15:00:00,1.13539,1.13587,1.13343,1.13352,8876.0,,False,5m consistent,0
2021-12-01 18:00:00,1.13243,1.13292,1.13189,1.13288,4223.0,,False,5m consistent,0
2021-12-02 03:00:00,1.13339,1.13361,1.13313,1.13313,605.0,,False,5m consistent,0
2021-12-02 06:00:00,1.1319,1.13272,1.1319,1.13227,1240.0,,False,5m consistent,0
2021-12-02 08:00:00,1.13109,1.13284,1.13107,1.13258,3916.0,,False,5m consistent,1
2021-12-02 11:00:00,1.13331,1.13449,1.13326,1.13407,2575.0,,False,5m consistent,1
2021-12-02 12:00:00,1.13409,1.13485,1.1334,1.13432,4687.0,,False,5m consistent,0
2021-12-02 14:00:00,1.13348,1.13482,1.1332,1.1339,7589.0,,False,5m consistent,0
2021-12-02 15:00:00,1.13389,1.13401,1.13137,1.13183,6678.0,,False,5m consistent,0
2021-12-02 16:00:00,1.13184,1.13213,1.13059,1.13086,5526.0,,False,5m consistent,0
2021-12-02 18:00:00,1.13031,1.13049,1.12967,1.13044,2721.0,,False,5m consistent,1
2021-12-03 00:00:00,1.1307,1.13085,1.13014,1.1302,722.0,,False,5m consistent,0
2021-12-03 01:00:00,1.13021,1.1303,1.12915,1.12996,1370.0,,False,5m consistent,1
2021-12-03 05:00:00,1.12984,1.13032,1.12973,1.13,854.0,,False,5m consistent,0
2021-12-03 07:00:00,1.12838,1.12944,1.12825,1.1293,3005.0,,False,5m consistent,1
2021-12-03 10:00:00,1.12981,1.13153,1.12957,1.13091,2929.0,,False,5m consistent,1
2021-12-03 11:00:00,1.1309,1.1317,1.13023,1.13093,3454.0,,False,5m consistent,0
2021-12-03 12:00:00,1.13094,1.13145,1.12951,1.12973,3439.0,,False,5m consistent,1
2021-12-03 13:00:00,1.12971,1.13347,1.12889,1.1311,12281.0,,False,5m consistent,0
2021-12-03 14:00:00,1.13108,1.13115,1.12851,1.1294,11718.0,,False,5m consistent,0
2021-12-03 18:00:00,1.13114,1.1328,1.13087,1.13252,3108.0,,False,5m consistent,0
2021-12-03 19:00:00,1.13253,1.13273,1.13126,1.13126,2647.0,,False,5m consistent,1
2021-12-06 08:00:00,1.1276,1.12938,1.12755,1.12935,3503.0,,False,5m consistent,1
2021-12-06 13:00:00,1.12923,1.12987,1.12858,1.12978,4029.0,,False,5m consistent,0
2021-12-06 14:00:00,1.12976,1.13087,1.12839,1.12919,7073.0,,False,5m consistent,0
2021-12-07 06:00:00,1.12882,1.12973,1.1288,1.12949,1711.0,,False,5m consistent,1
2021-12-07 07:00:00,1.1295,1.12992,1.12877,1.12895,3540.0,,False,5m consistent,1
2021-12-07 08:00:00,1.12893,1.12955,1.12748,1.12758,4679.0,,False,5m consistent,0
2021-12-07 09:00:00,1.12757,1.12791,1.12542,1.12756,5421.0,,False,5m consistent,0
2021-12-07 11:00:00,1.12612,1.12675,1.12555,1.12584,3824.0,,False,5m consistent,0
2021-12-07 12:00:00,1.12585,1.12606,1.12519,1.12532,4082.0,,False,5m consistent,0
2021-12-07 15:00:00,1.12462,1.12556,1.12411,1.12466,6685.0,,False,5m consistent,1
2021-12-08 05:00:00,1.12912,1.12965,1.12896,1.12944,1147.0,,False,5m consistent,0
2021-12-08 06:00:00,1.12943,1.12962,1.12881,1.12894,1449.0,,False,5m consistent,1
2021-12-08 07:00:00,1.12897,1.12947,1.12846,1.1287,2664.0,,False,5m consistent,1
2021-12-08 09:00:00,1.12841,1.12884,1.12827,1.12858,3585.0,,False,5m consistent,0
2021-12-08 10:00:00,1.12857,1.13009,1.12733,1.12928,5473.0,,False,5m consistent,0
2021-12-08 11:00:00,1.12929,1.12951,1.12691,1.12771,7591.0,,False,5m consistent,1
2021-12-08 13:00:00,1.12917,1.13184,1.12887,1.13171,8337.0,,False,5m consistent,0
2021-12-08 23:00:00,1.13438,1.13462,1.13412,1.13449,558.0,,False,5m consistent,0
2021-12-09 00:00:00,1.13448,1.13452,1.13374,1.13405,941.0,,False,5m consistent,0
2021-12-09 04:00:00,1.13353,1.13378,1.13331,1.13369,770.0,,False,5m consistent,0
2021-12-09 06:00:00,1.13275,1.13346,1.13274,1.13287,1113.0,,False,5m consistent,0
2021-12-09 08:00:00,1.13209,1.13277,1.13173,1.13232,3759.0,,False,5m consistent,0
2021-12-09 09:00:00,1.13233,1.13246,1.13162,1.13199,3121.0,,False,5m consistent,1
2021-12-09 11:00:00,1.13148,1.13235,1.13135,1.13176,3897.0,,False,5m consistent,0
2021-12-09 13:00:00,1.13104,1.13214,1.13092,1.13173,6225.0,,False,5m consistent,0
2021-12-09 14:00:00,1.13172,1.13203,1.13007,1.13028,6316.0,,False,5m consistent,0
2021-12-09 17:00:00,1.12859,1.12952,1.12848,1.12907,1618.0,,False,5m consistent,1
2021-12-09 18:00:00,1.12907,1.12948,1.12832,1.12945,3298.0,,False,5m consistent,1
2021-12-09 23:00:00,1.12947,1.12991,1.12934,1.12945,495.0,,False,5m consistent,1
2021-12-10 06:00:00,1.12958,1.13019,1.12957,1.12986,1218.0,,False,5m consistent,0
2021-12-10 07:00:00,1.12988,1.12988,1.12872,1.1295,2452.0,,False,5m consistent,0
2021-12-10 08:00:00,1.12948,1.12979,1.12853,1.12865,3574.0,,False,5m consistent,0
2021-12-10 09:00:00,1.12866,1.1289,1.12813,1.12829,2610.0,,False,5m consistent,0
2021-12-10 12:00:00,1.12683,1.12801,1.12682,1.128,2885.0,,False,5m consistent,0
2021-12-10 13:00:00,1.12798,1.13105,1.12679,1.12943,9470.0,,False,5m consistent,1
2021-12-13 01:00:00,1.13093,1.13139,1.13037,1.13062,1379.0,,False,5m consistent,0
2021-12-13 05:00:00,1.12955,1.13005,1.12951,1.1298,756.0,,False,5m consistent,0
2021-12-13 07:00:00,1.12859,1.12925,1.12845,1.12912,2471.0,,False,5m consistent,0
2021-12-13 08:00:00,1.12913,1.12935,1.12749,1.1275,3524.0,,False,5m consistent,0
2021-12-13 10:00:00,1.1269,1.12736,1.12633,1.12714,2873.0,,False,5m consistent,1
2021-12-13 14:00:00,1.12849,1.12984,1.12803,1.12878,5694.0,,False,5m consistent,0
2021-12-13 18:00:00,1.1294,1.13006,1.12921,1.12956,1571.0,,False,5m consistent,0
2021-12-13 23:00:00,1.12838,1.12849,1.1282,1.12841,646.0,,False,5m consistent,0
2021-12-14 02:00:00,1.12829,1.12844,1.12794,1.12836,1148.0,,False,5m consistent,0
2021-12-14 06:00:00,1.12787,1.12841,1.1276,1.12782,897.0,,False,5m consistent,0
2021-12-14 11:00:00,1.13161,1.13245,1.13133,1.13194,3240.0,,False,5m consistent,0
2021-12-14 13:00:00,1.13102,1.13183,1.13054,1.13091,4582.0,,False,5m consistent,0
2021-12-14 14:00:00,1.1309,1.13094,1.12962,1.13013,5682.0,,False,5m consistent,0
2021-12-14 15:00:00,1.13015,1.1303,1.12718,1.12735,5166.0,,False,5m consistent,1
2021-12-14 17:00:00,1.1267,1.12775,1.1267,1.12726,2409.0,,False,5m consistent,0
2021-12-14 18:00:00,1.12725,1.12727,1.12648,1.12657,1244.0,,False,5m consistent,0
2021-12-15 01:00:00,1.12661,1.12707,1.1265,1.12689,987.0,,False,5m consistent,0
2021-12-15 06:00:00,1.12698,1.12774,1.12694,1.12761,956.0,,False,5m consistent,0
2021-12-15 09:00:00,1.12731,1.1278,1.12705,1.12725,2705.0,,False,5m consistent,0
2021-12-15 10:00:00,1.12723,1.12776,1.1264,1.1268,2038.0,,False,5m consistent,1
2021-12-15 11:00:00,1.12681,1.12706,1.12631,1.12705,2138.0,,False,5m consistent,0
2021-12-15 12:00:00,1.12707,1.12766,1.1261,1.12639,3428.0,,False,5m consistent,1
2021-12-15 13:00:00,1.12641,1.12749,1.12565,1.12742,5667.0,,False,5m consistent,0
2021-12-15 14:00:00,1.12742,1.12753,1.12508,1.12593,7028.0,,False,5m consistent,0
2021-12-15 17:00:00,1.12606,1.12663,1.12587,1.12609,1923.0,,False,5m consistent,0
2021-12-15 18:00:00,1.12611,1.12625,1.12547,1.12619,1572.0,,False,5m consistent,0
2021-12-15 19:00:00,1.12615,1.12761,1.12226,1.12733,22213.0,,False,5m consistent,1
2021-12-15 23:00:00,1.12961,1.12994,1.12903,1.12912,616.0,,False,5m consistent,1
2021-12-16 08:00:00,1.13059,1.13195,1.13025,1.13187,5048.0,,False,5m consistent,0
2021-12-16 09:00:00,1.13191,1.13198,1.13124,1.1314,3834.0,,False,5m consistent,0
2021-12-16 10:00:00,1.1314,1.13155,1.12969,1.13004,3482.0,,False,5m consistent,1
2021-12-16 13:00:00,1.13287,1.13602,1.13254,1.13599,9322.0,,False,5m consistent,0
2021-12-16 14:00:00,1.136,1.13611,1.1324,1.13279,10891.0,,False,5m consistent,0
2021-12-17 00:00:00,1.13348,1.13359,1.1328,1.13294,1051.0,,False,5m consistent,1
2021-12-17 05:00:00,1.13361,1.13497,1.1336,1.1349,1292.0,,False,5m consistent,0
2021-12-17 06:00:00,1.13489,1.13494,1.13342,1.13347,1131.0,,False,5m consistent,0
2021-12-17 08:00:00,1.13188,1.13383,1.13186,1.13364,4329.0,,False,5m consistent,0
2021-12-17 09:00:00,1.13365,1.13404,1.13276,1.13351,4329.0,,False,5m consistent,0
2021-12-17 10:00:00,1.13349,1.13349,1.13229,1.1326,3718.0,,False,5m consistent,0
2021-12-17 12:00:00,1.13192,1.13335,1.13132,1.1331,3186.0,,False,5m consistent,0
2021-12-17 13:00:00,1.13312,1.13336,1.13058,1.1308,4438.0,,False,5m consistent,0
2021-12-17 14:00:00,1.13081,1.13165,1.12933,1.13073,6166.0,,False,5m consistent,0
2021-12-17 16:00:00,1.12749,1.12802,1.12677,1.12775,4893.0,,False,5m consistent,0
2021-12-17 17:00:00,1.12776,1.12776,1.12675,1.12689,2164.0,,False,5m consistent,0
2021-12-17 19:00:00,1.12541,1.12596,1.12518,1.1253,1753.0,,False,5m consistent,0
2021-12-20 08:00:00,1.12561,1.12714,1.12509,1.12686,4324.0,,False,5m consistent,0
2021-12-20 14:00:00,1.12941,1.13017,1.12916,1.12997,6477.0,,False,5m consistent,1
2021-12-20 16:00:00,1.12896,1.13044,1.1289,1.12971,4214.0,,False,5m consistent,0
2021-12-20 21:00:00,1.12786,1.12813,1.12754,1.12775,564.0,,False,5m consistent,0
2021-12-21 08:00:00,1.12888,1.13033,1.12853,1.13012,5040.0,,False,5m consistent,0
2021-12-21 09:00:00,1.13014,1.13033,1.12926,1.1296,3406.0,,False,5m consistent,0
2021-12-21 10:00:00,1.12961,1.12987,1.1289,1.12913,2965.0,,False,5m consistent,0
2021-12-21 12:00:00,1.12861,1.12969,1.12835,1.12952,3095.0,,False,5m consistent,0
2021-12-21 13:00:00,1.1295,1.13021,1.12892,1.12914,3821.0,,False,5m consistent,0
2021-12-21 14:00:00,1.12915,1.12927,1.12716,1.12739,5147.0,,False,5m consistent,0
2021-12-21 21:00:00,1.12834,1.12856,1.128,1.1285,450.0,,False,5m consistent,0
2021-12-21 23:00:00,1.12821,1.12881,1.12817,1.12881,429.0,,False,5m consistent,1
2021-12-22 01:00:00,1.12833,1.12949,1.12831,1.12878,897.0,,False,5m consistent,0
2021-12-22 04:00:00,1.12769,1.12769,1.12717,1.12746,384.0,,False,5m consistent,0
2021-12-22 05:00:00,1.12745,1.12758,1.12691,1.12718,817.0,,False,5m consistent,1
2021-12-22 12:00:00,1.13019,1.13103,1.13008,1.13047,3432.0,,False,5m consistent,1
2021-12-22 13:00:00,1.13046,1.13159,1.12987,1.13125,4366.0,,False,5m consistent,1
2021-12-22 20:00:00,1.13331,1.13395,1.13313,1.13389,1142.0,,False,5m consistent,0
2021-12-22 21:00:00,1.1339,1.13392,1.13283,1.13285,509.0,,False,5m consistent,0
2021-12-23 06:00:00,1.13385,1.13414,1.13351,1.13368,534.0,,False,5m consistent,0
2021-12-23 07:00:00,1.13366,1.13399,1.13272,1.1329,1543.0,,False,5m consistent,0
2021-12-23 10:00:00,1.13214,1.13312,1.13203,1.13274,2100.0,,False,5m consistent,1
2021-12-23 11:00:00,1.13272,1.13302,1.13189,1.13245,3769.0,,False,5m consistent,0
2021-12-23 12:00:00,1.13244,1.13271,1.13035,1.13078,4335.0,,False,5m consistent,1
2021-12-23 13:00:00,1.13079,1.13139,1.12984,1.13,4790.0,,False,5m consistent,1
2021-12-23 17:00:00,1.13206,1.13374,1.13188,1.13373,2016.0,,False,5m consistent,0
2021-12-23 20:00:00,1.13347,1.1336,1.13329,1.1335,502.0,,False,5m consistent,0
2021-12-23 22:00:00,1.13305,1.13361,1.13293,1.13309,71.0,,False,5m consistent,1
2021-12-24 04:00:00,1.13294,1.1336,1.13293,1.13354,678.0,,False,5m consistent,0
2021-12-24 09:00:00,1.13372,1.13424,1.13366,1.13414,583.0,,False,5m consistent,0
2021-12-24 10:00:00,1.13412,1.13444,1.13369,1.13422,1099.0,,False,5m consistent,0
2021-12-24 11:00:00,1.13419,1.13422,1.13273,1.13282,1234.0,,False,5m consistent,0
2021-12-24 12:00:00,1.13282,1.13335,1.13146,1.13235,1161.0,,False,5m consistent,1
2021-12-24 14:00:00,1.13226,1.13302,1.13197,1.13275,949.0,,False,5m consistent,0
2021-12-24 17:00:00,1.13143,1.13188,1.13107,1.13177,625.0,,False,5m consistent,0
2021-12-24 18:00:00,1.13172,1.13298,1.13115,1.13252,1911.0,,False,5m consistent,0
2022-01-10 01:00:00,1.13558,1.13573,1.13507,1.1351,904.0,,False,5m consistent,0
2022-01-10 05:00:00,1.13348,1.13361,1.13328,1.13356,441.0,,False,5m consistent,0
2022-01-10 06:00:00,1.13358,1.1336,1.13273,1.13342,806.0,,False,5m consistent,0
2022-01-10 07:00:00,1.13344,1.1337,1.1328,1.13298,2784.0,,False,5m consistent,1
2022-01-10 08:00:00,1.133,1.13367,1.13215,1.13363,5035.0,,False,5m consistent,0
2022-01-10 10:00:00,1.13272,1.13351,1.13233,1.13303,3795.0,,False,5m consistent,1
2022-01-10 11:00:00,1.13302,1.13372,1.13231,1.13261,3733.0,,False,5m consistent,0
2022-01-10 12:00:00,1.13259,1.13302,1.13125,1.13168,4678.0,,False,5m consistent,0
2022-01-10 13:00:00,1.13169,1.1325,1.12956,1.12978,7345.0,,False,5m consistent,1
2022-01-10 17:00:00,1.13282,1.13356,1.13281,1.13294,2620.0,,False,5m consistent,1
2022-01-10 21:00:00,1.13268,1.1331,1.13258,1.13288,592.0,,False,5m consistent,0
2022-01-11 05:00:00,1.13418,1.13451,1.13393,1.13397,561.0,,False,5m consistent,1
2022-01-11 08:00:00,1.13422,1.13525,1.134,1.135,3906.0,,False,5m consistent,0
2022-01-11 09:00:00,1.13501,1.13527,1.13296,1.13342,3638.0,,False,5m consistent,1
2022-01-11 11:00:00,1.13313,1.13445,1.13267,1.13396,2784.0,,False,5m consistent,0
2022-01-11 12:00:00,1.13395,1.13429,1.13312,1.13319,3636.0,,False,5m consistent,0
2022-01-11 13:00:00,1.1332,1.13393,1.13242,1.13267,3974.0,,False,5m consistent,0
2022-01-11 16:00:00,1.13411,1.13694,1.13411,1.13627,5430.0,,False,5m consistent,1
2022-01-12 00:00:00,1.13666,1.13743,1.13666,1.13715,599.0,,False,5m consistent,1
2022-01-12 05:00:00,1.13734,1.1379,1.13734,1.1374,766.0,,False,5m consistent,0
2022-01-12 06:00:00,1.13742,1.13759,1.13652,1.13652,718.0,,False,5m consistent,0
2022-01-12 09:00:00,1.13678,1.13743,1.13631,1.13681,2699.0,,False,5m consistent,0
2022-01-12 13:00:00,1.13641,1.14159,1.13622,1.14106,11710.0,,False,5m consistent,0
2022-01-12 20:00:00,1.14506,1.14517,1.14451,1.14506,1593.0,,False,5m consistent,0
2022-01-13 02:00:00,1.14401,1.14467,1.14391,1.14429,825.0,,False,5m consistent,1
2022-01-13 08:00:00,1.14656,1.14791,1.1463,1.14671,4781.0,,False,5m consistent,1
2022-01-13 09:00:00,1.14673,1.14755,1.14593,1.14721,3746.0,,False,5m consistent,0
2022-01-13 11:00:00,1.14614,1.14706,1.14592,1.14632,3125.0,,False,5m consistent,1
2022-01-13 14:00:00,1.14729,1.14825,1.14689,1.14745,5810.0,,False,5m consistent,1
2022-01-13 16:00:00,1.14615,1.14727,1.14575,1.14661,4700.0,,False,5m consistent,0
2022-01-13 19:00:00,1.14595,1.1466,1.14582,1.14624,2755.0,,False,5m consistent,1
2022-01-14 05:00:00,1.14746,1.14834,1.14743,1.14796,1343.0,,False,5m consistent,0
2022-01-14 06:00:00,1.14798,1.14814,1.147,1.14706,1495.0,,False,5m consistent,0
2022-01-14 08:00:00,1.14665,1.14754,1.14631,1.14691,4004.0,,False,5m consistent,0
2022-01-14 10:00:00,1.14587,1.14618,1.14547,1.14574,2308.0,,False,5m consistent,0
2022-01-14 11:00:00,1.14573,1.14599,1.14494,1.14528,2363.0,,False,5m consistent,0
2022-01-14 12:00:00,1.14527,1.14571,1.14427,1.14444,3947.0,,False,5m consistent,1
2022-01-14 13:00:00,1.14446,1.1456,1.14342,1.1439,8263.0,,False,5m consistent,1
2022-01-14 14:00:00,1.14387,1.14507,1.14307,1.1443,8989.0,,False,5m consistent,0
2022-01-14 15:00:00,1.14426,1.14432,1.14246,1.1434,8673.0,,False,5m consistent,0
2022-01-14 16:00:00,1.14336,1.14366,1.14099,1.1415,5483.0,,False,5m consistent,0
2022-01-17 05:00:00,1.14199,1.14233,1.14174,1.14198,713.0,,False,5m consistent,1
2022-01-17 08:00:00,1.14259,1.14352,1.14225,1.14293,2494.0,,False,5m consistent,0
2022-01-17 09:00:00,1.14295,1.14339,1.14178,1.14246,2623.0,,False,5m consistent,1
2022-01-17 10:00:00,1.14245,1.14264,1.14156,1.14208,1727.0,,False,5m consistent,0
2022-01-17 11:00:00,1.14205,1.14273,1.14072,1.14149,3053.0,,False,5m consistent,0
2022-01-17 14:00:00,1.14022,1.14155,1.13962,1.14123,4120.0,,False,5m consistent,0
2022-01-17 21:00:00,1.14074,1.14087,1.14055,1.14075,304.0,,False,5m consistent,0
2022-01-18 01:00:00,1.14193,1.14216,1.14163,1.14197,1368.0,,False,5m consistent,0
2022-01-18 02:00:00,1.142,1.14221,1.14147,1.14192,1638.0,,False,5m consistent,0
2022-01-18 04:00:00,1.13934,1.14028,1.13921,1.14022,2599.0,,False,5m consistent,1
2022-01-18 06:00:00,1.13976,1.14052,1.13947,1.1402,1860.0,,False,5m consistent,1
2022-01-18 07:00:00,1.14019,1.14054,1.1393,1.13981,4445.0,,False,5m consistent,0
2022-01-18 08:00:00,1.13979,1.14066,1.13879,1.13955,6284.0,,False,5m consistent,1
2022-01-18 10:00:00,1.13959,1.14003,1.13907,1.13909,3239.0,,False,5m consistent,0
2022-01-18 12:00:00,1.13875,1.13928,1.13821,1.13825,4404.0,,False,5m consistent,0
2022-01-18 13:00:00,1.13826,1.13838,1.13636,1.13791,6999.0,,False,5m consistent,0
2022-01-18 14:00:00,1.13789,1.13796,1.13573,1.13677,7382.0,,False,5m consistent,0
2022-01-18 15:00:00,1.13675,1.1368,1.13438,1.13439,7484.0,,False,5m consistent,0
2022-01-18 16:00:00,1.13441,1.13448,1.13273,1.1335,5471.0,,False,5m consistent,0
2022-01-18 19:00:00,1.13279,1.13355,1.13261,1.13277,2909.0,,False,5m consistent,0
2022-01-18 23:00:00,1.1329,1.13315,1.13258,1.13297,533.0,,False,5m consistent,1
2022-01-19 00:00:00,1.13299,1.13306,1.13205,1.133,1579.0,,False,5m consistent,1
2022-01-19 10:00:00,1.13405,1.13505,1.13374,1.13475,2904.0,,False,5m consistent,0
2022-01-19 13:00:00,1.13351,1.13515,1.13348,1.13447,5707.0,,False,5m consistent,1
2022-01-19 14:00:00,1.13448,1.13548,1.13376,1.13448,7060.0,,False,5m consistent,1
2022-01-20 01:00:00,1.13516,1.13662,1.13503,1.13607,2598.0,,False,5m consistent,0
2022-01-20 04:00:00,1.13541,1.13541,1.13492,1.13516,925.0,,False,5m consistent,1
2022-01-20 07:00:00,1.13508,1.13675,1.13493,1.13606,2629.0,,False,5m consistent,0
2022-01-20 08:00:00,1.13607,1.13697,1.13531,1.13555,3500.0,,False,5m consistent,0
2022-01-20 09:00:00,1.13553,1.13576,1.13442,1.13484,3314.0,,False,5m consistent,0
2022-01-20 10:00:00,1.13482,1.13524,1.13424,1.13465,3111.0,,False,5m consistent,0
2022-01-20 11:00:00,1.13465,1.13476,1.13337,1.1341,3115.0,,False,5m consistent,1
2022-01-20 13:00:00,1.13395,1.13586,1.1337,1.13524,6308.0,,False,5m consistent,0
2022-01-20 14:00:00,1.13523,1.13584,1.13328,1.13456,5949.0,,False,5m consistent,1
2022-01-20 15:00:00,1.13455,1.13541,1.13294,1.13487,7357.0,,False,5m consistent,0
2022-01-20 16:00:00,1.13489,1.13539,1.13327,1.13362,4590.0,,False,5m consistent,0
2022-01-20 17:00:00,1.13363,1.13424,1.13271,1.13281,2086.0,,False,5m consistent,0
2022-01-20 19:00:00,1.13187,1.13204,1.13122,1.13132,1825.0,,False,5m consistent,1
2022-01-20 23:00:00,1.13143,1.13148,1.13087,1.13137,1053.0,,False,5m consistent,0
2022-01-21 02:00:00,1.1318,1.13357,1.13165,1.13351,2361.0,,False,5m consistent,0
2022-01-21 06:00:00,1.13259,1.13316,1.13256,1.133,1877.0,,False,5m consistent,1
2022-01-21 09:00:00,1.13366,1.1346,1.1332,1.134,3540.0,,False,5m consistent,0
2022-01-21 10:00:00,1.13398,1.13424,1.13328,1.13395,2680.0,,False,5m consistent,0
2022-01-21 13:00:00,1.13389,1.13525,1.1338,1.13509,4245.0,,False,5m consistent,1
2022-01-21 14:00:00,1.1351,1.13606,1.13414,1.13508,6140.0,,False,5m consistent,0
2022-01-24 04:00:00,1.13295,1.1332,1.13286,1.13306,555.0,,False,5m consistent,0
2022-01-24 07:00:00,1.1324,1.13302,1.13206,1.13247,2445.0,,False,5m consistent,0
2022-01-24 09:00:00,1.13225,1.13371,1.13217,1.1326,4475.0,,False,5m consistent,0
2022-01-24 10:00:00,1.13259,1.13289,1.13148,1.13195,4727.0,,False,5m consistent,0
2022-01-24 11:00:00,1.13196,1.13226,1.13021,1.13048,4045.0,,False,5m consistent,1
2022-01-24 14:00:00,1.12963,1.13044,1.12912,1.12995,7949.0,,False,5m consistent,1
2022-01-24 18:00:00,1.13287,1.13359,1.13281,1.13291,3191.0,,False,5m consistent,0
2022-01-24 23:00:00,1.13293,1.13313,1.13224,1.13247,654.0,,False,5m consistent,0
2022-01-25 01:00:00,1.13206,1.13245,1.13172,1.13176,1311.0,,False,5m consistent,0
2022-01-25 07:00:00,1.13069,1.13166,1.13022,1.13028,2785.0,,False,5m consistent,0
2022-01-25 08:00:00,1.13029,1.13165,1.12926,1.12985,5452.0,,False,5m consistent,0
2022-01-25 09:00:00,1.12984,1.13012,1.12851,1.12885,4724.0,,False,5m consistent,0
2022-01-25 10:00:00,1.12883,1.12917,1.12807,1.12809,3373.0,,False,5m consistent,0
2022-01-25 13:00:00,1.12684,1.1281,1.12678,1.12764,5389.0,,False,5m consistent,0
2022-01-25 19:00:00,1.12973,1.13055,1.12947,1.13045,2262.0,,False,5m consistent,1
2022-01-25 21:00:00,1.13055,1.13055,1.13007,1.13025,631.0,,False,5m consistent,0
2022-01-26 03:00:00,1.13072,1.13103,1.13041,1.13065,1043.0,,False,5m consistent,0
2022-01-26 05:00:00,1.13021,1.13062,1.13014,1.13053,513.0,,False,5m consistent,0
2022-01-26 07:00:00,1.12944,1.12975,1.129,1.12921,2133.0,,False,5m consistent,0
2022-01-26 08:00:00,1.12918,1.12983,1.12851,1.12888,3812.0,,False,5m consistent,0
2022-01-26 09:00:00,1.12886,1.12922,1.1284,1.12876,3370.0,,False,5m consistent,0
2022-01-26 10:00:00,1.12875,1.12889,1.1277,1.12822,3036.0,,False,5m consistent,1
2022-01-26 12:00:00,1.12795,1.12867,1.12759,1.1277,2889.0,,False,5m consistent,1
2022-01-26 14:00:00,1.12832,1.12972,1.12824,1.12845,5635.0,,False,5m consistent,0
2022-01-26 19:00:00,1.12866,1.13031,1.12481,1.12562,18769.0,,False,5m consistent,0
2022-01-26 23:00:00,1.12421,1.12435,1.12365,1.12417,819.0,,False,5m consistent,0
2022-01-27 01:00:00,1.12349,1.12357,1.12312,1.12336,1779.0,,False,5m consistent,0
2022-01-27 02:00:00,1.12334,1.12343,1.12269,1.12272,1918.0,,False,5m consistent,0
2022-01-27 04:00:00,1.12219,1.12277,1.12194,1.12232,1217.0,,False,5m consistent,0
2022-01-27 06:00:00,1.12207,1.12223,1.1216,1.12203,1621.0,,False,5m consistent,0
2022-01-27 07:00:00,1.122,1.12201,1.11972,1.11994,4181.0,,False,5m consistent,1
2022-01-27 08:00:00,1.11994,1.12072,1.11936,1.1202,5509.0,,False,5m consistent,0
2022-01-27 09:00:00,1.12021,1.12044,1.11955,1.1197,4636.0,,False,5m consistent,0
2022-01-27 10:00:00,1.11969,1.12017,1.11881,1.11883,3494.0,,False,5m consistent,1
2022-01-27 12:00:00,1.11599,1.11697,1.11548,1.1158,5381.0,,False,5m consistent,0
2022-01-27 14:00:00,1.11499,1.11629,1.11462,1.11618,7782.0,,False,5m consistent,0
2022-01-27 15:00:00,1.1162,1.11625,1.11323,1.115,8257.0,,False,5m consistent,1
2022-01-27 21:00:00,1.11432,1.11461,1.11423,1.11449,468.0,,False,5m consistent,0
2022-01-27 23:00:00,1.11476,1.11478,1.11426,1.11452,625.0,,False,5m consistent,1
2022-01-28 05:00:00,1.11527,1.11558,1.11503,1.11551,1046.0,,False,5m consistent,0
2022-01-28 06:00:00,1.1155,1.11557,1.11475,1.11479,1298.0,,False,5m consistent,0
2022-01-28 07:00:00,1.11478,1.11482,1.1127,1.11354,4404.0,,False,5m consistent,0
2022-01-28 08:00:00,1.11355,1.11389,1.11221,1.1137,6654.0,,False,5m consistent,0
2022-01-28 10:00:00,1.11333,1.11445,1.11303,1.11378,4757.0,,False,5m consistent,1
2022-01-28 11:00:00,1.11377,1.11377,1.11284,1.11341,5401.0,,False,5m consistent,1
2022-01-28 13:00:00,1.11279,1.11696,1.11279,1.11693,10768.0,,False,5m consistent,1
2022-01-28 14:00:00,1.11694,1.11744,1.11441,1.11584,9505.0,,False,5m consistent,0
2022-01-28 15:00:00,1.11584,1.11681,1.11389,1.1165,8628.0,,False,5m consistent,0
2022-01-28 16:00:00,1.11651,1.11703,1.11563,1.11613,7165.0,,False,5m consistent,0
2022-01-28 18:00:00,1.11522,1.11569,1.11482,1.11529,2309.0,,False,5m consistent,1
2022-01-31 06:00:00,1.11656,1.1168,1.11631,1.11673,1065.0,,False,5m consistent,1
2022-01-31 07:00:00,1.11671,1.11722,1.11613,1.11717,2727.0,,False,5m consistent,1
2022-01-31 09:00:00,1.11713,1.1179,1.11667,1.11756,3831.0,,False,5m consistent,0
2022-01-31 10:00:00,1.11755,1.11829,1.11682,1.11682,3773.0,,False,5m consistent,0
2022-01-31 11:00:00,1.11683,1.11688,1.11539,1.11601,3744.0,,False,5m consistent,0
2022-01-31 13:00:00,1.11571,1.11946,1.11535,1.11939,7440.0,,False,5m consistent,1
2022-01-31 15:00:00,1.11898,1.12187,1.1184,1.12115,9629.0,,False,5m consistent,1
2022-01-31 19:00:00,1.12341,1.12486,1.12329,1.12439,2628.0,,False,5m consistent,0
2022-01-31 23:00:00,1.12324,1.1234,1.12299,1.123,446.0,,False,5m consistent,1
2022-02-01 02:00:00,1.12272,1.12337,1.12264,1.12334,774.0,,False,5m consistent,1
2022-02-01 05:00:00,1.12439,1.1246,1.12403,1.1241,863.0,,False,5m consistent,1
2022-02-01 07:00:00,1.12357,1.12689,1.12357,1.12671,3653.0,,False,5m consistent,0
2022-02-01 11:00:00,1.12628,1.12796,1.126,1.12739,3923.0,,False,5m consistent,0
2022-02-01 12:00:00,1.1274,1.12747,1.12583,1.1262,3413.0,,False,5m consistent,1
2022-02-01 14:00:00,1.12664,1.12751,1.12607,1.12648,5648.0,,False,5m consistent,0
2022-02-01 15:00:00,1.12646,1.12674,1.12461,1.12482,9448.0,,False,5m consistent,0
2022-02-02 02:00:00,1.12772,1.12788,1.12757,1.12785,718.0,,False,5m consistent,0
2022-02-02 05:00:00,1.12754,1.12767,1.12717,1.12739,595.0,,False,5m consistent,1
2022-02-02 08:00:00,1.1282,1.12951,1.12803,1.12903,4611.0,,False,5m consistent,0
2022-02-02 12:00:00,1.13172,1.13295,1.1315,1.13255,3501.0,,False,5m consistent,0
2022-02-02 13:00:00,1.13259,1.13329,1.13118,1.13121,5622.0,,False,5m consistent,0
2022-02-02 14:00:00,1.13122,1.1322,1.13037,1.13057,5951.0,,False,5m consistent,0
2022-02-02 19:00:00,1.13098,1.1313,1.13068,1.1311,1406.0,,False,5m consistent,0
2022-02-03 03:00:00,1.12998,1.1309,1.12985,1.13055,766.0,,False,5m consistent,0
2022-02-03 05:00:00,1.12977,1.13028,1.12971,1.13015,792.0,,False,5m consistent,0
2022-02-03 07:00:00,1.12922,1.12982,1.12888,1.1298,2446.0,,False,5m consistent,1
2022-02-03 08:00:00,1.12979,1.13033,1.12892,1.12961,4286.0,,False,5m consistent,0
2022-02-03 09:00:00,1.12961,1.12978,1.12847,1.1285,3317.0,,False,5m consistent,1
2022-02-03 12:00:00,1.12813,1.12998,1.12681,1.12923,10861.0,,False,5m consistent,0
2022-02-03 17:00:00,1.14268,1.14463,1.14207,1.14447,4876.0,,False,5m consistent,1
2022-02-03 18:00:00,1.14449,1.14451,1.14269,1.14434,2988.0,,False,5m consistent,1
2022-02-04 07:00:00,1.14573,1.14695,1.14521,1.14682,4556.0,,False,5m consistent,0
2022-02-04 08:00:00,1.14679,1.14681,1.14407,1.1461,5539.0,,False,5m consistent,1
2022-02-04 11:00:00,1.14636,1.14846,1.14576,1.14793,5520.0,,False,5m consistent,0
2022-02-04 12:00:00,1.14795,1.14827,1.14658,1.14658,4449.0,,False,5m consistent,0
2022-02-04 13:00:00,1.14659,1.14688,1.14225,1.14369,13489.0,,False,5m consistent,0
2022-02-07 01:00:00,1.14537,1.14545,1.14402,1.14421,1978.0,,False,5m consistent,0
2022-02-07 04:00:00,1.14336,1.14416,1.1433,1.14395,781.0,,False,5m consistent,1
2022-02-07 08:00:00,1.1433,1.14501,1.14276,1.14346,5387.0,,False,5m consistent,0
2022-02-07 12:00:00,1.14439,1.14596,1.14429,1.1456,5054.0,,False,5m consistent,0
2022-02-07 13:00:00,1.14558,1.14574,1.14302,1.14406,6109.0,,False,5m consistent,0
2022-02-07 15:00:00,1.14391,1.14521,1.14307,1.14442,7134.0,,False,5m consistent,0
2022-02-07 16:00:00,1.1444,1.14517,1.1421,1.14349,6043.0,,False,5m consistent,1
2022-02-07 22:00:00,1.14423,1.14466,1.14423,1.14431,174.0,,False,5m consistent,1
2022-02-08 01:00:00,1.14435,1.14496,1.14363,1.14365,1546.0,,False,5m consistent,0
2022-02-08 03:00:00,1.14309,1.14332,1.14298,1.14308,661.0,,False,5m consistent,0
2022-02-08 04:00:00,1.14309,1.14317,1.14224,1.14247,820.0,,False,5m consistent,0
2022-02-08 06:00:00,1.14178,1.14244,1.14147,1.14208,1175.0,,False,5m consistent,0
2022-02-08 08:00:00,1.13998,1.14098,1.13988,1.14058,4519.0,,False,5m consistent,1
2022-02-08 11:00:00,1.14287,1.14343,1.1423,1.1427,4160.0,,False,5m consistent,0
2022-02-08 12:00:00,1.14269,1.1428,1.1416,1.14188,3668.0,,False,5m consistent,0
2022-02-08 15:00:00,1.14092,1.14226,1.14039,1.14191,6010.0,,False,5m consistent,1
2022-02-08 17:00:00,1.14157,1.14243,1.14155,1.14215,1813.0,,False,5m consistent,0
2022-02-08 18:00:00,1.14214,1.14236,1.14023,1.14234,2283.0,,False,5m consistent,0
2022-02-08 23:00:00,1.14199,1.14218,1.14159,1.14215,413.0,,False,5m consistent,1
2022-02-09 06:00:00,1.1423,1.1427,1.14182,1.14189,709.0,,False,5m consistent,0
2022-02-09 10:00:00,1.14272,1.14456,1.14241,1.14422,3257.0,,False,5m consistent,0
2022-02-09 12:00:00,1.14303,1.1442,1.14301,1.14383,2821.0,,False,5m consistent,1
2022-02-09 13:00:00,1.14381,1.14467,1.14305,1.14364,4202.0,,False,5m consistent,1
2022-02-09 16:00:00,1.14291,1.14418,1.14268,1.14353,3087.0,,False,5m consistent,1
2022-02-09 17:00:00,1.14354,1.14486,1.14264,1.14383,4062.0,,False,5m consistent,0
2022-02-09 19:00:00,1.14334,1.14341,1.14277,1.1433,999.0,,False,5m consistent,0
2022-02-09 21:00:00,1.1426,1.14274,1.14227,1.14242,547.0,,False,5m consistent,0
2022-02-09 23:00:00,1.14228,1.14243,1.14209,1.14218,316.0,,False,5m consistent,1
2022-02-10 03:00:00,1.14297,1.14308,1.14259,1.14294,711.0,,False,5m consistent,1
2022-02-10 05:00:00,1.14259,1.14277,1.14244,1.14266,509.0,,False,5m consistent,1
2022-02-10 07:00:00,1.14233,1.14297,1.14202,1.14296,1992.0,,False,5m consistent,1
2022-02-10 09:00:00,1.14341,1.14472,1.14333,1.14442,3834.0,,False,5m consistent,0
2022-02-10 12:00:00,1.14325,1.14404,1.14307,1.1437,2576.0,,False,5m consistent,0
2022-02-10 13:00:00,1.14371,1.14423,1.13826,1.1409,12253.0,,False,5m consistent,0
2022-02-10 16:00:00,1.14675,1.14958,1.1466,1.14898,8552.0,,False,5m consistent,0
2022-02-10 18:00:00,1.14655,1.14759,1.14611,1.14656,7507.0,,False,5m consistent,0
2022-02-10 19:00:00,1.14657,1.14667,1.14475,1.14503,4334.0,,False,5m consistent,0
2022-02-10 20:00:00,1.14505,1.1456,1.1432,1.1432,3168.0,,False,5m consistent,0
2022-02-10 22:00:00,1.14327,1.1435,1.1429,1.14294,182.0,,False,5m consistent,0
2022-02-10 23:00:00,1.14301,1.14301,1.14027,1.14124,2037.0,,False,5m consistent,0
2022-02-11 02:00:00,1.14033,1.14078,1.13968,1.14039,1116.0,,False,5m consistent,0
2022-02-11 03:00:00,1.14038,1.14038,1.13933,1.13938,759.0,,False,5m consistent,0
2022-02-11 05:00:00,1.13819,1.13895,1.13814,1.13874,913.0,,False,5m consistent,1
2022-02-11 08:00:00,1.13861,1.13988,1.1379,1.13941,7260.0,,False,5m consistent,1
2022-02-11 12:00:00,1.13954,1.14155,1.13925,1.1407,4565.0,,False,5m consistent,0
2022-02-11 13:00:00,1.14069,1.1419,1.13905,1.13915,5764.0,,False,5m consistent,1
2022-02-11 15:00:00,1.13895,1.14062,1.13842,1.14028,8603.0,,False,5m consistent,1
2022-02-11 16:00:00,1.14031,1.1409,1.13931,1.14056,5225.0,,False,5m consistent,0
2022-02-11 17:00:00,1.14055,1.14086,1.13942,1.13974,2936.0,,False,5m consistent,0
2022-02-11 18:00:00,1.13973,1.14002,1.13426,1.13516,13444.0,,False,5m consistent,1
2022-02-14 01:00:00,1.13634,1.13659,1.13529,1.13543,4983.0,,False,5m consistent,0
2022-02-14 05:00:00,1.13461,1.13532,1.13428,1.13523,2792.0,,False,5m consistent,0
2022-02-14 07:00:00,1.1345,1.13506,1.13366,1.13389,8474.0,,False,5m consistent,1
2022-02-14 09:00:00,1.13099,1.13225,1.13086,1.13129,9725.0,,False,5m consistent,1
2022-02-14 10:00:00,1.1313,1.1319,1.13021,1.13144,8815.0,,False,5m consistent,1
2022-02-14 11:00:00,1.13145,1.1315,1.13016,1.13119,6514.0,,False,5m consistent,1
2022-02-14 12:00:00,1.13119,1.13434,1.13027,1.13279,16423.0,,False,5m consistent,0
2022-02-14 13:00:00,1.13281,1.1332,1.1312,1.13161,17675.0,,False,5m consistent,1
2022-02-14 14:00:00,1.13159,1.1322,1.13057,1.13208,16461.0,,False,5m consistent,0
2022-02-14 15:00:00,1.13207,1.13207,1.12923,1.13067,17157.0,,False,5m consistent,1
2022-02-14 17:00:00,1.13069,1.13146,1.12994,1.13115,5562.0,,False,5m consistent,0
2022-02-14 18:00:00,1.13113,1.13151,1.12978,1.12983,8389.0,,False,5m consistent,1
2022-02-15 08:00:00,1.13135,1.13498,1.13102,1.13469,17142.0,,False,5m consistent,1
2022-02-15 09:00:00,1.13468,1.13513,1.13366,1.13471,9444.0,,False,5m consistent,1
2022-02-15 11:00:00,1.1349,1.13538,1.13417,1.13466,7500.0,,False,5m consistent,1
2022-02-15 13:00:00,1.13415,1.13608,1.13413,1.13566,10167.0,,False,5m consistent,0
2022-02-15 16:00:00,1.13555,1.1369,1.13553,1.13632,9665.0,,False,5m consistent,1
2022-02-16 00:00:00,1.13561,1.13603,1.13553,1.1358,1690.0,,False,5m consistent,0
2022-02-16 01:00:00,1.13581,1.13581,1.13495,1.13528,2653.0,,False,5m consistent,1
2022-02-16 08:00:00,1.13762,1.13963,1.13739,1.13906,9251.0,,False,5m consistent,0
2022-02-16 10:00:00,1.13781,1.13872,1.1374,1.13814,6091.0,,False,5m consistent,1
2022-02-16 11:00:00,1.13813,1.13891,1.13749,1.13859,6097.0,,False,5m consistent,0
2022-02-16 12:00:00,1.13859,1.13876,1.13653,1.13663,8916.0,,False,5m consistent,1
2022-02-16 13:00:00,1.13662,1.13752,1.13555,1.13638,12314.0,,False,5m consistent,1
2022-02-16 19:00:00,1.13782,1.13968,1.13726,1.13912,14035.0,,False,5m consistent,0
2022-02-16 20:00:00,1.13913,1.13945,1.13814,1.13827,5515.0,,False,5m consistent,0
2022-02-16 22:00:00,1.13759,1.13828,1.13758,1.13779,507.0,,False,5m consistent,1
2022-02-17 02:00:00,1.13826,1.13858,1.13797,1.13836,2734.0,,False,5m consistent,0
2022-02-17 03:00:00,1.13837,1.13856,1.13304,1.13372,7229.0,,False,5m consistent,1
2022-02-17 08:00:00,1.13759,1.13871,1.13504,1.13592,19357.0,,False,5m consistent,1
2022-02-17 10:00:00,1.13621,1.13773,1.13558,1.13761,7314.0,,False,5m consistent,1
2022-02-17 12:00:00,1.13663,1.13799,1.13662,1.13784,6855.0,,False,5m consistent,0
2022-02-18 08:00:00,1.13707,1.1378,1.13667,1.13766,7831.0,,False,5m consistent,0
2022-02-18 09:00:00,1.13765,1.13779,1.13648,1.13717,6917.0,,False,5m consistent,0
2022-02-18 10:00:00,1.13718,1.13733,1.13615,1.1362,6746.0,,False,5m consistent,0
2022-02-18 12:00:00,1.13633,1.13693,1.13582,1.1361,6270.0,,False,5m consistent,0
2022-02-18 13:00:00,1.1361,1.13625,1.13487,1.13498,10839.0,,False,5m consistent,1
2022-02-18 14:00:00,1.13498,1.13525,1.13394,1.1349,12504.0,,False,5m consistent,0
2022-02-18 15:00:00,1.1349,1.13551,1.1328,1.1342,13348.0,,False,5m consistent,0
2022-02-18 16:00:00,1.13419,1.1343,1.13156,1.13265,14409.0,,False,5m consistent,1
2022-02-18 19:00:00,1.13308,1.13365,1.13285,1.1332,4892.0,,False,5m consistent,0
2022-02-21 07:00:00,1.13699,1.13797,1.1369,1.13745,5164.0,,False,5m consistent,0
2022-02-21 09:00:00,1.1358,1.13691,1.13546,1.13642,5750.0,,False,5m consistent,0
2022-02-21 10:00:00,1.13642,1.13673,1.13559,1.13572,3823.0,,False,5m consistent,0
2022-02-21 11:00:00,1.13571,1.13622,1.13466,1.13487,5628.0,,False,5m consistent,0
2022-02-21 14:00:00,1.1331,1.13471,1.13261,1.13345,8809.0,,False,5m consistent,1
2022-02-21 16:00:00,1.13371,1.13479,1.13358,1.13473,4542.0,,False,5m consistent,0
2022-02-21 17:00:00,1.13474,1.13502,1.13363,1.13372,3096.0,,False,5m consistent,0
2022-02-21 18:00:00,1.13374,1.13443,1.13178,1.13181,3110.0,,False,5m consistent,0
2022-02-21 19:00:00,1.1318,1.13216,1.13075,1.13197,4810.0,,False,5m consistent,0
2022-02-21 21:00:00,1.13161,1.132,1.1309,1.13109,1760.0,,False,5m consistent,0
2022-02-21 22:00:00,1.13188,1.13188,1.13077,1.13083,615.0,,False,5m consistent,1
2022-02-22 00:00:00,1.131,1.13207,1.13081,1.13148,3998.0,,False,5m consistent,0
2022-02-22 02:00:00,1.13049,1.13105,1.12987,1.13054,4530.0,,False,5m consistent,0
2022-02-22 06:00:00,1.13076,1.13135,1.13008,1.13051,4885.0,,False,5m consistent,1
2022-02-22 08:00:00,1.12975,1.13288,1.12937,1.13268,14724.0,,False,5m consistent,1
2022-02-22 10:00:00,1.13206,1.13679,1.13192,1.1353,14228.0,,False,5m consistent,1
2022-02-22 12:00:00,1.13469,1.13601,1.13439,1.13516,9764.0,,False,5m consistent,0
2022-02-22 14:00:00,1.13419,1.1349,1.13363,1.13474,11218.0,,False,5m consistent,1
2022-02-22 16:00:00,1.1336,1.13549,1.13319,1.13442,11626.0,,False,5m consistent,0
2022-02-22 19:00:00,1.13294,1.1342,1.13229,1.13356,8841.0,,False,5m consistent,1
2022-02-23 01:00:00,1.1334,1.13369,1.13301,1.13358,2789.0,,False,5m consistent,0
2022-02-23 06:00:00,1.13264,1.13313,1.1323,1.13233,2052.0,,False,5m consistent,1
2022-02-23 08:00:00,1.13405,1.13483,1.13347,1.13481,8617.0,,False,5m consistent,1
2022-02-23 10:00:00,1.13563,1.13592,1.13506,1.1352,7537.0,,False,5m consistent,0
2022-02-23 13:00:00,1.13384,1.13532,1.13372,1.13523,7563.0,,False,5m consistent,0
2022-02-23 14:00:00,1.13521,1.13526,1.13306,1.13342,11343.0,,False,5m consistent,0
2022-02-23 15:00:00,1.13343,1.13384,1.13214,1.13252,12550.0,,False,5m consistent,0
2022-02-23 17:00:00,1.13149,1.13193,1.13084,1.13131,5449.0,,False,5m consistent,0
2022-02-23 21:00:00,1.13061,1.13085,1.13035,1.13055,1924.0,,False,5m consistent,0
2022-02-23 23:00:00,1.13067,1.13096,1.13011,1.13064,1731.0,,False,5m consistent,0
2022-02-24 01:00:00,1.1277,1.12952,1.1277,1.12941,8163.0,,False,5m consistent,0
2022-02-24 02:00:00,1.1294,1.12948,1.12658,1.12741,10311.0,,False,5m consistent,1
2022-02-24 03:00:00,1.12742,1.12798,1.12357,1.1239,19403.0,,False,5m consistent,0
2022-02-24 04:00:00,1.12389,1.12499,1.12095,1.12462,18920.0,,False,5m consistent,0
2022-02-24 06:00:00,1.12389,1.12545,1.12331,1.12463,10707.0,,False,5m consistent,1
2022-02-24 07:00:00,1.1246,1.12565,1.12361,1.12463,22029.0,,False,5m consistent,1
2022-02-24 08:00:00,1.12461,1.12632,1.1234,1.12405,24863.0,,False,5m consistent,0
2022-02-24 09:00:00,1.12407,1.12515,1.12098,1.12122,20834.0,,False,5m consistent,0
2022-02-24 10:00:00,1.12123,1.12132,1.11641,1.1179,22436.0,,False,5m consistent,0
2022-02-24 11:00:00,1.1179,1.11818,1.1156,1.11751,22465.0,,False,5m consistent,1
2022-02-24 12:00:00,1.11752,1.11859,1.11622,1.11712,20645.0,,False,5m consistent,0
2022-02-24 13:00:00,1.11712,1.11812,1.11537,1.11629,20851.0,,False,5m consistent,0
2022-02-24 14:00:00,1.11628,1.11724,1.1145,1.11479,25413.0,,False,5m consistent,0
2022-02-25 05:00:00,1.12224,1.12267,1.12151,1.12264,3571.0,,False,5m consistent,0
2022-02-25 07:00:00,1.1203,1.12232,1.11979,1.12108,11970.0,,False,5m consistent,0
2022-02-25 09:00:00,1.11785,1.11891,1.11701,1.11824,13747.0,,False,5m consistent,1
2022-02-25 10:00:00,1.11822,1.11842,1.11669,1.11811,10655.0,,False,5m consistent,1
2022-02-25 13:00:00,1.12223,1.12424,1.12127,1.12375,20655.0,,False,5m consistent,1
2022-02-25 16:00:00,1.12452,1.12678,1.12395,1.12599,13672.0,,False,5m consistent,0
2022-02-28 01:00:00,1.11829,1.11871,1.11602,1.11721,13655.0,,False,5m consistent,0
2022-02-28 07:00:00,1.11598,1.1201,1.11566,1.11907,20752.0,,False,5m consistent,0
2022-02-28 08:00:00,1.11906,1.11976,1.11648,1.11797,18549.0,,False,5m consistent,1
2022-02-28 10:00:00,1.11786,1.12333,1.11786,1.12308,15119.0,,False,5m consistent,0
2022-02-28 14:00:00,1.12135,1.12304,1.12056,1.12228,15224.0,,False,5m consistent,1
2022-02-28 15:00:00,1.12226,1.12375,1.12015,1.12351,22567.0,,False,5m consistent,1
2022-02-28 16:00:00,1.12353,1.12476,1.12175,1.12252,20458.0,,False,5m consistent,1
2022-03-01 07:00:00,1.12067,1.12308,1.12059,1.12306,10359.0,,False,5m consistent,0
2022-03-01 08:00:00,1.12307,1.1234,1.12125,1.12275,13549.0,,False,5m consistent,0
2022-03-01 09:00:00,1.12276,1.12305,1.11908,1.11972,16449.0,,False,5m consistent,0
2022-03-01 11:00:00,1.11822,1.11869,1.11739,1.11767,15084.0,,False,5m consistent,0
2022-03-01 12:00:00,1.11766,1.11815,1.11569,1.1161,12030.0,,False,5m consistent,0
2022-03-01 13:00:00,1.11611,1.11709,1.11412,1.11612,17304.0,,False,5m consistent,0
2022-03-01 14:00:00,1.1161,1.11629,1.11435,1.1153,19162.0,,False,5m consistent,0
2022-03-01 15:00:00,1.11532,1.11532,1.1129,1.11409,22925.0,,False,5m consistent,0
2022-03-01 16:00:00,1.11411,1.11451,1.10998,1.11039,19016.0,,False,5m consistent,1
2022-03-02 01:00:00,1.11275,1.11364,1.11235,1.11291,3612.0,,False,5m consistent,0
2022-03-02 04:00:00,1.11201,1.11244,1.11185,1.11238,3255.0,,False,5m consistent,0
2022-03-02 05:00:00,1.11238,1.11241,1.11141,1.11158,4392.0,,False,5m consistent,0
2022-03-02 06:00:00,1.11157,1.11189,1.10975,1.10984,6489.0,,False,5m consistent,1
2022-03-02 07:00:00,1.10984,1.11136,1.10846,1.10943,17037.0,,False,5m consistent,1
2022-03-02 08:00:00,1.10943,1.1105,1.10804,1.10864,19955.0,,False,5m consistent,1
2022-03-02 10:00:00,1.10832,1.1103,1.10767,1.10984,15552.0,,False,5m consistent,1
2022-03-02 12:00:00,1.11002,1.11205,1.10951,1.11179,15100.0,,False,5m consistent,0
2022-03-02 13:00:00,1.11177,1.11182,1.10895,1.11055,17966.0,,False,5m consistent,0
2022-03-02 14:00:00,1.11054,1.11056,1.10767,1.10945,18510.0,,False,5m consistent,1
2022-03-02 16:00:00,1.10692,1.11453,1.10643,1.11034,32681.0,,False,5m consistent,1
2022-03-03 06:00:00,1.11024,1.11073,1.10947,1.11054,4159.0,,False,5m consistent,0
2022-03-03 07:00:00,1.11053,1.11069,1.10919,1.10982,6597.0,,False,5m consistent,0
2022-03-03 08:00:00,1.10983,1.1101,1.10833,1.10922,11448.0,,False,5m consistent,0
2022-03-03 11:00:00,1.10872,1.10885,1.10789,1.10876,7161.0,,False,5m consistent,0
2022-03-03 12:00:00,1.10875,1.10979,1.10734,1.10761,9583.0,,False,5m consistent,1
2022-03-03 13:00:00,1.1076,1.10884,1.10652,1.10865,12712.0,,False,5m consistent,1
2022-03-03 14:00:00,1.10863,1.10961,1.10754,1.1081,19577.0,,False,5m consistent,0
2022-03-03 15:00:00,1.10809,1.10894,1.10585,1.10627,16571.0,,False,5m consistent,0
2022-03-03 16:00:00,1.10626,1.10661,1.10385,1.1055,16005.0,,False,5m consistent,0
2022-03-03 23:00:00,1.10675,1.10689,1.10638,1.10668,1704.0,,False,5m consistent,0
2022-03-04 01:00:00,1.10134,1.10531,1.10121,1.10499,21880.0,,False,5m consistent,0
2022-03-04 04:00:00,1.10267,1.10376,1.10244,1.10365,5288.0,,False,5m consistent,0
2022-03-04 05:00:00,1.10364,1.10403,1.10243,1.10295,4910.0,,False,5m consistent,0
2022-03-04 09:00:00,1.10128,1.1025,1.10128,1.1015,9057.0,,False,5m consistent,1
2022-03-04 10:00:00,1.10151,1.10206,1.10006,1.1002,11084.0,,False,5m consistent,0
2022-03-04 11:00:00,1.10021,1.10074,1.0974,1.09766,12671.0,,False,5m consistent,0
2022-03-04 12:00:00,1.09764,1.0983,1.0935,1.0938,12134.0,,False,5m consistent,1
2022-03-04 13:00:00,1.09382,1.09465,1.08867,1.09098,25560.0,,False,5m consistent,1
2022-03-04 18:00:00,1.09268,1.09343,1.09224,1.09341,7338.0,,False,5m consistent,0
2022-03-07 07:00:00,1.08745,1.0899,1.08676,1.0872,17317.0,,False,5m consistent,0
2022-03-07 09:00:00,1.08637,1.08717,1.0851,1.08594,16141.0,,False,5m consistent,0
2022-03-07 14:00:00,1.08984,1.09335,1.08903,1.08921,25197.0,,False,5m consistent,0
2022-03-07 15:00:00,1.08922,1.08974,1.08586,1.0877,21131.0,,False,5m consistent,1
2022-03-07 18:00:00,1.0876,1.09013,1.08726,1.08813,14566.0,,False,5m consistent,0
2022-03-07 20:00:00,1.08491,1.08725,1.08474,1.08713,10308.0,,False,5m consistent,1
2022-03-07 23:00:00,1.08555,1.08673,1.0853,1.08672,2240.0,,False,5m consistent,1
2022-03-08 04:00:00,1.08684,1.08738,1.08659,1.08708,4256.0,,False,5m consistent,1
2022-03-08 08:00:00,1.08624,1.09227,1.08568,1.08976,35778.0,,False,5m consistent,0
2022-03-08 09:00:00,1.08976,1.09063,1.08668,1.08886,19773.0,,False,5m consistent,1
2022-03-08 10:00:00,1.08887,1.09057,1.08663,1.08991,16481.0,,False,5m consistent,1
2022-03-08 12:00:00,1.0892,1.09222,1.0892,1.09065,15894.0,,False,5m consistent,1
2022-03-08 14:00:00,1.09161,1.09254,1.09026,1.09052,20630.0,,False,5m consistent,0
2022-03-08 17:00:00,1.08816,1.09571,1.08786,1.0943,34002.0,,False,5m consistent,0
2022-03-09 10:00:00,1.09706,1.09935,1.09662,1.09676,13627.0,,False,5m consistent,0
2022-03-09 14:00:00,1.10151,1.10513,1.10049,1.10318,31447.0,,False,5m consistent,1
2022-03-09 17:00:00,1.10713,1.10961,1.1066,1.10928,15232.0,,False,5m consistent,0
2022-03-09 19:00:00,1.10665,1.10803,1.10624,1.10782,7999.0,,False,5m consistent,0
2022-03-09 23:00:00,1.10704,1.10794,1.10662,1.10745,3707.0,,False,5m consistent,0
2022-03-10 00:00:00,1.10747,1.10747,1.10479,1.10549,4479.0,,False,5m consistent,1
2022-03-10 07:00:00,1.10572,1.10728,1.1054,1.10658,10790.0,,False,5m consistent,0
2022-03-10 09:00:00,1.10337,1.10812,1.10335,1.10424,27414.0,,False,5m consistent,1
2022-03-10 12:00:00,1.10408,1.11224,1.10338,1.10996,28365.0,,False,5m consistent,0
2022-03-10 13:00:00,1.10996,1.11075,1.10524,1.10653,41236.0,,False,5m consistent,0
2022-03-10 14:00:00,1.10652,1.10711,1.10011,1.10171,35116.0,,False,5m consistent,0
2022-03-10 15:00:00,1.10172,1.10245,1.0981,1.10194,23937.0,,False,5m consistent,0
2022-03-10 16:00:00,1.10195,1.10208,1.09967,1.10075,13944.0,,False,5m consistent,0
2022-03-10 23:00:00,1.09899,1.10159,1.0988,1.10143,3874.0,,False,5m consistent,0
2022-03-11 00:00:00,1.10143,1.10199,1.09987,1.09988,4817.0,,False,5m consistent,1
2022-03-11 06:00:00,1.09999,1.10087,1.09971,1.1005,6128.0,,False,5m consistent,0
2022-03-11 07:00:00,1.10051,1.10097,1.09818,1.09845,10764.0,,False,5m consistent,0
2022-03-11 08:00:00,1.09846,1.09931,1.09668,1.09792,15716.0,,False,5m consistent,1
2022-03-11 11:00:00,1.09799,1.10446,1.09798,1.10119,28036.0,,False,5m consistent,0
2022-03-11 13:00:00,1.09873,1.10119,1.09864,1.09989,18275.0,,False,5m consistent,0
2022-03-11 14:00:00,1.09989,1.10025,1.09741,1.09826,16466.0,,False,5m consistent,0
2022-03-11 15:00:00,1.09828,1.09832,1.09468,1.0966,21280.0,,False,5m consistent,0
2022-03-11 16:00:00,1.09661,1.09708,1.09296,1.09366,17624.0,,False,5m consistent,0
2022-03-14 00:00:00,1.09328,1.09337,1.09209,1.093,7737.0,,False,5m consistent,0
2022-03-14 01:00:00,1.09302,1.09386,1.09138,1.09181,9558.0,,False,5m consistent,1
2022-03-14 09:00:00,1.09569,1.09908,1.09526,1.09832,13443.0,,False,5m consistent,0
2022-03-14 10:00:00,1.09832,1.0985,1.096,1.09614,11181.0,,False,5m consistent,1
2022-03-14 12:00:00,1.0944,1.09657,1.09436,1.09586,12828.0,,False,5m consistent,0
2022-03-14 17:00:00,1.0975,1.098,1.09647,1.09759,9427.0,,False,5m consistent,0
2022-03-14 18:00:00,1.09759,1.09771,1.09576,1.09587,6813.0,,False,5m consistent,0
2022-03-14 20:00:00,1.09505,1.09546,1.09403,1.09409,2295.0,,False,5m consistent,0
2022-03-14 21:00:00,1.09486,1.09587,1.09358,1.0947,1378.0,,False,5m consistent,1
2022-03-15 00:00:00,1.09437,1.09563,1.09435,1.09512,4017.0,,False,5m consistent,1
2022-03-15 05:00:00,1.09835,1.09859,1.09789,1.09838,4320.0,,False,5m consistent,1
2022-03-15 07:00:00,1.09721,1.10207,1.09678,1.1006,21672.0,,False,5m consistent,0
2022-03-15 08:00:00,1.10059,1.10203,1.09886,1.10046,18408.0,,False,5m consistent,1
2022-03-15 09:00:00,1.10043,1.10085,1.0992,1.10066,10065.0,,False,5m consistent,0
2022-03-15 10:00:00,1.10065,1.10066,1.09933,1.09959,10068.0,,False,5m consistent,1
2022-03-15 12:00:00,1.09847,1.10052,1.09847,1.09912,13418.0,,False,5m consistent,1
2022-03-15 13:00:00,1.09914,1.10008,1.09747,1.09983,15192.0,,False,5m consistent,0
2022-03-15 14:00:00,1.09982,1.10006,1.09781,1.09838,11902.0,,False,5m consistent,0
2022-03-15 15:00:00,1.09836,1.09877,1.09638,1.09735,15675.0,,False,5m consistent,0
2022-03-15 16:00:00,1.09735,1.09766,1.09388,1.09521,18447.0,,False,5m consistent,0
2022-03-15 17:00:00,1.09522,1.09549,1.09377,1.09391,7844.0,,False,5m consistent,1
2022-03-15 19:00:00,1.09413,1.09541,1.09404,1.09536,5809.0,,False,5m consistent,1
2022-03-15 23:00:00,1.09659,1.09751,1.09586,1.09678,3018.0,,False,5m consistent,1
2022-03-16 06:00:00,1.09781,1.09832,1.09718,1.09798,6507.0,,False,5m consistent,0
2022-03-16 08:00:00,1.09591,1.10064,1.0959,1.09917,21985.0,,False,5m consistent,1
2022-03-16 11:00:00,1.1,1.10256,1.09991,1.10133,11269.0,,False,5m consistent,0
2022-03-16 13:00:00,1.09899,1.10065,1.09862,1.1001,12588.0,,False,5m consistent,1
2022-03-16 14:00:00,1.1001,1.1041,1.09876,1.10184,29397.0,,False,5m consistent,0
2022-03-16 16:00:00,1.09928,1.10146,1.09923,1.10017,13243.0,,False,5m consistent,0
2022-03-16 21:00:00,1.10383,1.10398,1.10328,1.10345,324.0,,False,5m consistent,0
2022-03-17 00:00:00,1.10225,1.10533,1.10211,1.10523,6978.0,,False,5m consistent,0
2022-03-17 04:00:00,1.1036,1.10397,1.1031,1.10352,3104.0,,False,5m consistent,1
2022-03-17 08:00:00,1.10454,1.10681,1.10404,1.10538,12548.0,,False,5m consistent,0
2022-03-17 09:00:00,1.10537,1.10565,1.10417,1.10551,9854.0,,False,5m consistent,0
2022-03-17 11:00:00,1.10477,1.10591,1.1047,1.10518,8929.0,,False,5m consistent,1
2022-03-17 17:00:00,1.1132,1.11384,1.11239,1.11276,7434.0,,False,5m consistent,0
2022-03-18 00:00:00,1.10998,1.11195,1.10976,1.11005,8018.0,,False,5m consistent,0
2022-03-18 06:00:00,1.10849,1.10954,1.10828,1.10843,5386.0,,False,5m consistent,0
2022-03-18 07:00:00,1.10843,1.10903,1.10721,1.10796,9244.0,,False,5m consistent,0
2022-03-18 08:00:00,1.10796,1.10815,1.10561,1.10684,11712.0,,False,5m consistent,0
2022-03-18 09:00:00,1.10686,1.10732,1.1054,1.10579,9624.0,,False,5m consistent,0
2022-03-18 10:00:00,1.10581,1.10612,1.10323,1.1039,11640.0,,False,5m consistent,0
2022-03-18 12:00:00,1.10235,1.10372,1.10162,1.10213,12280.0,,False,5m consistent,0
2022-03-18 16:00:00,1.10489,1.10732,1.10431,1.10615,14129.0,,False,5m consistent,0
2022-03-18 17:00:00,1.10615,1.10649,1.10513,1.10594,7135.0,,False,5m consistent,1
2022-03-21 05:00:00,1.10419,1.10447,1.10386,1.10427,2291.0,,False,5m consistent,1
2022-03-21 09:00:00,1.10575,1.10713,1.10524,1.10578,9436.0,,False,5m consistent,0
2022-03-21 10:00:00,1.10577,1.10591,1.10459,1.10464,5853.0,,False,5m consistent,0
2022-03-21 15:00:00,1.1043,1.10518,1.10385,1.10458,9270.0,,False,5m consistent,0
2022-03-21 16:00:00,1.10459,1.10532,1.10271,1.1043,16038.0,,False,5m consistent,0
2022-03-21 17:00:00,1.10428,1.10448,1.10189,1.10315,12261.0,,False,5m consistent,0
2022-03-21 23:00:00,1.10219,1.10229,1.10153,1.10177,1772.0,,False,5m consistent,0
2022-03-22 03:00:00,1.10026,1.10061,1.09975,1.10033,3782.0,,False,5m consistent,0
2022-03-22 05:00:00,1.09864,1.09921,1.09816,1.09825,5941.0,,False,5m consistent,1
2022-03-22 08:00:00,1.09832,1.10125,1.09818,1.10082,13860.0,,False,5m consistent,0
2022-03-22 09:00:00,1.1008,1.10153,1.09931,1.09971,12376.0,,False,5m consistent,1
2022-03-22 10:00:00,1.09971,1.10076,1.09879,1.10042,8907.0,,False,5m consistent,1
2022-03-22 13:00:00,1.10164,1.10443,1.10159,1.1042,14616.0,,False,5m consistent,0
2022-03-22 14:00:00,1.1042,1.10467,1.10292,1.10346,13009.0,,False,5m consistent,0
2022-03-22 15:00:00,1.10348,1.10351,1.10159,1.10224,11215.0,,False,5m consistent,1
2022-03-22 23:00:00,1.10332,1.10359,1.1027,1.10302,3139.0,,False,5m consistent,1
2022-03-23 06:00:00,1.10378,1.10408,1.10314,1.10317,3802.0,,False,5m consistent,0
2022-03-23 07:00:00,1.10319,1.1037,1.10152,1.10182,7619.0,,False,5m consistent,1
2022-03-23 08:00:00,1.10184,1.10246,1.10112,1.1017,10350.0,,False,5m consistent,0
2022-03-23 10:00:00,1.09978,1.10078,1.09967,1.10028,7695.0,,False,5m consistent,0
2022-03-23 12:00:00,1.0984,1.09953,1.09819,1.09875,11828.0,,False,5m consistent,0
2022-03-24 00:00:00,1.1007,1.10148,1.10021,1.10036,5242.0,,False,5m consistent,0
2022-03-24 04:00:00,1.09859,1.09883,1.09812,1.09865,3117.0,,False,5m consistent,1
2022-03-24 06:00:00,1.09784,1.099,1.09762,1.09869,5270.0,,False,5m consistent,0
2022-03-24 11:00:00,1.09888,1.10021,1.09736,1.09887,11309.0,,False,5m consistent,0
2022-03-24 12:00:00,1.09889,1.09963,1.09756,1.0984,10653.0,,False,5m consistent,0
2022-03-24 15:00:00,1.09964,1.10144,1.09945,1.10069,16072.0,,False,5m consistent,0
2022-03-25 01:00:00,1.10098,1.10365,1.10088,1.10333,9247.0,,False,5m consistent,1
2022-03-25 04:00:00,1.10286,1.10388,1.10268,1.10327,5909.0,,False,5m consistent,0
2022-03-25 05:00:00,1.10326,1.10347,1.10258,1.10295,3785.0,,False,5m consistent,0
2022-03-25 06:00:00,1.10297,1.103,1.10201,1.10287,4810.0,,False,5m consistent,0
2022-03-25 07:00:00,1.10287,1.10315,1.10222,1.10241,6915.0,,False,5m consistent,0
2022-03-25 08:00:00,1.10239,1.10274,1.10117,1.1017,10229.0,,False,5m consistent,0
2022-03-25 11:00:00,1.10152,1.10231,1.10112,1.10192,6574.0,,False,5m consistent,0
2022-03-25 12:00:00,1.10192,1.10192,1.10034,1.10041,8079.0,,False,5m consistent,1
2022-03-25 14:00:00,1.10128,1.10254,1.10078,1.10187,14633.0,,False,5m consistent,0
2022-03-28 00:00:00,1.09825,1.09853,1.09682,1.09717,4965.0,,False,5m consistent,0
2022-03-28 04:00:00,1.09563,1.09572,1.09518,1.09549,3719.0,,False,5m consistent,1
2022-03-28 06:00:00,1.0952,1.09663,1.09489,1.0956,9292.0,,False,5m consistent,1
2022-03-28 07:00:00,1.0956,1.09619,1.09483,1.09526,14171.0,,False,5m consistent,1
2022-03-28 08:00:00,1.09524,1.10002,1.09455,1.09917,21074.0,,False,5m consistent,0
2022-03-28 10:00:00,1.09801,1.09915,1.09753,1.09895,9287.0,,False,5m consistent,0
2022-03-28 11:00:00,1.09894,1.09944,1.09599,1.09644,10208.0,,False,5m consistent,0
2022-03-28 12:00:00,1.09643,1.09711,1.09519,1.09574,15058.0,,False,5m consistent,1
2022-03-28 16:00:00,1.0977,1.10003,1.09747,1.0995,7474.0,,False,5m consistent,0
2022-03-28 18:00:00,1.09839,1.09915,1.09781,1.0991,5407.0,,False,5m consistent,1
2022-03-28 23:00:00,1.09894,1.09987,1.0989,1.09921,3382.0,,False,5m consistent,0
2022-03-29 02:00:00,1.09933,1.09957,1.09882,1.09932,4757.0,,False,5m consistent,1
2022-03-29 07:00:00,1.10044,1.10191,1.09984,1.10009,12448.0,,False,5m consistent,0
2022-03-29 08:00:00,1.10007,1.10063,1.09798,1.09858,10763.0,,False,5m consistent,1
2022-03-29 10:00:00,1.10383,1.10587,1.10355,1.10481,11886.0,,False,5m consistent,1
2022-03-29 12:00:00,1.10855,1.11301,1.10798,1.11139,30821.0,,False,5m consistent,1
2022-03-29 13:00:00,1.11139,1.11382,1.1098,1.1131,23861.0,,False,5m consistent,0
2022-03-29 15:00:00,1.11006,1.11179,1.1099,1.11074,16698.0,,False,5m consistent,0
2022-03-30 07:00:00,1.11129,1.11357,1.11129,1.11291,17864.0,,False,5m consistent,1
2022-03-30 08:00:00,1.11291,1.11576,1.11153,1.11571,18231.0,,False,5m consistent,0
2022-03-30 09:00:00,1.11571,1.11625,1.11441,1.11471,10598.0,,False,5m consistent,0
2022-03-30 11:00:00,1.113,1.11485,1.11265,1.11401,9613.0,,False,5m consistent,0
2022-03-30 13:00:00,1.11258,1.11666,1.112,1.11648,17234.0,,False,5m consistent,1
2022-03-30 15:00:00,1.11633,1.11695,1.11563,1.1164,11617.0,,False,5m consistent,1
2022-03-31 01:00:00,1.1175,1.11858,1.1172,1.11772,7753.0,,False,5m consistent,0
2022-03-31 05:00:00,1.11615,1.11687,1.11584,1.11668,4108.0,,False,5m consistent,0
2022-03-31 06:00:00,1.1167,1.11741,1.11521,1.11696,11934.0,,False,5m consistent,0
2022-03-31 07:00:00,1.11697,1.11765,1.11507,1.11517,12797.0,,False,5m consistent,0
2022-03-31 08:00:00,1.11515,1.11524,1.11135,1.11304,13292.0,,False,5m consistent,0
2022-03-31 09:00:00,1.11303,1.11327,1.1107,1.11126,11867.0,,False,5m consistent,0
2022-03-31 12:00:00,1.11034,1.11144,1.1095,1.1103,12555.0,,False,5m consistent,0
2022-03-31 13:00:00,1.11032,1.11082,1.10689,1.10934,21116.0,,False,5m consistent,0
2022-03-31 14:00:00,1.10932,1.11338,1.10713,1.11203,26718.0,,False,5m consistent,0
2022-03-31 15:00:00,1.11201,1.11327,1.10936,1.10936,19216.0,,False,5m consistent,0
2022-03-31 17:00:00,1.10824,1.10945,1.10801,1.10821,6771.0,,False,5m consistent,1
2022-03-31 23:00:00,1.10743,1.10756,1.10681,1.1074,2132.0,,False,5m consistent,1
2022-04-01 01:00:00,1.10679,1.10741,1.10639,1.10726,5751.0,,False,5m consistent,0
2022-04-01 05:00:00,1.10648,1.10754,1.10644,1.1069,3306.0,,False,5m consistent,0
2022-04-01 06:00:00,1.10688,1.10766,1.1053,1.10744,11981.0,,False,5m consistent,0
2022-04-01 08:00:00,1.10534,1.10754,1.10493,1.10618,12016.0,,False,5m consistent,0
2022-04-01 10:00:00,1.10565,1.10683,1.10485,1.10681,8425.0,,False,5m consistent,0
2022-04-01 11:00:00,1.10679,1.10687,1.10488,1.10488,8166.0,,False,5m consistent,1
2022-04-01 13:00:00,1.1045,1.10547,1.10394,1.10458,12165.0,,False,5m consistent,0
2022-04-04 05:00:00,1.10488,1.1053,1.10473,1.10521,4262.0,,False,5m consistent,0
2022-04-04 06:00:00,1.10519,1.10549,1.1037,1.10402,8182.0,,False,5m consistent,0
2022-04-04 07:00:00,1.10404,1.10435,1.10282,1.10322,10964.0,,False,5m consistent,0
2022-04-04 08:00:00,1.10321,1.10396,1.10202,1.10231,11501.0,,False,5m consistent,0
2022-04-04 09:00:00,1.10231,1.10329,1.10099,1.10106,8738.0,,False,5m consistent,0
2022-04-04 12:00:00,1.09979,1.10097,1.09966,1.09999,10129.0,,False,5m consistent,0
2022-04-04 13:00:00,1.10001,1.10039,1.09819,1.09932,10011.0,,False,5m consistent,0
2022-04-04 15:00:00,1.09953,1.1002,1.09912,1.09939,7551.0,,False,5m consistent,0
2022-04-04 16:00:00,1.0994,1.0994,1.09751,1.09755,6117.0,,False,5m consistent,0
2022-04-05 00:00:00,1.09758,1.09809,1.09712,1.09769,5023.0,,False,5m consistent,0
2022-04-05 03:00:00,1.097,1.09733,1.0969,1.09731,2188.0,,False,5m consistent,0
2022-04-05 07:00:00,1.09766,1.09895,1.09722,1.09828,13223.0,,False,5m consistent,0
2022-04-05 09:00:00,1.09685,1.09865,1.09678,1.09791,7597.0,,False,5m consistent,0
2022-04-05 10:00:00,1.09789,1.0979,1.09571,1.09705,8122.0,,False,5m consistent,0
2022-04-05 11:00:00,1.09706,1.09784,1.09636,1.0968,7005.0,,False,5m consistent,1
2022-04-05 13:00:00,1.09652,1.09765,1.09596,1.09705,8965.0,,False,5m consistent,0
2022-04-05 14:00:00,1.09704,1.09736,1.09321,1.0939,19702.0,,False,5m consistent,0
2022-04-05 15:00:00,1.09391,1.09425,1.09199,1.09214,9319.0,,False,5m consistent,0
2022-04-05 17:00:00,1.09148,1.0922,1.09118,1.09139,4507.0,,False,5m consistent,0
2022-04-05 23:00:00,1.09084,1.09091,1.09057,1.09068,1361.0,,False,5m consistent,0
2022-04-06 03:00:00,1.08972,1.09038,1.08965,1.09014,4894.0,,False,5m consistent,0
2022-04-06 04:00:00,1.09013,1.09024,1.08941,1.08977,3717.0,,False,5m consistent,0
2022-04-06 05:00:00,1.08975,1.09018,1.08842,1.08846,4699.0,,False,5m consistent,1
2022-04-06 08:00:00,1.08962,1.0928,1.0892,1.09241,13083.0,,False,5m consistent,0
2022-04-06 09:00:00,1.09239,1.09266,1.09079,1.09133,10435.0,,False,5m consistent,0
2022-04-06 10:00:00,1.09133,1.09145,1.09001,1.09129,8933.0,,False,5m consistent,1
2022-04-06 12:00:00,1.09178,1.0939,1.09178,1.0934,12298.0,,False,5m consistent,0
2022-04-06 13:00:00,1.09341,1.09381,1.09133,1.09146,12347.0,,False,5m consistent,1
2022-04-06 14:00:00,1.09149,1.09247,1.09062,1.09204,13062.0,,False,5m consistent,0
2022-04-06 16:00:00,1.09112,1.09165,1.09046,1.0909,7393.0,,False,5m consistent,1
2022-04-06 17:00:00,1.09089,1.09114,1.09008,1.09016,6323.0,,False,5m consistent,1
2022-04-07 00:00:00,1.08985,1.09131,1.08976,1.09127,6840.0,,False,5m consistent,1
2022-04-07 06:00:00,1.09194,1.09353,1.09134,1.09179,8372.0,,False,5m consistent,0
2022-04-07 07:00:00,1.09183,1.09197,1.08955,1.08986,9876.0,,False,5m consistent,0
2022-04-07 08:00:00,1.08988,1.09017,1.08762,1.08789,9237.0,,False,5m consistent,1
2022-04-07 13:00:00,1.09143,1.09395,1.09079,1.09151,12599.0,,False,5m consistent,1
2022-04-07 14:00:00,1.09152,1.09245,1.08989,1.0912,17473.0,,False,5m consistent,0
2022-04-07 15:00:00,1.09121,1.09162,1.08961,1.08994,10852.0,,False,5m consistent,0
2022-04-07 18:00:00,1.08839,1.08893,1.08747,1.08811,5858.0,,False,5m consistent,0
2022-04-07 22:00:00,1.08811,1.08834,1.08734,1.08758,1953.0,,False,5m consistent,0
2022-04-08 01:00:00,1.08629,1.08708,1.08596,1.08666,6179.0,,False,5m consistent,1
2022-04-08 03:00:00,1.08596,1.08657,1.08574,1.08649,2360.0,,False,5m consistent,1
2022-04-08 05:00:00,1.08557,1.08688,1.08555,1.08686,4780.0,,False,5m consistent,0
2022-04-08 06:00:00,1.08686,1.08702,1.08593,1.08625,7153.0,,False,5m consistent,0
2022-04-08 10:00:00,1.08699,1.08926,1.0864,1.0887,7784.0,,False,5m consistent,0
2022-04-08 11:00:00,1.08872,1.08889,1.08596,1.08642,8005.0,,False,5m consistent,0
2022-04-08 12:00:00,1.08644,1.08672,1.08509,1.08538,8294.0,,False,5m consistent,0
2022-04-08 18:00:00,1.08726,1.08861,1.08703,1.08844,4565.0,,False,5m consistent,0
2022-04-11 01:00:00,1.0889,1.08958,1.0886,1.08913,5529.0,,False,5m consistent,0
2022-04-11 05:00:00,1.08863,1.08939,1.08822,1.08935,4339.0,,False,5m consistent,0
2022-04-11 09:00:00,1.0908,1.09291,1.09046,1.0926,7174.0,,False,5m consistent,0
2022-04-11 10:00:00,1.0926,1.09342,1.09056,1.09135,8051.0,,False,5m consistent,0
2022-04-11 12:00:00,1.09018,1.09069,1.08931,1.0906,7964.0,,False,5m consistent,0
2022-04-11 14:00:00,1.08819,1.08991,1.08787,1.08965,9765.0,,False,5m consistent,0
2022-04-12 00:00:00,1.08779,1.08882,1.08718,1.08753,5840.0,,False,5m consistent,1
2022-04-12 04:00:00,1.08753,1.0884,1.08753,1.08803,3468.0,,False,5m consistent,0
2022-04-12 05:00:00,1.08803,1.08829,1.08709,1.08715,4509.0,,False,5m consistent,0
2022-04-12 06:00:00,1.08715,1.08732,1.08609,1.08613,8843.0,,False,5m consistent,1
2022-04-12 07:00:00,1.08615,1.08735,1.08542,1.08717,12424.0,,False,5m consistent,0
2022-04-12 09:00:00,1.08629,1.08747,1.08606,1.08744,6876.0,,False,5m consistent,0
2022-04-12 10:00:00,1.08744,1.08748,1.08663,1.08677,6071.0,,False,5m consistent,0
2022-04-12 11:00:00,1.08678,1.08694,1.08554,1.08631,7854.0,,False,5m consistent,1
2022-04-12 12:00:00,1.0863,1.09048,1.08521,1.08967,22971.0,,False,5m consistent,1
2022-04-12 14:00:00,1.08711,1.08893,1.08709,1.08735,14143.0,,False,5m consistent,0
2022-04-12 15:00:00,1.08738,1.08763,1.08522,1.08536,12667.0,,False,5m consistent,0
2022-04-12 16:00:00,1.08538,1.08658,1.08328,1.08424,13251.0,,False,5m consistent,0
2022-04-12 23:00:00,1.08293,1.08297,1.08241,1.08269,1723.0,,False,5m consistent,0
2022-04-13 03:00:00,1.08362,1.08418,1.08337,1.08383,3884.0,,False,5m consistent,1
2022-04-13 05:00:00,1.08343,1.08451,1.08302,1.08445,4000.0,,False,5m consistent,0
2022-04-13 07:00:00,1.08229,1.0841,1.08159,1.08389,9935.0,,False,5m consistent,0
2022-04-13 08:00:00,1.08388,1.08398,1.0828,1.08378,7217.0,,False,5m consistent,0
2022-04-13 09:00:00,1.08376,1.08377,1.0826,1.08356,6592.0,,False,5m consistent,1
2022-04-13 11:00:00,1.08277,1.08487,1.08267,1.08316,9439.0,,False,5m consistent,0
2022-04-13 12:00:00,1.08318,1.08356,1.0816,1.0819,12394.0,,False,5m consistent,1
2022-04-13 23:00:00,1.08907,1.08983,1.08904,1.0896,2188.0,,False,5m consistent,1
2022-04-14 06:00:00,1.09111,1.09244,1.0911,1.09192,6990.0,,False,5m consistent,0
2022-04-14 09:00:00,1.09089,1.09185,1.09024,1.09146,6091.0,,False,5m consistent,0
2022-04-14 11:00:00,1.09065,1.09201,1.08641,1.08663,16140.0,,False,5m consistent,0
2022-04-14 12:00:00,1.08663,1.08915,1.08443,1.08484,26810.0,,False,5m consistent,0
2022-04-14 23:00:00,1.08252,1.08277,1.08161,1.08241,8038.0,,False,5m consistent,0
2022-04-15 01:00:00,1.08124,1.08169,1.08079,1.0814,7043.0,,False,5m consistent,0
2022-04-15 12:00:00,1.08179,1.0822,1.0814,1.08152,4801.0,,False,5m consistent,1
2022-04-18 01:00:00,1.0802,1.0813,1.07968,1.08079,6956.0,,False,5m consistent,0
2022-04-18 02:00:00,1.0808,1.08105,1.07967,1.08027,3679.0,,False,5m consistent,0
2022-04-18 06:00:00,1.07954,1.08009,1.07916,1.07947,3403.0,,False,5m consistent,0
2022-04-18 07:00:00,1.07945,1.08046,1.0788,1.07921,4011.0,,False,5m consistent,1
2022-04-18 11:00:00,1.08016,1.08146,1.08015,1.08103,4299.0,,False,5m consistent,0
2022-04-18 12:00:00,1.08103,1.08155,1.08001,1.0806,5919.0,,False,5m consistent,1
2022-04-18 13:00:00,1.08059,1.08117,1.07975,1.08016,9528.0,,False,5m consistent,0
2022-04-18 14:00:00,1.08015,1.08057,1.07918,1.07935,6055.0,,False,5m consistent,0
2022-04-18 15:00:00,1.07935,1.07988,1.07839,1.07845,4518.0,,False,5m consistent,0
2022-04-18 18:00:00,1.07841,1.07873,1.07832,1.07852,3006.0,,False,5m consistent,1
2022-04-18 22:00:00,1.07808,1.0789,1.07799,1.07819,2242.0,,False,5m consistent,1
2022-04-18 23:00:00,1.0782,1.07858,1.07761,1.07808,2807.0,,False,5m consistent,1
2022-04-19 01:00:00,1.07801,1.07854,1.07764,1.07781,6516.0,,False,5m consistent,0
2022-04-19 05:00:00,1.07728,1.07782,1.07673,1.07754,4926.0,,False,5m consistent,1
2022-04-19 07:00:00,1.07834,1.08035,1.07823,1.08029,9675.0,,False,5m consistent,1
2022-04-19 08:00:00,1.0803,1.08152,1.07942,1.08119,8862.0,,False,5m consistent,0
2022-04-19 09:00:00,1.08116,1.08122,1.07945,1.07991,6563.0,,False,5m consistent,0
2022-04-19 10:00:00,1.07992,1.07992,1.07854,1.07947,5276.0,,False,5m consistent,1
2022-04-19 11:00:00,1.07945,1.07983,1.07859,1.07966,5975.0,,False,5m consistent,1
2022-04-19 12:00:00,1.07964,1.08052,1.07896,1.07948,10444.0,,False,5m consistent,1
2022-04-19 13:00:00,1.0795,1.08092,1.07868,1.08067,13611.0,,False,5m consistent,0
2022-04-19 16:00:00,1.07903,1.07991,1.07847,1.07973,5510.0,,False,5m consistent,0
2022-04-19 18:00:00,1.07898,1.07956,1.07832,1.07911,5421.0,,False,5m consistent,1
2022-04-19 23:00:00,1.07914,1.07963,1.07882,1.0795,3305.0,,False,5m consistent,1
2022-04-20 00:00:00,1.07951,1.07999,1.0788,1.07973,5386.0,,False,5m consistent,0
2022-04-20 04:00:00,1.08196,1.08232,1.08156,1.08211,6253.0,,False,5m consistent,0
2022-04-20 05:00:00,1.08211,1.08211,1.08137,1.08174,5111.0,,False,5m consistent,0
2022-04-20 06:00:00,1.08174,1.08193,1.08089,1.08142,6943.0,,False,5m consistent,1
2022-04-20 08:00:00,1.08101,1.08422,1.08065,1.08406,7598.0,,False,5m consistent,1
2022-04-20 10:00:00,1.08549,1.08666,1.08521,1.08596,10008.0,,False,5m consistent,0
2022-04-20 14:00:00,1.08426,1.08667,1.08423,1.08653,14202.0,,False,5m consistent,0
2022-04-20 15:00:00,1.08653,1.0867,1.08474,1.08555,7810.0,,False,5m consistent,1
2022-04-20 17:00:00,1.08434,1.08533,1.08408,1.08527,5945.0,,False,5m consistent,1
2022-04-20 20:00:00,1.08544,1.08566,1.08486,1.08559,1826.0,,False,5m consistent,0
2022-04-20 23:00:00,1.0854,1.08558,1.08479,1.08503,2329.0,,False,5m consistent,0
2022-04-21 01:00:00,1.08369,1.08446,1.08357,1.08387,6294.0,,False,5m consistent,0
2022-04-21 06:00:00,1.08477,1.09044,1.0847,1.09031,13951.0,,False,5m consistent,1
2022-04-21 07:00:00,1.09032,1.09371,1.08889,1.0928,14885.0,,False,5m consistent,0
2022-04-21 08:00:00,1.09278,1.0931,1.0912,1.0922,10787.0,,False,5m consistent,0
2022-04-21 09:00:00,1.09221,1.09262,1.09089,1.09148,7618.0,,False,5m consistent,0
2022-04-21 10:00:00,1.0915,1.09225,1.09008,1.09013,7535.0,,False,5m consistent,0
2022-04-21 12:00:00,1.08807,1.08944,1.08766,1.0892,8872.0,,False,5m consistent,0
2022-04-21 13:00:00,1.08918,1.08971,1.08713,1.08728,13111.0,,False,5m consistent,0
2022-04-21 17:00:00,1.08445,1.08595,1.08382,1.08506,10796.0,,False,5m consistent,0
2022-04-22 02:00:00,1.08416,1.08454,1.08356,1.08415,4346.0,,False,5m consistent,1
2022-04-22 05:00:00,1.08464,1.08524,1.08397,1.08467,4995.0,,False,5m consistent,0
2022-04-22 06:00:00,1.08467,1.08526,1.08258,1.08272,10146.0,,False,5m consistent,0
2022-04-22 07:00:00,1.0827,1.08296,1.08038,1.08073,13959.0,,False,5m consistent,0
2022-04-22 12:00:00,1.08221,1.08242,1.08157,1.08199,9114.0,,False,5m consistent,0
2022-04-22 13:00:00,1.08201,1.08458,1.08032,1.08067,17880.0,,False,5m consistent,0
2022-04-22 15:00:00,1.07771,1.0793,1.07715,1.07896,13605.0,,False,5m consistent,1
2022-04-25 00:00:00,1.08104,1.08131,1.08011,1.08029,7472.0,,False,5m consistent,0
2022-04-25 01:00:00,1.0803,1.08056,1.07846,1.07879,8872.0,,False,5m consistent,0
2022-04-25 03:00:00,1.07822,1.07894,1.0781,1.07822,4276.0,,False,5m consistent,0
2022-04-25 05:00:00,1.07751,1.07798,1.07693,1.07766,5791.0,,False,5m consistent,0
2022-04-25 08:00:00,1.07391,1.07553,1.07345,1.07458,12734.0,,False,5m consistent,0
2022-04-25 09:00:00,1.07457,1.07501,1.0731,1.07317,9536.0,,False,5m consistent,1
2022-04-25 11:00:00,1.07249,1.07534,1.07209,1.07504,16966.0,,False,5m consistent,0
2022-04-25 12:00:00,1.07504,1.07592,1.07331,1.07437,18790.0,,False,5m consistent,0
2022-04-25 13:00:00,1.07439,1.07447,1.07163,1.07235,16823.0,,False,5m consistent,0
2022-04-26 00:00:00,1.07136,1.07323,1.07125,1.07311,8152.0,,False,5m consistent,1
2022-04-26 05:00:00,1.07289,1.07345,1.07234,1.07326,4144.0,,False,5m consistent,0
2022-04-26 06:00:00,1.07326,1.07355,1.07013,1.07048,11752.0,,False,5m consistent,1
2022-04-26 10:00:00,1.06875,1.06981,1.06797,1.06904,6953.0,,False,5m consistent,0
2022-04-26 12:00:00,1.06717,1.06847,1.06709,1.068,10345.0,,False,5m consistent,1
2022-04-26 13:00:00,1.06799,1.06863,1.06646,1.06756,12374.0,,False,5m consistent,0
2022-04-26 16:00:00,1.066,1.06658,1.06546,1.066,7337.0,,False,5m consistent,0
2022-04-26 23:00:00,1.06461,1.06488,1.06433,1.06435,3436.0,,False,5m consistent,1
2022-04-27 00:00:00,1.06436,1.06477,1.06357,1.06445,5302.0,,False,5m consistent,1
2022-04-27 01:00:00,1.06444,1.06479,1.06368,1.06477,7710.0,,False,5m consistent,0
2022-04-27 05:00:00,1.06504,1.06557,1.06482,1.06516,5228.0,,False,5m consistent,0
2022-04-27 06:00:00,1.06515,1.06526,1.06171,1.06215,15937.0,,False,5m consistent,0
2022-04-27 07:00:00,1.06216,1.06296,1.05888,1.06248,17918.0,,False,5m consistent,0
2022-04-27 09:00:00,1.05896,1.06218,1.05869,1.06141,12134.0,,False,5m consistent,0
2022-04-27 10:00:00,1.06146,1.06236,1.06042,1.06113,10849.0,,False,5m consistent,0
2022-04-27 11:00:00,1.06114,1.06119,1.05816,1.05854,11398.0,,False,5m consistent,0
2022-04-27 12:00:00,1.05854,1.05868,1.0546,1.05561,16108.0,,False,5m consistent,0
2022-04-27 13:00:00,1.05561,1.0562,1.05342,1.05493,17419.0,,False,5m consistent,0
2022-04-27 17:00:00,1.0564,1.05732,1.05591,1.05712,7233.0,,False,5m consistent,0
2022-04-27 20:00:00,1.0559,1.05618,1.05568,1.05596,2055.0,,False,5m consistent,0
2022-04-27 23:00:00,1.05518,1.05572,1.05503,1.05552,2062.0,,False,5m consistent,0
2022-04-28 01:00:00,1.05393,1.05545,1.05359,1.05478,7656.0,,False,5m consistent,0
2022-04-28 02:00:00,1.0548,1.05485,1.05334,1.05376,5359.0,,False,5m consistent,0
2022-04-28 04:00:00,1.05101,1.05278,1.05096,1.05184,5736.0,,False,5m consistent,0
2022-04-28 07:00:00,1.05255,1.0566,1.05161,1.05559,23492.0,,False,5m consistent,0
2022-04-28 09:00:00,1.05169,1.05397,1.05147,1.05212,12881.0,,False,5m consistent,0
2022-04-28 11:00:00,1.04982,1.05107,1.04871,1.04914,12635.0,,False,5m consistent,1
2022-04-28 13:00:00,1.04865,1.0515,1.04825,1.05094,18061.0,,False,5m consistent,0
2022-04-28 14:00:00,1.05091,1.05212,1.04823,1.05162,23084.0,,False,5m consistent,0
2022-04-28 16:00:00,1.05009,1.05162,1.04944,1.05135,9612.0,,False,5m consistent,0
2022-04-29 01:00:00,1.05166,1.05308,1.0516,1.052,6340.0,,False,5m consistent,1
2022-04-29 09:00:00,1.05702,1.05813,1.05666,1.0579,10280.0,,False,5m consistent,0
2022-04-29 10:00:00,1.05789,1.05792,1.05623,1.05653,8866.0,,False,5m consistent,0
2022-04-29 11:00:00,1.05655,1.05802,1.05406,1.05453,13274.0,,False,5m consistent,0
2022-04-29 13:00:00,1.05323,1.05424,1.0523,1.05348,16347.0,,False,5m consistent,1
2022-04-29 14:00:00,1.05347,1.05602,1.05193,1.05475,18511.0,,False,5m consistent,1
2022-04-29 18:00:00,1.05734,1.05756,1.05645,1.05708,7396.0,,False,5m consistent,0
2022-05-02 06:00:00,1.05146,1.05529,1.0511,1.05494,8676.0,,False,5m consistent,0
2022-05-02 10:00:00,1.05279,1.05301,1.05207,1.05273,5060.0,,False,5m consistent,1
2022-05-02 13:00:00,1.05115,1.05289,1.05036,1.05254,12763.0,,False,5m consistent,1
2022-05-02 14:00:00,1.05258,1.05427,1.05157,1.0523,15318.0,,False,5m consistent,1
2022-05-02 15:00:00,1.05231,1.05246,1.05048,1.05223,8658.0,,False,5m consistent,0
2022-05-02 16:00:00,1.05221,1.05272,1.0503,1.05101,6842.0,,False,5m consistent,1
2022-05-03 00:00:00,1.05104,1.05269,1.05094,1.05262,5112.0,,False,5m consistent,0
2022-05-03 01:00:00,1.05261,1.05277,1.05159,1.05232,4673.0,,False,5m consistent,0
2022-05-03 03:00:00,1.05145,1.05205,1.05087,1.05194,2917.0,,False,5m consistent,0
2022-05-03 05:00:00,1.05027,1.05118,1.04987,1.05084,5296.0,,False,5m consistent,1
2022-05-03 07:00:00,1.04988,1.05288,1.04955,1.05196,13426.0,,False,5m consistent,0
2022-05-03 09:00:00,1.05009,1.0515,1.04929,1.05144,9371.0,,False,5m consistent,1
2022-05-03 12:00:00,1.05383,1.05785,1.0538,1.05685,15078.0,,False,5m consistent,0
2022-05-03 13:00:00,1.05684,1.05732,1.05493,1.05568,14606.0,,False,5m consistent,1
2022-05-03 15:00:00,1.05391,1.05491,1.05323,1.05327,9825.0,,False,5m consistent,1
2022-05-03 17:00:00,1.05164,1.05414,1.05151,1.053,7672.0,,False,5m consistent,1
2022-05-04 01:00:00,1.0526,1.05342,1.05193,1.05301,3087.0,,False,5m consistent,0
2022-05-04 12:00:00,1.05315,1.05563,1.05263,1.05541,11049.0,,False,5m consistent,0
2022-05-04 14:00:00,1.05337,1.05517,1.05254,1.05472,13750.0,,False,5m consistent,1
2022-05-04 16:00:00,1.05414,1.055,1.05351,1.055,7538.0,,False,5m consistent,1
2022-05-04 17:00:00,1.05499,1.05537,1.0535,1.0547,7456.0,,False,5m consistent,1
2022-05-04 21:00:00,1.06277,1.06305,1.06256,1.06264,226.0,,False,5m consistent,1
2022-05-04 23:00:00,1.06066,1.06239,1.06049,1.06214,4036.0,,False,5m consistent,1
2022-05-05 05:00:00,1.06135,1.06203,1.06071,1.06132,5952.0,,False,5m consistent,0
2022-05-05 07:00:00,1.05958,1.06076,1.05856,1.05989,12626.0,,False,5m consistent,1
2022-05-05 09:00:00,1.06008,1.0604,1.05928,1.05984,8095.0,,False,5m consistent,1
2022-05-05 10:00:00,1.05984,1.06086,1.05875,1.05986,6716.0,,False,5m consistent,1
2022-05-05 13:00:00,1.05543,1.05668,1.05429,1.05572,15457.0,,False,5m consistent,0
2022-05-05 14:00:00,1.05572,1.05575,1.053,1.05338,21750.0,,False,5m consistent,0
2022-05-05 15:00:00,1.0534,1.0534,1.05042,1.05076,15803.0,,False,5m consistent,1
2022-05-05 19:00:00,1.05172,1.05519,1.05172,1.05515,13746.0,,False,5m consistent,0
2022-05-05 22:00:00,1.05454,1.05512,1.05402,1.05512,3372.0,,False,5m consistent,0
2022-05-06 00:00:00,1.05406,1.0552,1.05342,1.0542,7288.0,,False,5m consistent,0
2022-05-06 04:00:00,1.05338,1.05357,1.05267,1.05332,2498.0,,False,5m consistent,0
2022-05-06 05:00:00,1.05333,1.05349,1.05223,1.05236,4122.0,,False,5m consistent,0
2022-05-06 10:00:00,1.05716,1.05997,1.05697,1.05895,9288.0,,False,5m consistent,0
2022-05-06 11:00:00,1.05893,1.05918,1.05607,1.05666,8562.0,,False,5m consistent,1
2022-05-06 13:00:00,1.05546,1.05969,1.05545,1.05743,30665.0,,False,5m consistent,1
2022-05-06 16:00:00,1.05718,1.05813,1.05673,1.057,12819.0,,False,5m consistent,0
2022-05-09 01:00:00,1.05201,1.05277,1.05144,1.0525,7095.0,,False,5m consistent,0
2022-05-09 05:00:00,1.05132,1.05133,1.05039,1.05084,5066.0,,False,5m consistent,1
2022-05-09 10:00:00,1.05287,1.05508,1.05269,1.05457,9633.0,,False,5m consistent,1
2022-05-09 12:00:00,1.05474,1.05744,1.05455,1.05632,15948.0,,False,5m consistent,0
2022-05-09 13:00:00,1.05632,1.05643,1.05313,1.05331,15308.0,,False,5m consistent,1
2022-05-09 16:00:00,1.05576,1.05934,1.05556,1.05744,12981.0,,False,5m consistent,0
2022-05-09 23:00:00,1.05579,1.05701,1.05577,1.05642,3221.0,,False,5m consistent,1
2022-05-10 05:00:00,1.05765,1.05862,1.05744,1.05775,6071.0,,False,5m consistent,0
2022-05-10 06:00:00,1.05776,1.058,1.05602,1.05614,9545.0,,False,5m consistent,1
2022-05-10 08:00:00,1.05578,1.05765,1.05551,1.05733,9907.0,,False,5m consistent,0
2022-05-10 12:00:00,1.05539,1.05621,1.05491,1.05525,9738.0,,False,5m consistent,0
2022-05-10 13:00:00,1.05524,1.05759,1.05422,1.05446,13738.0,,False,5m consistent,1
2022-05-10 14:00:00,1.05445,1.05545,1.05285,1.05418,20232.0,,False,5m consistent,1
2022-05-10 17:00:00,1.05346,1.05424,1.05273,1.05384,9165.0,,False,5m consistent,0
2022-05-11 05:00:00,1.05421,1.0551,1.05402,1.05469,3063.0,,False,5m consistent,1
2022-05-11 08:00:00,1.05533,1.05755,1.05503,1.05687,11905.0,,False,5m consistent,0
2022-05-11 09:00:00,1.05687,1.05767,1.05578,1.05642,7991.0,,False,5m consistent,0
2022-05-11 11:00:00,1.0547,1.05577,1.05439,1.05457,8703.0,,False,5m consistent,0
2022-05-11 13:00:00,1.05215,1.05781,1.05187,1.05612,33851.0,,False,5m consistent,0
2022-05-11 14:00:00,1.05614,1.05712,1.05452,1.05491,26520.0,,False,5m consistent,0
2022-05-11 16:00:00,1.05382,1.05463,1.05295,1.05316,11733.0,,False,5m consistent,1
2022-05-11 18:00:00,1.05182,1.05366,1.05182,1.0532,13201.0,,False,5m consistent,0
2022-05-12 01:00:00,1.05251,1.05299,1.05201,1.0524,7008.0,,False,5m consistent,1
2022-05-12 10:00:00,1.0428,1.04423,1.04274,1.04373,9256.0,,False,5m consistent,0
2022-05-12 12:00:00,1.04001,1.04392,1.03958,1.0416,18472.0,,False,5m consistent,0
2022-05-12 13:00:00,1.04159,1.04267,1.03973,1.03998,20325.0,,False,5m consistent,1
2022-05-12 14:00:00,1.03998,1.0418,1.03843,1.0413,18386.0,,False,5m consistent,0
2022-05-12 15:00:00,1.04132,1.04258,1.03724,1.03757,12720.0,,False,5m consistent,1
2022-05-13 05:00:00,1.03981,1.04026,1.03953,1.03965,3644.0,,False,5m consistent,1
2022-05-13 06:00:00,1.03967,1.04068,1.03861,1.03936,10063.0,,False,5m consistent,1
2022-05-13 07:00:00,1.03938,1.04206,1.03845,1.04166,16408.0,,False,5m consistent,0
2022-05-13 08:00:00,1.04167,1.04204,1.03997,1.04089,7453.0,,False,5m consistent,0
2022-05-13 12:00:00,1.03837,1.03934,1.03741,1.03786,8360.0,,False,5m consistent,0
2022-05-13 16:00:00,1.04124,1.04162,1.04066,1.04096,5290.0,,False,5m consistent,1
2022-05-16 00:00:00,1.03991,1.0412,1.03986,1.04111,4294.0,,False,5m consistent,0
2022-05-16 01:00:00,1.04111,1.04183,1.04013,1.04062,6607.0,,False,5m consistent,0
2022-05-16 02:00:00,1.04062,1.04062,1.0395,1.04035,10209.0,,False,5m consistent,1
2022-05-16 08:00:00,1.04098,1.04352,1.04073,1.04338,8053.0,,False,5m consistent,0
2022-05-16 10:00:00,1.04167,1.04391,1.04162,1.04364,5260.0,,False,5m consistent,0
2022-05-16 12:00:00,1.04192,1.04356,1.04136,1.04243,8255.0,,False,5m consistent,0
2022-05-16 13:00:00,1.04242,1.04342,1.04029,1.04052,9651.0,,False,5m consistent,1
2022-05-16 21:00:00,1.04381,1.04408,1.04354,1.0439,334.0,,False,5m consistent,1
2022-05-17 00:00:00,1.04402,1.04552,1.04398,1.04481,5276.0,,False,5m consistent,0
2022-05-17 01:00:00,1.0448,1.04507,1.04358,1.04499,6252.0,,False,5m consistent,0
2022-05-17 08:00:00,1.04644,1.04931,1.04571,1.04912,11018.0,,False,5m consistent,0
2022-05-17 11:00:00,1.05166,1.05568,1.05153,1.05401,11701.0,,False,5m consistent,1
2022-05-17 12:00:00,1.05402,1.05505,1.05283,1.05438,11469.0,,False,5m consistent,1
2022-05-17 13:00:00,1.05441,1.05447,1.0526,1.05407,8793.0,,False,5m consistent,1
2022-05-17 17:00:00,1.05438,1.05536,1.05398,1.0547,5112.0,,False,5m consistent,1
2022-05-18 00:00:00,1.05498,1.05648,1.05491,1.05559,5876.0,,False,5m consistent,0
2022-05-18 02:00:00,1.05402,1.05418,1.05324,1.05363,3795.0,,False,5m consistent,1
2022-05-18 05:00:00,1.053,1.05415,1.053,1.05402,4705.0,,False,5m consistent,0
2022-05-18 07:00:00,1.0522,1.05252,1.05142,1.05172,8736.0,,False,5m consistent,0
2022-05-18 09:00:00,1.05087,1.05251,1.05067,1.05245,6205.0,,False,5m consistent,0
2022-05-18 10:00:00,1.05248,1.053,1.05159,1.05193,6119.0,,False,5m consistent,1
2022-05-18 13:00:00,1.05224,1.05428,1.0517,1.05189,11994.0,,False,5m consistent,0
2022-05-18 14:00:00,1.0519,1.05251,1.04952,1.05108,13170.0,,False,5m consistent,0
2022-05-18 16:00:00,1.04925,1.04991,1.04833,1.0488,8292.0,,False,5m consistent,0
2022-05-18 18:00:00,1.04785,1.04862,1.04737,1.04747,4918.0,,False,5m consistent,1
2022-05-19 00:00:00,1.04739,1.05015,1.0469,1.04893,9347.0,,False,5m consistent,1
2022-05-19 04:00:00,1.05012,1.05079,1.04969,1.0497,4072.0,,False,5m consistent,0
2022-05-19 05:00:00,1.04971,1.0503,1.04869,1.04874,5126.0,,False,5m consistent,0
2022-05-19 06:00:00,1.04874,1.04949,1.04763,1.04797,6636.0,,False,5m consistent,1
2022-05-19 07:00:00,1.04796,1.04957,1.0466,1.04933,12501.0,,False,5m consistent,1
2022-05-19 08:00:00,1.04933,1.05098,1.04807,1.0497,10630.0,,False,5m consistent,1
2022-05-19 10:00:00,1.05006,1.0536,1.04968,1.0529,9485.0,,False,5m consistent,1
2022-05-19 14:00:00,1.05591,1.05943,1.05531,1.05917,24534.0,,False,5m consistent,1
2022-05-19 18:00:00,1.06057,1.06072,1.05964,1.05989,7543.0,,False,5m consistent,0
2022-05-19 23:00:00,1.0582,1.05846,1.05792,1.05804,3100.0,,False,5m consistent,0
2022-05-20 01:00:00,1.05773,1.05823,1.05695,1.05742,7293.0,,False,5m consistent,0
2022-05-20 05:00:00,1.05748,1.05946,1.05718,1.05918,6308.0,,False,5m consistent,0
2022-05-20 06:00:00,1.0592,1.05931,1.05773,1.05789,7130.0,,False,5m consistent,1
2022-05-20 07:00:00,1.05789,1.05838,1.0566,1.05774,9885.0,,False,5m consistent,0
2022-05-20 10:00:00,1.05922,1.06001,1.05848,1.05897,6421.0,,False,5m consistent,0
2022-05-20 13:00:00,1.0565,1.05719,1.05566,1.05635,10809.0,,False,5m consistent,0
2022-05-20 14:00:00,1.05634,1.05666,1.05408,1.05572,13727.0,,False,5m consistent,1
2022-05-20 15:00:00,1.05573,1.05648,1.05459,1.05591,8413.0,,False,5m consistent,0
2022-05-20 17:00:00,1.05498,1.05553,1.05451,1.05456,6986.0,,False,5m consistent,1
2022-05-23 06:00:00,1.06002,1.06105,1.05959,1.06069,8311.0,,False,5m consistent,1
2022-05-23 09:00:00,1.06472,1.06885,1.06459,1.06793,14003.0,,False,5m consistent,0
2022-05-23 10:00:00,1.06796,1.06823,1.06643,1.06767,6938.0,,False,5m consistent,0
2022-05-23 13:00:00,1.06498,1.06685,1.06452,1.06669,9407.0,,False,5m consistent,1
2022-05-23 21:00:00,1.06928,1.06959,1.06907,1.06923,720.0,,False,5m consistent,0
2022-05-23 23:00:00,1.06845,1.06906,1.06817,1.06845,1783.0,,False,5m consistent,0
2022-05-24 03:00:00,1.06652,1.06745,1.06652,1.06734,1642.0,,False,5m consistent,1
2022-05-24 07:00:00,1.06853,1.07371,1.06853,1.0732,20842.0,,False,5m consistent,0
2022-05-24 11:00:00,1.07105,1.07288,1.07028,1.07155,8389.0,,False,5m consistent,0
2022-05-24 13:00:00,1.07084,1.07399,1.0705,1.07351,16186.0,,False,5m consistent,1
2022-05-24 15:00:00,1.07273,1.07447,1.07227,1.07441,12111.0,,False,5m consistent,0
2022-05-24 23:00:00,1.07392,1.07397,1.07329,1.07336,1480.0,,False,5m consistent,0
2022-05-25 00:00:00,1.07336,1.07378,1.0719,1.07238,3771.0,,False,5m consistent,0
2022-05-25 01:00:00,1.07239,1.07245,1.07117,1.07133,5624.0,,False,5m consistent,0
2022-05-25 03:00:00,1.07074,1.07158,1.07056,1.07146,2891.0,,False,5m consistent,0
2022-05-25 05:00:00,1.07064,1.071,1.07033,1.0709,3042.0,,False,5m consistent,0
2022-05-25 06:00:00,1.07089,1.07091,1.06923,1.06985,8147.0,,False,5m consistent,0
2022-05-25 07:00:00,1.06986,1.07007,1.06826,1.06851,11721.0,,False,5m consistent,0
2022-05-25 08:00:00,1.06852,1.06872,1.06675,1.06708,10509.0,,False,5m consistent,1
2022-05-25 09:00:00,1.06709,1.06802,1.06631,1.06767,7818.0,,False,5m consistent,0
2022-05-25 10:00:00,1.06765,1.06787,1.06564,1.06663,6385.0,,False,5m consistent,1
2022-05-25 11:00:00,1.06662,1.06749,1.0655,1.06604,10565.0,,False,5m consistent,0
2022-05-25 14:00:00,1.06682,1.06881,1.06597,1.06789,13311.0,,False,5m consistent,0
2022-05-25 17:00:00,1.06555,1.06768,1.06526,1.06742,5061.0,,False,5m consistent,1
2022-05-25 18:00:00,1.06746,1.06912,1.06628,1.06891,23537.0,,False,5m consistent,1
2022-05-26 00:00:00,1.06879,1.07075,1.06863,1.07052,6047.0,,False,5m consistent,0
2022-05-26 02:00:00,1.06891,1.07031,1.0689,1.06982,3944.0,,False,5m consistent,1
2022-05-26 03:00:00,1.06981,1.07035,1.06889,1.07024,3324.0,,False,5m consistent,0
2022-05-26 04:00:00,1.07027,1.07035,1.06813,1.06834,3259.0,,False,5m consistent,0
2022-05-26 07:00:00,1.06764,1.06968,1.06762,1.06897,8717.0,,False,5m consistent,1
2022-05-26 10:00:00,1.07142,1.07238,1.07084,1.07202,6780.0,,False,5m consistent,0
2022-05-26 11:00:00,1.07202,1.07204,1.0703,1.07063,7797.0,,False,5m consistent,1
2022-05-26 13:00:00,1.06993,1.07208,1.06931,1.07174,9537.0,,False,5m consistent,1
2022-05-26 15:00:00,1.07182,1.07303,1.07131,1.07263,8004.0,,False,5m consistent,0
2022-05-27 01:00:00,1.07407,1.0766,1.0735,1.07635,6378.0,,False,5m consistent,0
2022-05-27 04:00:00,1.07565,1.07592,1.07543,1.07555,1918.0,,False,5m consistent,0
2022-05-27 05:00:00,1.07556,1.07579,1.07446,1.07513,3018.0,,False,5m consistent,0
2022-05-27 07:00:00,1.07405,1.07559,1.0734,1.07365,8045.0,,False,5m consistent,1
2022-05-27 08:00:00,1.07367,1.07443,1.07265,1.07314,7630.0,,False,5m consistent,0
2022-05-27 09:00:00,1.07312,1.07322,1.07163,1.07166,5911.0,,False,5m consistent,0
2022-05-27 13:00:00,1.07162,1.07504,1.07103,1.07455,9088.0,,False,5m consistent,0
2022-05-30 06:00:00,1.07546,1.07711,1.0752,1.07547,6573.0,,False,5m consistent,1
2022-05-30 09:00:00,1.0764,1.07712,1.0762,1.07666,5470.0,,False,5m consistent,1
2022-05-30 10:00:00,1.07667,1.07761,1.07577,1.07757,4841.0,,False,5m consistent,0
2022-05-30 11:00:00,1.07759,1.07814,1.07653,1.07676,5198.0,,False,5m consistent,0
2022-05-30 23:00:00,1.07757,1.07765,1.07712,1.07739,2025.0,,False,5m consistent,0
2022-05-31 00:00:00,1.07741,1.07755,1.07439,1.07467,7315.0,,False,5m consistent,0
2022-05-31 01:00:00,1.07465,1.07525,1.07351,1.07513,7764.0,,False,5m consistent,1
2022-05-31 02:00:00,1.07514,1.0759,1.07429,1.07523,4326.0,,False,5m consistent,1
2022-05-31 03:00:00,1.07523,1.07546,1.07453,1.07522,3425.0,,False,5m consistent,1
2022-05-31 05:00:00,1.07455,1.07563,1.07455,1.07465,2501.0,,False,5m consistent,0
2022-05-31 07:00:00,1.07345,1.07492,1.07344,1.07376,8913.0,,False,5m consistent,0
2022-05-31 08:00:00,1.07375,1.07467,1.07259,1.07288,7653.0,,False,5m consistent,1
2022-05-31 11:00:00,1.06972,1.07145,1.06903,1.07142,10895.0,,False,5m consistent,0
2022-05-31 13:00:00,1.06827,1.07198,1.06798,1.07135,13569.0,,False,5m consistent,0
2022-06-01 00:00:00,1.0735,1.07357,1.07274,1.07287,3464.0,,False,5m consistent,0
2022-06-01 01:00:00,1.07286,1.07294,1.07094,1.07182,4590.0,,False,5m consistent,1
2022-06-01 03:00:00,1.07175,1.07227,1.07143,1.07191,2841.0,,False,5m consistent,1
2022-06-01 04:00:00,1.07191,1.07198,1.0708,1.07151,3354.0,,False,5m consistent,1
2022-06-01 06:00:00,1.07106,1.07265,1.07068,1.07246,5730.0,,False,5m consistent,1
2022-06-01 09:00:00,1.07189,1.07278,1.07147,1.07277,5120.0,,False,5m consistent,0
2022-06-01 10:00:00,1.07277,1.07294,1.07144,1.07184,4527.0,,False,5m consistent,0
2022-06-01 12:00:00,1.07092,1.07288,1.07062,1.0727,8794.0,,False,5m consistent,0
2022-06-01 13:00:00,1.07271,1.07316,1.07032,1.071,8572.0,,False,5m consistent,0
2022-06-01 14:00:00,1.07101,1.07101,1.06523,1.06679,22050.0,,False,5m consistent,0
2022-06-02 00:00:00,1.06519,1.06606,1.06464,1.06572,3815.0,,False,5m consistent,1
2022-06-02 01:00:00,1.06573,1.06586,1.06472,1.06556,3381.0,,False,5m consistent,1
2022-06-02 04:00:00,1.06551,1.06586,1.06538,1.06584,1542.0,,False,5m consistent,1
2022-06-02 10:00:00,1.06891,1.06979,1.06833,1.06962,3815.0,,False,5m consistent,1
2022-06-02 11:00:00,1.06963,1.06975,1.06852,1.06949,4729.0,,False,5m consistent,1
2022-06-02 12:00:00,1.06949,1.07171,1.06857,1.0704,10762.0,,False,5m consistent,1
2022-06-03 06:00:00,1.07551,1.07594,1.07513,1.07539,3346.0,,False,5m consistent,1
2022-06-03 07:00:00,1.07537,1.07616,1.07457,1.07573,4460.0,,False,5m consistent,1
2022-06-03 08:00:00,1.07573,1.07633,1.07503,1.07544,4645.0,,False,5m consistent,0
2022-06-03 09:00:00,1.07542,1.07565,1.07441,1.07479,3882.0,,False,5m consistent,0
2022-06-03 10:00:00,1.07479,1.07484,1.07345,1.07414,4007.0,,False,5m consistent,0
2022-06-03 13:00:00,1.0717,1.0753,1.07153,1.0745,12658.0,,False,5m consistent,0
2022-06-03 14:00:00,1.07458,1.07496,1.07162,1.0724,11411.0,,False,5m consistent,1
2022-06-03 16:00:00,1.07119,1.07298,1.07115,1.07297,3662.0,,False,5m consistent,0
2022-06-06 05:00:00,1.07285,1.07371,1.07275,1.07277,2573.0,,False,5m consistent,1
2022-06-06 08:00:00,1.07428,1.07526,1.07394,1.07515,6781.0,,False,5m consistent,0
2022-06-06 09:00:00,1.07516,1.07519,1.07398,1.07455,4836.0,,False,5m consistent,0
2022-06-06 11:00:00,1.07286,1.07329,1.0725,1.07316,4426.0,,False,5m consistent,0
2022-06-06 12:00:00,1.07316,1.0732,1.07164,1.07235,4874.0,,False,5m consistent,0
2022-06-06 13:00:00,1.07236,1.07242,1.07062,1.07149,5650.0,,False,5m consistent,0
2022-06-06 14:00:00,1.07149,1.07247,1.06925,1.07185,10231.0,,False,5m consistent,0
2022-06-06 17:00:00,1.07014,1.0704,1.06953,1.06992,3742.0,,False,5m consistent,0
2022-06-06 22:00:00,1.06971,1.06976,1.06922,1.06954,1432.0,,False,5m consistent,0
2022-06-06 23:00:00,1.06955,1.06963,1.06859,1.06906,3248.0,,False,5m consistent,0
2022-06-07 00:00:00,1.06906,1.0693,1.06809,1.06855,4620.0,,False,5m consistent,0
2022-06-07 01:00:00,1.06856,1.06857,1.06739,1.06809,4888.0,,False,5m consistent,1
2022-06-07 04:00:00,1.06825,1.0701,1.0679,1.06833,6652.0,,False,5m consistent,0
2022-06-07 05:00:00,1.06835,1.06841,1.06719,1.06752,7228.0,,False,5m consistent,1
2022-06-07 07:00:00,1.06866,1.06954,1.06827,1.06881,7484.0,,False,5m consistent,1
2022-06-07 10:00:00,1.06787,1.06837,1.06719,1.06745,7014.0,,False,5m consistent,0
2022-06-07 11:00:00,1.06745,1.06764,1.06588,1.06627,7511.0,,False,5m consistent,1
2022-06-07 13:00:00,1.06561,1.06986,1.06529,1.06888,12774.0,,False,5m consistent,1
2022-06-07 14:00:00,1.0689,1.07107,1.06753,1.07057,12116.0,,False,5m consistent,1
2022-06-07 22:00:00,1.07081,1.07098,1.07036,1.07056,1374.0,,False,5m consistent,0
2022-06-08 00:00:00,1.06982,1.07021,1.0692,1.06942,3239.0,,False,5m consistent,0
2022-06-08 02:00:00,1.06876,1.06966,1.06869,1.06915,3253.0,,False,5m consistent,0
2022-06-08 07:00:00,1.06887,1.06961,1.06826,1.06898,9552.0,,False,5m consistent,0
2022-06-08 08:00:00,1.06897,1.06957,1.06765,1.06798,8203.0,,False,5m consistent,1
2022-06-08 11:00:00,1.07203,1.07407,1.07161,1.07364,8646.0,,False,5m consistent,0
2022-06-08 13:00:00,1.07325,1.07493,1.07256,1.07422,11820.0,,False,5m consistent,0
2022-06-08 15:00:00,1.07324,1.07429,1.07289,1.07426,5991.0,,False,5m consistent,0
2022-06-08 16:00:00,1.07425,1.07442,1.07259,1.07292,5178.0,,False,5m consistent,0
2022-06-08 23:00:00,1.072,1.07218,1.07166,1.07177,1517.0,,False,5m consistent,1
2022-06-09 04:00:00,1.07301,1.07341,1.07268,1.07273,2387.0,,False,5m consistent,0
2022-06-09 05:00:00,1.07273,1.07303,1.07194,1.07197,3697.0,,False,5m consistent,0
2022-06-09 06:00:00,1.07196,1.07208,1.07097,1.07153,5390.0,,False,5m consistent,0
2022-06-09 07:00:00,1.07155,1.07175,1.07026,1.07029,6776.0,,False,5m consistent,1
2022-06-09 10:00:00,1.0717,1.07253,1.07141,1.07197,6144.0,,False,5m consistent,1
2022-06-09 12:00:00,1.07294,1.0775,1.07245,1.07353,35086.0,,False,5m consistent,0
2022-06-09 13:00:00,1.07354,1.07442,1.06818,1.06877,30140.0,,False,5m consistent,0
2022-06-09 15:00:00,1.06499,1.06672,1.06463,1.06584,12033.0,,False,5m consistent,0
2022-06-09 16:00:00,1.06582,1.06609,1.06463,1.06532,7235.0,,False,5m consistent,0
2022-06-09 17:00:00,1.06534,1.06557,1.06188,1.06397,8016.0,,False,5m consistent,0
2022-06-09 18:00:00,1.06396,1.06446,1.06269,1.06272,5605.0,,False,5m consistent,1
2022-06-10 05:00:00,1.06316,1.06432,1.06314,1.06345,4290.0,,False,5m consistent,0
2022-06-10 06:00:00,1.06345,1.06362,1.06199,1.06308,7556.0,,False,5m consistent,1
2022-06-10 07:00:00,1.06307,1.06426,1.06209,1.06263,11961.0,,False,5m consistent,0
2022-06-10 08:00:00,1.06265,1.06342,1.06083,1.06154,8470.0,,False,5m consistent,0
2022-06-10 09:00:00,1.06152,1.06187,1.0591,1.05978,7811.0,,False,5m consistent,0
2022-06-10 10:00:00,1.0598,1.06074,1.05869,1.0594,7478.0,,False,5m consistent,0
2022-06-10 13:00:00,1.05233,1.05454,1.05229,1.05275,20183.0,,False,5m consistent,0
2022-06-10 14:00:00,1.05277,1.05362,1.05067,1.05313,20413.0,,False,5m consistent,0
2022-06-13 03:00:00,1.04896,1.04951,1.04888,1.04924,3049.0,,False,5m consistent,1
2022-06-13 05:00:00,1.04918,1.04965,1.04868,1.04874,5191.0,,False,5m consistent,0
2022-06-13 06:00:00,1.04873,1.049,1.0471,1.04711,10186.0,,False,5m consistent,1
2022-06-13 07:00:00,1.04709,1.04905,1.04615,1.04665,12615.0,,False,5m consistent,1
2022-06-13 08:00:00,1.04665,1.04868,1.04571,1.04761,12506.0,,False,5m consistent,0
2022-06-13 10:00:00,1.04627,1.04726,1.04589,1.04695,8892.0,,False,5m consistent,0
2022-06-13 12:00:00,1.04466,1.04754,1.04466,1.04663,17633.0,,False,5m consistent,0
2022-06-13 13:00:00,1.04663,1.04694,1.04361,1.04385,17273.0,,False,5m consistent,1
2022-06-13 17:00:00,1.04378,1.04594,1.04346,1.04496,6618.0,,False,5m consistent,0
2022-06-13 18:00:00,1.04498,1.04523,1.04229,1.04257,9276.0,,False,5m consistent,1
2022-06-13 23:00:00,1.04083,1.04172,1.04076,1.04158,2059.0,,False,5m consistent,1
2022-06-14 00:00:00,1.04159,1.04251,1.04047,1.04233,7435.0,,False,5m consistent,0
2022-06-14 05:00:00,1.04256,1.04402,1.04187,1.04398,5074.0,,False,5m consistent,1
2022-06-14 08:00:00,1.04686,1.04858,1.04637,1.04667,11984.0,,False,5m consistent,0
2022-06-14 12:00:00,1.04427,1.04693,1.04427,1.04496,15810.0,,False,5m consistent,0
2022-06-14 13:00:00,1.04497,1.04606,1.04345,1.04396,16682.0,,False,5m consistent,0
2022-06-14 18:00:00,1.04197,1.04319,1.04118,1.04121,5343.0,,False,5m consistent,1
2022-06-14 23:00:00,1.04287,1.04393,1.04258,1.04379,2523.0,,False,5m consistent,1
2022-06-15 03:00:00,1.0446,1.04482,1.0439,1.04437,2620.0,,False,5m consistent,0
2022-06-15 05:00:00,1.04278,1.04762,1.04252,1.0465,7616.0,,False,5m consistent,1
2022-06-15 08:00:00,1.0467,1.05087,1.04663,1.04947,10583.0,,False,5m consistent,0
2022-06-15 09:00:00,1.04946,1.04987,1.04782,1.04953,7360.0,,False,5m consistent,0
2022-06-15 10:00:00,1.04951,1.04954,1.04728,1.04834,7555.0,,False,5m consistent,0
2022-06-15 11:00:00,1.04833,1.04901,1.0456,1.04589,8621.0,,False,5m consistent,0
2022-06-15 13:00:00,1.04151,1.04296,1.04037,1.04269,9830.0,,False,5m consistent,0
2022-06-15 14:00:00,1.0427,1.04329,1.04098,1.0412,8611.0,,False,5m consistent,0
2022-06-16 00:00:00,1.04583,1.04703,1.04527,1.04535,4373.0,,False,5m consistent,0
2022-06-16 04:00:00,1.04439,1.0445,1.04367,1.04393,2436.0,,False,5m consistent,0
2022-06-16 05:00:00,1.04398,1.0445,1.04256,1.04302,3978.0,,False,5m consistent,0
2022-06-16 06:00:00,1.04304,1.04367,1.04092,1.04095,7721.0,,False,5m consistent,0
2022-06-16 07:00:00,1.04095,1.04179,1.03818,1.03979,13071.0,,False,5m consistent,1
2022-06-16 08:00:00,1.03978,1.04136,1.03847,1.04103,10139.0,,False,5m consistent,1
2022-06-16 09:00:00,1.041,1.04251,1.03954,1.04094,9374.0,,False,5m consistent,1
2022-06-16 10:00:00,1.04093,1.04132,1.03924,1.04063,8775.0,,False,5m consistent,1
2022-06-16 17:00:00,1.05611,1.06023,1.05558,1.05858,10986.0,,False,5m consistent,0
2022-06-16 18:00:00,1.05857,1.05857,1.05662,1.05759,7267.0,,False,5m consistent,0
2022-06-16 21:00:00,1.05542,1.05617,1.05534,1.05597,277.0,,False,5m consistent,0
2022-06-17 05:00:00,1.05285,1.05296,1.0519,1.0519,4914.0,,False,5m consistent,0
2022-06-17 07:00:00,1.05012,1.05317,1.04948,1.05182,9565.0,,False,5m consistent,1
2022-06-17 10:00:00,1.05188,1.05276,1.05128,1.05209,6061.0,,False,5m consistent,0
2022-06-17 12:00:00,1.04863,1.0509,1.04765,1.04955,8251.0,,False,5m consistent,0
2022-06-17 13:00:00,1.04954,1.05009,1.04747,1.04851,9713.0,,False,5m consistent,0
2022-06-20 06:00:00,1.05302,1.05439,1.05245,1.05254,6676.0,,False,5m consistent,1
2022-06-20 10:00:00,1.05335,1.05386,1.05251,1.05328,4542.0,,False,5m consistent,0
2022-06-20 11:00:00,1.05331,1.05365,1.0521,1.05269,4143.0,,False,5m consistent,0
2022-06-20 12:00:00,1.05266,1.05285,1.05157,1.0518,3686.0,,False,5m consistent,1
2022-06-20 14:00:00,1.05192,1.05426,1.05191,1.05358,5252.0,,False,5m consistent,0
2022-06-20 15:00:00,1.05358,1.0539,1.05244,1.05388,3193.0,,False,5m consistent,0
2022-06-20 16:00:00,1.05389,1.05391,1.052,1.05242,2244.0,,False,5m consistent,0
2022-06-21 02:00:00,1.05349,1.05417,1.05322,1.05343,2229.0,,False,5m consistent,0
2022-06-21 03:00:00,1.05346,1.05348,1.05236,1.0533,2769.0,,False,5m consistent,0
2022-06-21 04:00:00,1.05331,1.05337,1.05215,1.05232,1779.0,,False,5m consistent,1
2022-06-21 08:00:00,1.05573,1.05801,1.05545,1.05793,7435.0,,False,5m consistent,0
2022-06-21 09:00:00,1.05795,1.05834,1.05669,1.05687,4711.0,,False,5m consistent,0
2022-06-21 13:00:00,1.05525,1.05623,1.05464,1.05598,7038.0,,False,5m consistent,1
2022-06-21 14:00:00,1.05592,1.0567,1.05453,1.0566,7168.0,,False,5m consistent,0
2022-06-21 15:00:00,1.05662,1.05674,1.05475,1.05492,5246.0,,False,5m consistent,0
2022-06-21 17:00:00,1.05349,1.05412,1.05279,1.05398,3834.0,,False,5m consistent,0
2022-06-21 23:00:00,1.05392,1.05394,1.0532,1.05322,2166.0,,False,5m consistent,0
2022-06-22 00:00:00,1.05323,1.05325,1.05112,1.05135,4364.0,,False,5m consistent,0
2022-06-22 03:00:00,1.05107,1.05149,1.05076,1.05117,2853.0,,False,5m consistent,0
2022-06-22 04:00:00,1.05117,1.05148,1.04945,1.04974,2152.0,,False,5m consistent,1
2022-06-22 06:00:00,1.04898,1.05092,1.04842,1.04925,6698.0,,False,5m consistent,1
2022-06-22 07:00:00,1.04927,1.05091,1.04697,1.05053,11391.0,,False,5m consistent,1
2022-06-22 10:00:00,1.05201,1.05287,1.0516,1.0521,6166.0,,False,5m consistent,1
2022-06-22 14:00:00,1.05598,1.06065,1.0553,1.05978,10666.0,,False,5m consistent,0
2022-06-22 17:00:00,1.05757,1.05841,1.05697,1.05793,3847.0,,False,5m consistent,0
2022-06-23 00:00:00,1.05654,1.05761,1.0562,1.05751,4642.0,,False,5m consistent,0
2022-06-23 05:00:00,1.0568,1.05741,1.05654,1.05709,3278.0,,False,5m consistent,1
2022-06-23 06:00:00,1.05709,1.05802,1.05583,1.05787,5956.0,,False,5m consistent,0
2022-06-23 07:00:00,1.05788,1.05801,1.0499,1.05087,13258.0,,False,5m consistent,0
2022-06-23 09:00:00,1.04945,1.05194,1.04922,1.05188,6752.0,,False,5m consistent,1
2022-06-23 11:00:00,1.05056,1.05162,1.04958,1.05062,6327.0,,False,5m consistent,1
2022-06-23 13:00:00,1.05048,1.05448,1.05047,1.05446,12495.0,,False,5m consistent,0
2022-06-23 14:00:00,1.05447,1.05549,1.05131,1.05295,13604.0,,False,5m consistent,1
2022-06-24 05:00:00,1.05407,1.05474,1.05394,1.05438,2697.0,,False,5m consistent,0
2022-06-24 06:00:00,1.05436,1.05468,1.05315,1.05354,4278.0,,False,5m consistent,1
2022-06-24 09:00:00,1.05449,1.05548,1.05405,1.0554,5226.0,,False,5m consistent,0
2022-06-24 10:00:00,1.05539,1.05557,1.05369,1.05385,4746.0,,False,5m consistent,0
2022-06-24 16:00:00,1.05383,1.05493,1.05378,1.05474,4022.0,,False,5m consistent,1
2022-06-24 19:00:00,1.05491,1.05602,1.05459,1.05597,2388.0,,False,5m consistent,1
2022-06-27 07:00:00,1.05692,1.05911,1.05642,1.05885,6963.0,,False,5m consistent,0
2022-06-27 08:00:00,1.05887,1.05919,1.05759,1.05847,5360.0,,False,5m consistent,0
2022-06-27 10:00:00,1.05697,1.05896,1.05691,1.05855,4819.0,,False,5m consistent,0
2022-06-27 11:00:00,1.05856,1.05868,1.05652,1.05675,4367.0,,False,5m consistent,1
2022-06-27 13:00:00,1.05693,1.0587,1.05693,1.05826,7170.0,,False,5m consistent,1
2022-06-27 16:00:00,1.06011,1.06054,1.05943,1.05984,3898.0,,False,5m consistent,0
2022-06-27 17:00:00,1.05983,1.06,1.05826,1.05914,5011.0,,False,5m consistent,0
2022-06-27 21:00:00,1.0588,1.05893,1.05857,1.05868,294.0,,False,5m consistent,0
2022-06-27 23:00:00,1.05809,1.0583,1.05774,1.05809,1143.0,,False,5m consistent,1
2022-06-28 07:00:00,1.05836,1.05961,1.05829,1.05851,7885.0,,False,5m consistent,1
2022-06-28 08:00:00,1.05852,1.05981,1.05751,1.05929,7590.0,,False,5m consistent,0
2022-06-28 09:00:00,1.05924,1.05979,1.05819,1.05866,5438.0,,False,5m consistent,0
2022-06-28 10:00:00,1.05865,1.05914,1.05783,1.0579,5505.0,,False,5m consistent,0
2022-06-28 11:00:00,1.05789,1.0589,1.05645,1.05703,6117.0,,False,5m consistent,0
2022-06-28 12:00:00,1.057,1.05716,1.05336,1.05386,8359.0,,False,5m consistent,0
2022-06-28 13:00:00,1.05386,1.05428,1.05239,1.05343,8466.0,,False,5m consistent,0
2022-06-28 15:00:00,1.05179,1.05399,1.05141,1.05349,7567.0,,False,5m consistent,0
2022-06-28 17:00:00,1.05234,1.05336,1.05175,1.05326,5148.0,,False,5m consistent,0
2022-06-29 03:00:00,1.0529,1.05318,1.0525,1.05307,2693.0,,False,5m consistent,0
2022-06-29 05:00:00,1.05053,1.05159,1.05028,1.05034,4169.0,,False,5m consistent,0
2022-06-29 07:00:00,1.04904,1.05213,1.04904,1.0518,10533.0,,False,5m consistent,1
2022-06-29 10:00:00,1.05104,1.05291,1.05056,1.05218,7162.0,,False,5m consistent,1
2022-06-29 11:00:00,1.05216,1.0536,1.05125,1.05232,7093.0,,False,5m consistent,0
2022-06-29 12:00:00,1.05231,1.05299,1.05059,1.05219,9015.0,,False,5m consistent,0
2022-06-29 13:00:00,1.0522,1.05273,1.04749,1.04818,11516.0,,False,5m consistent,0
2022-06-29 14:00:00,1.0482,1.04932,1.04679,1.04783,12121.0,,False,5m consistent,0
2022-06-29 15:00:00,1.04782,1.04799,1.04671,1.04776,6582.0,,False,5m consistent,0
2022-06-29 23:00:00,1.04453,1.04475,1.04417,1.04467,2105.0,,False,5m consistent,1
2022-06-30 00:00:00,1.04466,1.04482,1.04387,1.04429,3344.0,,False,5m consistent,1
2022-06-30 05:00:00,1.04543,1.04588,1.04483,1.04567,3571.0,,False,5m consistent,0
2022-06-30 06:00:00,1.04566,1.04695,1.04392,1.04414,7638.0,,False,5m consistent,1
2022-06-30 07:00:00,1.04416,1.04575,1.04306,1.04461,11000.0,,False,5m consistent,1
2022-06-30 08:00:00,1.04462,1.04691,1.04346,1.04424,9453.0,,False,5m consistent,0
2022-06-30 09:00:00,1.04424,1.04439,1.04263,1.04302,6912.0,,False,5m consistent,0
2022-06-30 10:00:00,1.04304,1.04317,1.04012,1.04013,6397.0,,False,5m consistent,0
2022-06-30 18:00:00,1.04813,1.04848,1.04786,1.04813,4699.0,,False,5m consistent,1
2022-06-30 23:00:00,1.04779,1.04803,1.04756,1.04791,1666.0,,False,5m consistent,0
2022-07-01 02:00:00,1.04701,1.04734,1.04627,1.04673,3929.0,,False,5m consistent,0
2022-07-01 05:00:00,1.04546,1.04714,1.0453,1.04639,4565.0,,False,5m consistent,0
2022-07-01 06:00:00,1.04636,1.0471,1.04415,1.04624,7381.0,,False,5m consistent,0
2022-07-01 07:00:00,1.04623,1.04644,1.04335,1.04474,10907.0,,False,5m consistent,1
2022-07-01 10:00:00,1.0457,1.04751,1.04488,1.04514,6505.0,,False,5m consistent,0
2022-07-01 11:00:00,1.04515,1.04607,1.04325,1.04369,8201.0,,False,5m consistent,0
2022-07-01 13:00:00,1.04073,1.04136,1.03933,1.04014,9520.0,,False,5m consistent,1
2022-07-04 05:00:00,1.04287,1.0435,1.04271,1.04339,2617.0,,False,5m consistent,1
2022-07-04 07:00:00,1.04257,1.04397,1.04256,1.04313,6564.0,,False,5m consistent,1
2022-07-04 13:00:00,1.04519,1.04584,1.0445,1.04469,2065.0,,False,5m consistent,0
2022-07-05 00:00:00,1.04335,1.04366,1.04281,1.04348,4582.0,,False,5m consistent,0
2022-07-05 01:00:00,1.04346,1.04393,1.0424,1.04359,5307.0,,False,5m consistent,1
2022-07-05 05:00:00,1.04386,1.04497,1.04379,1.04434,3672.0,,False,5m consistent,0
2022-07-05 06:00:00,1.04437,1.04437,1.04306,1.04368,5105.0,,False,5m consistent,0
2022-07-05 07:00:00,1.04366,1.04406,1.03664,1.03757,12123.0,,False,5m consistent,0
2022-07-05 08:00:00,1.03756,1.03765,1.03068,1.03082,13914.0,,False,5m consistent,1
2022-07-05 10:00:00,1.02962,1.03072,1.02922,1.03004,8227.0,,False,5m consistent,0
2022-07-05 11:00:00,1.03006,1.03044,1.0287,1.02968,7007.0,,False,5m consistent,1
2022-07-05 12:00:00,1.02965,1.0302,1.0285,1.02926,10739.0,,False,5m consistent,0
2022-07-05 13:00:00,1.02926,1.02946,1.02553,1.0262,12397.0,,False,5m consistent,0
2022-07-05 15:00:00,1.02429,1.02618,1.02374,1.02546,6166.0,,False,5m consistent,1
2022-07-05 22:00:00,1.0268,1.02727,1.02668,1.02692,2381.0,,False,5m consistent,0
2022-07-06 00:00:00,1.02571,1.02684,1.02547,1.02672,4537.0,,False,5m consistent,1
2022-07-06 03:00:00,1.02664,1.02709,1.02635,1.02646,3534.0,,False,5m consistent,0
2022-07-06 05:00:00,1.0248,1.02533,1.02434,1.02484,4273.0,,False,5m consistent,1
2022-07-06 06:00:00,1.02479,1.02776,1.02394,1.02699,8734.0,,False,5m consistent,1
2022-07-06 07:00:00,1.02698,1.02747,1.02544,1.02597,10781.0,,False,5m consistent,0
2022-07-06 08:00:00,1.02595,1.02752,1.02273,1.02453,9104.0,,False,5m consistent,0
2022-07-06 09:00:00,1.02454,1.02455,1.02214,1.02241,9340.0,,False,5m consistent,1
2022-07-06 10:00:00,1.02241,1.02282,1.0187,1.01963,7178.0,,False,5m consistent,0
2022-07-06 11:00:00,1.01962,1.0202,1.01808,1.01926,8023.0,,False,5m consistent,0
2022-07-06 13:00:00,1.01878,1.0202,1.01772,1.0178,8471.0,,False,5m consistent,1
2022-07-06 14:00:00,1.01773,1.01981,1.01622,1.01944,15982.0,,False,5m consistent,0
2022-07-06 17:00:00,1.01736,1.01904,1.01726,1.01877,4627.0,,False,5m consistent,1
2022-07-07 05:00:00,1.02026,1.02221,1.0202,1.02195,3899.0,,False,5m consistent,0
2022-07-07 06:00:00,1.02192,1.02193,1.02011,1.02012,6396.0,,False,5m consistent,1
2022-07-07 09:00:00,1.01984,1.02119,1.01757,1.02083,10136.0,,False,5m consistent,0
2022-07-07 11:00:00,1.01913,1.01996,1.01873,1.0191,7117.0,,False,5m consistent,0
2022-07-07 13:00:00,1.01709,1.01942,1.01657,1.01853,8749.0,,False,5m consistent,0
2022-07-07 14:00:00,1.01852,1.01862,1.01694,1.01721,9323.0,,False,5m consistent,0
2022-07-07 16:00:00,1.01589,1.0169,1.01517,1.01558,4376.0,,False,5m consistent,1
2022-07-08 00:00:00,1.01693,1.01881,1.01682,1.01877,3410.0,,False,5m consistent,0
2022-07-08 01:00:00,1.01875,1.01923,1.01763,1.01776,4360.0,,False,5m consistent,0
2022-07-08 02:00:00,1.01774,1.01802,1.01638,1.01659,4142.0,,False,5m consistent,0
2022-07-08 03:00:00,1.01656,1.01667,1.01546,1.01591,5595.0,,False,5m consistent,0
2022-07-08 04:00:00,1.01593,1.01593,1.01407,1.01554,3888.0,,False,5m consistent,1
2022-07-08 06:00:00,1.0161,1.0171,1.01533,1.01609,5430.0,,False,5m consistent,0
2022-07-08 07:00:00,1.0161,1.01652,1.00726,1.01095,11632.0,,False,5m consistent,0
2022-07-08 15:00:00,1.0174,1.01919,1.01717,1.01791,7179.0,,False,5m consistent,1
2022-07-11 00:00:00,1.01681,1.01684,1.01543,1.01554,4921.0,,False,5m consistent,0
2022-07-11 04:00:00,1.01503,1.01556,1.01488,1.01519,2725.0,,False,5m consistent,0
2022-07-11 05:00:00,1.01519,1.0153,1.01387,1.01407,3250.0,,False,5m consistent,0
2022-07-11 06:00:00,1.01405,1.0145,1.01204,1.01282,6184.0,,False,5m consistent,0
2022-07-11 08:00:00,1.01118,1.01332,1.01074,1.01192,6464.0,,False,5m consistent,0
2022-07-11 10:00:00,1.01036,1.01157,1.00966,1.01135,5183.0,,False,5m consistent,0
2022-07-11 11:00:00,1.01137,1.01193,1.00833,1.00907,5470.0,,False,5m consistent,0
2022-07-11 12:00:00,1.00905,1.01049,1.00757,1.00818,7966.0,,False,5m consistent,0
2022-07-11 15:00:00,1.00822,1.00921,1.00743,1.00862,6485.0,,False,5m consistent,0
2022-07-11 18:00:00,1.00715,1.00739,1.00602,1.00639,3883.0,,False,5m consistent,0
2022-07-11 23:00:00,1.00414,1.00485,1.00406,1.00468,1729.0,,False,5m consistent,1
2022-07-12 00:00:00,1.00464,1.00564,1.00363,1.0041,3853.0,,False,5m consistent,0
2022-07-12 01:00:00,1.00407,1.00425,1.00068,1.00292,9077.0,,False,5m consistent,0
2022-07-12 03:00:00,1.00264,1.00296,1.00189,1.00272,4447.0,,False,5m consistent,0
2022-07-12 04:00:00,1.00269,1.0027,1.00096,1.00164,3956.0,,False,5m consistent,1
2022-07-12 06:00:00,1.0012,1.00401,1.00097,1.00231,9040.0,,False,5m consistent,1
2022-07-12 08:00:00,1.00092,1.00186,1.00026,1.00114,7176.0,,False,5m consistent,1
2022-07-12 12:00:00,1.00406,1.00562,1.00339,1.0054,9669.0,,False,5m consistent,1
2022-07-12 17:00:00,1.0063,1.00651,1.0053,1.00593,3298.0,,False,5m consistent,0
2022-07-12 18:00:00,1.00591,1.00631,1.00431,1.00456,3001.0,,False,5m consistent,0
2022-07-12 21:00:00,1.00374,1.00382,1.00357,1.00377,332.0,,False,5m consistent,1
2022-07-13 06:00:00,1.00383,1.00518,1.00308,1.00342,7945.0,,False,5m consistent,0
2022-07-13 07:00:00,1.00343,1.00541,1.0007,1.00337,10447.0,,False,5m consistent,1
2022-07-13 10:00:00,1.00379,1.00685,1.0036,1.00619,5710.0,,False,5m consistent,1
2022-07-13 11:00:00,1.00621,1.00707,1.00519,1.00685,6049.0,,False,5m consistent,0
2022-07-13 14:00:00,1.00223,1.01233,1.00176,1.01078,19048.0,,False,5m consistent,0
2022-07-13 17:00:00,1.00832,1.00882,1.00747,1.0082,5127.0,,False,5m consistent,0
2022-07-13 22:00:00,1.0059,1.00609,1.00511,1.0055,1324.0,,False,5m consistent,0
2022-07-13 23:00:00,1.00543,1.00548,1.00315,1.00351,2544.0,,False,5m consistent,1
2022-07-14 03:00:00,1.00228,1.00412,1.00225,1.00341,2979.0,,False,5m consistent,0
2022-07-14 05:00:00,1.00239,1.00263,1.00155,1.00195,5095.0,,False,5m consistent,1
2022-07-14 07:00:00,1.00072,1.00475,1.0006,1.00372,11213.0,,False,5m consistent,0
2022-07-14 09:00:00,1.00206,1.00513,1.00192,1.00475,8132.0,,False,5m consistent,0
2022-07-14 12:00:00,1.00102,1.00179,1.00026,1.00029,9080.0,,False,5m consistent,0
2022-07-14 13:00:00,1.00028,1.00128,0.9953,0.99812,12213.0,,False,5m consistent,1
2022-07-14 15:00:00,0.99969,1.00489,0.99945,1.00282,16517.0,,False,5m consistent,0
2022-07-14 18:00:00,1.00146,1.00388,1.00131,1.00302,7331.0,,False,5m consistent,1
2022-07-14 23:00:00,1.00198,1.00275,1.00162,1.00275,1894.0,,False,5m consistent,1
2022-07-15 02:00:00,1.00345,1.0042,1.00305,1.00379,3781.0,,False,5m consistent,0
2022-07-15 04:00:00,1.00264,1.00345,1.00234,1.00313,2491.0,,False,5m consistent,0
2022-07-15 05:00:00,1.00313,1.00322,1.00193,1.0022,3558.0,,False,5m consistent,1
2022-07-15 07:00:00,1.0017,1.00364,1.00077,1.00295,8376.0,,False,5m consistent,1
2022-07-15 11:00:00,1.00593,1.00669,1.00496,1.00548,5588.0,,False,5m consistent,1
2022-07-15 12:00:00,1.00549,1.00775,1.00447,1.00733,12793.0,,False,5m consistent,0
2022-07-15 15:00:00,1.00814,1.00987,1.00779,1.00908,7340.0,,False,5m consistent,1
2022-07-18 03:00:00,1.01023,1.01112,1.01023,1.01052,3128.0,,False,5m consistent,0
2022-07-18 07:00:00,1.01118,1.01501,1.01041,1.01468,12102.0,,False,5m consistent,0
2022-07-18 10:00:00,1.01564,1.01761,1.01515,1.0157,5640.0,,False,5m consistent,0
2022-07-18 11:00:00,1.0158,1.01601,1.01384,1.01431,6154.0,,False,5m consistent,0
2022-07-18 12:00:00,1.01434,1.0148,1.01201,1.01375,7655.0,,False,5m consistent,1
2022-07-18 14:00:00,1.01558,1.02021,1.01556,1.01947,10260.0,,False,5m consistent,0
2022-07-18 16:00:00,1.0161,1.01779,1.01597,1.01678,4201.0,,False,5m consistent,0
2022-07-18 23:00:00,1.0143,1.01482,1.01395,1.01475,1759.0,,False,5m consistent,0
2022-07-19 07:00:00,1.01673,1.02447,1.01657,1.02423,12833.0,,False,5m consistent,1
2022-07-19 08:00:00,1.02424,1.02541,1.0226,1.0245,9665.0,,False,5m consistent,0
2022-07-19 10:00:00,1.02424,1.02702,1.02424,1.02655,8694.0,,False,5m consistent,0
2022-07-19 11:00:00,1.02652,1.02684,1.02515,1.02544,7448.0,,False,5m consistent,0
2022-07-19 14:00:00,1.02422,1.02661,1.02297,1.02463,12796.0,,False,5m consistent,0
2022-07-20 00:00:00,1.02317,1.02499,1.02317,1.02469,2933.0,,False,5m consistent,0
2022-07-20 05:00:00,1.02445,1.02481,1.02365,1.0239,3339.0,,False,5m consistent,1
2022-07-20 06:00:00,1.0239,1.02517,1.02295,1.0251,5694.0,,False,5m consistent,0
2022-07-20 09:00:00,1.02322,1.02538,1.02307,1.02524,6014.0,,False,5m consistent,0
2022-07-20 10:00:00,1.02522,1.02523,1.01742,1.01986,10191.0,,False,5m consistent,1
2022-07-20 14:00:00,1.02162,1.02267,1.02049,1.02131,9068.0,,False,5m consistent,1
2022-07-20 15:00:00,1.0213,1.02181,1.01963,1.02157,6506.0,,False,5m consistent,0
2022-07-20 16:00:00,1.02156,1.02183,1.01838,1.01914,4738.0,,False,5m consistent,0
2022-07-21 04:00:00,1.02098,1.02264,1.02062,1.02239,3606.0,,False,5m consistent,1
2022-07-21 05:00:00,1.02237,1.02294,1.02115,1.02239,3922.0,,False,5m consistent,0
2022-07-21 06:00:00,1.02239,1.02317,1.0202,1.02065,7804.0,,False,5m consistent,0
2022-07-21 07:00:00,1.02067,1.02188,1.0191,1.01969,10968.0,,False,5m consistent,0
2022-07-21 08:00:00,1.01973,1.01975,1.01716,1.0192,10183.0,,False,5m consistent,0
2022-07-21 13:00:00,1.02655,1.02759,1.01544,1.02133,21530.0,,False,5m consistent,0
2022-07-21 15:00:00,1.01925,1.02133,1.01833,1.02011,7808.0,,False,5m consistent,1
2022-07-21 23:00:00,1.02251,1.02315,1.02209,1.02211,2032.0,,False,5m consistent,0
2022-07-22 00:00:00,1.0221,1.02225,1.02041,1.02053,3991.0,,False,5m consistent,0
2022-07-22 06:00:00,1.0186,1.02098,1.01835,1.02096,6434.0,,False,5m consistent,0
2022-07-22 09:00:00,1.0154,1.0169,1.01442,1.01603,9236.0,,False,5m consistent,1
2022-07-22 10:00:00,1.01602,1.01733,1.01438,1.01733,6729.0,,False,5m consistent,1
2022-07-22 14:00:00,1.02347,1.02562,1.02259,1.02312,12969.0,,False,5m consistent,1
2022-07-22 17:00:00,1.02329,1.02384,1.02208,1.02243,5064.0,,False,5m consistent,0
2022-07-25 04:00:00,1.0208,1.02123,1.02046,1.02082,2608.0,,False,5m consistent,1
2022-07-25 07:00:00,1.01974,1.0223,1.0187,1.01939,10082.0,,False,5m consistent,1
2022-07-25 09:00:00,1.0223,1.02557,1.02204,1.02434,7393.0,,False,5m consistent,0
2022-07-25 13:00:00,1.02462,1.02556,1.02364,1.02493,7508.0,,False,5m consistent,0
2022-07-26 02:00:00,1.02418,1.02459,1.02365,1.02394,3224.0,,False,5m consistent,0
2022-07-26 04:00:00,1.02309,1.02326,1.0224,1.02264,1655.0,,False,5m consistent,1
2022-07-26 07:00:00,1.0213,1.0237,1.02091,1.02201,7190.0,,False,5m consistent,0
2022-07-26 08:00:00,1.022,1.02232,1.0203,1.02087,6725.0,,False,5m consistent,0
2022-07-26 09:00:00,1.02088,1.02091,1.01717,1.01764,6920.0,,False,5m consistent,0
2022-07-26 10:00:00,1.01762,1.01791,1.01364,1.01521,8860.0,,False,5m consistent,0
2022-07-26 11:00:00,1.01524,1.01535,1.01255,1.01322,6793.0,,False,5m consistent,1
2022-07-26 12:00:00,1.01321,1.015,1.01169,1.01492,7207.0,,False,5m consistent,1
2022-07-26 13:00:00,1.0149,1.01537,1.01281,1.0145,8886.0,,False,5m consistent,1
2022-07-26 14:00:00,1.01451,1.01519,1.01207,1.01349,10468.0,,False,5m consistent,0
2022-07-27 05:00:00,1.01514,1.01531,1.01452,1.01471,2268.0,,False,5m consistent,0
2022-07-27 11:00:00,1.01542,1.01727,1.01504,1.01513,5465.0,,False,5m consistent,0
2022-07-27 12:00:00,1.01515,1.01573,1.01414,1.01437,6478.0,,False,5m consistent,1
2022-07-27 13:00:00,1.01438,1.01532,1.01282,1.01352,6988.0,,False,5m consistent,1
2022-07-27 14:00:00,1.01364,1.01412,1.01099,1.01209,7224.0,,False,5m consistent,0
2022-07-27 17:00:00,1.0112,1.0144,1.0112,1.01326,3819.0,,False,5m consistent,1
2022-07-27 18:00:00,1.01336,1.02133,1.01077,1.02009,22508.0,,False,5m consistent,1
2022-07-27 19:00:00,1.02014,1.02216,1.0188,1.02094,11471.0,,False,5m consistent,0
2022-07-27 21:00:00,1.0204,1.02082,1.02002,1.02029,1253.0,,False,5m consistent,1
2022-07-27 23:00:00,1.02033,1.0208,1.02016,1.02063,2519.0,,False,5m consistent,0
2022-07-28 05:00:00,1.02033,1.02266,1.02025,1.02218,3492.0,,False,5m consistent,0
2022-07-28 06:00:00,1.02218,1.02353,1.02036,1.02172,7471.0,,False,5m consistent,0
2022-07-28 07:00:00,1.02171,1.02177,1.0186,1.02108,10500.0,,False,5m consistent,1
2022-07-28 08:00:00,1.02124,1.02203,1.01971,1.02185,8321.0,,False,5m consistent,0
2022-07-28 09:00:00,1.02176,1.02176,1.01529,1.0154,8290.0,,False,5m consistent,0
2022-07-28 10:00:00,1.01542,1.01665,1.01244,1.01346,8735.0,,False,5m consistent,1
2022-07-28 12:00:00,1.0119,1.01759,1.01166,1.01646,14245.0,,False,5m consistent,1
2022-07-28 15:00:00,1.01569,1.01718,1.0147,1.01661,8118.0,,False,5m consistent,1
2022-07-29 06:00:00,1.02108,1.02552,1.02108,1.0243,9485.0,,False,5m consistent,0
2022-07-29 07:00:00,1.02429,1.02536,1.0223,1.02373,10015.0,,False,5m consistent,0
2022-07-29 08:00:00,1.02371,1.02378,1.02037,1.02226,8777.0,,False,5m consistent,0
2022-07-29 10:00:00,1.0204,1.02465,1.01979,1.02419,6689.0,,False,5m consistent,0
2022-07-29 11:00:00,1.02417,1.02417,1.02063,1.021,7269.0,,False,5m consistent,0
2022-07-29 12:00:00,1.021,1.02116,1.01752,1.01781,12869.0,,False,5m consistent,0
2022-07-29 15:00:00,1.01964,1.02137,1.01929,1.02022,10024.0,,False,5m consistent,1
2022-08-01 02:00:00,1.02337,1.02423,1.02326,1.02407,3399.0,,False,5m consistent,0
2022-08-01 09:00:00,1.02569,1.02711,1.02523,1.02648,6333.0,,False,5m consistent,0
2022-08-01 10:00:00,1.02647,1.02683,1.0247,1.02525,5678.0,,False,5m consistent,0
2022-08-01 13:00:00,1.02368,1.02634,1.02274,1.02549,10390.0,,False,5m consistent,1
2022-08-01 16:00:00,1.02691,1.02756,1.02634,1.02748,4353.0,,False,5m consistent,0
2022-08-01 17:00:00,1.02748,1.0275,1.02539,1.02602,4169.0,,False,5m consistent,1
2022-08-02 00:00:00,1.0264,1.02947,1.02571,1.02874,7208.0,,False,5m consistent,0
2022-08-02 02:00:00,1.02691,1.02774,1.02619,1.02756,5324.0,,False,5m consistent,1
2022-08-02 05:00:00,1.02718,1.02775,1.02661,1.02684,5144.0,,False,5m consistent,0
2022-08-02 06:00:00,1.02683,1.02683,1.02368,1.02425,7282.0,,False,5m consistent,0
2022-08-02 09:00:00,1.02411,1.02463,1.02321,1.02389,6303.0,,False,5m consistent,1
2022-08-02 11:00:00,1.02278,1.02435,1.022,1.02245,6777.0,,False,5m consistent,1
2022-08-02 13:00:00,1.02127,1.02368,1.02031,1.02078,12103.0,,False,5m consistent,0
2022-08-02 16:00:00,1.0197,1.02114,1.01928,1.0196,5799.0,,False,5m consistent,0
2022-08-02 17:00:00,1.01956,1.0197,1.01718,1.01849,6363.0,,False,5m consistent,0
2022-08-02 22:00:00,1.01657,1.01737,1.0164,1.01651,2576.0,,False,5m consistent,1
2022-08-03 03:00:00,1.01813,1.01947,1.01782,1.01922,3507.0,,False,5m consistent,0
2022-08-03 04:00:00,1.01922,1.01942,1.01821,1.01867,3764.0,,False,5m consistent,0
2022-08-03 05:00:00,1.01868,1.01879,1.01752,1.01771,3595.0,,False,5m consistent,0
2022-08-03 12:00:00,1.01852,1.01977,1.01807,1.0187,7709.0,,False,5m consistent,0
2022-08-03 13:00:00,1.01868,1.01884,1.01663,1.01713,7491.0,,False,5m consistent,0
2022-08-03 21:00:00,1.0171,1.01726,1.01689,1.01713,208.0,,False,5m consistent,0
2022-08-04 10:00:00,1.01894,1.01972,1.01862,1.01914,4682.0,,False,5m consistent,1
2022-08-04 11:00:00,1.01912,1.01967,1.01612,1.01768,10910.0,,False,5m consistent,1
2022-08-04 12:00:00,1.01764,1.0196,1.01663,1.01889,10518.0,,False,5m consistent,1
2022-08-04 23:00:00,1.02492,1.02532,1.02469,1.02484,1863.0,,False,5m consistent,0
2022-08-05 04:00:00,1.02373,1.02398,1.02346,1.02358,1916.0,,False,5m consistent,0
2022-08-05 05:00:00,1.02358,1.02377,1.02285,1.02323,2771.0,,False,5m consistent,1
2022-08-05 06:00:00,1.02321,1.02381,1.02234,1.02367,4818.0,,False,5m consistent,1
2022-08-05 07:00:00,1.02366,1.02401,1.02272,1.02344,5069.0,,False,5m consistent,0
2022-08-05 10:00:00,1.02295,1.02372,1.02264,1.02369,3872.0,,False,5m consistent,0
2022-08-05 11:00:00,1.02369,1.02395,1.02296,1.0232,4075.0,,False,5m consistent,0
2022-08-05 12:00:00,1.02318,1.02374,1.01548,1.01588,13940.0,,False,5m consistent,0
2022-08-05 13:00:00,1.01586,1.01791,1.01423,1.01763,14069.0,,False,5m consistent,1
2022-08-05 14:00:00,1.01763,1.01867,1.01619,1.01675,12775.0,,False,5m consistent,1
2022-08-08 05:00:00,1.01865,1.01897,1.01824,1.01875,3077.0,,False,5m consistent,0
2022-08-08 07:00:00,1.01788,1.02158,1.01755,1.021,7164.0,,False,5m consistent,0
2022-08-08 08:00:00,1.02098,1.02098,1.01837,1.01927,5344.0,,False,5m consistent,0
2022-08-08 11:00:00,1.01925,1.02021,1.01849,1.02019,4929.0,,False,5m consistent,0
2022-08-08 14:00:00,1.02024,1.02201,1.01962,1.02178,7996.0,,False,5m consistent,0
2022-08-08 15:00:00,1.02179,1.02227,1.0206,1.0207,5564.0,,False,5m consistent,0
2022-08-08 17:00:00,1.01969,1.02061,1.01944,1.02028,3620.0,,False,5m consistent,0
2022-08-08 23:00:00,1.01959,1.02007,1.01959,1.01988,1131.0,,False,5m consistent,1
2022-08-09 06:00:00,1.02008,1.02106,1.01993,1.02065,3883.0,,False,5m consistent,0
2022-08-09 08:00:00,1.02154,1.02455,1.02144,1.02401,6262.0,,False,5m consistent,0
2022-08-09 09:00:00,1.02403,1.02482,1.02318,1.02389,5431.0,,False,5m consistent,0
2022-08-09 10:00:00,1.02388,1.02411,1.02253,1.02261,4328.0,,False,5m consistent,1
2022-08-09 13:00:00,1.0238,1.0245,1.02348,1.02402,6049.0,,False,5m consistent,0
2022-08-09 15:00:00,1.02233,1.0231,1.022,1.02261,4497.0,,False,5m consistent,0
2022-08-09 17:00:00,1.02192,1.0221,1.02121,1.0215,2542.0,,False,5m consistent,0
2022-08-09 21:00:00,1.02143,1.02174,1.02126,1.02152,501.0,,False,5m consistent,0
2022-08-10 02:00:00,1.02126,1.02199,1.02116,1.0219,1956.0,,False,5m consistent,0
2022-08-10 05:00:00,1.02139,1.02194,1.02121,1.02124,1821.0,,False,5m consistent,1
2022-08-10 07:00:00,1.02124,1.02189,1.0209,1.02114,5164.0,,False,5m consistent,1
2022-08-10 10:00:00,1.02281,1.02461,1.02234,1.02424,3377.0,,False,5m consistent,1
2022-08-10 11:00:00,1.02423,1.02618,1.02349,1.0259,4409.0,,False,5m consistent,0
2022-08-10 12:00:00,1.02593,1.0347,1.02453,1.03248,15255.0,,False,5m consistent,0
2022-08-10 14:00:00,1.0323,1.03576,1.03188,1.03558,14798.0,,False,5m consistent,0
2022-08-10 15:00:00,1.03559,1.03698,1.03295,1.03344,10716.0,,False,5m consistent,0
2022-08-10 17:00:00,1.03258,1.03292,1.03171,1.03174,5788.0,,False,5m consistent,0
2022-08-11 00:00:00,1.02996,1.03047,1.02945,1.02991,3978.0,,False,5m consistent,0
2022-08-11 04:00:00,1.02894,1.02942,1.02839,1.0284,2171.0,,False,5m consistent,1
2022-08-11 08:00:00,1.03263,1.03421,1.03193,1.03419,6659.0,,False,5m consistent,0
2022-08-11 10:00:00,1.03368,1.03437,1.03288,1.03379,5066.0,,False,5m consistent,1
2022-08-11 13:00:00,1.03475,1.03651,1.03387,1.03596,9907.0,,False,5m consistent,0
2022-08-11 14:00:00,1.03595,1.03619,1.0331,1.03451,10132.0,,False,5m consistent,0
2022-08-11 15:00:00,1.03453,1.0347,1.03245,1.03383,8129.0,,False,5m consistent,0
2022-08-11 16:00:00,1.03383,1.03402,1.03279,1.03308,5353.0,,False,5m consistent,0
2022-08-11 17:00:00,1.0331,1.03334,1.03185,1.03228,5363.0,,False,5m consistent,1
2022-08-11 18:00:00,1.03227,1.03257,1.03104,1.03253,5088.0,,False,5m consistent,0
2022-08-11 23:00:00,1.03228,1.03245,1.0319,1.03213,1798.0,,False,5m consistent,0
2022-08-12 00:00:00,1.03214,1.03264,1.03074,1.03137,4512.0,,False,5m consistent,1
2022-08-12 06:00:00,1.0316,1.03239,1.03106,1.03122,5314.0,,False,5m consistent,1
2022-08-12 07:00:00,1.03124,1.03173,1.02918,1.0298,5981.0,,False,5m consistent,1
2022-08-12 09:00:00,1.03027,1.03093,1.02956,1.02989,5356.0,,False,5m consistent,0
2022-08-12 10:00:00,1.02992,1.02995,1.02861,1.02925,5604.0,,False,5m consistent,0
2022-08-12 11:00:00,1.02924,1.02984,1.02785,1.02787,6675.0,,False,5m consistent,1
2022-08-12 13:00:00,1.02714,1.02851,1.0269,1.02816,8635.0,,False,5m consistent,0
2022-08-15 00:00:00,1.02545,1.02685,1.02544,1.02672,3256.0,,False,5m consistent,0
2022-08-15 01:00:00,1.0267,1.02691,1.02539,1.02582,3541.0,,False,5m consistent,0
2022-08-15 04:00:00,1.02529,1.02568,1.02508,1.02514,1938.0,,False,5m consistent,0
2022-08-15 05:00:00,1.02515,1.02532,1.02406,1.02413,2462.0,,False,5m consistent,1
2022-08-15 07:00:00,1.02374,1.02454,1.02307,1.0235,5910.0,,False,5m consistent,0
2022-08-15 08:00:00,1.02344,1.02374,1.02008,1.0208,5801.0,,False,5m consistent,0
2022-08-15 09:00:00,1.02081,1.0212,1.01875,1.02002,6040.0,,False,5m consistent,1
2022-08-15 10:00:00,1.02001,1.02076,1.01866,1.02048,4987.0,,False,5m consistent,1
2022-08-15 13:00:00,1.02016,1.0224,1.01945,1.0199,7768.0,,False,5m consistent,0
2022-08-15 14:00:00,1.01991,1.02016,1.01859,1.0195,6443.0,,False,5m consistent,0
2022-08-15 15:00:00,1.01949,1.0197,1.01822,1.0186,4625.0,,False,5m consistent,0
2022-08-15 16:00:00,1.01861,1.01862,1.01724,1.01765,2840.0,,False,5m consistent,0
2022-08-15 17:00:00,1.01766,1.01792,1.01644,1.01655,2321.0,,False,5m consistent,1
2022-08-15 21:00:00,1.01667,1.01671,1.01628,1.01631,597.0,,False,5m consistent,1
2022-08-15 23:00:00,1.01637,1.01646,1.01599,1.01624,1645.0,,False,5m consistent,0
2022-08-16 02:00:00,1.01578,1.01697,1.01576,1.01697,3076.0,,False,5m consistent,0
2022-08-16 05:00:00,1.01598,1.01662,1.0156,1.01649,2627.0,,False,5m consistent,1
2022-08-16 06:00:00,1.01649,1.01696,1.01524,1.01551,5669.0,,False,5m consistent,1
2022-08-16 07:00:00,1.01549,1.01638,1.01349,1.01605,8355.0,,False,5m consistent,0
2022-08-16 08:00:00,1.01607,1.01614,1.0136,1.01398,6600.0,,False,5m consistent,0
2022-08-16 09:00:00,1.01401,1.01429,1.01256,1.01347,6814.0,,False,5m consistent,1
2022-08-16 10:00:00,1.01346,1.01432,1.01266,1.01343,5048.0,,False,5m consistent,1
2022-08-16 13:00:00,1.01442,1.01789,1.01438,1.01769,7819.0,,False,5m consistent,1
2022-08-16 15:00:00,1.01796,1.01846,1.01719,1.0174,4830.0,,False,5m consistent,1
2022-08-16 17:00:00,1.01667,1.01797,1.01664,1.01769,2157.0,,False,5m consistent,1
2022-08-17 05:00:00,1.01824,1.01862,1.01771,1.01831,2751.0,,False,5m consistent,0
2022-08-17 06:00:00,1.01829,1.01875,1.01575,1.01643,5823.0,,False,5m consistent,0
2022-08-17 07:00:00,1.01642,1.01684,1.01502,1.01673,7628.0,,False,5m consistent,0
2022-08-17 09:00:00,1.01747,1.01847,1.01694,1.01821,4979.0,,False,5m consistent,0
2022-08-17 10:00:00,1.01821,1.01833,1.01663,1.01752,4733.0,,False,5m consistent,0
2022-08-17 11:00:00,1.01755,1.01755,1.01548,1.01683,6391.0,,False,5m consistent,0
2022-08-18 01:00:00,1.01887,1.01923,1.01845,1.01877,3900.0,,False,5m consistent,0
2022-08-18 02:00:00,1.0188,1.01902,1.01809,1.01811,2405.0,,False,5m consistent,0
2022-08-18 03:00:00,1.01812,1.01818,1.01679,1.01714,2240.0,,False,5m consistent,1
2022-08-18 05:00:00,1.01679,1.01794,1.0164,1.01653,3083.0,,False,5m consistent,0
2022-08-18 08:00:00,1.01621,1.01777,1.01614,1.01681,6461.0,,False,5m consistent,1
2022-08-18 11:00:00,1.01744,1.01889,1.01723,1.0178,5323.0,,False,5m consistent,1
2022-08-18 12:00:00,1.01779,1.01874,1.01592,1.01707,9112.0,,False,5m consistent,0
2022-08-18 13:00:00,1.01708,1.01729,1.01218,1.01248,9244.0,,False,5m consistent,1
2022-08-18 14:00:00,1.0125,1.01326,1.01124,1.01293,8072.0,,False,5m consistent,0
2022-08-18 15:00:00,1.01296,1.01404,1.01131,1.01132,4768.0,,False,5m consistent,0
2022-08-18 16:00:00,1.01133,1.0116,1.00897,1.00911,4415.0,,False,5m consistent,1
2022-08-18 23:00:00,1.00875,1.00931,1.00868,1.00901,1093.0,,False,5m consistent,0
2022-08-19 00:00:00,1.00902,1.00921,1.00748,1.00801,3545.0,,False,5m consistent,1
2022-08-19 03:00:00,1.00868,1.00879,1.00795,1.00809,1910.0,,False,5m consistent,1
2022-08-19 05:00:00,1.0077,1.00843,1.00748,1.00841,2940.0,,False,5m consistent,1
2022-08-19 07:00:00,1.00814,1.00963,1.00753,1.00908,6068.0,,False,5m consistent,0
2022-08-19 08:00:00,1.00909,1.00919,1.00786,1.00895,5063.0,,False,5m consistent,0
2022-08-19 09:00:00,1.00894,1.009,1.00728,1.00734,3892.0,,False,5m consistent,0
2022-08-19 10:00:00,1.00735,1.00739,1.00555,1.00584,5166.0,,False,5m consistent,1
2022-08-19 12:00:00,1.00492,1.00685,1.00484,1.00662,6509.0,,False,5m consistent,0
2022-08-19 13:00:00,1.00658,1.00693,1.00521,1.00545,6949.0,,False,5m consistent,0
2022-08-19 17:00:00,1.00368,1.00462,1.00347,1.00441,2988.0,,False,5m consistent,1
2022-08-22 03:00:00,1.00459,1.00475,1.00404,1.00438,2211.0,,False,5m consistent,0
2022-08-22 05:00:00,1.00388,1.00404,1.00332,1.00333,2475.0,,False,5m consistent,0
2022-08-22 06:00:00,1.00331,1.00343,1.00228,1.00233,4512.0,,False,5m consistent,0
2022-08-22 07:00:00,1.0023,1.00284,1.00005,1.00046,6425.0,,False,5m consistent,0
2022-08-22 08:00:00,1.00047,1.00191,0.999,1.00145,8009.0,,False,5m consistent,0
2022-08-22 09:00:00,1.00146,1.00166,1.0,1.0015,5978.0,,False,5m consistent,1
2022-08-22 10:00:00,1.00151,1.00191,1.00046,1.00108,5674.0,,False,5m consistent,0
2022-08-22 12:00:00,1.00014,1.00096,0.99959,1.00069,6699.0,,False,5m consistent,0
2022-08-22 13:00:00,1.0007,1.00083,0.99702,0.99704,6641.0,,False,5m consistent,0
2022-08-22 14:00:00,0.99703,0.99779,0.99608,0.99675,6403.0,,False,5m consistent,0
2022-08-22 22:00:00,0.99466,0.99467,0.99411,0.99442,1093.0,,False,5m consistent,0
2022-08-22 23:00:00,0.99442,0.99442,0.99339,0.99392,1333.0,,False,5m consistent,1
2022-08-23 03:00:00,0.99459,0.99471,0.99404,0.99427,2003.0,,False,5m consistent,0
2022-08-23 04:00:00,0.99425,0.99438,0.99354,0.99356,1608.0,,False,5m consistent,0
2022-08-23 05:00:00,0.99355,0.99375,0.99159,0.99204,3465.0,,False,5m consistent,0
2022-08-23 07:00:00,0.9907,0.99506,0.99015,0.99346,9639.0,,False,5m consistent,1
2022-08-23 08:00:00,0.99348,0.99438,0.99261,0.99331,7857.0,,False,5m consistent,0
2022-08-23 09:00:00,0.99328,0.99414,0.99158,0.99306,5805.0,,False,5m consistent,0
2022-08-23 11:00:00,0.9925,0.9936,0.99213,0.99254,3927.0,,False,5m consistent,1
2022-08-23 13:00:00,0.99244,0.99994,0.99213,0.99991,10564.0,,False,5m consistent,1
2022-08-23 14:00:00,0.99994,1.00196,0.99719,0.99879,12415.0,,False,5m consistent,0
2022-08-23 16:00:00,0.99742,0.99809,0.99665,0.99799,3278.0,,False,5m consistent,1
2022-08-23 22:00:00,0.99709,0.99744,0.9969,0.99737,1226.0,,False,5m consistent,0
2022-08-23 23:00:00,0.99737,0.99741,0.99642,0.99675,1773.0,,False,5m consistent,0
2022-08-24 00:00:00,0.99673,0.99729,0.99529,0.99534,3280.0,,False,5m consistent,1
2022-08-24 04:00:00,0.99483,0.99615,0.99474,0.99582,1792.0,,False,5m consistent,0
2022-08-24 05:00:00,0.99582,0.99628,0.99424,0.99436,2251.0,,False,5m consistent,1
2022-08-24 07:00:00,0.99503,0.99602,0.99452,0.99542,4902.0,,False,5m consistent,1
2022-08-24 09:00:00,0.99468,0.99592,0.99452,0.99501,4729.0,,False,5m consistent,0
2022-08-24 11:00:00,0.99223,0.99377,0.99205,0.99276,5584.0,,False,5m consistent,1
2022-08-24 12:00:00,0.99278,0.99408,0.99154,0.99293,7581.0,,False,5m consistent,1
2022-08-24 14:00:00,0.99192,0.99956,0.99108,0.99908,10163.0,,False,5m consistent,0
2022-08-24 15:00:00,0.99909,1.00003,0.99615,0.99676,7422.0,,False,5m consistent,0
2022-08-25 04:00:00,0.99875,1.00099,0.99859,0.99999,2719.0,,False,5m consistent,1
2022-08-25 06:00:00,0.99948,1.00344,0.99925,1.00113,7123.0,,False,5m consistent,0
2022-08-25 07:00:00,1.00111,1.00245,0.99962,1.00004,6706.0,,False,5m consistent,1
2022-08-25 08:00:00,1.00008,1.0013,0.99882,1.00082,6599.0,,False,5m consistent,0
2022-08-25 09:00:00,1.00078,1.0012,0.99878,0.9998,5349.0,,False,5m consistent,0
2022-08-25 11:00:00,0.99813,0.99957,0.99734,0.99773,5513.0,,False,5m consistent,0
2022-08-25 12:00:00,0.99775,0.99798,0.99642,0.99703,7321.0,,False,5m consistent,1
2022-08-25 14:00:00,0.99636,1.00014,0.99634,0.99817,6514.0,,False,5m consistent,0
2022-08-25 23:00:00,0.99758,0.99758,0.99688,0.99716,1456.0,,False,5m consistent,1
2022-08-26 03:00:00,0.99693,0.99756,0.99679,0.99712,1472.0,,False,5m consistent,0
2022-08-26 05:00:00,0.99634,0.9965,0.99584,0.99607,2135.0,,False,5m consistent,0
2022-08-26 10:00:00,1.00039,1.00245,0.99994,1.00166,3925.0,,False,5m consistent,0
2022-08-26 13:00:00,1.00334,1.0076,1.00305,1.0065,12493.0,,False,5m consistent,0
2022-08-26 14:00:00,1.00657,1.00911,1.00154,1.00154,20597.0,,False,5m consistent,0
2022-08-26 15:00:00,1.00153,1.00218,0.9985,0.9998,9347.0,,False,5m consistent,0
2022-08-26 16:00:00,0.99989,1.00038,0.99762,0.99807,5710.0,,False,5m consistent,0
2022-08-29 00:00:00,0.99367,0.99464,0.99295,0.99311,4355.0,,False,5m consistent,1
2022-08-29 07:00:00,0.99371,0.99516,0.99327,0.99441,5941.0,,False,5m consistent,0
2022-08-29 10:00:00,0.9963,0.99963,0.99607,0.99854,5221.0,,False,5m consistent,1
2022-08-29 11:00:00,0.9985,1.00008,0.99697,0.99983,4879.0,,False,5m consistent,1
2022-08-29 12:00:00,0.9998,1.00299,0.99845,1.00093,8770.0,,False,5m consistent,1
2022-08-29 13:00:00,1.00094,1.00192,0.9996,1.00118,8677.0,,False,5m consistent,0
2022-08-29 17:00:00,1.00151,1.00233,1.0006,1.00079,3140.0,,False,5m consistent,1
2022-08-30 00:00:00,1.00114,1.00142,1.00019,1.00065,3078.0,,False,5m consistent,0
2022-08-30 01:00:00,1.00063,1.00115,0.99905,0.99916,3847.0,,False,5m consistent,1
2022-08-30 05:00:00,1.00004,1.00072,0.99974,1.00024,2635.0,,False,5m consistent,0
2022-08-30 06:00:00,1.00025,1.0008,0.99878,0.99926,5649.0,,False,5m consistent,1
2022-08-30 10:00:00,1.00335,1.00506,1.00259,1.00323,5805.0,,False,5m consistent,1
2022-08-30 11:00:00,1.00325,1.00444,1.00176,1.00259,6750.0,,False,5m consistent,1
2022-08-30 13:00:00,1.00118,1.00423,1.00113,1.00289,9618.0,,False,5m consistent,0
2022-08-30 16:00:00,1.00193,1.00361,1.0018,1.00244,7029.0,,False,5m consistent,1
2022-08-31 00:00:00,1.00245,1.00355,1.00204,1.00282,3152.0,,False,5m consistent,1
2022-08-31 05:00:00,1.00412,1.00468,1.00364,1.00402,3439.0,,False,5m consistent,0
2022-08-31 06:00:00,1.00402,1.00434,1.0015,1.00166,4711.0,,False,5m consistent,0
2022-08-31 07:00:00,1.00166,1.00224,0.99999,1.00025,7325.0,,False,5m consistent,0
2022-08-31 11:00:00,0.99789,1.00066,0.99777,1.00021,5342.0,,False,5m consistent,0
2022-08-31 12:00:00,1.00023,1.00191,0.99829,1.00092,9056.0,,False,5m consistent,1
2022-08-31 14:00:00,1.00068,1.00607,1.0,1.00552,12812.0,,False,5m consistent,1
2022-08-31 15:00:00,1.00552,1.00799,1.0042,1.00638,9779.0,,False,5m consistent,0
2022-08-31 16:00:00,1.00637,1.0065,1.00505,1.00541,4850.0,,False,5m consistent,1
2022-08-31 22:00:00,1.00539,1.00554,1.00491,1.00519,1355.0,,False,5m consistent,0
2022-08-31 23:00:00,1.00516,1.00517,1.00361,1.00389,2163.0,,False,5m consistent,0
2022-09-01 02:00:00,1.00252,1.0031,1.00219,1.00235,2646.0,,False,5m consistent,1
2022-09-01 05:00:00,1.00149,1.00213,1.00085,1.00187,3817.0,,False,5m consistent,1
2022-09-01 08:00:00,1.00307,1.00498,1.00246,1.0038,8125.0,,False,5m consistent,0
2022-09-01 09:00:00,1.00378,1.00477,1.00227,1.00295,6316.0,,False,5m consistent,0
2022-09-01 10:00:00,1.00294,1.00303,1.00031,1.002,5864.0,,False,5m consistent,0
2022-09-01 11:00:00,1.00196,1.00229,1.00017,1.00049,6346.0,,False,5m consistent,0
2022-09-01 12:00:00,1.00048,1.00076,0.99866,0.99891,7374.0,,False,5m consistent,0
2022-09-01 15:00:00,0.99326,0.99496,0.99325,0.99495,7878.0,,False,5m consistent,1
2022-09-02 05:00:00,0.99676,0.99765,0.99675,0.99723,3202.0,,False,5m consistent,1
2022-09-02 07:00:00,0.9975,0.99969,0.99728,0.99893,5630.0,,False,5m consistent,0
2022-09-02 09:00:00,0.99738,1.00086,0.99687,1.00052,4335.0,,False,5m consistent,0
2022-09-02 10:00:00,1.00054,1.00185,0.99947,0.99982,4802.0,,False,5m consistent,1
2022-09-02 11:00:00,0.99985,1.00048,0.99859,0.99918,4540.0,,False,5m consistent,1
2022-09-02 12:00:00,0.99916,1.00306,0.99802,1.00113,14379.0,,False,5m consistent,0
2022-09-02 15:00:00,1.00266,1.00343,1.00177,1.00311,7025.0,,False,5m consistent,0
2022-09-02 16:00:00,1.00312,1.00312,0.99627,0.99704,9142.0,,False,5m consistent,0
2022-09-02 18:00:00,0.99613,0.99689,0.99588,0.99663,4295.0,,False,5m consistent,0
2022-09-05 01:00:00,0.99164,0.99254,0.9916,0.99205,4212.0,,False,5m consistent,0
2022-09-05 03:00:00,0.99143,0.99193,0.99116,0.99137,2587.0,,False,5m consistent,0
2022-09-05 04:00:00,0.99139,0.99145,0.99017,0.9906,1942.0,,False,5m consistent,0
2022-09-05 06:00:00,0.98852,0.99149,0.98789,0.99079,7040.0,,False,5m consistent,1
2022-09-05 10:00:00,0.99247,0.99452,0.99224,0.99346,5499.0,,False,5m consistent,1
2022-09-06 01:00:00,0.99694,0.99718,0.99621,0.99649,4018.0,,False,5m consistent,0
2022-09-06 02:00:00,0.99647,0.9965,0.99501,0.99596,3821.0,,False,5m consistent,0
2022-09-06 05:00:00,0.99471,0.99662,0.99455,0.99604,4555.0,,False,5m consistent,1
2022-09-06 07:00:00,0.99707,0.99873,0.99652,0.99765,8431.0,,False,5m consistent,0
2022-09-06 08:00:00,0.99764,0.99773,0.99478,0.99589,6564.0,,False,5m consistent,0
2022-09-06 09:00:00,0.99586,0.99611,0.99368,0.99535,5949.0,,False,5m consistent,0
2022-09-06 11:00:00,0.99264,0.99382,0.99186,0.99247,5955.0,,False,5m consistent,0
2022-09-06 12:00:00,0.99246,0.99307,0.98998,0.9901,6913.0,,False,5m consistent,1
2022-09-06 13:00:00,0.99013,0.99069,0.98823,0.98857,9597.0,,False,5m consistent,1
2022-09-06 23:00:00,0.98976,0.99006,0.98911,0.98979,1725.0,,False,5m consistent,1
2022-09-07 00:00:00,0.9898,0.99048,0.98839,0.98916,4882.0,,False,5m consistent,1
2022-09-07 01:00:00,0.98913,0.98939,0.98817,0.98904,4243.0,,False,5m consistent,1
2022-09-07 06:00:00,0.9894,0.99139,0.98882,0.99074,5090.0,,False,5m consistent,1
2022-09-07 07:00:00,0.99075,0.99292,0.98927,0.99245,5900.0,,False,5m consistent,0
2022-09-07 08:00:00,0.99244,0.9931,0.99065,0.99083,5318.0,,False,5m consistent,1
2022-09-07 09:00:00,0.99085,0.99151,0.98963,0.99101,5664.0,,False,5m consistent,0
2022-09-07 10:00:00,0.99104,0.99114,0.98945,0.98982,5546.0,,False,5m consistent,1
2022-09-07 17:00:00,0.99741,1.00038,0.99722,0.99982,5180.0,,False,5m consistent,1
2022-09-07 22:00:00,1.00099,1.0014,1.00052,1.00067,2071.0,,False,5m consistent,0
2022-09-07 23:00:00,1.00065,1.00065,0.99943,0.99987,1606.0,,False,5m consistent,0
2022-09-08 06:00:00,0.99982,1.00159,0.99952,0.99991,5643.0,,False,5m consistent,0
2022-09-08 11:00:00,1.00106,1.003,1.0006,1.00204,7294.0,,False,5m consistent,0
2022-09-08 12:00:00,1.00205,1.00325,0.9986,1.00011,18352.0,,False,5m consistent,0
2022-09-08 13:00:00,1.00005,1.00026,0.99314,0.99657,18866.0,,False,5m consistent,0
2022-09-09 04:00:00,1.00702,1.00849,1.00673,1.00733,4452.0,,False,5m consistent,1
2022-09-09 08:00:00,1.00972,1.01143,1.00951,1.01075,7394.0,,False,5m consistent,0
2022-09-09 09:00:00,1.01074,1.0108,1.0077,1.00879,6295.0,,False,5m consistent,0
2022-09-09 10:00:00,1.00878,1.00982,1.00744,1.00748,6302.0,,False,5m consistent,0
2022-09-09 13:00:00,1.00451,1.00634,1.00343,1.00505,10642.0,,False,5m consistent,1
2022-09-09 16:00:00,1.00458,1.00552,1.00378,1.00548,5661.0,,False,5m consistent,1
2022-09-12 05:00:00,1.00788,1.00922,1.00786,1.00922,3687.0,,False,5m consistent,1
2022-09-12 08:00:00,1.01757,1.01964,1.01688,1.01926,8499.0,,False,5m consistent,0
2022-09-12 09:00:00,1.01925,1.01925,1.01477,1.01478,7258.0,,False,5m consistent,1
2022-09-12 12:00:00,1.01443,1.01637,1.01347,1.01424,10138.0,,False,5m consistent,0
2022-09-12 16:00:00,1.01262,1.0145,1.01258,1.01444,3916.0,,False,5m consistent,0
2022-09-12 17:00:00,1.01446,1.01452,1.01314,1.01335,2862.0,,False,5m consistent,1
2022-09-13 00:00:00,1.01301,1.01473,1.0125,1.01359,4157.0,,False,5m consistent,1
2022-09-13 01:00:00,1.01355,1.01389,1.01256,1.0136,4191.0,,False,5m consistent,1
2022-09-13 03:00:00,1.01319,1.01346,1.01273,1.01311,2385.0,,False,5m consistent,1
2022-09-13 06:00:00,1.01394,1.01511,1.0135,1.01397,6096.0,,False,5m consistent,1
2022-09-13 07:00:00,1.01398,1.01559,1.01279,1.0148,6461.0,,False,5m consistent,1
2022-09-13 08:00:00,1.01483,1.0157,1.01333,1.01558,4713.0,,False,5m consistent,1
2022-09-13 11:00:00,1.01798,1.01879,1.01745,1.01778,5522.0,,False,5m consistent,0
2022-09-13 12:00:00,1.01779,1.01806,1.00312,1.00381,17680.0,,False,5m consistent,0
2022-09-13 13:00:00,1.0038,1.00435,1.00056,1.00331,16513.0,,False,5m consistent,1
2022-09-13 14:00:00,1.00332,1.00421,1.00112,1.00157,12258.0,,False,5m consistent,0
2022-09-13 16:00:00,0.99974,1.00096,0.999,0.99991,5549.0,,False,5m consistent,0
2022-09-13 17:00:00,0.99991,1.00071,0.9984,0.99886,5135.0,,False,5m consistent,0
2022-09-14 04:00:00,0.99897,1.00018,0.99864,0.99961,3907.0,,False,5m consistent,0
2022-09-14 05:00:00,0.99964,1.00033,0.99814,0.99835,3601.0,,False,5m consistent,0
2022-09-14 10:00:00,1.00127,1.00246,1.00069,1.0009,7092.0,,False,5m consistent,0
2022-09-14 11:00:00,1.0009,1.00107,0.99869,0.99934,7673.0,,False,5m consistent,1
2022-09-14 12:00:00,0.9993,1.00105,0.99813,0.99986,12807.0,,False,5m consistent,0
2022-09-14 13:00:00,0.99984,1.00086,0.99824,0.99926,10280.0,,False,5m consistent,1
2022-09-14 16:00:00,0.99946,1.00093,0.9988,0.9998,4411.0,,False,5m consistent,0
2022-09-14 23:00:00,0.99832,0.99847,0.99805,0.9983,1184.0,,False,5m consistent,0
2022-09-15 01:00:00,0.99762,0.99831,0.99712,0.99821,3150.0,,False,5m consistent,0
2022-09-15 03:00:00,0.99745,0.99768,0.99702,0.99748,1716.0,,False,5m consistent,0
2022-09-15 04:00:00,0.9975,0.99769,0.99671,0.99691,1331.0,,False,5m consistent,1
2022-09-15 08:00:00,0.99783,0.99962,0.99749,0.99932,4987.0,,False,5m consistent,1
2022-09-15 09:00:00,0.9993,1.00013,0.99854,0.99952,4528.0,,False,5m consistent,0
2022-09-15 12:00:00,0.99859,1.00187,0.99803,1.00084,10023.0,,False,5m consistent,0
2022-09-15 13:00:00,1.00085,1.00145,0.99822,0.99993,8965.0,,False,5m consistent,1
2022-09-15 16:00:00,0.99913,1.00072,0.99884,1.00064,4079.0,,False,5m consistent,0
2022-09-16 00:00:00,0.99884,1.00115,0.9987,1.00066,3232.0,,False,5m consistent,0
2022-09-16 04:00:00,0.99986,1.00029,0.99962,0.99965,1607.0,,False,5m consistent,0
2022-09-16 06:00:00,0.99831,0.99963,0.99771,0.99933,6423.0,,False,5m consistent,0
2022-09-16 10:00:00,0.99688,0.999,0.99659,0.99861,3996.0,,False,5m consistent,0
2022-09-16 11:00:00,0.99857,0.9988,0.99685,0.99701,4722.0,,False,5m consistent,1
2022-09-16 14:00:00,0.9976,1.00371,0.99727,1.0031,12573.0,,False,5m consistent,0
2022-09-16 16:00:00,1.00128,1.00204,1.00018,1.00077,4251.0,,False,5m consistent,1
2022-09-19 01:00:00,1.0012,1.00138,1.00069,1.00089,2468.0,,False,5m consistent,0
2022-09-19 04:00:00,0.99989,1.00004,0.99914,0.99931,910.0,,False,5m consistent,0
2022-09-19 05:00:00,0.99929,0.99945,0.99772,0.99818,2319.0,,False,5m consistent,1
2022-09-19 07:00:00,0.99716,0.99829,0.99667,0.99804,4847.0,,False,5m consistent,1
2022-09-19 08:00:00,0.99805,0.99829,0.99707,0.99768,4707.0,,False,5m consistent,1
2022-09-19 10:00:00,0.99718,1.00055,0.99679,0.99945,4897.0,,False,5m consistent,0
2022-09-19 14:00:00,0.99874,1.00142,0.99825,1.00124,7592.0,,False,5m consistent,1
2022-09-19 16:00:00,1.00028,1.00147,1.00016,1.00131,3762.0,,False,5m consistent,1
2022-09-20 00:00:00,1.00312,1.00515,1.00293,1.00356,4930.0,,False,5m consistent,0
2022-09-20 03:00:00,1.00342,1.00343,1.00269,1.00303,2892.0,,False,5m consistent,0
2022-09-20 07:00:00,1.00285,1.0043,1.00214,1.00364,8754.0,,False,5m consistent,0
2022-09-20 08:00:00,1.00363,1.00365,1.00009,1.00106,8214.0,,False,5m consistent,1
2022-09-20 10:00:00,1.00083,1.0011,1.00009,1.00071,4672.0,,False,5m consistent,1
2022-09-20 11:00:00,1.00074,1.00144,0.99863,0.99879,6344.0,,False,5m consistent,0
2022-09-20 12:00:00,0.99877,0.99896,0.99559,0.9972,8915.0,,False,5m consistent,1
2022-09-20 14:00:00,0.99828,0.9998,0.99756,0.9995,7619.0,,False,5m consistent,0
2022-09-20 15:00:00,0.99949,1.00003,0.99833,0.99943,4497.0,,False,5m consistent,0
2022-09-20 16:00:00,0.99942,0.99966,0.99734,0.99807,2946.0,,False,5m consistent,0
2022-09-20 20:00:00,0.9976,0.99795,0.99708,0.99711,1391.0,,False,5m consistent,0
2022-09-20 23:00:00,0.99722,0.99756,0.99683,0.99721,1647.0,,False,5m consistent,0
2022-09-21 03:00:00,0.99652,0.99683,0.99601,0.9967,2115.0,,False,5m consistent,0
2022-09-21 04:00:00,0.9967,0.99677,0.99581,0.99608,2187.0,,False,5m consistent,1
2022-09-21 07:00:00,0.98986,0.99196,0.98967,0.99111,10563.0,,False,5m consistent,1
2022-09-21 09:00:00,0.99028,0.99387,0.99003,0.99315,5728.0,,False,5m consistent,0
2022-09-21 10:00:00,0.99313,0.99357,0.99193,0.99223,5064.0,,False,5m consistent,0
2022-09-21 12:00:00,0.99004,0.99211,0.98963,0.9914,5667.0,,False,5m consistent,0
2022-09-21 13:00:00,0.99139,0.99173,0.99,0.99035,6070.0,,False,5m consistent,0
2022-09-21 14:00:00,0.9904,0.99138,0.98787,0.98794,8692.0,,False,5m consistent,1
2022-09-21 15:00:00,0.98796,0.98865,0.98673,0.98798,6150.0,,False,5m consistent,1
2022-09-21 17:00:00,0.98705,0.98893,0.98677,0.9877,3395.0,,False,5m consistent,0
2022-09-21 18:00:00,0.98774,0.99113,0.98142,0.99066,28680.0,,False,5m consistent,1
2022-09-21 23:00:00,0.98397,0.9842,0.98298,0.98322,2585.0,,False,5m consistent,0
2022-09-22 05:00:00,0.98294,0.98403,0.98251,0.98254,4430.0,,False,5m consistent,1
2022-09-22 08:00:00,0.98461,0.99084,0.98416,0.988,19527.0,,False,5m consistent,1
2022-09-22 10:00:00,0.98562,0.98872,0.9856,0.98776,6266.0,,False,5m consistent,1
2022-09-22 12:00:00,0.9867,0.98886,0.98668,0.98774,11959.0,,False,5m consistent,0
2022-09-22 13:00:00,0.98773,0.98782,0.98351,0.98389,11602.0,,False,5m consistent,1
2022-09-23 00:00:00,0.98393,0.98493,0.98335,0.98442,2826.0,,False,5m consistent,0
2022-09-23 01:00:00,0.9844,0.98529,0.9833,0.98382,3238.0,,False,5m consistent,0
2022-09-23 05:00:00,0.98238,0.98339,0.98232,0.98303,3080.0,,False,5m consistent,0
2022-09-23 06:00:00,0.98303,0.98391,0.98091,0.98132,5158.0,,False,5m consistent,0
2022-09-23 07:00:00,0.98131,0.98147,0.97679,0.97769,10956.0,,False,5m consistent,0
2022-09-23 08:00:00,0.97766,0.97813,0.97518,0.9754,7142.0,,False,5m consistent,1
2022-09-23 09:00:00,0.97539,0.977,0.9737,0.9763,9504.0,,False,5m consistent,1
2022-09-23 12:00:00,0.9752,0.97695,0.97486,0.97564,8848.0,,False,5m consistent,1
2022-09-23 13:00:00,0.97565,0.97755,0.97324,0.9735,11161.0,,False,5m consistent,0
2022-09-23 16:00:00,0.97183,0.97247,0.97058,0.97081,5726.0,,False,5m consistent,0
2022-09-23 17:00:00,0.97084,0.97195,0.96819,0.96918,6214.0,,False,5m consistent,1
2022-09-26 02:00:00,0.96546,0.96645,0.96464,0.96602,7064.0,,False,5m consistent,0
2022-09-26 07:00:00,0.96424,0.97025,0.9642,0.96792,15542.0,,False,5m consistent,1
2022-09-26 08:00:00,0.96796,0.96901,0.96618,0.9686,10900.0,,False,5m consistent,0
2022-09-26 10:00:00,0.96476,0.96551,0.96343,0.96413,9695.0,,False,5m consistent,1
2022-09-26 12:00:00,0.96387,0.96903,0.963,0.96702,12587.0,,False,5m consistent,1
2022-09-26 13:00:00,0.96703,0.96829,0.96516,0.9675,11669.0,,False,5m consistent,0
2022-09-26 14:00:00,0.96752,0.96771,0.96362,0.96484,14131.0,,False,5m consistent,0
2022-09-26 16:00:00,0.96215,0.96304,0.96088,0.96223,12442.0,,False,5m consistent,1
2022-09-26 21:00:00,0.96108,0.96157,0.96095,0.96118,611.0,,False,5m consistent,1
2022-09-27 07:00:00,0.96457,0.96683,0.964,0.96482,10515.0,,False,5m consistent,0
2022-09-27 08:00:00,0.9648,0.9648,0.96218,0.9625,8013.0,,False,5m consistent,1
2022-09-27 11:00:00,0.96282,0.96535,0.96209,0.96394,7365.0,,False,5m consistent,1
2022-09-27 13:00:00,0.96236,0.96445,0.96176,0.96241,12324.0,,False,5m consistent,1
2022-09-27 14:00:00,0.96239,0.96338,0.95999,0.96237,15496.0,,False,5m consistent,0
2022-09-27 15:00:00,0.96236,0.96289,0.95942,0.96155,11655.0,,False,5m consistent,0
2022-09-27 18:00:00,0.95856,0.96017,0.95815,0.96003,4657.0,,False,5m consistent,0
2022-09-27 21:00:00,0.95957,0.95994,0.95937,0.95981,1246.0,,False,5m consistent,0
2022-09-27 23:00:00,0.95885,0.95982,0.9585,0.95965,3209.0,,False,5m consistent,0
2022-09-28 00:00:00,0.95964,0.96016,0.95686,0.95735,5843.0,,False,5m consistent,0
2022-09-28 01:00:00,0.95734,0.95773,0.95558,0.95601,8474.0,,False,5m consistent,1
2022-09-28 03:00:00,0.95496,0.95654,0.95496,0.95588,5550.0,,False,5m consistent,1
2022-09-28 05:00:00,0.95516,0.95605,0.95493,0.95568,6042.0,,False,5m consistent,1
2022-09-28 07:00:00,0.95403,0.95881,0.95403,0.95785,12273.0,,False,5m consistent,0
2022-09-28 08:00:00,0.95789,0.95893,0.95464,0.95573,10442.0,,False,5m consistent,1
2022-09-28 10:00:00,0.95443,0.96042,0.95396,0.95753,21566.0,,False,5m consistent,1
2022-09-28 18:00:00,0.97314,0.97518,0.97242,0.97453,5515.0,,False,5m consistent,0
2022-09-28 21:00:00,0.97401,0.97415,0.97353,0.97355,518.0,,False,5m consistent,0
2022-09-28 23:00:00,0.97197,0.97253,0.97053,0.97066,3151.0,,False,5m consistent,0
2022-09-29 04:00:00,0.96866,0.96907,0.96843,0.96866,2904.0,,False,5m consistent,0
2022-09-29 06:00:00,0.96656,0.96743,0.96574,0.96659,8613.0,,False,5m consistent,0
2022-09-29 07:00:00,0.96632,0.96772,0.96366,0.96562,12493.0,,False,5m consistent,1
2022-09-29 11:00:00,0.9716,0.97475,0.9712,0.97239,9586.0,,False,5m consistent,0
2022-09-29 13:00:00,0.96889,0.97502,0.96856,0.97425,14036.0,,False,5m consistent,1
2022-09-30 00:00:00,0.98303,0.98342,0.98171,0.98263,6425.0,,False,5m consistent,0
2022-09-30 01:00:00,0.98261,0.98303,0.98101,0.98108,6445.0,,False,5m consistent,1
2022-09-30 05:00:00,0.98003,0.98291,0.97999,0.98251,5919.0,,False,5m consistent,0
2022-09-30 08:00:00,0.98336,0.98546,0.98306,0.98339,11613.0,,False,5m consistent,0
2022-09-30 09:00:00,0.98368,0.98393,0.97973,0.9798,8757.0,,False,5m consistent,0
2022-09-30 10:00:00,0.97978,0.98049,0.97554,0.97623,9046.0,,False,5m consistent,1
2022-09-30 12:00:00,0.9747,0.97858,0.97371,0.97553,13870.0,,False,5m consistent,1
2022-09-30 13:00:00,0.97554,0.97777,0.97353,0.97762,15270.0,,False,5m consistent,1
2022-10-03 03:00:00,0.98132,0.98161,0.9805,0.98064,3183.0,,False,5m consistent,1
2022-10-03 05:00:00,0.97861,0.98357,0.97851,0.98266,6346.0,,False,5m consistent,0
2022-10-03 08:00:00,0.98131,0.98284,0.98059,0.98119,8784.0,,False,5m consistent,0
2022-10-03 10:00:00,0.9764,0.97866,0.97578,0.97797,6191.0,,False,5m consistent,1
2022-10-03 16:00:00,0.9809,0.98192,0.97966,0.98087,7519.0,,False,5m consistent,1
2022-10-03 23:00:00,0.98302,0.98388,0.98297,0.98345,3476.0,,False,5m consistent,0
2022-10-04 00:00:00,0.98347,0.98391,0.98208,0.98278,5210.0,,False,5m consistent,1
2022-10-04 03:00:00,0.98294,0.98465,0.98224,0.98435,6623.0,,False,5m consistent,1
2022-10-04 08:00:00,0.98759,0.98812,0.98662,0.98755,8319.0,,False,5m consistent,1
2022-10-04 10:00:00,0.988,0.99046,0.98786,0.98923,6962.0,,False,5m consistent,1
2022-10-04 12:00:00,0.98924,0.99354,0.98867,0.99248,10983.0,,False,5m consistent,1
2022-10-04 18:00:00,0.99751,0.99997,0.9968,0.99987,4436.0,,False,5m consistent,0
2022-10-04 23:00:00,0.99841,0.99862,0.99802,0.99848,2653.0,,False,5m consistent,1
2022-10-05 00:00:00,0.99846,0.99908,0.99711,0.99768,4626.0,,False,5m consistent,1
2022-10-05 06:00:00,0.99646,0.9996,0.99625,0.99785,6690.0,,False,5m consistent,0
2022-10-05 07:00:00,0.99784,0.9979,0.9937,0.99412,9448.0,,False,5m consistent,1
2022-10-05 08:00:00,0.99413,0.9949,0.99236,0.99482,7773.0,,False,5m consistent,0
2022-10-05 09:00:00,0.99481,0.99528,0.99218,0.99311,5538.0,,False,5m consistent,0
2022-10-05 10:00:00,0.99312,0.99325,0.9912,0.99249,5577.0,,False,5m consistent,0
2022-10-05 11:00:00,0.99247,0.99279,0.99005,0.99061,5962.0,,False,5m consistent,1
2022-10-05 12:00:00,0.99063,0.99239,0.98929,0.99125,8632.0,,False,5m consistent,0
2022-10-05 13:00:00,0.99123,0.9915,0.98663,0.98783,9552.0,,False,5m consistent,0
2022-10-06 00:00:00,0.99129,0.99271,0.9909,0.99177,5032.0,,False,5m consistent,1
2022-10-06 05:00:00,0.99218,0.99272,0.99132,0.99234,3874.0,,False,5m consistent,0
2022-10-06 07:00:00,0.98974,0.99213,0.9895,0.99116,10346.0,,False,5m consistent,0
2022-10-06 09:00:00,0.98896,0.99037,0.98857,0.98895,7194.0,,False,5m consistent,1
2022-10-06 10:00:00,0.98897,0.98955,0.9875,0.98862,7734.0,,False,5m consistent,0
2022-10-06 11:00:00,0.98863,0.98941,0.98587,0.98693,8868.0,,False,5m consistent,1
2022-10-06 12:00:00,0.98694,0.98831,0.98564,0.98693,8603.0,,False,5m consistent,0
2022-10-06 14:00:00,0.98302,0.98454,0.9819,0.98414,12245.0,,False,5m consistent,0
2022-10-06 15:00:00,0.98424,0.98455,0.98047,0.98057,9265.0,,False,5m consistent,1
2022-10-06 17:00:00,0.98029,0.98175,0.98001,0.98172,5770.0,,False,5m consistent,0
2022-10-07 03:00:00,0.98087,0.98125,0.9803,0.98057,3365.0,,False,5m consistent,0
2022-10-07 05:00:00,0.97928,0.9805,0.97927,0.98022,3244.0,,False,5m consistent,0
2022-10-07 09:00:00,0.98025,0.9812,0.97932,0.9807,5524.0,,False,5m consistent,0
2022-10-07 14:00:00,0.97495,0.9792,0.9745,0.97868,14374.0,,False,5m consistent,0
2022-10-07 15:00:00,0.97867,0.9791,0.97718,0.97848,10865.0,,False,5m consistent,0
2022-10-07 17:00:00,0.97619,0.97702,0.97569,0.9758,4924.0,,False,5m consistent,0
2022-10-10 02:00:00,0.97511,0.97515,0.97419,0.97463,3313.0,,False,5m consistent,0
2022-10-10 04:00:00,0.97386,0.97417,0.97336,0.97407,2648.0,,False,5m consistent,0
2022-10-10 06:00:00,0.97179,0.97346,0.97173,0.97201,5500.0,,False,5m consistent,0
2022-10-10 07:00:00,0.97203,0.97339,0.96999,0.97077,7579.0,,False,5m consistent,0
2022-10-10 09:00:00,0.96895,0.97102,0.96894,0.97076,6252.0,,False,5m consistent,1
2022-10-10 12:00:00,0.96978,0.97199,0.96946,0.97154,5816.0,,False,5m consistent,0
2022-10-10 14:00:00,0.97007,0.97481,0.96959,0.97033,11469.0,,False,5m consistent,1
2022-10-10 15:00:00,0.97031,0.97056,0.96864,0.97035,7120.0,,False,5m consistent,1
2022-10-10 23:00:00,0.97095,0.97125,0.97089,0.97124,2227.0,,False,5m consistent,1
2022-10-11 00:00:00,0.97123,0.97235,0.96998,0.97212,6079.0,,False,5m consistent,0
2022-10-11 01:00:00,0.9721,0.97222,0.9693,0.96981,7244.0,,False,5m consistent,0
2022-10-11 03:00:00,0.96881,0.96968,0.96824,0.96831,4699.0,,False,5m consistent,1
2022-10-11 05:00:00,0.96777,0.96885,0.9677,0.96869,4429.0,,False,5m consistent,1
2022-10-11 08:00:00,0.96999,0.97207,0.96976,0.97084,7702.0,,False,5m consistent,1
2022-10-11 12:00:00,0.97251,0.97335,0.97183,0.97206,8248.0,,False,5m consistent,0
2022-10-11 13:00:00,0.97209,0.97223,0.97,0.97028,9486.0,,False,5m consistent,1
2022-10-11 15:00:00,0.9708,0.97638,0.9708,0.9757,8729.0,,False,5m consistent,1
2022-10-11 16:00:00,0.97569,0.97755,0.97443,0.97663,7766.0,,False,5m consistent,0
2022-10-11 17:00:00,0.97666,0.97676,0.97497,0.97533,5718.0,,False,5m consistent,0
2022-10-11 18:00:00,0.9753,0.9754,0.97072,0.97098,7438.0,,False,5m consistent,1
2022-10-11 22:00:00,0.9706,0.97188,0.97049,0.97144,1912.0,,False,5m consistent,0
2022-10-12 00:00:00,0.97014,0.97113,0.96911,0.97042,6394.0,,False,5m consistent,0
2022-10-12 06:00:00,0.97218,0.97338,0.9716,0.97222,8655.0,,False,5m consistent,0
2022-10-12 10:00:00,0.97093,0.97178,0.97056,0.9717,4729.0,,False,5m consistent,0
2022-10-12 11:00:00,0.97171,0.97207,0.97027,0.97088,5328.0,,False,5m consistent,0
2022-10-12 12:00:00,0.97092,0.97124,0.96883,0.9706,9582.0,,False,5m consistent,1
2022-10-12 13:00:00,0.97062,0.97119,0.9691,0.96912,8235.0,,False,5m consistent,0
2022-10-12 14:00:00,0.96913,0.97065,0.96686,0.97019,10759.0,,False,5m consistent,0
2022-10-13 00:00:00,0.97056,0.9723,0.96986,0.97154,4474.0,,False,5m consistent,0
2022-10-13 05:00:00,0.97049,0.9708,0.96973,0.96985,3292.0,,False,5m consistent,1
2022-10-13 09:00:00,0.97142,0.97449,0.97117,0.97269,6793.0,,False,5m consistent,1
2022-10-13 11:00:00,0.97257,0.97542,0.97218,0.97457,11054.0,,False,5m consistent,1
2022-10-13 12:00:00,0.97453,0.97491,0.96322,0.96689,17330.0,,False,5m consistent,1
2022-10-13 13:00:00,0.96686,0.97027,0.96461,0.96952,19805.0,,False,5m consistent,1
2022-10-14 06:00:00,0.97766,0.9798,0.97763,0.97892,8549.0,,False,5m consistent,0
2022-10-14 07:00:00,0.9789,0.9789,0.97534,0.97687,9687.0,,False,5m consistent,0
2022-10-14 08:00:00,0.97689,0.97689,0.97456,0.97511,7184.0,,False,5m consistent,0
2022-10-14 10:00:00,0.97309,0.97588,0.97255,0.97348,9817.0,,False,5m consistent,0
2022-10-14 12:00:00,0.97194,0.97776,0.97153,0.97738,10742.0,,False,5m consistent,0
2022-10-14 13:00:00,0.97739,0.98006,0.9731,0.9739,16112.0,,False,5m consistent,1
2022-10-14 14:00:00,0.97315,0.97549,0.97085,0.97544,18398.0,,False,5m consistent,0
2022-10-14 15:00:00,0.97544,0.97696,0.97346,0.97394,9391.0,,False,5m consistent,0
2022-10-17 05:00:00,0.97374,0.97569,0.97367,0.9753,4909.0,,False,5m consistent,0
2022-10-17 07:00:00,0.97329,0.97579,0.97325,0.97481,10299.0,,False,5m consistent,0
2022-10-17 10:00:00,0.97535,0.97715,0.97472,0.97498,6697.0,,False,5m consistent,1
2022-10-17 18:00:00,0.98422,0.98499,0.98381,0.98477,4590.0,,False,5m consistent,1
2022-10-18 00:00:00,0.98446,0.98538,0.98404,0.98422,4698.0,,False,5m consistent,0
2022-10-18 06:00:00,0.98553,0.98736,0.98477,0.98634,6412.0,,False,5m consistent,0
2022-10-18 07:00:00,0.98635,0.98745,0.98321,0.98584,8774.0,,False,5m consistent,0
2022-10-18 09:00:00,0.98302,0.98544,0.98285,0.98386,8777.0,,False,5m consistent,0
2022-10-18 13:00:00,0.98554,0.98764,0.98464,0.98535,8672.0,,False,5m consistent,0
2022-10-18 14:00:00,0.98534,0.98599,0.98253,0.98507,10075.0,,False,5m consistent,0
2022-10-18 16:00:00,0.98422,0.98614,0.98382,0.98567,6715.0,,False,5m consistent,1
2022-10-19 01:00:00,0.9862,0.98655,0.98549,0.98594,5532.0,,False,5m consistent,0
2022-10-19 02:00:00,0.98596,0.98624,0.985,0.98534,4992.0,,False,5m consistent,0
2022-10-19 05:00:00,0.98408,0.98449,0.98325,0.98366,3527.0,,False,5m consistent,0
2022-10-19 07:00:00,0.98229,0.98403,0.98159,0.98402,8578.0,,False,5m consistent,0
2022-10-19 08:00:00,0.98402,0.98402,0.98132,0.98177,7317.0,,False,5m consistent,1
2022-10-19 09:00:00,0.98184,0.98249,0.98062,0.9819,6511.0,,False,5m consistent,0
2022-10-19 10:00:00,0.98189,0.98218,0.97815,0.97817,6006.0,,False,5m consistent,0
2022-10-19 11:00:00,0.9782,0.97851,0.97603,0.97841,8229.0,,False,5m consistent,1
2022-10-19 14:00:00,0.97744,0.98034,0.97712,0.97911,8475.0,,False,5m consistent,0
2022-10-19 15:00:00,0.97907,0.97952,0.97793,0.97795,6342.0,,False,5m consistent,0
2022-10-19 21:00:00,0.97743,0.97763,0.97735,0.9775,210.0,,False,5m consistent,0
2022-10-20 00:00:00,0.97664,0.97728,0.97592,0.97659,5501.0,,False,5m consistent,1
2022-10-20 02:00:00,0.97597,0.97675,0.97569,0.97663,4292.0,,False,5m consistent,1
2022-10-20 06:00:00,0.97842,0.9795,0.978,0.97929,5804.0,,False,5m consistent,0
2022-10-20 07:00:00,0.97924,0.97955,0.97725,0.97876,8953.0,,False,5m consistent,1
2022-10-20 08:00:00,0.97879,0.97931,0.97741,0.97825,6637.0,,False,5m consistent,1
2022-10-20 11:00:00,0.98073,0.98299,0.98024,0.98138,8005.0,,False,5m consistent,1
2022-10-20 12:00:00,0.98131,0.98382,0.97965,0.98034,12580.0,,False,5m consistent,0
2022-10-20 14:00:00,0.97871,0.98463,0.97843,0.98454,12813.0,,False,5m consistent,0
2022-10-20 15:00:00,0.98454,0.98456,0.98219,0.98233,7367.0,,False,5m consistent,0
2022-10-20 16:00:00,0.98232,0.98234,0.97986,0.98034,6206.0,,False,5m consistent,0
2022-10-20 18:00:00,0.97857,0.97885,0.97758,0.97853,5382.0,,False,5m consistent,1
2022-10-20 22:00:00,0.97887,0.9791,0.97827,0.97841,1336.0,,False,5m consistent,0
2022-10-20 23:00:00,0.97842,0.97842,0.97743,0.97795,1933.0,,False,5m consistent,1
2022-10-21 02:00:00,0.97713,0.9781,0.97686,0.97775,3104.0,,False,5m consistent,1
2022-10-21 05:00:00,0.97719,0.97775,0.97642,0.97767,3554.0,,False,5m consistent,1
2022-10-21 07:00:00,0.97666,0.98033,0.97619,0.97898,8887.0,,False,5m consistent,0
2022-10-21 08:00:00,0.97895,0.97917,0.97536,0.9757,7125.0,,False,5m consistent,0
2022-10-21 11:00:00,0.97507,0.976,0.9742,0.97457,7025.0,,False,5m consistent,0
2022-10-21 13:00:00,0.97584,0.98079,0.97526,0.97984,24947.0,,False,5m consistent,0
2022-10-21 14:00:00,0.97988,0.98179,0.97661,0.9798,22844.0,,False,5m consistent,1
2022-10-21 15:00:00,0.97976,0.98573,0.97806,0.98556,25764.0,,False,5m consistent,0
2022-10-24 00:00:00,0.98606,0.98695,0.98416,0.98503,12161.0,,False,5m consistent,1
2022-10-24 02:00:00,0.98364,0.98459,0.98296,0.98441,5792.0,,False,5m consistent,1
2022-10-24 06:00:00,0.98437,0.98626,0.98329,0.98467,7926.0,,False,5m consistent,0
2022-10-24 07:00:00,0.98468,0.98626,0.98273,0.98359,10918.0,,False,5m consistent,1
2022-10-24 08:00:00,0.98358,0.98436,0.98174,0.98357,11047.0,,False,5m consistent,0
2022-10-24 09:00:00,0.98362,0.98365,0.98077,0.98341,7183.0,,False,5m consistent,1
2022-10-24 12:00:00,0.98362,0.98587,0.98296,0.98444,11768.0,,False,5m consistent,1
2022-10-24 13:00:00,0.98446,0.98921,0.98278,0.98764,15540.0,,False,5m consistent,1
2022-10-24 14:00:00,0.98766,0.98945,0.98549,0.98861,16612.0,,False,5m consistent,1
2022-10-25 00:00:00,0.98854,0.98981,0.98795,0.98952,5474.0,,False,5m consistent,0
2022-10-25 04:00:00,0.98852,0.98875,0.98785,0.98796,1830.0,,False,5m consistent,0
2022-10-25 05:00:00,0.98796,0.98811,0.98674,0.98716,3071.0,,False,5m consistent,0
2022-10-25 09:00:00,0.98583,0.98761,0.9856,0.98649,4962.0,,False,5m consistent,1
2022-10-25 10:00:00,0.98652,0.98732,0.98551,0.98593,3737.0,,False,5m consistent,1
2022-10-25 11:00:00,0.98593,0.9868,0.98495,0.98675,4391.0,,False,5m consistent,1
2022-10-25 13:00:00,0.9875,0.99703,0.98739,0.99684,13359.0,,False,5m consistent,1
2022-10-25 21:00:00,0.99703,0.99727,0.99679,0.99688,892.0,,False,5m consistent,0
2022-10-25 23:00:00,0.99609,0.9966,0.99584,0.99626,1962.0,,False,5m consistent,0
2022-10-26 06:00:00,0.99624,0.99862,0.99615,0.99836,4813.0,,False,5m consistent,1
2022-10-26 07:00:00,0.99839,1.00355,0.99746,1.0034,9561.0,,False,5m consistent,1
2022-10-26 08:00:00,1.0034,1.00463,1.00163,1.00391,10223.0,,False,5m consistent,0
2022-10-26 09:00:00,1.0039,1.00484,1.00195,1.00266,6831.0,,False,5m consistent,1
2022-10-26 11:00:00,1.00239,1.00334,1.00138,1.00224,6783.0,,False,5m consistent,0
2022-10-26 23:00:00,1.00809,1.00947,1.008,1.00941,2747.0,,False,5m consistent,0
2022-10-27 01:00:00,1.00792,1.00852,1.00752,1.00766,6683.0,,False,5m consistent,1
2022-10-27 05:00:00,1.00719,1.00848,1.00709,1.00776,5209.0,,False,5m consistent,0
2022-10-27 07:00:00,1.00579,1.00709,1.00558,1.00673,7937.0,,False,5m consistent,0
2022-10-27 08:00:00,1.00673,1.00786,1.00585,1.00608,7731.0,,False,5m consistent,0
2022-10-27 11:00:00,1.00363,1.00511,1.00291,1.00505,6296.0,,False,5m consistent,0
2022-10-27 12:00:00,1.00503,1.00525,0.99869,1.00075,18712.0,,False,5m consistent,1
2022-10-27 13:00:00,1.00077,1.00311,0.99732,1.00066,19537.0,,False,5m consistent,1
2022-10-27 14:00:00,1.00066,1.00448,0.99894,0.99989,15988.0,,False,5m consistent,1
2022-10-27 15:00:00,0.99989,1.00126,0.99785,0.99847,12098.0,,False,5m consistent,1
2022-10-27 17:00:00,0.99792,0.99964,0.9972,0.99724,4964.0,,False,5m consistent,1
2022-10-28 01:00:00,0.99678,0.9997,0.99651,0.99961,5089.0,,False,5m consistent,0
2022-10-28 03:00:00,0.99896,0.99937,0.99808,0.99933,3772.0,,False,5m consistent,0
2022-10-28 04:00:00,0.9993,0.99936,0.99826,0.99858,3110.0,,False,5m consistent,0
2022-10-28 05:00:00,0.99857,0.99939,0.99739,0.99748,4199.0,,False,5m consistent,0
2022-10-28 06:00:00,0.99743,0.9982,0.9964,0.9969,7389.0,,False,5m consistent,1
2022-10-28 09:00:00,0.99445,0.99656,0.99445,0.99544,6671.0,,False,5m consistent,1
2022-10-28 11:00:00,0.99481,0.99765,0.99398,0.99549,6196.0,,False,5m consistent,1
2022-10-28 13:00:00,0.99701,0.99907,0.99668,0.99707,12194.0,,False,5m consistent,0
2022-10-28 14:00:00,0.99709,0.99836,0.99399,0.99518,11831.0,,False,5m consistent,1
2022-10-31 00:00:00,0.99557,0.99657,0.99541,0.996,3387.0,,False,5m consistent,1
2022-10-31 04:00:00,0.99653,0.99663,0.99596,0.99616,1645.0,,False,5m consistent,0
2022-10-31 05:00:00,0.99612,0.99626,0.99451,0.99491,2706.0,,False,5m consistent,1
2022-10-31 06:00:00,0.99489,0.99543,0.99389,0.99532,3435.0,,False,5m consistent,0
2022-10-31 07:00:00,0.99533,0.99557,0.9929,0.99302,4679.0,,False,5m consistent,1
2022-10-31 09:00:00,0.99238,0.99499,0.9922,0.9948,4875.0,,False,5m consistent,0
2022-10-31 11:00:00,0.99334,0.99401,0.99251,0.99374,4604.0,,False,5m consistent,0
2022-10-31 12:00:00,0.99374,0.99376,0.99081,0.99096,6178.0,,False,5m consistent,0
2022-10-31 14:00:00,0.98912,0.99091,0.98813,0.98905,6000.0,,False,5m consistent,1
2022-10-31 18:00:00,0.98876,0.98965,0.98823,0.98889,3412.0,,False,5m consistent,1
2022-11-01 02:00:00,0.98958,0.99092,0.98937,0.99072,3845.0,,False,5m consistent,1
2022-11-01 06:00:00,0.99259,0.99394,0.99226,0.9934,5434.0,,False,5m consistent,0
2022-11-01 07:00:00,0.99341,0.99344,0.99096,0.99311,7759.0,,False,5m consistent,0
2022-11-01 09:00:00,0.99241,0.99361,0.9916,0.99347,4221.0,,False,5m consistent,1
2022-11-01 10:00:00,0.99345,0.99426,0.99241,0.99373,5535.0,,False,5m consistent,1
2022-11-01 12:00:00,0.99353,0.99487,0.99352,0.99417,6321.0,,False,5m consistent,0
2022-11-01 13:00:00,0.99421,0.99547,0.99304,0.9938,7553.0,,False,5m consistent,0
2022-11-01 15:00:00,0.98698,0.98863,0.98616,0.98711,8465.0,,False,5m consistent,1
2022-11-01 20:00:00,0.98784,0.98806,0.98738,0.98751,1045.0,,False,5m consistent,1
2022-11-02 01:00:00,0.9888,0.989,0.98824,0.98889,4327.0,,False,5m consistent,1
2022-11-02 03:00:00,0.98947,0.99006,0.98924,0.98939,3149.0,,False,5m consistent,0
2022-11-02 05:00:00,0.98853,0.9894,0.98841,0.98888,3406.0,,False,5m consistent,0
2022-11-02 06:00:00,0.9889,0.98905,0.98794,0.98835,3626.0,,False,5m consistent,1
2022-11-02 08:00:00,0.98853,0.99076,0.988,0.9901,5658.0,,False,5m consistent,1
2022-11-02 09:00:00,0.99012,0.99064,0.98873,0.99058,4243.0,,False,5m consistent,0
2022-11-02 10:00:00,0.99057,0.99128,0.98952,0.99024,4368.0,,False,5m consistent,0
2022-11-02 11:00:00,0.99026,0.99066,0.98876,0.98985,4111.0,,False,5m consistent,1
2022-11-02 12:00:00,0.98989,0.99087,0.98854,0.9907,8207.0,,False,5m consistent,0
2022-11-02 13:00:00,0.99068,0.99161,0.98889,0.98949,6996.0,,False,5m consistent,0
2022-11-02 14:00:00,0.9895,0.98952,0.98732,0.98743,5600.0,,False,5m consistent,1
2022-11-02 15:00:00,0.98746,0.98869,0.98651,0.98751,5851.0,,False,5m consistent,1
2022-11-02 18:00:00,0.98831,0.99768,0.98744,0.98857,27043.0,,False,5m consistent,0
2022-11-02 19:00:00,0.98863,0.99064,0.98232,0.98295,17741.0,,False,5m consistent,1
2022-11-03 05:00:00,0.98357,0.98369,0.98254,0.98271,2589.0,,False,5m consistent,0
2022-11-03 06:00:00,0.98269,0.98269,0.98106,0.98125,3775.0,,False,5m consistent,0
2022-11-03 07:00:00,0.98117,0.98141,0.97736,0.97847,7318.0,,False,5m consistent,0
2022-11-03 08:00:00,0.97845,0.97911,0.97619,0.97683,7763.0,,False,5m consistent,0
2022-11-03 09:00:00,0.97684,0.97712,0.97482,0.97543,6507.0,,False,5m consistent,0
2022-11-03 14:00:00,0.97508,0.97955,0.97439,0.97862,13342.0,,False,5m consistent,0
2022-11-04 04:00:00,0.97739,0.97896,0.97731,0.97874,2950.0,,False,5m consistent,1
2022-11-04 06:00:00,0.97761,0.97976,0.97738,0.97815,5290.0,,False,5m consistent,0
2022-11-04 11:00:00,0.97923,0.98128,0.97862,0.97981,7509.0,,False,5m consistent,0
2022-11-04 14:00:00,0.98674,0.99413,0.98613,0.99301,16320.0,,False,5m consistent,0
2022-11-07 06:00:00,0.99452,0.99495,0.99398,0.99408,3569.0,,False,5m consistent,1
2022-11-07 11:00:00,0.99827,0.99903,0.99757,0.9982,4269.0,,False,5m consistent,1
2022-11-07 13:00:00,0.99882,0.99992,0.99765,0.99946,9574.0,,False,5m consistent,1
2022-11-07 15:00:00,0.99896,1.00033,0.99819,1.00018,9890.0,,False,5m consistent,1
2022-11-08 00:00:00,1.00182,1.00322,1.00162,1.00283,2575.0,,False,5m consistent,0
2022-11-08 03:00:00,1.00083,1.00158,1.00072,1.00141,2109.0,,False,5m consistent,0
2022-11-08 04:00:00,1.00142,1.00154,1.00043,1.00069,1877.0,,False,5m consistent,0
2022-11-08 06:00:00,0.99966,1.00085,0.99965,0.99999,2906.0,,False,5m consistent,1
2022-11-08 07:00:00,1.0,1.00054,0.9988,1.00003,4016.0,,False,5m consistent,0
2022-11-08 08:00:00,1.00005,1.00065,0.99794,0.99835,6594.0,,False,5m consistent,1
2022-11-08 09:00:00,0.99833,1.00045,0.99724,1.00043,4691.0,,False,5m consistent,1
2022-11-08 11:00:00,0.99954,1.00106,0.99906,0.9999,3336.0,,False,5m consistent,1
2022-11-08 17:00:00,1.00884,1.00948,1.00803,1.00892,4311.0,,False,5m consistent,0
2022-11-08 18:00:00,1.0089,1.00973,1.00618,1.00683,6943.0,,False,5m consistent,1
2022-11-08 23:00:00,1.00798,1.00861,1.00743,1.00813,2273.0,,False,5m consistent,0
2022-11-09 02:00:00,1.00639,1.00839,1.00639,1.00823,4314.0,,False,5m consistent,0
2022-11-09 05:00:00,1.007,1.00741,1.00642,1.00693,4138.0,,False,5m consistent,1
2022-11-09 08:00:00,1.00654,1.00862,1.00639,1.00702,8802.0,,False,5m consistent,0
2022-11-09 09:00:00,1.00704,1.00716,1.0041,1.00477,8525.0,,False,5m consistent,1
2022-11-09 11:00:00,1.00466,1.00651,1.00461,1.00548,5931.0,,False,5m consistent,0
2022-11-09 12:00:00,1.0055,1.00575,1.00413,1.00505,6473.0,,False,5m consistent,0
2022-11-09 13:00:00,1.00501,1.00513,1.00235,1.00293,9944.0,,False,5m consistent,0
2022-11-09 16:00:00,1.00286,1.00536,1.00285,1.00376,9103.0,,False,5m consistent,0
2022-11-09 17:00:00,1.00373,1.00437,1.00233,1.00278,5703.0,,False,5m consistent,0
2022-11-09 18:00:00,1.00279,1.00318,1.00037,1.00132,7291.0,,False,5m consistent,1
2022-11-10 01:00:00,1.00221,1.00299,1.00196,1.00246,4228.0,,False,5m consistent,1
2022-11-10 06:00:00,1.00355,1.00438,1.00295,1.00326,4224.0,,False,5m consistent,0
2022-11-10 07:00:00,1.00324,1.00324,0.99972,0.99985,6818.0,,False,5m consistent,1
2022-11-10 08:00:00,0.99989,1.0015,0.99871,0.99919,7475.0,,False,5m consistent,0
2022-11-10 09:00:00,0.99915,0.99925,0.99602,0.99623,6249.0,,False,5m consistent,0
2022-11-10 10:00:00,0.99621,0.99702,0.99372,0.9956,6947.0,,False,5m consistent,0
2022-11-10 14:00:00,1.01237,1.01688,1.01108,1.01647,23686.0,,False,5m consistent,1
2022-11-10 15:00:00,1.01648,1.01862,1.0143,1.01819,19865.0,,False,5m consistent,0
2022-11-10 16:00:00,1.01818,1.01823,1.01481,1.01753,13103.0,,False,5m consistent,0
2022-11-10 23:00:00,1.0203,1.02054,1.01893,1.01925,3406.0,,False,5m consistent,1
2022-11-11 00:00:00,1.01925,1.0197,1.01764,1.0186,5080.0,,False,5m consistent,1
2022-11-11 07:00:00,1.02199,1.02541,1.02121,1.02454,8557.0,,False,5m consistent,1
2022-11-11 08:00:00,1.02453,1.02746,1.02272,1.02712,9535.0,,False,5m consistent,0
2022-11-11 09:00:00,1.02715,1.02725,1.02416,1.027,9266.0,,False,5m consistent,1
2022-11-11 13:00:00,1.03096,1.03251,1.0303,1.03126,10783.0,,False,5m consistent,0
2022-11-14 03:00:00,1.03269,1.03354,1.03231,1.03277,5070.0,,False,5m consistent,0
2022-11-14 04:00:00,1.03277,1.03281,1.03063,1.03133,4117.0,,False,5m consistent,1
2022-11-14 06:00:00,1.03013,1.0328,1.03012,1.03257,4574.0,,False,5m consistent,1
2022-11-14 08:00:00,1.03284,1.03515,1.03259,1.03454,9342.0,,False,5m consistent,0
2022-11-14 09:00:00,1.03451,1.03455,1.03092,1.03135,8794.0,,False,5m consistent,0
2022-11-14 10:00:00,1.03133,1.03189,1.02882,1.02938,7691.0,,False,5m consistent,1
2022-11-14 12:00:00,1.02845,1.0337,1.02722,1.03348,8013.0,,False,5m consistent,0
2022-11-14 13:00:00,1.0335,1.03365,1.03081,1.03187,10766.0,,False,5m consistent,1
2022-11-14 19:00:00,1.0354,1.03593,1.03468,1.03541,3453.0,,False,5m consistent,0
2022-11-15 07:00:00,1.03415,1.04191,1.03398,1.04083,11583.0,,False,5m consistent,1
2022-11-15 08:00:00,1.04081,1.04181,1.03945,1.04082,11235.0,,False,5m consistent,1
2022-11-15 09:00:00,1.04082,1.04099,1.03888,1.04022,7871.0,,False,5m consistent,1
2022-11-15 10:00:00,1.04077,1.04384,1.03962,1.04287,8658.0,,False,5m consistent,0
2022-11-15 11:00:00,1.04289,1.04375,1.04099,1.04119,7467.0,,False,5m consistent,1
2022-11-15 12:00:00,1.04122,1.04161,1.03981,1.04081,7507.0,,False,5m consistent,1
2022-11-15 13:00:00,1.0408,1.04824,1.03929,1.04392,19378.0,,False,5m consistent,0
2022-11-15 14:00:00,1.04399,1.04453,1.03815,1.04011,20048.0,,False,5m consistent,1
2022-11-15 16:00:00,1.03689,1.03904,1.03615,1.03722,11994.0,,False,5m consistent,1
2022-11-15 17:00:00,1.03723,1.03873,1.03505,1.03858,8737.0,,False,5m consistent,0
2022-11-15 18:00:00,1.03859,1.03895,1.02941,1.03102,19069.0,,False,5m consistent,1
2022-11-15 23:00:00,1.03466,1.03621,1.03406,1.03585,3451.0,,False,5m consistent,1
2022-11-16 02:00:00,1.0345,1.03881,1.03425,1.03779,8829.0,,False,5m consistent,0
2022-11-16 10:00:00,1.04219,1.04394,1.04161,1.04289,7298.0,,False,5m consistent,0
2022-11-16 12:00:00,1.04177,1.04289,1.04099,1.04203,7475.0,,False,5m consistent,0
2022-11-16 13:00:00,1.04202,1.04238,1.0385,1.03918,13377.0,,False,5m consistent,1
2022-11-16 16:00:00,1.04043,1.04135,1.03917,1.03952,8040.0,,False,5m consistent,0
2022-11-16 17:00:00,1.03953,1.03996,1.03723,1.03847,6338.0,,False,5m consistent,0
2022-11-17 00:00:00,1.03944,1.03962,1.03863,1.03875,3220.0,,False,5m consistent,0
2022-11-17 01:00:00,1.03874,1.03921,1.03749,1.03783,4237.0,,False,5m consistent,1
2022-11-17 06:00:00,1.03809,1.03937,1.03779,1.03887,4335.0,,False,5m consistent,1
2022-11-17 08:00:00,1.03937,1.04076,1.03858,1.03871,9109.0,,False,5m consistent,0
2022-11-17 09:00:00,1.03872,1.03881,1.03576,1.03647,7340.0,,False,5m consistent,1
2022-11-17 11:00:00,1.03388,1.03522,1.0328,1.03473,7949.0,,False,5m consistent,0
2022-11-17 12:00:00,1.03473,1.03557,1.03217,1.03334,10319.0,,False,5m consistent,1
2022-11-17 14:00:00,1.03132,1.03492,1.03059,1.03357,12023.0,,False,5m consistent,1
2022-11-18 03:00:00,1.03686,1.03919,1.03682,1.03835,3842.0,,False,5m consistent,0
2022-11-18 05:00:00,1.0366,1.0373,1.03629,1.03726,3334.0,,False,5m consistent,1
2022-11-18 07:00:00,1.03766,1.03868,1.0368,1.03763,6156.0,,False,5m consistent,0
2022-11-18 09:00:00,1.03576,1.03969,1.03493,1.03824,7245.0,,False,5m consistent,0
2022-11-18 13:00:00,1.03618,1.03875,1.03573,1.03652,8295.0,,False,5m consistent,0
2022-11-18 15:00:00,1.03355,1.03685,1.0327,1.03652,9120.0,,False,5m consistent,0
2022-11-18 16:00:00,1.0365,1.03726,1.03429,1.0349,6113.0,,False,5m consistent,0
2022-11-21 01:00:00,1.0317,1.03197,1.03013,1.03126,5627.0,,False,5m consistent,0
2022-11-21 03:00:00,1.02894,1.03034,1.0289,1.03025,2980.0,,False,5m consistent,0
2022-11-21 05:00:00,1.02824,1.02845,1.02731,1.02833,4685.0,,False,5m consistent,0
2022-11-21 08:00:00,1.0256,1.02742,1.02518,1.02556,7730.0,,False,5m consistent,0
2022-11-21 13:00:00,1.02407,1.02569,1.02333,1.02551,7104.0,,False,5m consistent,1
2022-11-21 14:00:00,1.02553,1.02572,1.02395,1.02566,8604.0,,False,5m consistent,0
2022-11-21 16:00:00,1.02404,1.02514,1.02327,1.02381,5588.0,,False,5m consistent,1
2022-11-22 04:00:00,1.02621,1.02638,1.02586,1.02614,2386.0,,False,5m consistent,0
2022-11-22 07:00:00,1.02485,1.02687,1.02471,1.02667,4386.0,,False,5m consistent,1
2022-11-22 08:00:00,1.02672,1.02825,1.02545,1.02724,7564.0,,False,5m consistent,1
2022-11-22 10:00:00,1.02694,1.0291,1.02678,1.02812,4385.0,,False,5m consistent,0
2022-11-22 11:00:00,1.02813,1.02918,1.02625,1.02709,5727.0,,False,5m consistent,1
2022-11-22 12:00:00,1.02709,1.02724,1.02566,1.02722,5665.0,,False,5m consistent,0
2022-11-22 15:00:00,1.02656,1.02893,1.02643,1.0284,7975.0,,False,5m consistent,1
2022-11-22 18:00:00,1.02964,1.03089,1.02904,1.0306,3073.0,,False,5m consistent,1
2022-11-23 02:00:00,1.03118,1.03258,1.0309,1.03248,2708.0,,False,5m consistent,1
2022-11-23 07:00:00,1.03319,1.03497,1.03289,1.0344,5291.0,,False,5m consistent,0
2022-11-23 08:00:00,1.03435,1.03436,1.03116,1.03151,6955.0,,False,5m consistent,1
2022-11-23 09:00:00,1.03152,1.03274,1.03029,1.03261,5945.0,,False,5m consistent,0
2022-11-23 14:00:00,1.03326,1.03762,1.03275,1.03703,11523.0,,False,5m consistent,0
2022-11-23 15:00:00,1.03713,1.03846,1.03446,1.0377,12807.0,,False,5m consistent,0
2022-11-23 23:00:00,1.03984,1.04202,1.03984,1.04189,3108.0,,False,5m consistent,1
2022-11-24 03:00:00,1.04329,1.04489,1.04313,1.04469,2935.0,,False,5m consistent,0
2022-11-24 04:00:00,1.04467,1.04494,1.04328,1.04471,2366.0,,False,5m consistent,0
2022-11-24 06:00:00,1.04348,1.04398,1.04305,1.04312,3858.0,,False,5m consistent,0
2022-11-24 07:00:00,1.04313,1.04405,1.04161,1.04169,5384.0,,False,5m consistent,1
2022-11-24 09:00:00,1.04075,1.04264,1.04073,1.04203,5409.0,,False,5m consistent,0
2022-11-24 10:00:00,1.04201,1.04301,1.03935,1.04064,6194.0,,False,5m consistent,0
2022-11-24 14:00:00,1.0424,1.04284,1.04166,1.0423,5272.0,,False,5m consistent,0
2022-11-24 23:00:00,1.04098,1.04108,1.04076,1.04086,1254.0,,False,5m consistent,1
2022-11-25 04:00:00,1.0417,1.04302,1.04169,1.04223,3003.0,,False,5m consistent,0
2022-11-25 06:00:00,1.0412,1.04244,1.04082,1.04211,3175.0,,False,5m consistent,0
2022-11-25 08:00:00,1.04099,1.04304,1.04086,1.04234,6487.0,,False,5m consistent,0
2022-11-25 10:00:00,1.03945,1.04224,1.0392,1.04156,4768.0,,False,5m consistent,0
2022-11-25 11:00:00,1.04155,1.04156,1.03896,1.03908,4229.0,,False,5m consistent,0
2022-11-25 12:00:00,1.03908,1.03984,1.03766,1.03795,5618.0,,False,5m consistent,0
2022-11-25 13:00:00,1.03796,1.03843,1.0362,1.03735,7681.0,,False,5m consistent,0
2022-11-25 15:00:00,1.03822,1.04079,1.03774,1.04075,6460.0,,False,5m consistent,1
2022-11-25 20:00:00,1.04132,1.04157,1.04101,1.04104,2497.0,,False,5m consistent,0
2022-11-28 04:00:00,1.03557,1.03638,1.03522,1.03629,2745.0,,False,5m consistent,1
2022-11-28 11:00:00,1.0475,1.04977,1.04729,1.04751,8064.0,,False,5m consistent,0
2022-11-28 12:00:00,1.04754,1.0478,1.04596,1.04739,7654.0,,False,5m consistent,0
2022-11-28 13:00:00,1.04737,1.04777,1.0445,1.04637,8260.0,,False,5m consistent,0
2022-11-28 14:00:00,1.04637,1.04638,1.04227,1.04308,11073.0,,False,5m consistent,0
2022-11-28 15:00:00,1.04306,1.04347,1.03917,1.03991,11507.0,,False,5m consistent,0
2022-11-28 16:00:00,1.03987,1.0403,1.0377,1.0386,8138.0,,False,5m consistent,0
2022-11-28 17:00:00,1.03859,1.03893,1.03694,1.03704,7724.0,,False,5m consistent,0
2022-11-28 18:00:00,1.03705,1.0374,1.03568,1.03621,5439.0,,False,5m consistent,0
2022-11-29 01:00:00,1.03413,1.03637,1.03348,1.03607,5981.0,,False,5m consistent,1
2022-11-29 04:00:00,1.03797,1.03954,1.03758,1.03938,3466.0,,False,5m consistent,0
2022-11-29 05:00:00,1.03938,1.0394,1.03809,1.03876,3416.0,,False,5m consistent,0
2022-11-29 07:00:00,1.03597,1.03885,1.03541,1.03822,8144.0,,False,5m consistent,0
2022-11-29 08:00:00,1.03814,1.03935,1.03518,1.03839,8639.0,,False,5m consistent,0
2022-11-29 10:00:00,1.03654,1.03942,1.03643,1.03832,5961.0,,False,5m consistent,0
2022-11-29 11:00:00,1.03833,1.03869,1.03683,1.03834,5356.0,,False,5m consistent,0
2022-11-29 12:00:00,1.03835,1.03845,1.03608,1.03763,6165.0,,False,5m consistent,0
2022-11-29 15:00:00,1.03409,1.03739,1.03401,1.03568,11791.0,,False,5m consistent,0
2022-11-29 16:00:00,1.03569,1.03592,1.03319,1.03559,8500.0,,False,5m consistent,0
2022-11-29 18:00:00,1.03409,1.03473,1.03289,1.03386,4945.0,,False,5m consistent,1
2022-11-29 21:00:00,1.03263,1.03312,1.03253,1.03301,1515.0,,False,5m consistent,1
2022-11-30 05:00:00,1.03568,1.03618,1.03493,1.03494,3281.0,,False,5m consistent,1
2022-11-30 07:00:00,1.03433,1.0358,1.03399,1.0352,5035.0,,False,5m consistent,1
2022-11-30 08:00:00,1.0352,1.03712,1.03424,1.03695,6942.0,,False,5m consistent,1
2022-11-30 12:00:00,1.03601,1.03722,1.03569,1.03694,5138.0,,False,5m consistent,1
2022-11-30 14:00:00,1.03597,1.04009,1.03588,1.03864,11292.0,,False,5m consistent,0
2022-11-30 16:00:00,1.02993,1.03255,1.0291,1.03225,9758.0,,False,5m consistent,1
2022-12-01 06:00:00,1.04463,1.04573,1.04416,1.04569,4350.0,,False,5m consistent,1
2022-12-01 08:00:00,1.04046,1.04473,1.03943,1.0445,10550.0,,False,5m consistent,1
2022-12-01 09:00:00,1.04452,1.04477,1.04276,1.04424,7457.0,,False,5m consistent,1
2022-12-01 14:00:00,1.04905,1.05298,1.04857,1.05248,13835.0,,False,5m consistent,0
2022-12-01 16:00:00,1.04881,1.05096,1.04828,1.04979,10493.0,,False,5m consistent,1
2022-12-01 23:00:00,1.05251,1.05404,1.05211,1.05289,2920.0,,False,5m consistent,1
2022-12-02 07:00:00,1.05284,1.05435,1.05249,1.05302,7351.0,,False,5m consistent,1
2022-12-02 08:00:00,1.05304,1.05459,1.05136,1.05364,9003.0,,False,5m consistent,1
2022-12-02 09:00:00,1.05362,1.05409,1.05163,1.05306,7634.0,,False,5m consistent,1
2022-12-02 11:00:00,1.053,1.05402,1.05239,1.05381,4235.0,,False,5m consistent,1
2022-12-02 12:00:00,1.05382,1.05456,1.05272,1.05384,6032.0,,False,5m consistent,0
2022-12-02 13:00:00,1.05395,1.05417,1.04291,1.04631,19859.0,,False,5m consistent,1
2022-12-02 14:00:00,1.04629,1.04918,1.04458,1.04713,17954.0,,False,5m consistent,1
2022-12-05 05:00:00,1.05819,1.05858,1.05756,1.05841,3108.0,,False,5m consistent,0
2022-12-05 06:00:00,1.05838,1.0584,1.05692,1.05697,4064.0,,False,5m consistent,0
2022-12-05 09:00:00,1.05552,1.05662,1.0549,1.05601,7000.0,,False,5m consistent,0
2022-12-05 12:00:00,1.05654,1.05956,1.05609,1.05905,6276.0,,False,5m consistent,0
2022-12-05 13:00:00,1.05904,1.05948,1.05642,1.05664,9335.0,,False,5m consistent,0
2022-12-05 14:00:00,1.05665,1.05694,1.05495,1.05508,8326.0,,False,5m consistent,0
2022-12-05 15:00:00,1.05358,1.05404,1.05046,1.0526,14710.0,,False,5m consistent,0
2022-12-05 18:00:00,1.04963,1.0507,1.0495,1.04982,3933.0,,False,5m consistent,1
2022-12-06 01:00:00,1.05116,1.05198,1.05051,1.05112,4558.0,,False,5m consistent,0
2022-12-06 05:00:00,1.04918,1.04959,1.04842,1.04949,4328.0,,False,5m consistent,1
2022-12-06 08:00:00,1.04917,1.05103,1.04828,1.04914,8286.0,,False,5m consistent,1
2022-12-06 12:00:00,1.05173,1.05337,1.0514,1.05261,5795.0,,False,5m consistent,0
2022-12-06 13:00:00,1.05261,1.05268,1.0504,1.05143,7098.0,,False,5m consistent,0
2022-12-06 14:00:00,1.05142,1.05199,1.04987,1.05017,8915.0,,False,5m consistent,1
2022-12-06 16:00:00,1.04997,1.05298,1.0496,1.04963,8943.0,,False,5m consistent,0
2022-12-06 17:00:00,1.04964,1.04984,1.04803,1.04827,5728.0,,False,5m consistent,0
2022-12-06 23:00:00,1.04677,1.0471,1.04653,1.04684,1799.0,,False,5m consistent,1
2022-12-07 03:00:00,1.04665,1.04688,1.04589,1.04679,2675.0,,False,5m consistent,1
2022-12-07 05:00:00,1.0465,1.04719,1.04627,1.04674,3383.0,,False,5m consistent,0
2022-12-07 07:00:00,1.04501,1.04681,1.04442,1.04606,6925.0,,False,5m consistent,1
2022-12-07 08:00:00,1.04606,1.04812,1.04502,1.04787,8473.0,,False,5m consistent,1
2022-12-07 10:00:00,1.04769,1.05073,1.04734,1.05005,6459.0,,False,5m consistent,1
2022-12-07 12:00:00,1.04904,1.05401,1.04869,1.05374,6406.0,,False,5m consistent,1
2022-12-07 13:00:00,1.05371,1.0548,1.05207,1.05433,10994.0,,False,5m consistent,0
2022-12-07 15:00:00,1.05177,1.053,1.04959,1.05048,16651.0,,False,5m consistent,1
2022-12-07 19:00:00,1.05111,1.05209,1.05071,1.0515,3788.0,,False,5m consistent,0
2022-12-07 23:00:00,1.05114,1.05158,1.05102,1.05128,1760.0,,False,5m consistent,0
2022-12-08 03:00:00,1.04968,1.05058,1.04952,1.05051,3158.0,,False,5m consistent,1
2022-12-08 07:00:00,1.0514,1.05319,1.05102,1.05266,5654.0,,False,5m consistent,0
2022-12-08 08:00:00,1.05267,1.05282,1.05132,1.05275,7896.0,,False,5m consistent,0
2022-12-08 10:00:00,1.04953,1.05146,1.04915,1.05142,5728.0,,False,5m consistent,0
2022-12-08 15:00:00,1.05399,1.05499,1.05359,1.05459,9069.0,,False,5m consistent,1
2022-12-08 16:00:00,1.05454,1.05657,1.05349,1.05521,6865.0,,False,5m consistent,1
2022-12-08 18:00:00,1.0545,1.05628,1.05392,1.05586,4791.0,,False,5m consistent,1
2022-12-09 01:00:00,1.0561,1.05865,1.05604,1.05804,5878.0,,False,5m consistent,1
2022-12-09 06:00:00,1.05778,1.05797,1.05718,1.05768,3313.0,,False,5m consistent,0
2022-12-09 08:00:00,1.05687,1.05777,1.05615,1.05617,6079.0,,False,5m consistent,0
2022-12-09 13:00:00,1.05569,1.05703,1.05061,1.05398,15906.0,,False,5m consistent,1
2022-12-09 14:00:00,1.05398,1.05511,1.0526,1.05354,13129.0,,False,5m consistent,1
2022-12-09 16:00:00,1.05413,1.05546,1.05356,1.05499,7395.0,,False,5m consistent,1
2022-12-09 19:00:00,1.05501,1.05531,1.05444,1.05477,3748.0,,False,5m consistent,0
2022-12-12 06:00:00,1.05169,1.05289,1.05095,1.05234,3549.0,,False,5m consistent,1
2022-12-12 11:00:00,1.05653,1.05749,1.05597,1.05664,4886.0,,False,5m consistent,1
2022-12-12 13:00:00,1.05565,1.05783,1.05541,1.05723,6251.0,,False,5m consistent,0
2022-12-12 14:00:00,1.05725,1.05773,1.05503,1.05563,8847.0,,False,5m consistent,0
2022-12-12 16:00:00,1.05243,1.05504,1.05183,1.05451,8643.0,,False,5m consistent,0
2022-12-12 17:00:00,1.0545,1.05492,1.05294,1.05349,5346.0,,False,5m consistent,0
2022-12-12 18:00:00,1.0535,1.05361,1.05168,1.05232,6946.0,,False,5m consistent,1
2022-12-13 02:00:00,1.05472,1.05551,1.05456,1.05474,3030.0,,False,5m consistent,0
2022-12-13 07:00:00,1.05488,1.05613,1.05471,1.05522,5540.0,,False,5m consistent,0
2022-12-13 08:00:00,1.05523,1.05615,1.05323,1.05483,7086.0,,False,5m consistent,0
2022-12-13 09:00:00,1.05483,1.05483,1.05319,1.05446,5654.0,,False,5m consistent,0
2022-12-13 12:00:00,1.05365,1.05532,1.05334,1.05493,6105.0,,False,5m consistent,1
2022-12-13 13:00:00,1.05491,1.0663,1.05405,1.06471,20815.0,,False,5m consistent,1
2022-12-13 14:00:00,1.06479,1.06744,1.06317,1.06465,18802.0,,False,5m consistent,0
2022-12-13 16:00:00,1.06375,1.06596,1.06254,1.06302,11105.0,,False,5m consistent,1
2022-12-13 22:00:00,1.06336,1.06384,1.06323,1.06346,2767.0,,False,5m consistent,1
2022-12-14 06:00:00,1.06269,1.06413,1.06267,1.06383,4732.0,,False,5m consistent,0
2022-12-14 07:00:00,1.0638,1.06434,1.06206,1.06308,7012.0,,False,5m consistent,1
2022-12-14 10:00:00,1.0663,1.06728,1.0654,1.06706,7942.0,,False,5m consistent,0
2022-12-14 11:00:00,1.06704,1.06716,1.0646,1.06526,6052.0,,False,5m consistent,0
2022-12-14 12:00:00,1.06526,1.06529,1.06392,1.06462,6183.0,,False,5m consistent,1
2022-12-14 13:00:00,1.06463,1.06541,1.06369,1.06473,7975.0,,False,5m consistent,1
2022-12-14 18:00:00,1.06523,1.06855,1.06513,1.06801,5792.0,,False,5m consistent,0
2022-12-15 00:00:00,1.06771,1.06837,1.06676,1.06802,2926.0,,False,5m consistent,0
2022-12-15 06:00:00,1.06594,1.06618,1.06541,1.06556,3181.0,,False,5m consistent,0
2022-12-15 07:00:00,1.06552,1.06576,1.0641,1.06418,5467.0,,False,5m consistent,0
2022-12-15 08:00:00,1.06419,1.06478,1.06212,1.06228,8815.0,,False,5m consistent,0
2022-12-15 10:00:00,1.06225,1.06284,1.06165,1.06166,5683.0,,False,5m consistent,1
2022-12-15 11:00:00,1.06167,1.06253,1.06074,1.06251,5401.0,,False,5m consistent,1
2022-12-15 12:00:00,1.06251,1.06286,1.06148,1.06237,7642.0,,False,5m consistent,1
2022-12-15 14:00:00,1.06533,1.07372,1.0649,1.06999,17234.0,,False,5m consistent,0
2022-12-15 15:00:00,1.07,1.07056,1.06242,1.06493,15695.0,,False,5m consistent,0
2022-12-15 16:00:00,1.0649,1.06575,1.06292,1.06379,9774.0,,False,5m consistent,0
2022-12-16 06:00:00,1.06461,1.06615,1.06433,1.0657,3796.0,,False,5m consistent,0
2022-12-16 08:00:00,1.06321,1.06614,1.06263,1.06565,8548.0,,False,5m consistent,0
2022-12-16 11:00:00,1.0624,1.06404,1.0621,1.0636,5536.0,,False,5m consistent,0
2022-12-16 13:00:00,1.06223,1.06367,1.06142,1.0635,7795.0,,False,5m consistent,1
2022-12-16 14:00:00,1.06351,1.06504,1.06177,1.06442,13891.0,,False,5m consistent,0
2022-12-16 15:00:00,1.06444,1.06446,1.06087,1.06175,13176.0,,False,5m consistent,0
2022-12-16 18:00:00,1.06057,1.06182,1.06037,1.06157,4170.0,,False,5m consistent,0
2022-12-19 08:00:00,1.06252,1.06487,1.06247,1.0643,7050.0,,False,5m consistent,0
2022-12-19 10:00:00,1.06195,1.06361,1.06137,1.062,5822.0,,False,5m consistent,0
2022-12-19 14:00:00,1.06071,1.06141,1.05998,1.0604,7456.0,,False,5m consistent,0
2022-12-19 17:00:00,1.06242,1.06319,1.0619,1.06257,5052.0,,False,5m consistent,0
2022-12-19 18:00:00,1.06256,1.0627,1.06135,1.06147,3904.0,,False,5m consistent,0
2022-12-19 23:00:00,1.06097,1.06137,1.06061,1.06133,3174.0,,False,5m consistent,1
2022-12-20 02:00:00,1.06062,1.06164,1.0604,1.06155,3439.0,,False,5m consistent,1
2022-12-20 04:00:00,1.0609,1.06168,1.06046,1.06084,8431.0,,False,5m consistent,0
2022-12-20 09:00:00,1.06345,1.06392,1.06253,1.06379,8774.0,,False,5m consistent,1
2022-12-20 11:00:00,1.06294,1.06468,1.06215,1.06438,6063.0,,False,5m consistent,0
2022-12-20 12:00:00,1.06437,1.06446,1.06111,1.06143,7257.0,,False,5m consistent,0
2022-12-20 13:00:00,1.06147,1.06178,1.05948,1.06164,8310.0,,False,5m consistent,1
2022-12-20 15:00:00,1.06366,1.06594,1.06289,1.06408,12837.0,,False,5m consistent,0
2022-12-20 16:00:00,1.06409,1.06428,1.06146,1.0636,9042.0,,False,5m consistent,0
2022-12-21 03:00:00,1.06147,1.06181,1.06139,1.06175,2597.0,,False,5m consistent,1
2022-12-21 07:00:00,1.0615,1.06358,1.06119,1.06327,4970.0,,False,5m consistent,1
2022-12-21 08:00:00,1.06332,1.06383,1.06176,1.0635,6577.0,,False,5m consistent,0
2022-12-21 10:00:00,1.06152,1.06295,1.06139,1.06199,4873.0,,False,5m consistent,1
2022-12-21 13:00:00,1.06312,1.06463,1.06251,1.06293,7335.0,,False,5m consistent,0
2022-12-21 15:00:00,1.06052,1.06342,1.05972,1.06161,10083.0,,False,5m consistent,0
2022-12-22 03:00:00,1.06297,1.06453,1.06296,1.06441,2953.0,,False,5m consistent,1
2022-12-22 06:00:00,1.06408,1.06506,1.06408,1.06454,3282.0,,False,5m consistent,1
2022-12-22 07:00:00,1.06455,1.06478,1.06357,1.06398,4112.0,,False,5m consistent,1
2022-12-22 09:00:00,1.06368,1.0653,1.06297,1.0647,5531.0,,False,5m consistent,1
2022-12-22 10:00:00,1.06472,1.06572,1.06285,1.06289,4914.0,,False,5m consistent,1
2022-12-22 12:00:00,1.06164,1.06397,1.06148,1.06375,5090.0,,False,5m consistent,0
2022-12-22 13:00:00,1.06376,1.06384,1.06043,1.0612,8887.0,,False,5m consistent,0
2022-12-22 14:00:00,1.06118,1.06193,1.05868,1.0609,10196.0,,False,5m consistent,0
2022-12-22 15:00:00,1.06092,1.0612,1.05911,1.06025,10091.0,,False,5m consistent,0
2022-12-22 23:00:00,1.06013,1.06041,1.06,1.06028,2606.0,,False,5m consistent,0
2022-12-23 07:00:00,1.06077,1.06316,1.06065,1.06293,4162.0,,False,5m consistent,0
2022-12-23 08:00:00,1.06294,1.06294,1.05998,1.06055,5274.0,,False,5m consistent,1
2022-12-23 10:00:00,1.06101,1.06235,1.06081,1.06204,3913.0,,False,5m consistent,0
2022-12-23 11:00:00,1.06204,1.06278,1.06106,1.06145,3542.0,,False,5m consistent,1
2022-12-23 12:00:00,1.06145,1.06249,1.06059,1.06218,3629.0,,False,5m consistent,0
2022-12-23 13:00:00,1.06219,1.06339,1.05958,1.06089,11918.0,,False,5m consistent,1
2022-12-23 17:00:00,1.06213,1.06309,1.06198,1.06213,4508.0,,False,5m consistent,1
2023-01-09 02:00:00,1.06673,1.06787,1.06671,1.0678,4339.0,,False,5m consistent,1
2023-01-09 06:00:00,1.06779,1.06873,1.06763,1.06828,3287.0,,False,5m consistent,1
2023-01-09 08:00:00,1.06741,1.07005,1.06734,1.0691,8494.0,,False,5m consistent,0
2023-01-09 09:00:00,1.06913,1.06945,1.06611,1.06731,6895.0,,False,5m consistent,1
2023-01-09 13:00:00,1.06898,1.07325,1.0686,1.0726,10000.0,,False,5m consistent,1
2023-01-09 16:00:00,1.0741,1.07614,1.07407,1.07589,6577.0,,False,5m consistent,0
2023-01-09 17:00:00,1.07589,1.07608,1.07406,1.07509,5631.0,,False,5m consistent,1
2023-01-09 19:00:00,1.0744,1.07536,1.07426,1.07526,5251.0,,False,5m consistent,0
2023-01-09 23:00:00,1.07365,1.07397,1.07306,1.07336,3100.0,,False,5m consistent,1
2023-01-10 01:00:00,1.07285,1.07409,1.07271,1.07373,4624.0,,False,5m consistent,1
2023-01-10 05:00:00,1.07315,1.0745,1.07304,1.07434,3167.0,,False,5m consistent,0
2023-01-10 06:00:00,1.07434,1.07438,1.07272,1.07349,3960.0,,False,5m consistent,1
2023-01-10 08:00:00,1.07326,1.07482,1.07322,1.07393,7246.0,,False,5m consistent,1
2023-01-10 09:00:00,1.07391,1.07527,1.073,1.07469,6596.0,,False,5m consistent,0
2023-01-10 11:00:00,1.07375,1.07432,1.07325,1.07359,4234.0,,False,5m consistent,0
2023-01-10 14:00:00,1.07225,1.07601,1.07223,1.07411,13674.0,,False,5m consistent,0
2023-01-10 19:00:00,1.0739,1.0744,1.07371,1.07415,3774.0,,False,5m consistent,1
2023-01-11 00:00:00,1.07393,1.07464,1.07381,1.07461,3166.0,,False,5m consistent,0
2023-01-11 07:00:00,1.07466,1.07582,1.07444,1.07475,5364.0,,False,5m consistent,0
2023-01-11 11:00:00,1.07496,1.07559,1.07442,1.07491,4738.0,,False,5m consistent,0
2023-01-11 14:00:00,1.07505,1.07772,1.07459,1.07706,9554.0,,False,5m consistent,1
2023-01-11 15:00:00,1.07706,1.07755,1.07526,1.07557,9085.0,,False,5m consistent,0
2023-01-11 17:00:00,1.07397,1.07493,1.0737,1.07475,3057.0,,False,5m consistent,1
2023-01-11 19:00:00,1.07543,1.07644,1.07483,1.07641,3374.0,,False,5m consistent,1
2023-01-12 04:00:00,1.07695,1.07744,1.07669,1.07725,2007.0,,False,5m consistent,0
2023-01-12 07:00:00,1.07582,1.07662,1.07564,1.07634,4684.0,,False,5m consistent,0
2023-01-12 09:00:00,1.07486,1.07745,1.07435,1.07661,6988.0,,False,5m consistent,0
2023-01-12 13:00:00,1.07638,1.08397,1.0732,1.08301,23536.0,,False,5m consistent,1
2023-01-12 18:00:00,1.08496,1.08677,1.0847,1.08565,9693.0,,False,5m consistent,1
2023-01-13 01:00:00,1.08534,1.08572,1.08462,1.08568,5457.0,,False,5m consistent,0
2023-01-13 06:00:00,1.08383,1.08518,1.0835,1.08459,4406.0,,False,5m consistent,1
2023-01-13 07:00:00,1.08469,1.08498,1.0834,1.08498,6760.0,,False,5m consistent,1
2023-01-13 08:00:00,1.08497,1.08653,1.0838,1.0856,9200.0,,False,5m consistent,0
2023-01-13 10:00:00,1.08432,1.08525,1.0838,1.08459,4985.0,,False,5m consistent,0
2023-01-13 12:00:00,1.08127,1.08167,1.08041,1.08127,6935.0,,False,5m consistent,0
2023-01-13 13:00:00,1.08125,1.08211,1.07933,1.07944,9737.0,,False,5m consistent,1
2023-01-13 15:00:00,1.08177,1.08394,1.08145,1.08302,13138.0,,False,5m consistent,0
2023-01-16 05:00:00,1.08539,1.08621,1.08531,1.08616,2676.0,,False,5m consistent,0
2023-01-16 06:00:00,1.08615,1.08615,1.08369,1.08405,3654.0,,False,5m consistent,0
2023-01-16 07:00:00,1.08404,1.08435,1.08273,1.08318,5366.0,,False,5m consistent,0
2023-01-16 11:00:00,1.08313,1.08377,1.08246,1.08279,4198.0,,False,5m consistent,0
2023-01-16 12:00:00,1.08273,1.08293,1.08152,1.08159,4392.0,,False,5m consistent,1
2023-01-16 16:00:00,1.08263,1.08271,1.08181,1.08254,3367.0,,False,5m consistent,1
2023-01-17 00:00:00,1.08305,1.08345,1.08264,1.08295,2580.0,,False,5m consistent,0
2023-01-17 01:00:00,1.08298,1.08325,1.08149,1.08182,4415.0,,False,5m consistent,1
2023-01-17 05:00:00,1.08271,1.08331,1.08227,1.08319,2336.0,,False,5m consistent,0
2023-01-17 08:00:00,1.0829,1.08395,1.08238,1.08284,7436.0,,False,5m consistent,0
2023-01-17 09:00:00,1.08282,1.08317,1.08118,1.08183,6564.0,,False,5m consistent,1
2023-01-17 10:00:00,1.08186,1.08288,1.081,1.08223,6939.0,,False,5m consistent,1
2023-01-17 11:00:00,1.08224,1.08346,1.08142,1.08331,6027.0,,False,5m consistent,1
2023-01-17 12:00:00,1.08329,1.08584,1.0823,1.08535,7795.0,,False,5m consistent,0
2023-01-17 14:00:00,1.08435,1.08702,1.0843,1.08638,11611.0,,False,5m consistent,0
2023-01-17 15:00:00,1.08643,1.08647,1.07958,1.08026,17404.0,,False,5m consistent,0
2023-01-17 16:00:00,1.08025,1.08099,1.0787,1.07935,9828.0,,False,5m consistent,1
2023-01-18 01:00:00,1.07852,1.07972,1.07841,1.07972,3723.0,,False,5m consistent,0
2023-01-18 02:00:00,1.0797,1.08002,1.0767,1.07882,9539.0,,False,5m consistent,0
2023-01-18 09:00:00,1.08438,1.08726,1.08378,1.08708,8286.0,,False,5m consistent,0
2023-01-18 10:00:00,1.0871,1.0871,1.08505,1.08534,6916.0,,False,5m consistent,0
2023-01-18 14:00:00,1.08588,1.08884,1.08487,1.08647,16188.0,,False,5m consistent,1
2023-01-18 15:00:00,1.08652,1.08696,1.08275,1.0834,13710.0,,False,5m consistent,0
2023-01-18 16:00:00,1.08341,1.08366,1.08144,1.08274,10479.0,,False,5m consistent,0
2023-01-18 23:00:00,1.0794,1.07991,1.07915,1.07985,2392.0,,False,5m consistent,1
2023-01-19 06:00:00,1.07923,1.08042,1.07916,1.07918,3261.0,,False,5m consistent,1
2023-01-19 09:00:00,1.08176,1.08302,1.08167,1.08255,6108.0,,False,5m consistent,1
2023-01-19 10:00:00,1.08258,1.08393,1.08166,1.08299,6678.0,,False,5m consistent,0
2023-01-19 11:00:00,1.08302,1.08356,1.08168,1.08227,5886.0,,False,5m consistent,0
2023-01-19 12:00:00,1.08225,1.0828,1.08059,1.08099,6705.0,,False,5m consistent,1
2023-01-19 13:00:00,1.081,1.08237,1.07963,1.08105,12897.0,,False,5m consistent,1
2023-01-19 14:00:00,1.08105,1.08258,1.07963,1.08111,11949.0,,False,5m consistent,0
2023-01-20 05:00:00,1.08301,1.08365,1.08259,1.08361,2644.0,,False,5m consistent,0
2023-01-20 08:00:00,1.08411,1.08598,1.08392,1.08416,6223.0,,False,5m consistent,0
2023-01-20 10:00:00,1.08318,1.08482,1.08268,1.08395,6081.0,,False,5m consistent,0
2023-01-20 11:00:00,1.08396,1.08425,1.08254,1.08259,4652.0,,False,5m consistent,0
2023-01-20 12:00:00,1.08261,1.08287,1.08147,1.08192,5894.0,,False,5m consistent,0
2023-01-20 17:00:00,1.08313,1.08481,1.08302,1.08447,4422.0,,False,5m consistent,1
2023-01-23 03:00:00,1.08934,1.09041,1.08934,1.08993,2225.0,,False,5m consistent,1
2023-01-23 06:00:00,1.0893,1.09131,1.08881,1.09016,4280.0,,False,5m consistent,1
2023-01-23 07:00:00,1.09013,1.0928,1.08929,1.0915,6688.0,,False,5m consistent,0
2023-01-23 09:00:00,1.09008,1.09212,1.08941,1.09125,5203.0,,False,5m consistent,0
2023-01-23 10:00:00,1.09124,1.09163,1.08964,1.09001,5056.0,,False,5m consistent,0
2023-01-23 11:00:00,1.09002,1.09033,1.08798,1.08821,5783.0,,False,5m consistent,0
2023-01-23 12:00:00,1.08821,1.08841,1.08676,1.08717,7013.0,,False,5m consistent,0
2023-01-23 13:00:00,1.0872,1.08786,1.0854,1.08598,8540.0,,False,5m consistent,1
2023-01-23 14:00:00,1.08595,1.08691,1.08471,1.08625,10348.0,,False,5m consistent,1
2023-01-23 18:00:00,1.08633,1.0874,1.0863,1.08672,4265.0,,False,5m consistent,0
2023-01-24 07:00:00,1.08883,1.08989,1.08841,1.08896,4567.0,,False,5m consistent,1
2023-01-24 08:00:00,1.08897,1.08968,1.08673,1.08762,6683.0,,False,5m consistent,0
2023-01-24 09:00:00,1.08762,1.08841,1.08527,1.08616,7191.0,,False,5m consistent,1
2023-01-24 10:00:00,1.08614,1.08674,1.08528,1.08646,5645.0,,False,5m consistent,1
2023-01-24 13:00:00,1.08607,1.08817,1.08549,1.08667,7885.0,,False,5m consistent,1
2023-01-24 23:00:00,1.08882,1.08913,1.08838,1.08908,2106.0,,False,5m consistent,1
2023-01-25 04:00:00,1.08985,1.09037,1.08979,1.08996,1802.0,,False,5m consistent,1
2023-01-25 06:00:00,1.08985,1.09121,1.08967,1.09072,3122.0,,False,5m consistent,0
2023-01-25 07:00:00,1.09076,1.09122,1.08793,1.08819,5297.0,,False,5m consistent,1
2023-01-25 09:00:00,1.08774,1.08929,1.08708,1.08822,5520.0,,False,5m consistent,0
2023-01-25 10:00:00,1.08822,1.08822,1.08638,1.08667,5668.0,,False,5m consistent,1
2023-01-25 12:00:00,1.08653,1.08778,1.08593,1.08745,5197.0,,False,5m consistent,1
2023-01-25 15:00:00,1.08945,1.09245,1.08918,1.0903,13166.0,,False,5m consistent,0
2023-01-26 00:00:00,1.09216,1.09256,1.09165,1.09165,2870.0,,False,5m consistent,1
2023-01-26 01:00:00,1.09167,1.09221,1.09078,1.09199,3059.0,,False,5m consistent,1
2023-01-26 06:00:00,1.09192,1.09304,1.0918,1.09212,2612.0,,False,5m consistent,0
2023-01-26 07:00:00,1.09211,1.09234,1.09072,1.09202,5695.0,,False,5m consistent,1
2023-01-26 08:00:00,1.09204,1.09289,1.09065,1.09099,6310.0,,False,5m consistent,0
2023-01-26 10:00:00,1.08965,1.09085,1.08947,1.09077,4111.0,,False,5m consistent,0
2023-01-26 11:00:00,1.09078,1.09086,1.08998,1.09038,3409.0,,False,5m consistent,0
2023-01-26 13:00:00,1.08936,1.09092,1.08739,1.09033,11763.0,,False,5m consistent,1
2023-01-26 14:00:00,1.09034,1.09185,1.08822,1.08881,12422.0,,False,5m consistent,1
2023-01-27 00:00:00,1.08941,1.09012,1.08941,1.08975,2726.0,,False,5m consistent,0
2023-01-27 01:00:00,1.08971,1.09003,1.08869,1.08903,3087.0,,False,5m consistent,0
2023-01-27 02:00:00,1.08904,1.08908,1.08792,1.08801,2099.0,,False,5m consistent,0
2023-01-27 03:00:00,1.08803,1.0881,1.08716,1.08744,2165.0,,False,5m consistent,1
2023-01-27 05:00:00,1.0867,1.08747,1.08666,1.08745,1977.0,,False,5m consistent,1
2023-01-27 07:00:00,1.08706,1.08804,1.08689,1.08746,3699.0,,False,5m consistent,1
2023-01-27 08:00:00,1.08749,1.08925,1.08665,1.08912,5496.0,,False,5m consistent,0
2023-01-27 10:00:00,1.08844,1.08963,1.08835,1.08902,3825.0,,False,5m consistent,0
2023-01-27 11:00:00,1.08901,1.08946,1.08761,1.08797,4138.0,,False,5m consistent,0
2023-01-27 12:00:00,1.08798,1.08816,1.08671,1.08677,4142.0,,False,5m consistent,1
2023-01-27 13:00:00,1.08675,1.08786,1.08601,1.0863,8206.0,,False,5m consistent,0
2023-01-27 14:00:00,1.08631,1.08776,1.08461,1.08664,10729.0,,False,5m consistent,0
2023-01-27 17:00:00,1.08573,1.08726,1.08533,1.08673,4626.0,,False,5m consistent,1
2023-01-30 01:00:00,1.08755,1.08761,1.08619,1.08744,3866.0,,False,5m consistent,1
2023-01-30 04:00:00,1.08692,1.08804,1.08691,1.08773,4695.0,,False,5m consistent,0
2023-01-30 05:00:00,1.0877,1.08776,1.08652,1.08699,3197.0,,False,5m consistent,0
2023-01-30 06:00:00,1.08696,1.08704,1.0859,1.08627,2988.0,,False,5m consistent,1
2023-01-30 10:00:00,1.09028,1.09147,1.09025,1.09114,6009.0,,False,5m consistent,0
2023-01-30 12:00:00,1.0897,1.09103,1.08937,1.09047,4490.0,,False,5m consistent,0
2023-01-30 14:00:00,1.0887,1.09006,1.08805,1.0892,8420.0,,False,5m consistent,0
2023-01-30 15:00:00,1.08921,1.09,1.08684,1.08715,9992.0,,False,5m consistent,0
2023-01-30 18:00:00,1.08581,1.08614,1.0851,1.08553,3906.0,,False,5m consistent,0
2023-01-31 01:00:00,1.08547,1.0861,1.08518,1.08586,3280.0,,False,5m consistent,0
2023-01-31 02:00:00,1.08585,1.086,1.08507,1.08526,2437.0,,False,5m consistent,0
2023-01-31 04:00:00,1.08454,1.08471,1.08403,1.0847,2049.0,,False,5m consistent,0
2023-01-31 07:00:00,1.08405,1.08505,1.08349,1.08448,4990.0,,False,5m consistent,0
2023-01-31 09:00:00,1.0804,1.08349,1.08028,1.08307,6310.0,,False,5m consistent,1
2023-01-31 11:00:00,1.08234,1.08391,1.0822,1.08366,4572.0,,False,5m consistent,1
2023-01-31 14:00:00,1.08519,1.08653,1.08438,1.08489,10982.0,,False,5m consistent,1
2023-01-31 18:00:00,1.08659,1.08756,1.08654,1.08731,2677.0,,False,5m consistent,0
2023-01-31 20:00:00,1.0865,1.08739,1.08606,1.08728,3285.0,,False,5m consistent,0
2023-02-01 07:00:00,1.08705,1.08847,1.08674,1.08809,5203.0,,False,5m consistent,1
2023-02-01 08:00:00,1.08812,1.08892,1.08706,1.08883,6049.0,,False,5m consistent,1
2023-02-01 14:00:00,1.09048,1.09116,1.0902,1.09053,7218.0,,False,5m consistent,0
2023-02-01 16:00:00,1.09199,1.09247,1.09149,1.09173,6521.0,,False,5m consistent,1
2023-02-02 00:00:00,1.10137,1.10277,1.10115,1.10198,4157.0,,False,5m consistent,1
2023-02-02 05:00:00,1.10207,1.10257,1.10198,1.10208,2709.0,,False,5m consistent,0
2023-02-02 06:00:00,1.10209,1.10225,1.10054,1.10061,3202.0,,False,5m consistent,1
2023-02-02 08:00:00,1.09943,1.10113,1.09925,1.10058,6736.0,,False,5m consistent,0
2023-02-02 09:00:00,1.10056,1.10072,1.09899,1.09994,6099.0,,False,5m consistent,0
2023-02-02 11:00:00,1.09838,1.10029,1.0983,1.10002,4677.0,,False,5m consistent,0
2023-02-02 13:00:00,1.09849,1.10053,1.09448,1.09462,15024.0,,False,5m consistent,1
2023-02-02 14:00:00,1.09462,1.09673,1.09056,1.09067,17767.0,,False,5m consistent,1
2023-02-02 15:00:00,1.09065,1.09404,1.08861,1.09374,14508.0,,False,5m consistent,0
2023-02-02 18:00:00,1.09096,1.09235,1.09085,1.092,4331.0,,False,5m consistent,0
2023-02-02 23:00:00,1.09107,1.09125,1.09054,1.09055,1768.0,,False,5m consistent,0
2023-02-03 06:00:00,1.08945,1.09009,1.08924,1.08992,2642.0,,False,5m consistent,0
2023-02-03 07:00:00,1.0899,1.09068,1.08827,1.09003,5956.0,,False,5m consistent,0
2023-02-03 08:00:00,1.09005,1.09083,1.08853,1.09042,6367.0,,False,5m consistent,1
2023-02-03 10:00:00,1.09306,1.09375,1.09257,1.09359,4997.0,,False,5m consistent,1
2023-02-03 12:00:00,1.09298,1.09378,1.09267,1.09334,4498.0,,False,5m consistent,0
2023-02-03 14:00:00,1.08404,1.08723,1.08333,1.08661,15915.0,,False,5m consistent,0
2023-02-03 15:00:00,1.0845,1.08771,1.08098,1.0859,19254.0,,False,5m consistent,0
2023-02-03 17:00:00,1.08257,1.08377,1.08231,1.08253,5691.0,,False,5m consistent,0
2023-02-06 05:00:00,1.07971,1.07989,1.07909,1.07975,2607.0,,False,5m consistent,0
2023-02-06 08:00:00,1.0781,1.0796,1.07756,1.07859,6727.0,,False,5m consistent,0
2023-02-06 12:00:00,1.07667,1.07841,1.07665,1.07739,4468.0,,False,5m consistent,0
2023-02-06 13:00:00,1.07739,1.07786,1.07578,1.07589,7096.0,,False,5m consistent,0
2023-02-06 14:00:00,1.07587,1.0767,1.07399,1.07454,9261.0,,False,5m consistent,0
2023-02-06 15:00:00,1.07454,1.07484,1.07229,1.07309,9087.0,,False,5m consistent,0
2023-02-06 16:00:00,1.07311,1.07401,1.07182,1.07219,6541.0,,False,5m consistent,1
2023-02-07 03:00:00,1.07419,1.07437,1.07368,1.0739,3458.0,,False,5m consistent,1
2023-02-07 06:00:00,1.07411,1.07446,1.07362,1.074,3594.0,,False,5m consistent,0
2023-02-07 07:00:00,1.07401,1.07405,1.07239,1.07251,5932.0,,False,5m consistent,0
2023-02-07 08:00:00,1.07253,1.07268,1.06978,1.07198,9580.0,,False,5m consistent,1
2023-02-07 10:00:00,1.07116,1.07235,1.07076,1.07142,5576.0,,False,5m consistent,0
2023-02-07 12:00:00,1.07057,1.0713,1.07024,1.07061,5455.0,,False,5m consistent,0
2023-02-07 13:00:00,1.07059,1.07073,1.06865,1.06962,7987.0,,False,5m consistent,0
2023-02-07 14:00:00,1.0696,1.07002,1.06805,1.0683,8697.0,,False,5m consistent,1
2023-02-07 16:00:00,1.06934,1.07128,1.06894,1.07056,7569.0,,False,5m consistent,1
2023-02-07 17:00:00,1.07056,1.07675,1.06906,1.07608,13733.0,,False,5m consistent,0
2023-02-08 07:00:00,1.07279,1.07606,1.07248,1.07595,5321.0,,False,5m consistent,0
2023-02-08 09:00:00,1.07528,1.07617,1.07509,1.07559,5593.0,,False,5m consistent,0
2023-02-08 10:00:00,1.07558,1.07566,1.07437,1.07473,4411.0,,False,5m consistent,0
2023-02-08 12:00:00,1.07356,1.07499,1.07343,1.07345,4885.0,,False,5m consistent,1
2023-02-08 13:00:00,1.07347,1.07385,1.07264,1.07322,6607.0,,False,5m consistent,0
2023-02-08 14:00:00,1.07324,1.07441,1.07185,1.07257,10042.0,,False,5m consistent,1
2023-02-08 18:00:00,1.07291,1.074,1.0725,1.07347,5880.0,,False,5m consistent,0
2023-02-08 19:00:00,1.07348,1.07349,1.07216,1.07238,3788.0,,False,5m consistent,0
2023-02-09 06:00:00,1.07366,1.07457,1.07343,1.07406,3497.0,,False,5m consistent,0
2023-02-09 10:00:00,1.07643,1.07794,1.07599,1.07783,5392.0,,False,5m consistent,0
2023-02-09 13:00:00,1.077,1.07909,1.07635,1.07904,8197.0,,False,5m consistent,0
2023-02-09 14:00:00,1.07908,1.07918,1.07787,1.07808,8588.0,,False,5m consistent,0
2023-02-09 15:00:00,1.0781,1.07902,1.07624,1.07634,9210.0,,False,5m consistent,0
2023-02-09 16:00:00,1.07635,1.07641,1.07451,1.07615,7457.0,,False,5m consistent,0
2023-02-09 17:00:00,1.0761,1.07622,1.07398,1.07494,4746.0,,False,5m consistent,0
2023-02-09 23:00:00,1.07434,1.0745,1.07388,1.074,1317.0,,False,5m consistent,0
2023-02-10 01:00:00,1.07355,1.07396,1.07287,1.07344,3152.0,,False,5m consistent,0
2023-02-10 02:00:00,1.07344,1.0735,1.07252,1.0726,2264.0,,False,5m consistent,1
2023-02-10 07:00:00,1.0724,1.07456,1.072,1.07419,9787.0,,False,5m consistent,0
2023-02-10 08:00:00,1.07421,1.07537,1.07275,1.07428,10125.0,,False,5m consistent,0
2023-02-10 09:00:00,1.07428,1.07456,1.07048,1.07073,9454.0,,False,5m consistent,0
2023-02-10 10:00:00,1.07074,1.07122,1.06925,1.07096,6357.0,,False,5m consistent,0
2023-02-10 11:00:00,1.07093,1.0712,1.06943,1.06993,5156.0,,False,5m consistent,0
2023-02-10 13:00:00,1.06838,1.07002,1.06824,1.06965,8792.0,,False,5m consistent,1
2023-02-10 14:00:00,1.06965,1.07077,1.0687,1.06992,9060.0,,False,5m consistent,1
2023-02-13 07:00:00,1.06744,1.06907,1.0673,1.06838,5003.0,,False,5m consistent,0
2023-02-13 08:00:00,1.06841,1.06863,1.06743,1.06751,6042.0,,False,5m consistent,1
2023-02-13 10:00:00,1.06778,1.06858,1.06761,1.0681,4036.0,,False,5m consistent,1
2023-02-13 12:00:00,1.06765,1.06975,1.06744,1.06914,4978.0,,False,5m consistent,0
2023-02-13 15:00:00,1.07057,1.07282,1.07028,1.07203,8172.0,,False,5m consistent,1
2023-02-13 18:00:00,1.07189,1.07307,1.07125,1.07287,2990.0,,False,5m consistent,1
2023-02-14 00:00:00,1.07319,1.07378,1.07305,1.07344,2651.0,,False,5m consistent,1
2023-02-14 06:00:00,1.0739,1.07438,1.07347,1.07398,2945.0,,False,5m consistent,0
2023-02-14 09:00:00,1.07496,1.07678,1.07453,1.07621,5864.0,,False,5m consistent,0
2023-02-14 13:00:00,1.07585,1.08056,1.07213,1.07618,20656.0,,False,5m consistent,0
2023-02-14 14:00:00,1.07618,1.07702,1.07091,1.0753,24319.0,,False,5m consistent,0
2023-02-15 01:00:00,1.07387,1.07454,1.07367,1.07407,2962.0,,False,5m consistent,0
2023-02-15 05:00:00,1.07189,1.07221,1.07143,1.07158,2231.0,,False,5m consistent,0
2023-02-15 09:00:00,1.07249,1.07308,1.07173,1.07265,5474.0,,False,5m consistent,0
2023-02-15 11:00:00,1.07165,1.07251,1.0711,1.07118,4093.0,,False,5m consistent,0
2023-02-15 12:00:00,1.07119,1.07189,1.06976,1.06984,5588.0,,False,5m consistent,0
2023-02-15 13:00:00,1.06981,1.07068,1.0675,1.06837,13917.0,,False,5m consistent,0
2023-02-15 16:00:00,1.06766,1.06885,1.0668,1.0683,7760.0,,False,5m consistent,0
2023-02-16 05:00:00,1.07079,1.07098,1.07017,1.07062,1922.0,,False,5m consistent,1
2023-02-16 07:00:00,1.07005,1.07113,1.06977,1.07096,4828.0,,False,5m consistent,1
2023-02-16 08:00:00,1.07098,1.07233,1.07015,1.07077,6880.0,,False,5m consistent,0
2023-02-16 10:00:00,1.07013,1.07139,1.07006,1.07071,4169.0,,False,5m consistent,0
2023-02-16 11:00:00,1.0707,1.07075,1.06944,1.07059,4298.0,,False,5m consistent,0
2023-02-16 13:00:00,1.06946,1.07096,1.06707,1.06802,14021.0,,False,5m consistent,0
2023-02-16 17:00:00,1.06839,1.0697,1.06788,1.06935,6225.0,,False,5m consistent,1
2023-02-16 19:00:00,1.06928,1.06983,1.06902,1.06912,4140.0,,False,5m consistent,0
2023-02-16 23:00:00,1.06711,1.06718,1.06633,1.06662,1875.0,,False,5m consistent,0
2023-02-17 00:00:00,1.06664,1.06665,1.06559,1.06611,2744.0,,False,5m consistent,0
2023-02-17 03:00:00,1.06519,1.06566,1.06496,1.06536,2146.0,,False,5m consistent,0
2023-02-17 05:00:00,1.0639,1.06415,1.06362,1.06392,2481.0,,False,5m consistent,1
2023-02-17 07:00:00,1.06358,1.0647,1.06301,1.06448,5840.0,,False,5m consistent,0
2023-02-17 08:00:00,1.06451,1.06479,1.06313,1.06447,7012.0,,False,5m consistent,0
2023-02-17 10:00:00,1.06376,1.06455,1.06334,1.06425,4948.0,,False,5m consistent,0
2023-02-17 11:00:00,1.06422,1.06429,1.06244,1.06265,5289.0,,False,5m consistent,1
2023-02-20 07:00:00,1.06915,1.07046,1.06883,1.07026,3869.0,,False,5m consistent,0
2023-02-20 08:00:00,1.07025,1.07056,1.06861,1.06937,4923.0,,False,5m consistent,0
2023-02-20 11:00:00,1.0689,1.0693,1.06838,1.06861,3928.0,,False,5m consistent,0
2023-02-20 23:00:00,1.0687,1.06895,1.06829,1.06829,1076.0,,False,5m consistent,1
2023-02-21 00:00:00,1.06831,1.0686,1.06778,1.0678,2663.0,,False,5m consistent,0
2023-02-21 01:00:00,1.06779,1.06789,1.06682,1.06745,3629.0,,False,5m consistent,0
2023-02-21 05:00:00,1.06692,1.06748,1.06669,1.06746,2321.0,,False,5m consistent,0
2023-02-21 06:00:00,1.06745,1.06747,1.0668,1.06718,2721.0,,False,5m consistent,0
2023-02-21 07:00:00,1.0672,1.06733,1.06608,1.06706,4559.0,,False,5m consistent,0
2023-02-21 08:00:00,1.06705,1.06895,1.06603,1.06616,8810.0,,False,5m consistent,0
2023-02-21 09:00:00,1.06617,1.0676,1.06434,1.0664,9432.0,,False,5m consistent,0
2023-02-21 11:00:00,1.06493,1.06617,1.06471,1.06581,5513.0,,False,5m consistent,1
2023-02-21 12:00:00,1.06579,1.06655,1.0648,1.06607,5723.0,,False,5m consistent,1
2023-02-21 13:00:00,1.06608,1.06707,1.06522,1.06537,8754.0,,False,5m consistent,1
2023-02-21 15:00:00,1.06497,1.06991,1.06466,1.06861,13028.0,,False,5m consistent,0
2023-02-21 17:00:00,1.0657,1.06637,1.06533,1.06615,4507.0,,False,5m consistent,0
2023-02-22 04:00:00,1.06604,1.0661,1.06574,1.06595,1505.0,,False,5m consistent,1
2023-02-22 07:00:00,1.06577,1.06643,1.06531,1.06545,4401.0,,False,5m consistent,1
2023-02-22 08:00:00,1.06545,1.06585,1.06436,1.06463,6645.0,,False,5m consistent,1
2023-02-22 09:00:00,1.06463,1.06515,1.06364,1.06382,7088.0,,False,5m consistent,1
2023-02-22 12:00:00,1.06313,1.06485,1.06262,1.06485,7175.0,,False,5m consistent,1
2023-02-22 14:00:00,1.06468,1.06612,1.06418,1.06504,9374.0,,False,5m consistent,1
2023-02-22 15:00:00,1.06504,1.06582,1.06257,1.06276,10739.0,,False,5m consistent,1
2023-02-22 18:00:00,1.0629,1.06369,1.06229,1.06265,4262.0,,False,5m consistent,1
2023-02-23 04:00:00,1.06233,1.06254,1.06201,1.06253,1128.0,,False,5m consistent,1
2023-02-23 06:00:00,1.06232,1.06286,1.06205,1.06233,2734.0,,False,5m consistent,0
2023-02-23 07:00:00,1.06231,1.0625,1.06111,1.06174,5020.0,,False,5m consistent,0
2023-02-23 08:00:00,1.06173,1.06186,1.06037,1.06067,6919.0,,False,5m consistent,0
2023-02-23 10:00:00,1.0592,1.06024,1.05881,1.05987,5116.0,,False,5m consistent,0
2023-02-23 13:00:00,1.06143,1.06222,1.05951,1.06082,11393.0,,False,5m consistent,1
2023-02-23 14:00:00,1.06084,1.06175,1.05959,1.06078,11424.0,,False,5m consistent,0
2023-02-23 15:00:00,1.0608,1.06094,1.05883,1.05976,10423.0,,False,5m consistent,0
2023-02-23 20:00:00,1.05962,1.0604,1.0596,1.06038,3068.0,,False,5m consistent,0
2023-02-24 00:00:00,1.05984,1.06082,1.05957,1.06078,3975.0,,False,5m consistent,0
2023-02-24 01:00:00,1.06079,1.06152,1.05942,1.06023,5961.0,,False,5m consistent,1
2023-02-24 06:00:00,1.05983,1.06031,1.05972,1.05997,2884.0,,False,5m consistent,0
2023-02-24 07:00:00,1.05994,1.05994,1.05892,1.059,4840.0,,False,5m consistent,1
2023-02-24 10:00:00,1.05869,1.05968,1.05832,1.05872,4383.0,,False,5m consistent,0
2023-02-24 11:00:00,1.05874,1.05911,1.05741,1.05806,5135.0,,False,5m consistent,0
2023-02-24 13:00:00,1.05669,1.05787,1.05453,1.05547,14882.0,,False,5m consistent,0
2023-02-24 14:00:00,1.05545,1.05614,1.05369,1.05489,14939.0,,False,5m consistent,1
2023-02-27 01:00:00,1.05552,1.05604,1.05531,1.05601,3667.0,,False,5m consistent,0
2023-02-27 02:00:00,1.05599,1.05607,1.05531,1.0554,2630.0,,False,5m consistent,0
2023-02-27 04:00:00,1.05449,1.05501,1.05442,1.05496,1932.0,,False,5m consistent,0
2023-02-27 05:00:00,1.05496,1.05516,1.05396,1.05402,2611.0,,False,5m consistent,1
2023-02-27 10:00:00,1.0552,1.05689,1.05494,1.05683,4488.0,,False,5m consistent,0
2023-02-27 11:00:00,1.05684,1.05701,1.05595,1.05629,4073.0,,False,5m consistent,0
2023-02-27 12:00:00,1.0563,1.05671,1.05562,1.05589,4310.0,,False,5m consistent,1
2023-02-27 15:00:00,1.05905,1.06206,1.05878,1.06017,10092.0,,False,5m consistent,0
2023-02-27 16:00:00,1.06019,1.06051,1.05803,1.0596,5986.0,,False,5m consistent,1
2023-02-28 00:00:00,1.06105,1.06157,1.06067,1.06105,2152.0,,False,5m consistent,0
2023-02-28 04:00:00,1.05933,1.05936,1.05879,1.05908,1660.0,,False,5m consistent,1
2023-02-28 08:00:00,1.05951,1.06209,1.05951,1.06167,7599.0,,False,5m consistent,1
2023-02-28 10:00:00,1.06069,1.06179,1.06064,1.0617,4890.0,,False,5m consistent,1
2023-02-28 13:00:00,1.06183,1.06328,1.06144,1.06321,6769.0,,False,5m consistent,0
2023-02-28 14:00:00,1.0632,1.06416,1.06148,1.06354,8764.0,,False,5m consistent,0
2023-02-28 17:00:00,1.06015,1.06106,1.05959,1.06062,4773.0,,False,5m consistent,0
2023-02-28 18:00:00,1.0606,1.06078,1.05889,1.0592,3884.0,,False,5m consistent,0
2023-02-28 23:00:00,1.05814,1.05817,1.0576,1.05779,1852.0,,False,5m consistent,1
2023-03-01 07:00:00,1.0608,1.0646,1.06051,1.06421,7608.0,,False,5m consistent,0
2023-03-01 08:00:00,1.0642,1.06498,1.06265,1.06492,9675.0,,False,5m consistent,1
2023-03-01 10:00:00,1.06429,1.06701,1.06406,1.06688,7890.0,,False,5m consistent,1
2023-03-01 12:00:00,1.06707,1.06882,1.06643,1.06876,6094.0,,False,5m consistent,0
2023-03-01 14:00:00,1.0672,1.06805,1.0666,1.06682,9549.0,,False,5m consistent,1
2023-03-01 15:00:00,1.06682,1.06801,1.06443,1.0673,15438.0,,False,5m consistent,1
2023-03-01 17:00:00,1.06741,1.0679,1.0665,1.0666,5991.0,,False,5m consistent,0
2023-03-01 23:00:00,1.06714,1.06737,1.06667,1.06695,1490.0,,False,5m consistent,0
2023-03-02 00:00:00,1.06693,1.06738,1.06592,1.06613,2571.0,,False,5m consistent,0
2023-03-02 02:00:00,1.06521,1.06577,1.06493,1.06566,3485.0,,False,5m consistent,0
2023-03-02 04:00:00,1.06467,1.06516,1.06463,1.06488,1809.0,,False,5m consistent,0
2023-03-02 06:00:00,1.06423,1.06445,1.06361,1.06402,3480.0,,False,5m consistent,0
2023-03-02 07:00:00,1.06404,1.06456,1.0633,1.06372,5258.0,,False,5m consistent,1
2023-03-02 08:00:00,1.06373,1.06399,1.0627,1.06393,8111.0,,False,5m consistent,0
2023-03-02 09:00:00,1.06392,1.06439,1.062,1.06256,6237.0,,False,5m consistent,1
2023-03-02 11:00:00,1.06147,1.06316,1.06144,1.06256,5324.0,,False,5m consistent,0
2023-03-02 12:00:00,1.06258,1.06319,1.06052,1.06067,6286.0,,False,5m consistent,0
2023-03-02 15:00:00,1.06003,1.06155,1.05945,1.06094,10859.0,,False,5m consistent,0
2023-03-02 16:00:00,1.06092,1.06136,1.05931,1.05947,6762.0,,False,5m consistent,0
2023-03-03 06:00:00,1.06099,1.0624,1.06098,1.06221,3133.0,,False,5m consistent,0
2023-03-03 08:00:00,1.06108,1.06299,1.06108,1.06218,6737.0,,False,5m consistent,0
2023-03-03 09:00:00,1.06218,1.0622,1.06079,1.06109,6588.0,,False,5m consistent,1
2023-03-03 10:00:00,1.06107,1.06241,1.06012,1.06175,5857.0,,False,5m consistent,0
2023-03-03 11:00:00,1.06176,1.06189,1.06106,1.06155,4313.0,,False,5m consistent,1
2023-03-03 13:00:00,1.06133,1.06304,1.06112,1.06232,6579.0,,False,5m consistent,0
2023-03-03 14:00:00,1.06233,1.06302,1.06123,1.06149,8504.0,,False,5m consistent,0
2023-03-06 01:00:00,1.06279,1.06389,1.06249,1.06373,3338.0,,False,5m consistent,1
2023-03-06 05:00:00,1.06437,1.06498,1.06418,1.06492,2010.0,,False,5m consistent,0
2023-03-06 08:00:00,1.06489,1.06581,1.06424,1.06424,6531.0,,False,5m consistent,0
2023-03-06 11:00:00,1.0629,1.06485,1.06229,1.06402,6142.0,,False,5m consistent,1
2023-03-06 14:00:00,1.06549,1.06744,1.0651,1.06702,8913.0,,False,5m consistent,1
2023-03-06 16:00:00,1.06794,1.06951,1.06764,1.06944,5675.0,,False,5m consistent,0
2023-03-06 17:00:00,1.06942,1.06951,1.06808,1.06861,3407.0,,False,5m consistent,0
2023-03-06 23:00:00,1.06844,1.0688,1.06808,1.06864,1265.0,,False,5m consistent,1
2023-03-07 04:00:00,1.06919,1.06943,1.06892,1.06915,1891.0,,False,5m consistent,0
2023-03-07 05:00:00,1.06912,1.06914,1.06819,1.0686,2429.0,,False,5m consistent,1
2023-03-07 07:00:00,1.0677,1.06954,1.06753,1.06864,5857.0,,False,5m consistent,0
2023-03-07 08:00:00,1.06862,1.06871,1.06706,1.06745,6769.0,,False,5m consistent,0
2023-03-07 11:00:00,1.06615,1.06699,1.06563,1.06575,4413.0,,False,5m consistent,1
2023-03-07 12:00:00,1.06577,1.06721,1.06508,1.06704,4803.0,,False,5m consistent,1
2023-03-07 13:00:00,1.06703,1.06731,1.06535,1.06571,6400.0,,False,5m consistent,0
2023-03-07 14:00:00,1.06572,1.0662,1.06409,1.06487,9135.0,,False,5m consistent,0
2023-03-07 15:00:00,1.06486,1.06486,1.05747,1.05862,23586.0,,False,5m consistent,0
2023-03-07 17:00:00,1.05733,1.05889,1.05664,1.05679,10443.0,,False,5m consistent,0
2023-03-08 01:00:00,1.05512,1.05515,1.05444,1.05455,3380.0,,False,5m consistent,0
2023-03-08 04:00:00,1.05304,1.05375,1.05304,1.05358,2491.0,,False,5m consistent,1
2023-03-08 07:00:00,1.05404,1.05478,1.05344,1.05444,4719.0,,False,5m consistent,1
2023-03-08 12:00:00,1.05383,1.055,1.05375,1.05474,3549.0,,False,5m consistent,1
2023-03-08 14:00:00,1.0542,1.05626,1.05419,1.05572,8744.0,,False,5m consistent,0
2023-03-09 00:00:00,1.055,1.05542,1.05451,1.05479,2388.0,,False,5m consistent,1
2023-03-09 07:00:00,1.05519,1.05606,1.05502,1.05571,3332.0,,False,5m consistent,1
2023-03-09 08:00:00,1.05572,1.05641,1.05489,1.0558,5034.0,,False,5m consistent,1
2023-03-09 11:00:00,1.0567,1.05822,1.0567,1.05718,4760.0,,False,5m consistent,0
2023-03-09 12:00:00,1.05717,1.05726,1.05544,1.056,3781.0,,False,5m consistent,1
2023-03-09 13:00:00,1.056,1.05786,1.05534,1.05748,9052.0,,False,5m consistent,1
2023-03-09 14:00:00,1.05748,1.05872,1.05671,1.0576,9198.0,,False,5m consistent,1
2023-03-09 18:00:00,1.05775,1.05909,1.05737,1.05905,6261.0,,False,5m consistent,0
2023-03-10 00:00:00,1.05863,1.06002,1.05863,1.05996,3431.0,,False,5m consistent,0
2023-03-10 01:00:00,1.05993,1.06,1.05901,1.05954,3944.0,,False,5m consistent,0
2023-03-10 04:00:00,1.05975,1.05993,1.0594,1.05955,3353.0,,False,5m consistent,0
2023-03-10 07:00:00,1.05847,1.06079,1.05847,1.05955,7302.0,,False,5m consistent,1
2023-03-10 08:00:00,1.05955,1.06,1.05747,1.05922,9132.0,,False,5m consistent,0
2023-03-10 11:00:00,1.05884,1.06029,1.05872,1.05903,4989.0,,False,5m consistent,1
2023-03-10 12:00:00,1.05904,1.05994,1.05814,1.05951,6040.0,,False,5m consistent,1
2023-03-10 13:00:00,1.05949,1.06451,1.05825,1.06225,18221.0,,False,5m consistent,1
2023-03-10 15:00:00,1.06678,1.07017,1.06677,1.06881,17739.0,,False,5m consistent,0
2023-03-10 17:00:00,1.06598,1.06746,1.06564,1.06693,8703.0,,False,5m consistent,0
2023-03-13 00:00:00,1.06825,1.06992,1.06775,1.06826,8716.0,,False,5m consistent,1
2023-03-13 02:00:00,1.06694,1.07324,1.06691,1.07311,9284.0,,False,5m consistent,1
2023-03-13 07:00:00,1.07223,1.07381,1.07165,1.07262,9015.0,,False,5m consistent,0
2023-03-13 08:00:00,1.0726,1.07299,1.07048,1.07082,10588.0,,False,5m consistent,0
2023-03-13 10:00:00,1.06713,1.06817,1.0661,1.06748,13652.0,,False,5m consistent,0
2023-03-13 11:00:00,1.06751,1.06776,1.06583,1.0665,13359.0,,False,5m consistent,1
2023-03-13 18:00:00,1.07394,1.07437,1.07301,1.07346,8795.0,,False,5m consistent,0
2023-03-13 23:00:00,1.07281,1.07301,1.07236,1.07237,2110.0,,False,5m consistent,0
2023-03-14 00:00:00,1.07242,1.07249,1.07124,1.07199,4937.0,,False,5m consistent,0
2023-03-14 01:00:00,1.07198,1.07221,1.0706,1.07092,5539.0,,False,5m consistent,1
2023-03-14 05:00:00,1.07033,1.07091,1.0698,1.07085,2884.0,,False,5m consistent,0
2023-03-14 06:00:00,1.07084,1.07165,1.06942,1.06982,8094.0,,False,5m consistent,0
2023-03-14 08:00:00,1.06903,1.07081,1.0684,1.07073,11335.0,,False,5m consistent,1
2023-03-14 09:00:00,1.07072,1.07142,1.0692,1.07119,8787.0,,False,5m consistent,1
2023-03-14 12:00:00,1.07229,1.07504,1.07009,1.07364,21805.0,,False,5m consistent,1
2023-03-15 04:00:00,1.07517,1.07548,1.07438,1.07456,2163.0,,False,5m consistent,0
2023-03-15 07:00:00,1.07354,1.07457,1.07285,1.07383,7114.0,,False,5m consistent,0
2023-03-15 08:00:00,1.07385,1.07444,1.07275,1.07323,7228.0,,False,5m consistent,0
2023-03-15 09:00:00,1.07322,1.07337,1.06665,1.06788,12325.0,,False,5m consistent,0
2023-03-15 10:00:00,1.06791,1.06854,1.06206,1.06281,13643.0,,False,5m consistent,0
2023-03-15 11:00:00,1.06284,1.06304,1.05812,1.05883,12906.0,,False,5m consistent,0
2023-03-15 12:00:00,1.05885,1.05976,1.05532,1.05571,17355.0,,False,5m consistent,0
2023-03-15 13:00:00,1.05569,1.05595,1.05231,1.0546,19335.0,,False,5m consistent,1
2023-03-15 14:00:00,1.05459,1.0566,1.05302,1.0548,16974.0,,False,5m consistent,0
2023-03-16 06:00:00,1.06081,1.06092,1.06002,1.06063,3776.0,,False,5m consistent,1
2023-03-16 07:00:00,1.06062,1.06291,1.05936,1.06258,9137.0,,False,5m consistent,0
2023-03-16 09:00:00,1.06132,1.0621,1.06054,1.06183,8466.0,,False,5m consistent,0
2023-03-16 10:00:00,1.06184,1.0622,1.06009,1.06169,6501.0,,False,5m consistent,1
2023-03-16 11:00:00,1.06169,1.06178,1.06052,1.06139,7009.0,,False,5m consistent,1
2023-03-16 13:00:00,1.05891,1.0622,1.05521,1.06076,21324.0,,False,5m consistent,0
2023-03-16 14:00:00,1.06081,1.06089,1.05738,1.06012,17967.0,,False,5m consistent,1
2023-03-16 15:00:00,1.06014,1.06276,1.0587,1.06221,15218.0,,False,5m consistent,1
2023-03-16 16:00:00,1.06219,1.06261,1.0608,1.06194,10917.0,,False,5m consistent,0
2023-03-17 07:00:00,1.06635,1.06701,1.06588,1.06633,6728.0,,False,5m consistent,0
2023-03-17 08:00:00,1.06634,1.06707,1.06523,1.0653,8395.0,,False,5m consistent,0
2023-03-17 09:00:00,1.0653,1.06607,1.06409,1.06477,6217.0,,False,5m consistent,0
2023-03-17 10:00:00,1.06478,1.06478,1.06259,1.06339,6221.0,,False,5m consistent,0
2023-03-17 11:00:00,1.06337,1.06409,1.06162,1.06304,7705.0,,False,5m consistent,0
2023-03-17 12:00:00,1.06305,1.06343,1.0613,1.06269,8781.0,,False,5m consistent,1
2023-03-17 18:00:00,1.06738,1.06861,1.06676,1.06816,6754.0,,False,5m consistent,0
2023-03-20 00:00:00,1.06817,1.06895,1.06798,1.06817,4810.0,,False,5m consistent,0
2023-03-20 02:00:00,1.06762,1.06854,1.06748,1.06802,3585.0,,False,5m consistent,0
2023-03-20 05:00:00,1.06705,1.06817,1.06691,1.06801,3132.0,,False,5m consistent,0
2023-03-20 06:00:00,1.06801,1.06819,1.06596,1.06614,8534.0,,False,5m consistent,0
2023-03-20 07:00:00,1.06616,1.06717,1.06426,1.06563,12246.0,,False,5m consistent,0
2023-03-20 08:00:00,1.06562,1.06696,1.06322,1.06619,12704.0,,False,5m consistent,1
2023-03-20 13:00:00,1.07055,1.07316,1.07038,1.07245,10245.0,,False,5m consistent,1
2023-03-20 14:00:00,1.07244,1.07304,1.0713,1.07275,9378.0,,False,5m consistent,0
2023-03-20 15:00:00,1.07275,1.07275,1.07123,1.07219,7294.0,,False,5m consistent,1
2023-03-20 16:00:00,1.07218,1.07261,1.07075,1.07261,7051.0,,False,5m consistent,1
2023-03-21 02:00:00,1.07176,1.07231,1.07169,1.07228,2260.0,,False,5m consistent,0
2023-03-21 05:00:00,1.07131,1.07166,1.07111,1.07166,1972.0,,False,5m consistent,0
2023-03-21 12:00:00,1.07793,1.07833,1.07746,1.0782,6394.0,,False,5m consistent,1
2023-03-21 13:00:00,1.07821,1.07894,1.07732,1.0778,7154.0,,False,5m consistent,0
2023-03-21 14:00:00,1.07782,1.07806,1.07615,1.07749,8337.0,,False,5m consistent,1
2023-03-21 17:00:00,1.07687,1.07729,1.07616,1.07651,4176.0,,False,5m consistent,1
2023-03-21 23:00:00,1.07711,1.07749,1.07699,1.07736,1156.0,,False,5m consistent,1
2023-03-22 01:00:00,1.07684,1.07779,1.07676,1.07734,3792.0,,False,5m consistent,0
2023-03-22 05:00:00,1.07697,1.0776,1.07678,1.07733,1800.0,,False,5m consistent,0
2023-03-22 06:00:00,1.07734,1.07752,1.07646,1.07676,2488.0,,False,5m consistent,1
2023-03-22 09:00:00,1.0781,1.07939,1.07765,1.07873,5317.0,,False,5m consistent,1
2023-03-22 11:00:00,1.07926,1.07988,1.0789,1.07979,4490.0,,False,5m consistent,0
2023-03-22 14:00:00,1.07821,1.07992,1.07764,1.0796,5569.0,,False,5m consistent,1
2023-03-22 16:00:00,1.07921,1.08013,1.07893,1.07996,3806.0,,False,5m consistent,1
2023-03-22 18:00:00,1.07969,1.09133,1.07969,1.08816,24869.0,,False,5m consistent,0
2023-03-23 06:00:00,1.09055,1.09305,1.09042,1.09162,4788.0,,False,5m consistent,0
2023-03-23 07:00:00,1.09161,1.09278,1.09009,1.09069,7194.0,,False,5m consistent,0
2023-03-23 08:00:00,1.0907,1.09113,1.08919,1.09006,8638.0,,False,5m consistent,0
2023-03-23 09:00:00,1.0901,1.09045,1.08814,1.08866,7003.0,,False,5m consistent,0
2023-03-23 16:00:00,1.08904,1.08995,1.08841,1.08963,6347.0,,False,5m consistent,0
2023-03-23 17:00:00,1.08963,1.08963,1.08648,1.08696,5166.0,,False,5m consistent,0
2023-03-23 18:00:00,1.08698,1.08775,1.08288,1.08428,7077.0,,False,5m consistent,0
2023-03-23 23:00:00,1.08328,1.08367,1.08323,1.08356,1963.0,,False,5m consistent,0
2023-03-24 00:00:00,1.08355,1.08355,1.08254,1.08334,3212.0,,False,5m consistent,1
2023-03-24 05:00:00,1.08348,1.0838,1.08317,1.08344,3012.0,,False,5m consistent,0
2023-03-24 07:00:00,1.08256,1.08362,1.08235,1.0829,4317.0,,False,5m consistent,0
2023-03-24 08:00:00,1.0829,1.08318,1.07688,1.07809,12933.0,,False,5m consistent,0
2023-03-24 10:00:00,1.07266,1.07434,1.07223,1.07286,11677.0,,False,5m consistent,1
2023-03-24 11:00:00,1.07287,1.0749,1.0714,1.0739,8106.0,,False,5m consistent,1
2023-03-27 05:00:00,1.07683,1.07716,1.07645,1.07662,3122.0,,False,5m consistent,0
2023-03-27 06:00:00,1.07664,1.07675,1.0752,1.07642,5412.0,,False,5m consistent,0
2023-03-27 08:00:00,1.07521,1.07734,1.07513,1.07673,6148.0,,False,5m consistent,1
2023-03-27 13:00:00,1.07745,1.07956,1.0771,1.07851,7845.0,,False,5m consistent,1
2023-03-28 04:00:00,1.08159,1.08161,1.08108,1.0813,1900.0,,False,5m consistent,1
2023-03-28 07:00:00,1.08091,1.08349,1.08091,1.08213,6179.0,,False,5m consistent,1
2023-03-28 12:00:00,1.0832,1.08477,1.08308,1.08402,7199.0,,False,5m consistent,0
2023-03-28 13:00:00,1.084,1.084,1.08232,1.08254,6897.0,,False,5m consistent,1
2023-03-28 15:00:00,1.08329,1.08468,1.08318,1.08434,5071.0,,False,5m consistent,1
2023-03-28 22:00:00,1.08437,1.08466,1.08415,1.08425,795.0,,False,5m consistent,1
2023-03-29 00:00:00,1.08402,1.08485,1.08402,1.0848,2830.0,,False,5m consistent,0
2023-03-29 01:00:00,1.08482,1.08505,1.08404,1.08457,2892.0,,False,5m consistent,0
2023-03-29 04:00:00,1.08372,1.08447,1.08344,1.08382,2228.0,,False,5m consistent,0
2023-03-29 05:00:00,1.08388,1.08416,1.08323,1.08328,2711.0,,False,5m consistent,0
2023-03-29 06:00:00,1.08326,1.0835,1.08233,1.08236,4765.0,,False,5m consistent,1
2023-03-29 07:00:00,1.08235,1.08383,1.08185,1.08377,4860.0,,False,5m consistent,1
2023-03-29 09:00:00,1.08333,1.08635,1.08328,1.08605,5333.0,,False,5m consistent,1
2023-03-29 11:00:00,1.08585,1.08726,1.08532,1.0856,4533.0,,False,5m consistent,0
2023-03-29 12:00:00,1.08566,1.08607,1.08398,1.08545,6510.0,,False,5m consistent,0
2023-03-29 13:00:00,1.08546,1.08593,1.08333,1.08474,6950.0,,False,5m consistent,0
2023-03-29 17:00:00,1.08284,1.08489,1.08266,1.08472,3236.0,,False,5m consistent,1
2023-03-29 23:00:00,1.08454,1.08467,1.08409,1.08434,1309.0,,False,5m consistent,0
2023-03-30 00:00:00,1.08435,1.08442,1.08362,1.08385,2764.0,,False,5m consistent,0
2023-03-30 05:00:00,1.08399,1.08474,1.0837,1.08424,3368.0,,False,5m consistent,1
2023-03-30 06:00:00,1.08421,1.08512,1.08333,1.08475,4735.0,,False,5m consistent,0
2023-03-30 08:00:00,1.08555,1.08802,1.0851,1.08741,6421.0,,False,5m consistent,0
2023-03-30 13:00:00,1.0911,1.09272,1.09079,1.09178,8995.0,,False,5m consistent,0
2023-03-30 14:00:00,1.09179,1.09217,1.09086,1.09134,7237.0,,False,5m consistent,0
2023-03-30 16:00:00,1.08988,1.09075,1.08973,1.09056,3768.0,,False,5m consistent,1
2023-03-31 00:00:00,1.09046,1.0918,1.09046,1.09164,3713.0,,False,5m consistent,1
2023-03-31 04:00:00,1.09078,1.09103,1.0903,1.09041,1717.0,,False,5m consistent,0
2023-03-31 05:00:00,1.0904,1.0905,1.08955,1.08965,2595.0,,False,5m consistent,1
2023-03-31 06:00:00,1.08968,1.0906,1.08887,1.09047,4491.0,,False,5m consistent,0
2023-03-31 07:00:00,1.0905,1.09116,1.08808,1.08854,6212.0,,False,5m consistent,1
2023-03-31 08:00:00,1.08854,1.08928,1.08737,1.08906,7037.0,,False,5m consistent,0
2023-03-31 09:00:00,1.08898,1.08968,1.08761,1.08844,6136.0,,False,5m consistent,0
2023-03-31 12:00:00,1.08682,1.08953,1.08682,1.0888,7017.0,,False,5m consistent,1
2023-03-31 13:00:00,1.08882,1.08949,1.08781,1.08926,7044.0,,False,5m consistent,0
2023-03-31 15:00:00,1.08683,1.08765,1.08595,1.08727,6963.0,,False,5m consistent,0
2023-03-31 16:00:00,1.08726,1.08732,1.08595,1.08701,3796.0,,False,5m consistent,0
2023-03-31 18:00:00,1.08539,1.08629,1.08526,1.08562,2512.0,,False,5m consistent,0
2023-03-31 19:00:00,1.08562,1.08573,1.08439,1.08466,3445.0,,False,5m consistent,1
2023-04-03 00:00:00,1.08037,1.08156,1.07995,1.08146,3934.0,,False,5m consistent,0
2023-04-03 01:00:00,1.08145,1.08177,1.08036,1.08084,4183.0,,False,5m consistent,0
2023-04-03 07:00:00,1.08161,1.08427,1.08134,1.08399,5960.0,,False,5m consistent,1
2023-04-03 10:00:00,1.08513,1.08731,1.08506,1.08712,4726.0,,False,5m consistent,1
2023-04-03 11:00:00,1.08711,1.08786,1.08615,1.08773,5489.0,,False,5m consistent,1
2023-04-03 13:00:00,1.08664,1.08977,1.08651,1.08862,6409.0,,False,5m consistent,1
2023-04-03 23:00:00,1.09045,1.09104,1.09045,1.09075,1274.0,,False,5m consistent,0
2023-04-04 00:00:00,1.09075,1.09106,1.08995,1.09018,3063.0,,False,5m consistent,0
2023-04-04 04:00:00,1.08894,1.08996,1.08886,1.08951,2852.0,,False,5m consistent,0
2023-04-04 07:00:00,1.09082,1.09389,1.09027,1.0926,6809.0,,False,5m consistent,1
2023-04-04 09:00:00,1.09177,1.09367,1.09167,1.09322,5820.0,,False,5m consistent,1
2023-04-04 10:00:00,1.09325,1.09362,1.09169,1.09214,4206.0,,False,5m consistent,0
2023-04-04 11:00:00,1.09216,1.09216,1.08965,1.08982,4359.0,,False,5m consistent,1
2023-04-04 14:00:00,1.0905,1.09741,1.0905,1.09702,14216.0,,False,5m consistent,0
2023-04-05 05:00:00,1.09558,1.09597,1.09519,1.09587,1704.0,,False,5m consistent,0
2023-04-05 07:00:00,1.09492,1.09683,1.09483,1.09509,5347.0,,False,5m consistent,1
2023-04-05 08:00:00,1.09509,1.09555,1.09416,1.0952,5487.0,,False,5m consistent,1
2023-04-05 09:00:00,1.09519,1.0961,1.09448,1.09527,4188.0,,False,5m consistent,0
2023-04-05 10:00:00,1.09528,1.09544,1.0942,1.09465,3340.0,,False,5m consistent,1
2023-04-05 12:00:00,1.09417,1.09637,1.09383,1.09584,8906.0,,False,5m consistent,0
2023-04-05 13:00:00,1.09587,1.09607,1.09395,1.09412,7793.0,,False,5m consistent,0
2023-04-05 15:00:00,1.09111,1.09241,1.09062,1.09181,6652.0,,False,5m consistent,0
2023-04-05 23:00:00,1.09108,1.09108,1.09038,1.09038,1303.0,,False,5m consistent,0
2023-04-06 00:00:00,1.0904,1.09053,1.08938,1.08948,2052.0,,False,5m consistent,1
2023-04-06 01:00:00,1.08946,1.08951,1.08853,1.08931,2272.0,,False,5m consistent,1
2023-04-06 07:00:00,1.09033,1.09181,1.09019,1.09075,5381.0,,False,5m consistent,0
2023-04-06 08:00:00,1.09073,1.0911,1.08942,1.09003,5085.0,,False,5m consistent,1
2023-04-06 09:00:00,1.09002,1.09112,1.0893,1.09095,3561.0,,False,5m consistent,1
2023-04-06 18:00:00,1.09346,1.09358,1.09302,1.09319,1719.0,,False,5m consistent,0
2023-04-06 20:00:00,1.09238,1.09241,1.09177,1.09227,828.0,,False,5m consistent,0
2023-04-06 23:00:00,1.0918,1.09216,1.09171,1.09206,595.0,,False,5m consistent,1
2023-04-07 05:00:00,1.09154,1.09197,1.09152,1.09179,1030.0,,False,5m consistent,1
2023-04-07 10:00:00,1.09143,1.09226,1.09112,1.09225,715.0,,False,5m consistent,0
2023-04-07 11:00:00,1.09223,1.09223,1.09148,1.09183,802.0,,False,5m consistent,0
2023-04-07 12:00:00,1.09184,1.09187,1.08773,1.09044,5735.0,,False,5m consistent,0
2023-04-07 14:00:00,1.08997,1.09158,1.08995,1.09157,2013.0,,False,5m consistent,0
2023-04-07 18:00:00,1.0909,1.09113,1.09041,1.09097,996.0,,False,5m consistent,0
2023-04-10 00:00:00,1.09142,1.09156,1.09042,1.09043,2486.0,,False,5m consistent,0
2023-04-10 04:00:00,1.09,1.09016,1.0896,1.0897,1462.0,,False,5m consistent,1
2023-04-10 05:00:00,1.08969,1.09005,1.08917,1.09004,1633.0,,False,5m consistent,1
2023-04-10 07:00:00,1.09056,1.09179,1.0905,1.09175,2213.0,,False,5m consistent,0
2023-04-10 08:00:00,1.09175,1.09181,1.09096,1.0913,1604.0,,False,5m consistent,0
2023-04-10 10:00:00,1.09071,1.0912,1.09058,1.09072,1758.0,,False,5m consistent,0
2023-04-10 11:00:00,1.0907,1.09092,1.08872,1.08897,3187.0,,False,5m consistent,0
2023-04-10 12:00:00,1.08896,1.08923,1.08479,1.08497,6911.0,,False,5m consistent,1
2023-04-10 20:00:00,1.08636,1.08638,1.08601,1.08622,801.0,,False,5m consistent,1
2023-04-11 00:00:00,1.08695,1.08798,1.08694,1.08784,2685.0,,False,5m consistent,0
2023-04-11 05:00:00,1.08832,1.08953,1.08831,1.08952,2575.0,,False,5m consistent,0
2023-04-11 10:00:00,1.09135,1.09277,1.09092,1.09235,4137.0,,False,5m consistent,0
2023-04-11 13:00:00,1.09129,1.09251,1.09081,1.09223,6370.0,,False,5m consistent,0
2023-04-11 14:00:00,1.09224,1.09288,1.09116,1.0912,6131.0,,False,5m consistent,0
2023-04-11 15:00:00,1.09118,1.09169,1.09039,1.09055,4187.0,,False,5m consistent,1
2023-04-12 01:00:00,1.09261,1.09298,1.09221,1.09269,2545.0,,False,5m consistent,0
2023-04-12 05:00:00,1.09263,1.09365,1.0926,1.09363,1676.0,,False,5m consistent,0
2023-04-12 06:00:00,1.09365,1.09381,1.09167,1.09274,3717.0,,False,5m consistent,1
2023-04-12 07:00:00,1.09273,1.09349,1.09202,1.09275,4347.0,,False,5m consistent,1
2023-04-12 18:00:00,1.09951,1.10013,1.099,1.09955,4663.0,,False,5m consistent,1
2023-04-12 23:00:00,1.09958,1.10003,1.0994,1.09978,1231.0,,False,5m consistent,1
2023-04-13 00:00:00,1.09974,1.10058,1.09888,1.10029,2796.0,,False,5m consistent,0
2023-04-13 02:00:00,1.09967,1.09992,1.0993,1.09938,2443.0,,False,5m consistent,0
2023-04-13 04:00:00,1.09893,1.09942,1.09889,1.09907,1545.0,,False,5m consistent,0
2023-04-13 05:00:00,1.09906,1.09914,1.09839,1.09848,1748.0,,False,5m consistent,1
2023-04-13 09:00:00,1.10154,1.10325,1.10114,1.1024,3931.0,,False,5m consistent,0
2023-04-13 13:00:00,1.10499,1.10684,1.1044,1.10652,8078.0,,False,5m consistent,0
2023-04-13 17:00:00,1.10564,1.10604,1.1051,1.10533,2518.0,,False,5m consistent,1
2023-04-14 04:00:00,1.10711,1.10737,1.10683,1.10698,1917.0,,False,5m consistent,1
2023-04-14 05:00:00,1.107,1.10755,1.10628,1.10752,2318.0,,False,5m consistent,0
2023-04-14 06:00:00,1.10756,1.10766,1.1064,1.10678,3216.0,,False,5m consistent,1
2023-04-14 07:00:00,1.10677,1.10723,1.10602,1.10662,4268.0,,False,5m consistent,0
2023-04-14 09:00:00,1.10599,1.10653,1.10561,1.10635,2829.0,,False,5m consistent,0
2023-04-14 10:00:00,1.10633,1.10676,1.1057,1.10595,3226.0,,False,5m consistent,0
2023-04-14 12:00:00,1.1055,1.1076,1.10193,1.10354,11433.0,,False,5m consistent,0
2023-04-14 13:00:00,1.10354,1.10373,1.10193,1.10316,8847.0,,False,5m consistent,0
2023-04-14 14:00:00,1.10318,1.10318,1.09971,1.1007,11668.0,,False,5m consistent,0
2023-04-17 00:00:00,1.09852,1.09924,1.09736,1.09737,2419.0,,False,5m consistent,1
2023-04-17 07:00:00,1.09876,1.10006,1.09871,1.09927,4515.0,,False,5m consistent,0
2023-04-17 09:00:00,1.09657,1.09855,1.09655,1.09813,4294.0,,False,5m consistent,1
2023-04-17 10:00:00,1.09813,1.09858,1.0973,1.09824,3588.0,,False,5m consistent,0
2023-04-17 11:00:00,1.09826,1.09851,1.09732,1.09776,3626.0,,False,5m consistent,0
2023-04-17 12:00:00,1.09775,1.09853,1.09524,1.09545,6436.0,,False,5m consistent,0
2023-04-17 13:00:00,1.09544,1.09578,1.09304,1.09328,8089.0,,False,5m consistent,1
2023-04-18 05:00:00,1.09376,1.09446,1.09351,1.09429,2245.0,,False,5m consistent,1
2023-04-18 08:00:00,1.09708,1.09837,1.09673,1.0982,4754.0,,False,5m consistent,0
2023-04-18 10:00:00,1.09756,1.09807,1.09699,1.09791,3187.0,,False,5m consistent,0
2023-04-18 11:00:00,1.09794,1.09794,1.09665,1.09671,4004.0,,False,5m consistent,0
2023-04-18 12:00:00,1.0967,1.09789,1.09552,1.09565,5509.0,,False,5m consistent,0
2023-04-19 00:00:00,1.09758,1.09836,1.09747,1.09836,2269.0,,False,5m consistent,0
2023-04-19 03:00:00,1.09751,1.09762,1.09707,1.0975,1490.0,,False,5m consistent,0
2023-04-19 04:00:00,1.09752,1.09754,1.0968,1.09695,1268.0,,False,5m consistent,0
2023-04-19 05:00:00,1.09693,1.09711,1.0961,1.09618,1890.0,,False,5m consistent,0
2023-04-19 07:00:00,1.09569,1.09732,1.09568,1.09635,5742.0,,False,5m consistent,0
2023-04-19 08:00:00,1.09635,1.09639,1.09493,1.09566,5087.0,,False,5m consistent,0
2023-04-19 10:00:00,1.0931,1.09425,1.09279,1.09345,4149.0,,False,5m consistent,0
2023-04-19 16:00:00,1.09537,1.09675,1.09526,1.09664,2951.0,,False,5m consistent,0
2023-04-20 00:00:00,1.09526,1.09598,1.09516,1.09574,2218.0,,False,5m consistent,1
2023-04-20 01:00:00,1.09575,1.09624,1.095,1.0961,3149.0,,False,5m consistent,1
2023-04-20 06:00:00,1.09629,1.0974,1.09608,1.09679,3833.0,,False,5m consistent,0
2023-04-20 08:00:00,1.0962,1.09792,1.0957,1.09723,5233.0,,False,5m consistent,0
2023-04-20 10:00:00,1.09625,1.09793,1.09583,1.09719,3494.0,,False,5m consistent,0
2023-04-20 11:00:00,1.09722,1.09756,1.09545,1.09556,4196.0,,False,5m consistent,0
2023-04-20 12:00:00,1.09556,1.09859,1.09342,1.09783,10082.0,,False,5m consistent,1
2023-04-20 14:00:00,1.09739,1.09905,1.09721,1.09803,7197.0,,False,5m consistent,0
2023-04-20 17:00:00,1.0968,1.09714,1.09645,1.0971,2282.0,,False,5m consistent,0
2023-04-20 18:00:00,1.0971,1.09735,1.09595,1.09659,2679.0,,False,5m consistent,1
2023-04-21 04:00:00,1.09648,1.09648,1.09594,1.09612,1167.0,,False,5m consistent,1
2023-04-21 05:00:00,1.09613,1.0962,1.0956,1.09616,1836.0,,False,5m consistent,0
2023-04-21 08:00:00,1.09571,1.0973,1.09533,1.09604,5891.0,,False,5m consistent,1
2023-04-21 11:00:00,1.0966,1.09865,1.09634,1.09821,4040.0,,False,5m consistent,1
2023-04-21 12:00:00,1.09823,1.0991,1.09742,1.09888,4815.0,,False,5m consistent,0
2023-04-21 13:00:00,1.09887,1.09947,1.09541,1.09565,8724.0,,False,5m consistent,1
2023-04-24 00:00:00,1.09922,1.09957,1.09853,1.09956,1941.0,,False,5m consistent,0
2023-04-24 04:00:00,1.09821,1.09836,1.09801,1.09813,1345.0,,False,5m consistent,1
2023-04-24 06:00:00,1.09789,1.09873,1.09738,1.09756,3695.0,,False,5m consistent,1
2023-04-24 08:00:00,1.09878,1.10104,1.09846,1.10095,4713.0,,False,5m consistent,1
2023-04-24 10:00:00,1.10012,1.10179,1.09998,1.10172,4031.0,,False,5m consistent,0
2023-04-24 12:00:00,1.10032,1.1026,1.10001,1.10238,4718.0,,False,5m consistent,1
2023-04-24 14:00:00,1.10245,1.10376,1.10213,1.10301,7008.0,,False,5m consistent,1
2023-04-25 04:00:00,1.10537,1.10596,1.10515,1.10519,2458.0,,False,5m consistent,1
2023-04-25 06:00:00,1.10495,1.10575,1.10469,1.10525,4383.0,,False,5m consistent,0
2023-04-25 07:00:00,1.10523,1.10524,1.10254,1.10336,7333.0,,False,5m consistent,1
2023-04-25 08:00:00,1.10337,1.10421,1.10262,1.10405,4772.0,,False,5m consistent,0
2023-04-25 09:00:00,1.10406,1.10448,1.10307,1.10311,4134.0,,False,5m consistent,0
2023-04-25 10:00:00,1.10313,1.10367,1.10203,1.10214,3545.0,,False,5m consistent,1
2023-04-25 12:00:00,1.10174,1.10303,1.10149,1.1018,5426.0,,False,5m consistent,0
2023-04-25 13:00:00,1.1018,1.10195,1.09951,1.10005,6623.0,,False,5m consistent,0
2023-04-25 14:00:00,1.10003,1.10046,1.09759,1.09774,8963.0,,False,5m consistent,1
2023-04-25 23:00:00,1.0979,1.09814,1.09737,1.09788,1412.0,,False,5m consistent,1
2023-04-26 00:00:00,1.09788,1.0981,1.09727,1.0979,2467.0,,False,5m consistent,0
2023-04-26 10:00:00,1.10419,1.10635,1.10395,1.1046,5139.0,,False,5m consistent,0
2023-04-26 11:00:00,1.10462,1.10593,1.1032,1.10469,7830.0,,False,5m consistent,1
2023-04-26 13:00:00,1.10545,1.10964,1.1049,1.10859,10404.0,,False,5m consistent,0
2023-04-26 15:00:00,1.10443,1.10576,1.1037,1.10515,6766.0,,False,5m consistent,0
2023-04-26 21:00:00,1.10475,1.10475,1.10413,1.10439,695.0,,False,5m consistent,1
2023-04-27 02:00:00,1.10468,1.10546,1.10436,1.10537,2235.0,,False,5m consistent,1
2023-04-27 05:00:00,1.10515,1.10643,1.10507,1.10604,2989.0,,False,5m consistent,0
2023-04-27 06:00:00,1.10601,1.10625,1.10496,1.10567,3879.0,,False,5m consistent,0
2023-04-27 07:00:00,1.10566,1.10594,1.10407,1.10504,6037.0,,False,5m consistent,1
2023-04-27 08:00:00,1.10503,1.106,1.10421,1.10538,4517.0,,False,5m consistent,0
2023-04-27 10:00:00,1.10386,1.10483,1.10353,1.10455,3671.0,,False,5m consistent,0
2023-04-27 12:00:00,1.10351,1.10591,1.10013,1.10138,10434.0,,False,5m consistent,0
2023-04-28 00:00:00,1.10325,1.10401,1.1031,1.10353,2728.0,,False,5m consistent,0
2023-04-28 01:00:00,1.10353,1.10355,1.10258,1.10276,3695.0,,False,5m consistent,0
2023-04-28 03:00:00,1.10177,1.10222,1.10131,1.10202,3106.0,,False,5m consistent,1
2023-04-28 04:00:00,1.102,1.10228,1.1009,1.10144,4819.0,,False,5m consistent,1
2023-04-28 06:00:00,1.10128,1.10371,1.1007,1.10259,7340.0,,False,5m consistent,0
2023-04-28 07:00:00,1.10247,1.10247,1.09946,1.10097,7406.0,,False,5m consistent,0
2023-04-28 08:00:00,1.10091,1.10107,1.09774,1.09922,7344.0,,False,5m consistent,1
2023-04-28 11:00:00,1.09846,1.09891,1.09733,1.09749,3803.0,,False,5m consistent,1
2023-04-28 13:00:00,1.09852,1.10165,1.09834,1.10022,9597.0,,False,5m consistent,1
2023-04-28 15:00:00,1.10375,1.10457,1.10296,1.10402,8344.0,,False,5m consistent,0
2023-05-01 03:00:00,1.10089,1.10148,1.10062,1.10148,1813.0,,False,5m consistent,0
2023-05-01 05:00:00,1.10067,1.10097,1.10017,1.10067,1780.0,,False,5m consistent,0
2023-05-01 07:00:00,1.09985,1.10067,1.09971,1.10041,3227.0,,False,5m consistent,0
2023-05-01 12:00:00,1.10141,1.10345,1.10085,1.10337,5179.0,,False,5m consistent,0
2023-05-01 13:00:00,1.10336,1.10366,1.10189,1.10196,5050.0,,False,5m consistent,0
2023-05-01 14:00:00,1.10185,1.10185,1.09787,1.09823,9944.0,,False,5m consistent,0
2023-05-01 22:00:00,1.0979,1.0979,1.09743,1.09749,577.0,,False,5m consistent,1
2023-05-02 06:00:00,1.0984,1.09956,1.09838,1.09925,3688.0,,False,5m consistent,0
2023-05-02 07:00:00,1.09923,1.10075,1.09831,1.09865,6195.0,,False,5m consistent,0
2023-05-02 08:00:00,1.09864,1.09875,1.09606,1.09726,6971.0,,False,5m consistent,0
2023-05-02 11:00:00,1.09577,1.09771,1.09576,1.09684,4750.0,,False,5m consistent,1
2023-05-02 12:00:00,1.09684,1.09714,1.09551,1.0956,5288.0,,False,5m consistent,0
2023-05-03 03:00:00,1.10261,1.10307,1.10259,1.10304,1330.0,,False,5m consistent,0
2023-05-03 05:00:00,1.10224,1.10273,1.10191,1.10208,1937.0,,False,5m consistent,1
2023-05-03 09:00:00,1.10401,1.10477,1.10374,1.10411,3517.0,,False,5m consistent,0
2023-05-03 11:00:00,1.10338,1.10445,1.10327,1.10403,3562.0,,False,5m consistent,0
2023-05-03 12:00:00,1.10402,1.10443,1.10244,1.10392,7052.0,,False,5m consistent,1
2023-05-03 17:00:00,1.10477,1.1054,1.10425,1.10523,2964.0,,False,5m consistent,1
2023-05-03 18:00:00,1.10523,1.10929,1.10381,1.1061,18405.0,,False,5m consistent,0
2023-05-04 05:00:00,1.10821,1.10886,1.10805,1.10847,2045.0,,False,5m consistent,0
2023-05-04 06:00:00,1.10848,1.10924,1.10736,1.10761,5282.0,,False,5m consistent,0
2023-05-04 07:00:00,1.10761,1.10776,1.10529,1.10588,6735.0,,False,5m consistent,0
2023-05-04 13:00:00,1.10101,1.10562,1.10036,1.10247,12693.0,,False,5m consistent,0
2023-05-05 01:00:00,1.10259,1.10379,1.10259,1.10363,2431.0,,False,5m consistent,1
2023-05-05 05:00:00,1.10425,1.10471,1.10389,1.10408,2706.0,,False,5m consistent,1
2023-05-05 06:00:00,1.10409,1.10476,1.10308,1.10462,4096.0,,False,5m consistent,0
2023-05-05 10:00:00,1.10279,1.10319,1.10221,1.10257,2701.0,,False,5m consistent,0
2023-05-05 11:00:00,1.10258,1.10267,1.10091,1.10102,3339.0,,False,5m consistent,0
2023-05-05 16:00:00,1.10256,1.10376,1.10219,1.1033,3572.0,,False,5m consistent,0
2023-05-05 18:00:00,1.10123,1.10278,1.10114,1.10272,3291.0,,False,5m consistent,0
2023-05-08 06:00:00,1.10398,1.10513,1.10382,1.1049,2622.0,,False,5m consistent,1
2023-05-08 07:00:00,1.10488,1.10508,1.10391,1.10501,3596.0,,False,5m consistent,0
2023-05-08 08:00:00,1.105,1.10546,1.10367,1.1037,3920.0,,False,5m consistent,0
2023-05-08 10:00:00,1.10367,1.10509,1.10361,1.10487,2693.0,,False,5m consistent,0
2023-05-08 13:00:00,1.10379,1.1045,1.10342,1.10441,4945.0,,False,5m consistent,0
2023-05-08 16:00:00,1.10205,1.10299,1.10195,1.1028,2354.0,,False,5m consistent,0
2023-05-08 17:00:00,1.10282,1.103,1.1014,1.10163,2281.0,,False,5m consistent,0
2023-05-08 22:00:00,1.10065,1.1007,1.10019,1.10022,821.0,,False,5m consistent,0
2023-05-08 23:00:00,1.10025,1.10033,1.09962,1.09975,852.0,,False,5m consistent,0
2023-05-09 03:00:00,1.09914,1.09951,1.09889,1.09946,1570.0,,False,5m consistent,0
2023-05-09 05:00:00,1.09897,1.09952,1.09853,1.0995,2281.0,,False,5m consistent,1
2023-05-09 06:00:00,1.09952,1.10018,1.0988,1.09949,3867.0,,False,5m consistent,0
2023-05-09 09:00:00,1.09795,1.09851,1.09785,1.09849,3505.0,,False,5m consistent,0
2023-05-09 10:00:00,1.09848,1.0985,1.09781,1.09806,3055.0,,False,5m consistent,0
2023-05-09 11:00:00,1.09807,1.09834,1.09597,1.09645,3640.0,,False,5m consistent,0
2023-05-09 12:00:00,1.09643,1.09679,1.09504,1.09509,5780.0,,False,5m consistent,1
2023-05-09 13:00:00,1.09508,1.09643,1.09418,1.09627,7382.0,,False,5m consistent,0
2023-05-09 20:00:00,1.09636,1.09648,1.09603,1.09613,1428.0,,False,5m consistent,0
2023-05-10 04:00:00,1.09768,1.0978,1.09726,1.09726,1230.0,,False,5m consistent,0
2023-05-10 06:00:00,1.09678,1.09759,1.09652,1.09704,3622.0,,False,5m consistent,0
2023-05-10 07:00:00,1.09702,1.09833,1.09637,1.09656,5457.0,,False,5m consistent,0
2023-05-10 09:00:00,1.09526,1.096,1.09485,1.09575,3565.0,,False,5m consistent,0
2023-05-10 10:00:00,1.09576,1.09614,1.09522,1.09555,3033.0,,False,5m consistent,0
2023-05-10 11:00:00,1.09558,1.09558,1.09466,1.09499,3857.0,,False,5m consistent,1
2023-05-10 12:00:00,1.09498,1.10064,1.09422,1.10014,11177.0,,False,5m consistent,0
2023-05-10 13:00:00,1.10015,1.10071,1.0973,1.09864,10979.0,,False,5m consistent,0
2023-05-10 16:00:00,1.0966,1.09762,1.09657,1.09712,3157.0,,False,5m consistent,1
2023-05-11 00:00:00,1.09835,1.09939,1.09832,1.09936,2339.0,,False,5m consistent,0
2023-05-11 01:00:00,1.09935,1.09989,1.09849,1.09854,3093.0,,False,5m consistent,0
2023-05-11 02:00:00,1.09854,1.0986,1.09759,1.09813,2602.0,,False,5m consistent,0
2023-05-11 05:00:00,1.0976,1.09832,1.09751,1.09791,1879.0,,False,5m consistent,0
2023-05-11 07:00:00,1.09317,1.09396,1.09249,1.09308,7644.0,,False,5m consistent,1
2023-05-11 09:00:00,1.09294,1.09353,1.09245,1.09285,4072.0,,False,5m consistent,1
2023-05-11 12:00:00,1.09325,1.09489,1.09267,1.09336,10241.0,,False,5m consistent,0
2023-05-11 16:00:00,1.09163,1.09298,1.09163,1.09259,4134.0,,False,5m consistent,0
2023-05-12 01:00:00,1.09224,1.0925,1.0918,1.0925,2824.0,,False,5m consistent,1
2023-05-12 06:00:00,1.09248,1.09352,1.09204,1.09297,4354.0,,False,5m consistent,1
2023-05-12 08:00:00,1.09081,1.09148,1.09052,1.09144,4523.0,,False,5m consistent,0
2023-05-12 10:00:00,1.09117,1.09155,1.0906,1.09061,2741.0,,False,5m consistent,0
2023-05-12 11:00:00,1.0906,1.09066,1.08899,1.08928,3754.0,,False,5m consistent,0
2023-05-12 12:00:00,1.08928,1.08959,1.0882,1.08876,5178.0,,False,5m consistent,1
2023-05-12 13:00:00,1.08875,1.08952,1.08798,1.08901,6451.0,,False,5m consistent,0
2023-05-12 14:00:00,1.08869,1.08982,1.08623,1.0863,9532.0,,False,5m consistent,0
2023-05-15 01:00:00,1.08542,1.08652,1.08532,1.0864,3017.0,,False,5m consistent,1
2023-05-15 05:00:00,1.08638,1.087,1.08626,1.08683,2350.0,,False,5m consistent,1
2023-05-15 07:00:00,1.08705,1.08779,1.08655,1.08747,4781.0,,False,5m consistent,0
2023-05-15 08:00:00,1.08745,1.0881,1.08667,1.08694,4177.0,,False,5m consistent,0
2023-05-15 12:00:00,1.08782,1.08917,1.08743,1.08798,5827.0,,False,5m consistent,1
2023-05-15 13:00:00,1.08794,1.08827,1.08733,1.08801,5503.0,,False,5m consistent,0
2023-05-16 00:00:00,1.08743,1.08829,1.08743,1.08827,1748.0,,False,5m consistent,0
2023-05-16 01:00:00,1.08827,1.08827,1.08759,1.08784,2183.0,,False,5m consistent,0
2023-05-16 04:00:00,1.08832,1.08843,1.08808,1.08837,1260.0,,False,5m consistent,0
2023-05-16 05:00:00,1.08836,1.08838,1.08709,1.08719,2173.0,,False,5m consistent,0
2023-05-16 10:00:00,1.08944,1.0898,1.08908,1.08959,2642.0,,False,5m consistent,0
2023-05-16 11:00:00,1.08959,1.0898,1.08859,1.08876,3437.0,,False,5m consistent,0
2023-05-16 12:00:00,1.08877,1.08912,1.08688,1.08825,7472.0,,False,5m consistent,1
2023-05-16 13:00:00,1.08823,1.08901,1.08744,1.08757,8073.0,,False,5m consistent,0
2023-05-16 14:00:00,1.08758,1.08768,1.08604,1.08671,7095.0,,False,5m consistent,0
2023-05-16 18:00:00,1.08678,1.08711,1.08651,1.08685,2210.0,,False,5m consistent,0
2023-05-17 00:00:00,1.08665,1.08727,1.08646,1.08714,2458.0,,False,5m consistent,0
2023-05-17 02:00:00,1.08708,1.08745,1.08691,1.08705,3123.0,,False,5m consistent,0
2023-05-17 04:00:00,1.08662,1.08685,1.08638,1.08654,1398.0,,False,5m consistent,0
2023-05-17 06:00:00,1.08538,1.08652,1.08508,1.08546,3655.0,,False,5m consistent,1
2023-05-17 08:00:00,1.08325,1.08489,1.08279,1.083,5071.0,,False,5m consistent,1
2023-05-17 09:00:00,1.08297,1.08332,1.08213,1.08316,4311.0,,False,5m consistent,1
2023-05-17 11:00:00,1.08312,1.08425,1.08256,1.08259,4041.0,,False,5m consistent,0
2023-05-17 12:00:00,1.08258,1.08326,1.08141,1.08247,5414.0,,False,5m consistent,0
2023-05-17 17:00:00,1.08429,1.08499,1.08423,1.08448,3057.0,,False,5m consistent,0
2023-05-18 02:00:00,1.0846,1.08488,1.08445,1.08471,2211.0,,False,5m consistent,0
2023-05-18 03:00:00,1.0847,1.08481,1.08384,1.08406,1615.0,,False,5m consistent,0
2023-05-18 04:00:00,1.08409,1.08413,1.08334,1.08338,1373.0,,False,5m consistent,0
2023-05-18 05:00:00,1.08339,1.08367,1.08276,1.08309,2523.0,,False,5m consistent,0
2023-05-18 06:00:00,1.08311,1.08354,1.08242,1.08268,4067.0,,False,5m consistent,1
2023-05-18 08:00:00,1.08173,1.0823,1.08128,1.08174,4942.0,,False,5m consistent,1
2023-05-18 09:00:00,1.08171,1.08207,1.08081,1.08191,3690.0,,False,5m consistent,0
2023-05-18 10:00:00,1.08189,1.08203,1.08063,1.08161,2826.0,,False,5m consistent,1
2023-05-18 11:00:00,1.08159,1.08188,1.0809,1.08158,2999.0,,False,5m consistent,0
2023-05-18 12:00:00,1.08158,1.08187,1.07861,1.07909,6919.0,,False,5m consistent,0
2023-05-18 13:00:00,1.07908,1.07959,1.07758,1.07787,7287.0,,False,5m consistent,0
2023-05-18 15:00:00,1.07701,1.07792,1.07639,1.07761,5114.0,,False,5m consistent,0
2023-05-19 00:00:00,1.0776,1.07809,1.07733,1.07747,2810.0,,False,5m consistent,0
2023-05-19 02:00:00,1.07642,1.07749,1.07613,1.07729,2730.0,,False,5m consistent,0
2023-05-19 03:00:00,1.07731,1.07732,1.07677,1.07692,1969.0,,False,5m consistent,1
2023-05-19 06:00:00,1.07694,1.07928,1.07677,1.07822,4528.0,,False,5m consistent,0
2023-05-19 07:00:00,1.0782,1.07909,1.07746,1.07783,4919.0,,False,5m consistent,1
2023-05-19 09:00:00,1.07889,1.08052,1.07883,1.08033,4148.0,,False,5m consistent,0
2023-05-19 12:00:00,1.08093,1.08245,1.0806,1.08066,6451.0,,False,5m consistent,0
2023-05-19 13:00:00,1.08062,1.08088,1.07899,1.07958,7012.0,,False,5m consistent,0
2023-05-19 17:00:00,1.08216,1.08296,1.08188,1.08204,3180.0,,False,5m consistent,0
2023-05-19 18:00:00,1.08206,1.08212,1.08086,1.08091,3114.0,,False,5m consistent,1
2023-05-22 04:00:00,1.08216,1.08245,1.08185,1.08192,1668.0,,False,5m consistent,0
2023-05-22 06:00:00,1.08113,1.08251,1.0808,1.08114,4434.0,,False,5m consistent,0
2023-05-22 07:00:00,1.08113,1.08137,1.07962,1.08078,5167.0,,False,5m consistent,1
2023-05-22 10:00:00,1.082,1.08303,1.08181,1.08227,3616.0,,False,5m consistent,1
2023-05-22 12:00:00,1.08225,1.08321,1.08166,1.082,5418.0,,False,5m consistent,0
2023-05-22 13:00:00,1.082,1.08222,1.08093,1.0813,5677.0,,False,5m consistent,1
2023-05-22 18:00:00,1.0819,1.08223,1.08149,1.082,2350.0,,False,5m consistent,0
2023-05-22 22:00:00,1.0815,1.08157,1.08126,1.08136,918.0,,False,5m consistent,1
2023-05-23 00:00:00,1.08114,1.08215,1.08114,1.08127,2235.0,,False,5m consistent,0
2023-05-23 02:00:00,1.0805,1.08112,1.08035,1.08109,2158.0,,False,5m consistent,0
2023-05-23 04:00:00,1.08088,1.08114,1.08066,1.08112,1673.0,,False,5m consistent,0
2023-05-23 06:00:00,1.08082,1.08137,1.08039,1.081,3961.0,,False,5m consistent,0
2023-05-23 07:00:00,1.08099,1.08105,1.07859,1.08045,6691.0,,False,5m consistent,0
2023-05-23 08:00:00,1.08044,1.08089,1.07899,1.0804,5617.0,,False,5m consistent,0
2023-05-23 09:00:00,1.08041,1.08045,1.0781,1.0782,4176.0,,False,5m consistent,0
2023-05-23 11:00:00,1.07784,1.07854,1.07735,1.07735,3917.0,,False,5m consistent,1
2023-05-23 14:00:00,1.07832,1.07964,1.07779,1.07794,8772.0,,False,5m consistent,0
2023-05-23 15:00:00,1.07795,1.07817,1.07716,1.07717,4717.0,,False,5m consistent,1
2023-05-23 18:00:00,1.07785,1.07816,1.0776,1.0777,3716.0,,False,5m consistent,1
2023-05-24 05:00:00,1.07808,1.07871,1.07794,1.07844,2523.0,,False,5m consistent,0
2023-05-24 06:00:00,1.07843,1.07902,1.07771,1.07786,5184.0,,False,5m consistent,1
2023-05-24 07:00:00,1.07784,1.07866,1.0771,1.07846,6140.0,,False,5m consistent,1
2023-05-24 09:00:00,1.07783,1.07827,1.07738,1.07742,3874.0,,False,5m consistent,0
2023-05-24 12:00:00,1.07815,1.08022,1.07792,1.07903,6716.0,,False,5m consistent,0
2023-05-24 13:00:00,1.07903,1.07948,1.07699,1.07702,6867.0,,False,5m consistent,0
2023-05-24 14:00:00,1.077,1.0778,1.07589,1.07633,6886.0,,False,5m consistent,1
2023-05-24 15:00:00,1.07634,1.07656,1.07554,1.07591,5892.0,,False,5m consistent,1
2023-05-24 17:00:00,1.07569,1.07666,1.07545,1.07576,4048.0,,False,5m consistent,1
2023-05-24 21:00:00,1.07534,1.07557,1.07505,1.07514,687.0,,False,5m consistent,1
2023-05-24 23:00:00,1.07555,1.07577,1.07537,1.07565,1100.0,,False,5m consistent,0
2023-05-25 00:00:00,1.07565,1.07567,1.07462,1.07514,3034.0,,False,5m consistent,0
2023-05-25 02:00:00,1.07446,1.07468,1.07408,1.07423,2205.0,,False,5m consistent,0
2023-05-25 05:00:00,1.07348,1.07406,1.07345,1.07405,2267.0,,False,5m consistent,0
2023-05-25 06:00:00,1.07406,1.07448,1.0729,1.07329,4339.0,,False,5m consistent,0
2023-05-25 09:00:00,1.07235,1.07389,1.0723,1.07325,4144.0,,False,5m consistent,1
2023-05-25 11:00:00,1.07236,1.07336,1.07228,1.07336,3903.0,,False,5m consistent,0
2023-05-25 12:00:00,1.07337,1.07411,1.07152,1.07192,9519.0,,False,5m consistent,1
2023-05-25 14:00:00,1.07142,1.07334,1.0714,1.07293,8137.0,,False,5m consistent,0
2023-05-25 15:00:00,1.07293,1.07318,1.07188,1.07249,5844.0,,False,5m consistent,0
2023-05-25 17:00:00,1.07133,1.07287,1.07121,1.07285,2969.0,,False,5m consistent,1
2023-05-26 05:00:00,1.07407,1.07434,1.07372,1.0738,2576.0,,False,5m consistent,0
2023-05-26 07:00:00,1.07301,1.07454,1.07261,1.07414,5610.0,,False,5m consistent,0
2023-05-26 08:00:00,1.07414,1.0742,1.07294,1.07325,4801.0,,False,5m consistent,1
2023-05-26 09:00:00,1.07323,1.07377,1.07264,1.07359,3799.0,,False,5m consistent,1
2023-05-26 12:00:00,1.07537,1.07589,1.07299,1.07428,8156.0,,False,5m consistent,0
2023-05-26 13:00:00,1.07429,1.07513,1.07212,1.07239,7961.0,,False,5m consistent,0
2023-05-29 06:00:00,1.07371,1.07443,1.07365,1.07373,2120.0,,False,5m consistent,0
2023-05-29 07:00:00,1.07375,1.07395,1.07254,1.07289,2935.0,,False,5m consistent,0
2023-05-29 08:00:00,1.0729,1.07301,1.07161,1.07249,2547.0,,False,5m consistent,0
2023-05-29 12:00:00,1.07114,1.07158,1.07106,1.07157,1787.0,,False,5m consistent,0
2023-05-29 20:00:00,1.07099,1.07112,1.07062,1.07101,426.0,,False,5m consistent,0
2023-05-29 21:00:00,1.07167,1.07179,1.07118,1.0712,333.0,,False,5m consistent,0
2023-05-29 22:00:00,1.0713,1.07136,1.07092,1.07105,682.0,,False,5m consistent,1
2023-05-30 02:00:00,1.07241,1.07259,1.07202,1.0722,1858.0,,False,5m consistent,0
2023-05-30 04:00:00,1.07072,1.07095,1.07043,1.07088,1896.0,,False,5m consistent,0
2023-05-30 06:00:00,1.06871,1.06992,1.06856,1.06953,4774.0,,False,5m consistent,0
2023-05-30 08:00:00,1.06908,1.0709,1.06881,1.07053,5330.0,,False,5m consistent,1
2023-05-30 11:00:00,1.07324,1.07454,1.07312,1.07448,4547.0,,False,5m consistent,0
2023-05-30 13:00:00,1.07232,1.07395,1.07194,1.07309,6313.0,,False,5m consistent,1
2023-05-30 14:00:00,1.07308,1.07416,1.07211,1.07283,7896.0,,False,5m consistent,1
2023-05-31 00:00:00,1.07326,1.07365,1.07282,1.0736,2313.0,,False,5m consistent,0
2023-05-31 01:00:00,1.07359,1.07363,1.07127,1.07141,3662.0,,False,5m consistent,0
2023-05-31 02:00:00,1.07141,1.07155,1.07035,1.07054,2913.0,,False,5m consistent,0
2023-05-31 04:00:00,1.06987,1.07018,1.06959,1.0699,1613.0,,False,5m consistent,0
2023-05-31 05:00:00,1.06986,1.06998,1.06859,1.06983,3705.0,,False,5m consistent,0
2023-05-31 06:00:00,1.06987,1.0699,1.06802,1.06856,4858.0,,False,5m consistent,0
2023-05-31 07:00:00,1.06849,1.06852,1.06706,1.0675,6221.0,,False,5m consistent,0
2023-05-31 09:00:00,1.06623,1.06771,1.0661,1.06768,4149.0,,False,5m consistent,1
2023-05-31 13:00:00,1.06816,1.07061,1.0679,1.06925,6624.0,,False,5m consistent,0
2023-05-31 14:00:00,1.06928,1.06929,1.06582,1.06621,12593.0,,False,5m consistent,1
2023-05-31 15:00:00,1.0662,1.0668,1.06517,1.06534,7398.0,,False,5m consistent,0
2023-05-31 23:00:00,1.06942,1.06982,1.06935,1.06941,1495.0,,False,5m consistent,0
2023-06-01 06:00:00,1.06782,1.06862,1.06741,1.0685,4072.0,,False,5m consistent,0
2023-06-01 09:00:00,1.06878,1.07105,1.06835,1.07096,4128.0,,False,5m consistent,1
2023-06-01 11:00:00,1.07097,1.07164,1.07057,1.07067,4040.0,,False,5m consistent,0
2023-06-01 13:00:00,1.07088,1.07319,1.07036,1.07299,8014.0,,False,5m consistent,1
2023-06-02 03:00:00,1.0766,1.077,1.07642,1.07687,1897.0,,False,5m consistent,1
2023-06-02 05:00:00,1.07638,1.0773,1.07627,1.07719,1971.0,,False,5m consistent,1
2023-06-02 06:00:00,1.07724,1.07798,1.07669,1.07716,3345.0,,False,5m consistent,0
2023-06-02 08:00:00,1.07624,1.07778,1.07608,1.0775,3685.0,,False,5m consistent,1
2023-06-02 10:00:00,1.07681,1.07757,1.07662,1.07681,2811.0,,False,5m consistent,0
2023-06-02 12:00:00,1.07583,1.07683,1.07367,1.07481,10445.0,,False,5m consistent,0
2023-06-02 13:00:00,1.07482,1.07717,1.07412,1.07431,8782.0,,False,5m consistent,0
2023-06-02 15:00:00,1.07243,1.07305,1.07182,1.07239,4891.0,,False,5m consistent,0
2023-06-05 04:00:00,1.07033,1.07042,1.06974,1.07006,1619.0,,False,5m consistent,1
2023-06-05 05:00:00,1.07007,1.07046,1.06947,1.07023,2223.0,,False,5m consistent,0
2023-06-05 06:00:00,1.07019,1.07019,1.06901,1.06945,3645.0,,False,5m consistent,0
2023-06-05 08:00:00,1.06908,1.06985,1.06861,1.06968,3514.0,,False,5m consistent,1
2023-06-05 10:00:00,1.06931,1.06956,1.06876,1.06937,2785.0,,False,5m consistent,0
2023-06-05 11:00:00,1.06934,1.06957,1.06856,1.06904,2723.0,,False,5m consistent,0
2023-06-05 14:00:00,1.06925,1.07231,1.06925,1.07116,10997.0,,False,5m consistent,1
2023-06-05 15:00:00,1.07114,1.07214,1.07039,1.07214,4182.0,,False,5m consistent,0
2023-06-05 20:00:00,1.07136,1.07141,1.07105,1.07129,1005.0,,False,5m consistent,0
2023-06-05 22:00:00,1.07155,1.07185,1.07106,1.07144,1039.0,,False,5m consistent,1
2023-06-06 06:00:00,1.07259,1.07337,1.0722,1.07251,4338.0,,False,5m consistent,0
2023-06-06 07:00:00,1.0725,1.07282,1.07079,1.07154,6762.0,,False,5m consistent,0
2023-06-06 08:00:00,1.07156,1.07158,1.06959,1.06999,5542.0,,False,5m consistent,0
2023-06-06 09:00:00,1.07001,1.07019,1.069,1.06929,3660.0,,False,5m consistent,0
2023-06-06 10:00:00,1.0693,1.07004,1.06832,1.06985,4181.0,,False,5m consistent,0
2023-06-06 11:00:00,1.06984,1.07011,1.0677,1.06776,3789.0,,False,5m consistent,1
2023-06-06 15:00:00,1.06913,1.06976,1.06853,1.06952,4745.0,,False,5m consistent,0
2023-06-07 00:00:00,1.06995,1.07052,1.06982,1.07012,2208.0,,False,5m consistent,0
2023-06-07 01:00:00,1.07015,1.07024,1.06937,1.06972,2833.0,,False,5m consistent,0
2023-06-07 04:00:00,1.06934,1.06964,1.069,1.06913,1276.0,,False,5m consistent,0
2023-06-07 05:00:00,1.06912,1.06913,1.0684,1.06859,2159.0,,False,5m consistent,0
2023-06-07 06:00:00,1.06858,1.06871,1.06735,1.06775,3537.0,,False,5m consistent,0
2023-06-07 07:00:00,1.06772,1.06872,1.06691,1.0685,4221.0,,False,5m consistent,1
2023-06-07 11:00:00,1.07157,1.07238,1.07136,1.07162,4070.0,,False,5m consistent,0
2023-06-07 13:00:00,1.07166,1.07394,1.07148,1.0738,5926.0,,False,5m consistent,0
2023-06-07 14:00:00,1.07382,1.07404,1.07037,1.07085,10025.0,,False,5m consistent,0
2023-06-07 15:00:00,1.07085,1.07113,1.06959,1.0702,5273.0,,False,5m consistent,1
2023-06-07 18:00:00,1.06995,1.07041,1.0698,1.07031,2465.0,,False,5m consistent,1
2023-06-08 00:00:00,1.07079,1.07108,1.0707,1.07093,1888.0,,False,5m consistent,1
2023-06-08 06:00:00,1.07113,1.07199,1.07083,1.0712,3185.0,,False,5m consistent,0
2023-06-08 08:00:00,1.07137,1.07307,1.07106,1.07275,3936.0,,False,5m consistent,1
2023-06-08 10:00:00,1.07298,1.07338,1.07268,1.07308,2459.0,,False,5m consistent,1
2023-06-08 16:00:00,1.07796,1.07878,1.07779,1.07855,3476.0,,False,5m consistent,1
2023-06-09 01:00:00,1.07828,1.07858,1.07804,1.07815,2873.0,,False,5m consistent,1
2023-06-09 05:00:00,1.07762,1.07848,1.0776,1.07787,2001.0,,False,5m consistent,1
2023-06-09 06:00:00,1.0779,1.07831,1.07732,1.07796,3189.0,,False,5m consistent,0
2023-06-09 07:00:00,1.07797,1.07806,1.07681,1.07762,4819.0,,False,5m consistent,0
2023-06-09 08:00:00,1.07761,1.07767,1.076,1.07642,4221.0,,False,5m consistent,1
2023-06-09 11:00:00,1.07619,1.07825,1.07608,1.07739,3676.0,,False,5m consistent,0
2023-06-09 12:00:00,1.07741,1.07848,1.07641,1.07679,6265.0,,False,5m consistent,1
2023-06-09 13:00:00,1.07678,1.07759,1.07621,1.07716,6405.0,,False,5m consistent,0
2023-06-09 14:00:00,1.07715,1.07741,1.07544,1.07574,6426.0,,False,5m consistent,0
2023-06-09 18:00:00,1.07494,1.07515,1.07466,1.07505,1831.0,,False,5m consistent,1
2023-06-12 00:00:00,1.0751,1.07512,1.07451,1.07461,1525.0,,False,5m consistent,0
2023-06-12 06:00:00,1.075,1.07547,1.07462,1.07499,2513.0,,False,5m consistent,1
2023-06-12 09:00:00,1.07787,1.07909,1.07753,1.07861,3945.0,,False,5m consistent,0
2023-06-12 10:00:00,1.07863,1.07883,1.07681,1.07733,4294.0,,False,5m consistent,0
2023-06-12 12:00:00,1.07636,1.07722,1.07613,1.07669,4390.0,,False,5m consistent,0
2023-06-12 13:00:00,1.0767,1.07723,1.07438,1.07538,6050.0,,False,5m consistent,1
2023-06-13 07:00:00,1.07933,1.08082,1.07933,1.08004,5354.0,,False,5m consistent,1
2023-06-13 08:00:00,1.08,1.08089,1.07947,1.08083,4042.0,,False,5m consistent,1
2023-06-13 09:00:00,1.08084,1.08115,1.08013,1.08064,3796.0,,False,5m consistent,0
2023-06-13 12:00:00,1.07954,1.08245,1.07863,1.0815,10730.0,,False,5m consistent,0
2023-06-13 13:00:00,1.08152,1.08186,1.07928,1.07947,9474.0,,False,5m consistent,0
2023-06-13 14:00:00,1.07946,1.08086,1.0779,1.08026,8237.0,,False,5m consistent,0
2023-06-13 16:00:00,1.07917,1.08044,1.07909,1.08031,3629.0,,False,5m consistent,0
2023-06-13 20:00:00,1.07922,1.07942,1.07913,1.07942,942.0,,False,5m consistent,1
2023-06-14 02:00:00,1.07948,1.07969,1.07911,1.07966,1806.0,,False,5m consistent,0
2023-06-14 03:00:00,1.07967,1.07968,1.07893,1.07906,1413.0,,False,5m consistent,0
2023-06-14 04:00:00,1.07908,1.07928,1.07854,1.07906,1330.0,,False,5m consistent,0
2023-06-14 14:00:00,1.08457,1.08571,1.08421,1.08565,5439.0,,False,5m consistent,1
2023-06-14 16:00:00,1.08585,1.0865,1.0856,1.08631,2980.0,,False,5m consistent,0
2023-06-14 17:00:00,1.08632,1.08636,1.0853,1.08575,3091.0,,False,5m consistent,0
2023-06-14 18:00:00,1.08568,1.08568,1.08021,1.0835,18227.0,,False,5m consistent,1
2023-06-15 00:00:00,1.08436,1.08453,1.08378,1.0839,1854.0,,False,5m consistent,0
2023-06-15 05:00:00,1.08123,1.08243,1.08066,1.08193,3253.0,,False,5m consistent,0
2023-06-15 09:00:00,1.08335,1.08485,1.0832,1.08483,3711.0,,False,5m consistent,0
2023-06-15 10:00:00,1.08485,1.08496,1.08351,1.0843,3357.0,,False,5m consistent,0
2023-06-16 01:00:00,1.09429,1.09492,1.09407,1.09441,2404.0,,False,5m consistent,1
2023-06-16 06:00:00,1.09406,1.09632,1.09401,1.09479,4570.0,,False,5m consistent,0
2023-06-16 08:00:00,1.09431,1.09544,1.09389,1.09512,4326.0,,False,5m consistent,1
2023-06-16 11:00:00,1.09486,1.09667,1.09475,1.09612,3986.0,,False,5m consistent,0
2023-06-16 12:00:00,1.09609,1.09715,1.09482,1.09516,5286.0,,False,5m consistent,1
2023-06-16 13:00:00,1.09517,1.0959,1.09431,1.09545,6387.0,,False,5m consistent,1
2023-06-16 18:00:00,1.094,1.09463,1.09381,1.09453,2660.0,,False,5m consistent,1
2023-06-19 05:00:00,1.09354,1.09422,1.09325,1.0941,2376.0,,False,5m consistent,0
2023-06-19 08:00:00,1.09302,1.09395,1.09278,1.09302,3580.0,,False,5m consistent,0
2023-06-19 12:00:00,1.0922,1.09302,1.09202,1.09268,3064.0,,False,5m consistent,0
2023-06-19 13:00:00,1.09267,1.09269,1.09176,1.09191,3076.0,,False,5m consistent,1
2023-06-19 15:00:00,1.09237,1.09297,1.09219,1.09226,2291.0,,False,5m consistent,1
2023-06-19 23:00:00,1.09236,1.09256,1.09198,1.09244,773.0,,False,5m consistent,0
2023-06-20 00:00:00,1.09243,1.09269,1.09178,1.09212,2398.0,,False,5m consistent,0
2023-06-20 03:00:00,1.09231,1.09246,1.09198,1.09206,1874.0,,False,5m consistent,0
2023-06-20 05:00:00,1.09145,1.0927,1.09125,1.0927,2716.0,,False,5m consistent,1
2023-06-20 06:00:00,1.09269,1.09331,1.09203,1.09224,3739.0,,False,5m consistent,1
2023-06-20 07:00:00,1.09221,1.0947,1.0916,1.09447,5426.0,,False,5m consistent,0
2023-06-20 08:00:00,1.09444,1.09456,1.09324,1.09386,4555.0,,False,5m consistent,0
2023-06-20 10:00:00,1.09256,1.09351,1.09255,1.09289,3261.0,,False,5m consistent,1
2023-06-20 11:00:00,1.09289,1.09329,1.09227,1.09295,3690.0,,False,5m consistent,0
2023-06-20 12:00:00,1.09296,1.09366,1.09127,1.09201,5568.0,,False,5m consistent,0
2023-06-20 13:00:00,1.09198,1.09253,1.0907,1.09174,6724.0,,False,5m consistent,0
2023-06-20 18:00:00,1.09164,1.09183,1.09122,1.09178,2476.0,,False,5m consistent,1
2023-06-20 23:00:00,1.09204,1.09232,1.09192,1.09207,911.0,,False,5m consistent,0
2023-06-21 04:00:00,1.09158,1.09203,1.09147,1.09169,1986.0,,False,5m consistent,0
2023-06-21 05:00:00,1.09172,1.09183,1.0911,1.09131,2213.0,,False,5m consistent,1
2023-06-21 08:00:00,1.09134,1.09345,1.09101,1.09256,5357.0,,False,5m consistent,1
2023-06-21 11:00:00,1.09193,1.09276,1.09171,1.09252,3790.0,,False,5m consistent,0
2023-06-21 12:00:00,1.09249,1.09265,1.09088,1.09259,6407.0,,False,5m consistent,0
2023-06-21 14:00:00,1.09272,1.09648,1.09237,1.09553,9290.0,,False,5m consistent,1
2023-06-22 03:00:00,1.09942,1.09953,1.09919,1.09937,1369.0,,False,5m consistent,0
2023-06-22 05:00:00,1.09881,1.09913,1.09856,1.09866,2340.0,,False,5m consistent,1
2023-06-22 07:00:00,1.09835,1.10009,1.09805,1.09951,5906.0,,False,5m consistent,1
2023-06-22 10:00:00,1.10027,1.1009,1.1001,1.10054,3409.0,,False,5m consistent,0
2023-06-22 11:00:00,1.10054,1.10127,1.09887,1.09899,7577.0,,False,5m consistent,1
2023-06-22 12:00:00,1.09897,1.10028,1.09811,1.09833,6763.0,,False,5m consistent,0
2023-06-22 13:00:00,1.0983,1.09859,1.09689,1.09821,8027.0,,False,5m consistent,0
2023-06-23 00:00:00,1.09562,1.09594,1.09535,1.09561,2421.0,,False,5m consistent,0
2023-06-23 01:00:00,1.0956,1.0957,1.09467,1.09476,3171.0,,False,5m consistent,0
2023-06-23 03:00:00,1.09392,1.09413,1.09355,1.09365,1910.0,,False,5m consistent,0
2023-06-23 04:00:00,1.09364,1.09379,1.09296,1.09339,2371.0,,False,5m consistent,0
2023-06-23 05:00:00,1.09339,1.09349,1.0928,1.09334,2785.0,,False,5m consistent,0
2023-06-23 06:00:00,1.09332,1.09341,1.0921,1.09239,3838.0,,False,5m consistent,0
2023-06-23 07:00:00,1.09236,1.09268,1.08547,1.08699,10445.0,,False,5m consistent,1
2023-06-26 03:00:00,1.09056,1.09102,1.09046,1.09069,1898.0,,False,5m consistent,1
2023-06-26 05:00:00,1.09031,1.09108,1.09031,1.09077,2069.0,,False,5m consistent,0
2023-06-26 06:00:00,1.09077,1.09119,1.08984,1.0904,3759.0,,False,5m consistent,0
2023-06-26 07:00:00,1.09041,1.09094,1.08963,1.09031,5821.0,,False,5m consistent,0
2023-06-26 12:00:00,1.09186,1.09209,1.09149,1.0918,3388.0,,False,5m consistent,0
2023-06-26 13:00:00,1.09181,1.0921,1.09087,1.09134,4741.0,,False,5m consistent,1
2023-06-26 15:00:00,1.09091,1.09185,1.09061,1.09101,4201.0,,False,5m consistent,1
2023-06-26 18:00:00,1.09109,1.09161,1.09092,1.09156,2107.0,,False,5m consistent,0
2023-06-26 23:00:00,1.09119,1.09121,1.09083,1.09106,937.0,,False,5m consistent,1
2023-06-27 01:00:00,1.09054,1.0936,1.09045,1.09247,4151.0,,False,5m consistent,1
2023-06-27 04:00:00,1.09274,1.09296,1.09238,1.0924,1977.0,,False,5m consistent,1
2023-06-27 08:00:00,1.09401,1.09446,1.09354,1.09403,4876.0,,False,5m consistent,0
2023-06-27 10:00:00,1.09417,1.09535,1.09392,1.09522,3343.0,,False,5m consistent,1
2023-06-27 13:00:00,1.09662,1.09775,1.09623,1.09669,7054.0,,False,5m consistent,0
2023-06-28 00:00:00,1.09583,1.09623,1.09535,1.09555,2794.0,,False,5m consistent,0
2023-06-28 03:00:00,1.09499,1.09553,1.09494,1.09518,1719.0,,False,5m consistent,1
2023-06-28 05:00:00,1.09495,1.09555,1.09476,1.09542,2124.0,,False,5m consistent,0
2023-06-28 07:00:00,1.0939,1.09577,1.0939,1.09535,4658.0,,False,5m consistent,1
2023-06-28 08:00:00,1.09537,1.09613,1.0946,1.09537,5462.0,,False,5m consistent,1
2023-06-28 10:00:00,1.09484,1.09631,1.0946,1.09551,3559.0,,False,5m consistent,0
2023-06-28 11:00:00,1.09548,1.09564,1.09384,1.09412,4060.0,,False,5m consistent,0
2023-06-28 13:00:00,1.09284,1.09451,1.09244,1.09353,8283.0,,False,5m consistent,0
2023-06-28 18:00:00,1.09157,1.09246,1.09157,1.09231,2455.0,,False,5m consistent,0
2023-06-28 23:00:00,1.09148,1.09196,1.09147,1.09159,960.0,,False,5m consistent,0
2023-06-29 01:00:00,1.09078,1.09155,1.09067,1.09072,3449.0,,False,5m consistent,0
2023-06-29 03:00:00,1.08942,1.08965,1.08912,1.08937,1908.0,,False,5m consistent,0
2023-06-29 11:00:00,1.09285,1.09407,1.09265,1.09394,3069.0,,False,5m consistent,0
2023-06-29 12:00:00,1.09394,1.09421,1.08741,1.08817,8945.0,,False,5m consistent,1
2023-06-29 14:00:00,1.087,1.08947,1.08698,1.08903,9367.0,,False,5m consistent,0
2023-06-29 15:00:00,1.08901,1.08975,1.08795,1.08811,5652.0,,False,5m consistent,0
2023-06-30 00:00:00,1.08684,1.08748,1.08643,1.0873,2473.0,,False,5m consistent,0
2023-06-30 05:00:00,1.08708,1.08763,1.08678,1.08705,2393.0,,False,5m consistent,0
2023-06-30 06:00:00,1.08702,1.08706,1.08575,1.08648,4246.0,,False,5m consistent,1
2023-06-30 07:00:00,1.08645,1.08701,1.08542,1.08572,5038.0,,False,5m consistent,0
2023-06-30 16:00:00,1.09197,1.09233,1.09127,1.09191,4251.0,,False,5m consistent,0
2023-07-03 04:00:00,1.09135,1.0919,1.09132,1.09182,1697.0,,False,5m consistent,0
2023-07-03 05:00:00,1.09182,1.0919,1.09038,1.0904,2161.0,,False,5m consistent,0
2023-07-03 06:00:00,1.09041,1.09077,1.08889,1.0891,4367.0,,False,5m consistent,0
2023-07-03 08:00:00,1.08762,1.08899,1.08738,1.0887,4087.0,,False,5m consistent,1
2023-07-03 09:00:00,1.08871,1.08927,1.08768,1.08908,3688.0,,False,5m consistent,1
2023-07-03 13:00:00,1.09097,1.09213,1.09051,1.09147,5749.0,,False,5m consistent,0
2023-07-03 16:00:00,1.09186,1.09221,1.09143,1.09165,2806.0,,False,5m consistent,1
2023-07-04 01:00:00,1.09109,1.09173,1.09089,1.09117,1826.0,,False,5m consistent,0
2023-07-04 04:00:00,1.09053,1.09065,1.09012,1.09014,1962.0,,False,5m consistent,1
2023-07-04 06:00:00,1.08968,1.09156,1.08962,1.09156,2830.0,,False,5m consistent,0
2023-07-04 07:00:00,1.09155,1.09155,1.08969,1.09037,3601.0,,False,5m consistent,0
2023-07-04 10:00:00,1.08992,1.09046,1.08961,1.08968,2166.0,,False,5m consistent,1
2023-07-04 14:00:00,1.09006,1.09083,1.08991,1.09027,2484.0,,False,5m consistent,0
2023-07-04 15:00:00,1.09026,1.09034,1.08972,1.09019,2016.0,,False,5m consistent,0
2023-07-04 17:00:00,1.08953,1.0898,1.08938,1.08947,603.0,,False,5m consistent,0
2023-07-04 18:00:00,1.08945,1.08969,1.08877,1.0888,502.0,,False,5m consistent,0
2023-07-04 19:00:00,1.08881,1.08885,1.08816,1.08843,983.0,,False,5m consistent,1
2023-07-04 20:00:00,1.08843,1.08846,1.08776,1.08789,734.0,,False,5m consistent,0
2023-07-05 00:00:00,1.08832,1.08917,1.08832,1.08875,1851.0,,False,5m consistent,0
2023-07-05 04:00:00,1.08783,1.08784,1.08759,1.08766,1229.0,,False,5m consistent,0
2023-07-05 05:00:00,1.08765,1.08848,1.08684,1.08821,2126.0,,False,5m consistent,0
2023-07-05 07:00:00,1.08834,1.09087,1.08832,1.08876,5954.0,,False,5m consistent,0
2023-07-05 08:00:00,1.08873,1.08951,1.08671,1.08888,6108.0,,False,5m consistent,0
2023-07-05 09:00:00,1.08887,1.08965,1.08762,1.0895,3960.0,,False,5m consistent,0
2023-07-05 12:00:00,1.08798,1.09028,1.08764,1.08949,4878.0,,False,5m consistent,0
2023-07-05 13:00:00,1.08953,1.09021,1.08864,1.08924,6061.0,,False,5m consistent,0
2023-07-05 14:00:00,1.08927,1.08959,1.08678,1.08745,7667.0,,False,5m consistent,0
2023-07-05 15:00:00,1.08744,1.08779,1.08655,1.08678,4863.0,,False,5m consistent,0
2023-07-05 17:00:00,1.08616,1.08647,1.0859,1.08614,2825.0,,False,5m consistent,0
2023-07-05 20:00:00,1.08559,1.08564,1.08538,1.08543,1162.0,,False,5m consistent,0
2023-07-05 21:00:00,1.08624,1.08624,1.08553,1.08593,535.0,,False,5m consistent,0
2023-07-05 23:00:00,1.08539,1.08573,1.08528,1.08561,624.0,,False,5m consistent,0
2023-07-06 00:00:00,1.08562,1.08569,1.08471,1.08497,2164.0,,False,5m consistent,1
2023-07-06 02:00:00,1.08508,1.08545,1.08467,1.08479,2059.0,,False,5m consistent,0
2023-07-06 03:00:00,1.08477,1.08478,1.08405,1.08409,2086.0,,False,5m consistent,1
2023-07-06 06:00:00,1.08563,1.08701,1.08541,1.08679,4481.0,,False,5m consistent,0
2023-07-06 07:00:00,1.0868,1.0876,1.0853,1.08565,6083.0,,False,5m consistent,0
2023-07-06 11:00:00,1.08877,1.08987,1.08841,1.0896,4677.0,,False,5m consistent,0
2023-07-06 13:00:00,1.08749,1.08885,1.0868,1.08843,8705.0,,False,5m consistent,0
2023-07-06 14:00:00,1.08796,1.08797,1.08343,1.08688,11703.0,,False,5m consistent,1
2023-07-06 23:00:00,1.08922,1.08956,1.08904,1.08904,1020.0,,False,5m consistent,1
2023-07-07 05:00:00,1.0892,1.0897,1.08872,1.08882,2348.0,,False,5m consistent,1
2023-07-07 06:00:00,1.08884,1.09012,1.0882,1.08839,3778.0,,False,5m consistent,0
2023-07-07 07:00:00,1.08837,1.08917,1.08723,1.0877,5880.0,,False,5m consistent,1
2023-07-07 08:00:00,1.08769,1.08818,1.08678,1.08787,4368.0,,False,5m consistent,1
2023-07-07 11:00:00,1.08932,1.08979,1.08884,1.08884,3557.0,,False,5m consistent,0
2023-07-07 12:00:00,1.08887,1.09323,1.08753,1.09125,12297.0,,False,5m consistent,0
2023-07-10 02:00:00,1.09613,1.09642,1.09571,1.09615,2975.0,,False,5m consistent,0
2023-07-10 04:00:00,1.09568,1.09589,1.09536,1.09539,2174.0,,False,5m consistent,1
2023-07-10 09:00:00,1.09654,1.09741,1.09617,1.09627,3552.0,,False,5m consistent,0
2023-07-10 11:00:00,1.09604,1.0963,1.09541,1.09547,3290.0,,False,5m consistent,1
2023-07-10 15:00:00,1.09757,1.09936,1.09757,1.09907,4769.0,,False,5m consistent,1
2023-07-11 02:00:00,1.10104,1.1021,1.1007,1.10197,3067.0,,False,5m consistent,1
2023-07-11 04:00:00,1.10182,1.1021,1.10159,1.10207,2055.0,,False,5m consistent,0
2023-07-11 06:00:00,1.10082,1.10281,1.1008,1.10221,5040.0,,False,5m consistent,0
2023-07-11 07:00:00,1.10221,1.10238,1.10084,1.1009,4831.0,,False,5m consistent,0
2023-07-11 08:00:00,1.10088,1.10163,1.1003,1.10037,3718.0,,False,5m consistent,1
2023-07-11 10:00:00,1.10073,1.10135,1.10048,1.10068,2910.0,,False,5m consistent,0
2023-07-11 11:00:00,1.10066,1.10071,1.09837,1.09847,3094.0,,False,5m consistent,1
2023-07-11 13:00:00,1.09826,1.09946,1.09803,1.0988,5551.0,,False,5m consistent,1
2023-07-11 17:00:00,1.10035,1.10101,1.1003,1.10075,1926.0,,False,5m consistent,1
2023-07-12 04:00:00,1.10306,1.10377,1.10302,1.10372,1935.0,,False,5m consistent,0
2023-07-12 05:00:00,1.10371,1.10372,1.10262,1.10268,3010.0,,False,5m consistent,1
2023-07-12 07:00:00,1.10237,1.10308,1.10226,1.10282,4299.0,,False,5m consistent,0
2023-07-12 09:00:00,1.10228,1.10288,1.10191,1.10257,2722.0,,False,5m consistent,0
2023-07-12 10:00:00,1.10255,1.10261,1.10193,1.10231,2480.0,,False,5m consistent,1
2023-07-12 13:00:00,1.1059,1.11015,1.10572,1.10987,10043.0,,False,5m consistent,1
2023-07-12 14:00:00,1.1098,1.11242,1.10897,1.11211,8738.0,,False,5m consistent,1
2023-07-12 20:00:00,1.11377,1.11389,1.11315,1.11325,1578.0,,False,5m consistent,1
2023-07-13 04:00:00,1.11465,1.11495,1.11415,1.11418,2066.0,,False,5m consistent,0
2023-07-13 06:00:00,1.11318,1.11509,1.11317,1.11493,5503.0,,False,5m consistent,1
2023-07-13 09:00:00,1.11618,1.11754,1.11559,1.11737,3963.0,,False,5m consistent,0
2023-07-13 11:00:00,1.11723,1.11788,1.11692,1.11752,3422.0,,False,5m consistent,1
2023-07-13 13:00:00,1.11806,1.11959,1.1177,1.1195,8285.0,,False,5m consistent,0
2023-07-13 14:00:00,1.11952,1.11969,1.11814,1.11968,6749.0,,False,5m consistent,1
2023-07-13 23:00:00,1.12255,1.12289,1.12224,1.12243,1508.0,,False,5m consistent,1
2023-07-14 03:00:00,1.12364,1.1244,1.12345,1.12421,2746.0,,False,5m consistent,0
2023-07-14 04:00:00,1.12419,1.12419,1.12336,1.12338,2314.0,,False,5m consistent,0
2023-07-14 05:00:00,1.12341,1.12362,1.12192,1.12201,3269.0,,False,5m consistent,0
2023-07-14 06:00:00,1.12206,1.12266,1.12065,1.12109,4784.0,,False,5m consistent,1
2023-07-14 09:00:00,1.1232,1.12459,1.12271,1.12274,3820.0,,False,5m consistent,1
2023-07-14 11:00:00,1.12212,1.12351,1.12201,1.1225,3533.0,,False,5m consistent,0
2023-07-14 12:00:00,1.12251,1.12279,1.1211,1.12265,5975.0,,False,5m consistent,1
2023-07-14 13:00:00,1.12267,1.12448,1.12183,1.12409,5956.0,,False,5m consistent,0
2023-07-14 16:00:00,1.12362,1.12439,1.12338,1.12402,2843.0,,False,5m consistent,0
2023-07-14 18:00:00,1.12349,1.12375,1.12322,1.12348,2574.0,,False,5m consistent,0
2023-07-17 00:00:00,1.12283,1.12305,1.1224,1.12253,1941.0,,False,5m consistent,1
2023-07-17 05:00:00,1.1228,1.12356,1.1223,1.12334,2449.0,,False,5m consistent,0
2023-07-17 07:00:00,1.12343,1.12459,1.12305,1.12457,4201.0,,False,5m consistent,1
2023-07-17 09:00:00,1.12387,1.12456,1.12356,1.12443,4361.0,,False,5m consistent,0
2023-07-17 11:00:00,1.12321,1.12386,1.12299,1.12346,3792.0,,False,5m consistent,0
2023-07-17 12:00:00,1.12346,1.1238,1.12215,1.12362,6874.0,,False,5m consistent,0
2023-07-17 19:00:00,1.12439,1.1247,1.12422,1.12445,2083.0,,False,5m consistent,0
2023-07-18 05:00:00,1.12527,1.12649,1.12502,1.12508,2696.0,,False,5m consistent,0
2023-07-18 07:00:00,1.12569,1.12765,1.12441,1.12545,7651.0,,False,5m consistent,0
2023-07-18 10:00:00,1.12499,1.12609,1.12478,1.12584,3974.0,,False,5m consistent,0
2023-07-18 12:00:00,1.12542,1.1271,1.12239,1.12406,11034.0,,False,5m consistent,1
2023-07-18 14:00:00,1.12271,1.12409,1.12257,1.12375,9229.0,,False,5m consistent,0
2023-07-18 15:00:00,1.12379,1.12464,1.1222,1.12233,5904.0,,False,5m consistent,1
2023-07-19 00:00:00,1.12293,1.12337,1.1228,1.12304,3585.0,,False,5m consistent,0
2023-07-19 01:00:00,1.12305,1.12321,1.12224,1.1226,4428.0,,False,5m consistent,1
2023-07-19 03:00:00,1.12226,1.12277,1.1221,1.12271,2811.0,,False,5m consistent,1
2023-07-19 05:00:00,1.12224,1.12365,1.12211,1.12359,3050.0,,False,5m consistent,0
2023-07-19 09:00:00,1.12332,1.12409,1.12264,1.12303,4710.0,,False,5m consistent,0
2023-07-19 13:00:00,1.12181,1.12255,1.1214,1.12144,7220.0,,False,5m consistent,0
2023-07-19 15:00:00,1.11914,1.12002,1.11903,1.11948,5533.0,,False,5m consistent,1
2023-07-20 02:00:00,1.12269,1.123,1.12219,1.12259,3773.0,,False,5m consistent,0
2023-07-20 03:00:00,1.12261,1.12282,1.12195,1.12266,3181.0,,False,5m consistent,0
2023-07-20 04:00:00,1.12268,1.12277,1.12209,1.1222,2153.0,,False,5m consistent,0
2023-07-20 05:00:00,1.12222,1.1224,1.12142,1.12178,3730.0,,False,5m consistent,0
2023-07-20 09:00:00,1.12092,1.12152,1.12057,1.12129,4236.0,,False,5m consistent,1
2023-07-20 11:00:00,1.12047,1.12137,1.11995,1.12078,4203.0,,False,5m consistent,0
2023-07-20 12:00:00,1.12078,1.12078,1.11778,1.11836,8644.0,,False,5m consistent,1
2023-07-20 13:00:00,1.11831,1.11888,1.11729,1.11844,7487.0,,False,5m consistent,0
2023-07-20 14:00:00,1.11848,1.11896,1.11414,1.11477,8977.0,,False,5m consistent,0
2023-07-20 15:00:00,1.11478,1.11532,1.11326,1.11356,4781.0,,False,5m consistent,0
2023-07-21 00:00:00,1.11352,1.1139,1.11306,1.11385,2635.0,,False,5m consistent,1
2023-07-21 04:00:00,1.11371,1.11408,1.11354,1.11405,1830.0,,False,5m consistent,1
2023-07-21 05:00:00,1.11407,1.11446,1.11345,1.11441,2945.0,,False,5m consistent,0
2023-07-21 06:00:00,1.1144,1.11458,1.1136,1.11438,4596.0,,False,5m consistent,0
2023-07-21 07:00:00,1.11438,1.11456,1.11256,1.11287,7022.0,,False,5m consistent,1
2023-07-21 08:00:00,1.11284,1.11387,1.11221,1.11291,6320.0,,False,5m consistent,1
2023-07-21 09:00:00,1.1129,1.1133,1.11231,1.11288,5329.0,,False,5m consistent,1
2023-07-21 10:00:00,1.11287,1.11299,1.11211,1.11263,3953.0,,False,5m consistent,1
2023-07-21 12:00:00,1.1119,1.11352,1.1119,1.11291,6113.0,,False,5m consistent,0
2023-07-21 13:00:00,1.1129,1.11389,1.11125,1.11196,7022.0,,False,5m consistent,1
2023-07-24 00:00:00,1.11253,1.11337,1.11236,1.11307,2921.0,,False,5m consistent,0
2023-07-24 03:00:00,1.11274,1.11301,1.11256,1.11264,2869.0,,False,5m consistent,1
2023-07-24 05:00:00,1.11209,1.11332,1.11195,1.11326,3081.0,,False,5m consistent,1
2023-07-24 07:00:00,1.11366,1.11478,1.10755,1.1082,10050.0,,False,5m consistent,0
2023-07-24 11:00:00,1.10926,1.111,1.10886,1.10982,4524.0,,False,5m consistent,0
2023-07-24 12:00:00,1.10981,1.11007,1.10832,1.10885,4996.0,,False,5m consistent,1
2023-07-24 13:00:00,1.10888,1.11052,1.10753,1.10857,8163.0,,False,5m consistent,0
2023-07-24 15:00:00,1.10799,1.10853,1.10719,1.10829,4334.0,,False,5m consistent,0
2023-07-24 16:00:00,1.1083,1.10841,1.10725,1.10821,4012.0,,False,5m consistent,0
2023-07-24 18:00:00,1.10759,1.10759,1.1068,1.10715,2389.0,,False,5m consistent,1
2023-07-25 03:00:00,1.10817,1.10818,1.10767,1.10792,1995.0,,False,5m consistent,1
2023-07-25 06:00:00,1.1077,1.10879,1.10727,1.10807,4744.0,,False,5m consistent,1
2023-07-25 07:00:00,1.10804,1.10855,1.10708,1.10721,5631.0,,False,5m consistent,0
2023-07-25 08:00:00,1.10719,1.10721,1.10536,1.10655,6305.0,,False,5m consistent,0
2023-07-25 11:00:00,1.10457,1.10511,1.104,1.10503,4031.0,,False,5m consistent,0
2023-07-25 12:00:00,1.10501,1.1054,1.10432,1.10495,3848.0,,False,5m consistent,0
2023-07-25 13:00:00,1.10496,1.10508,1.10263,1.10396,5765.0,,False,5m consistent,0
2023-07-25 15:00:00,1.10454,1.10542,1.10431,1.105,3504.0,,False,5m consistent,0
2023-07-25 21:00:00,1.10573,1.10593,1.10551,1.10591,584.0,,False,5m consistent,0
2023-07-25 23:00:00,1.10523,1.10536,1.10496,1.10511,1658.0,,False,5m consistent,0
2023-07-26 00:00:00,1.10511,1.10541,1.10448,1.10467,3251.0,,False,5m consistent,1
2023-07-26 05:00:00,1.1049,1.10639,1.10485,1.1063,3021.0,,False,5m consistent,1
2023-07-26 06:00:00,1.10628,1.10719,1.10576,1.10643,5276.0,,False,5m consistent,1
2023-07-26 08:00:00,1.10701,1.10785,1.10673,1.10762,4678.0,,False,5m consistent,1
2023-07-26 10:00:00,1.10758,1.10872,1.1074,1.10828,4035.0,,False,5m consistent,0
2023-07-26 12:00:00,1.10634,1.10715,1.10581,1.10691,5190.0,,False,5m consistent,1
2023-07-26 13:00:00,1.10689,1.10741,1.10583,1.10661,6383.0,,False,5m consistent,1
2023-07-26 15:00:00,1.10644,1.10806,1.10623,1.10776,4844.0,,False,5m consistent,0
2023-07-26 16:00:00,1.10773,1.10833,1.10692,1.10726,2888.0,,False,5m consistent,0
2023-07-26 18:00:00,1.10592,1.11057,1.10574,1.11049,18753.0,,False,5m consistent,0
2023-07-26 19:00:00,1.11048,1.11078,1.10791,1.10973,11233.0,,False,5m consistent,0
2023-07-27 04:00:00,1.11013,1.11087,1.10969,1.10969,2911.0,,False,5m consistent,1
2023-07-27 08:00:00,1.11294,1.11403,1.11252,1.11399,5157.0,,False,5m consistent,1
2023-07-27 11:00:00,1.11383,1.11419,1.1132,1.11394,3995.0,,False,5m consistent,0
2023-07-27 13:00:00,1.10603,1.10662,1.09924,1.10092,15891.0,,False,5m consistent,0
2023-07-27 17:00:00,1.09916,1.10113,1.09878,1.09996,10762.0,,False,5m consistent,0
2023-07-28 02:00:00,1.09831,1.09868,1.09783,1.09837,3712.0,,False,5m consistent,1
2023-07-28 03:00:00,1.09839,1.09894,1.09723,1.09776,10177.0,,False,5m consistent,0
2023-07-28 04:00:00,1.09775,1.09797,1.09606,1.09737,8410.0,,False,5m consistent,0
2023-07-28 05:00:00,1.09739,1.09875,1.09499,1.09872,7702.0,,False,5m consistent,1
2023-07-28 06:00:00,1.09867,1.09922,1.09693,1.09721,8814.0,,False,5m consistent,0
2023-07-28 12:00:00,1.10103,1.10347,1.10042,1.10102,9890.0,,False,5m consistent,1
2023-07-28 14:00:00,1.10187,1.10483,1.10181,1.10365,9035.0,,False,5m consistent,1
2023-07-28 15:00:00,1.10364,1.10407,1.10228,1.10391,5608.0,,False,5m consistent,0
2023-07-31 07:00:00,1.10116,1.10298,1.10116,1.10207,6446.0,,False,5m consistent,1
2023-07-31 08:00:00,1.10207,1.10369,1.10123,1.10348,6090.0,,False,5m consistent,1
2023-07-31 10:00:00,1.10335,1.1041,1.10299,1.10375,3794.0,,False,5m consistent,0
2023-07-31 11:00:00,1.10374,1.10374,1.10239,1.10275,3807.0,,False,5m consistent,1
2023-07-31 12:00:00,1.1028,1.10395,1.10196,1.10291,5418.0,,False,5m consistent,1
2023-07-31 13:00:00,1.10293,1.10465,1.10156,1.10384,7253.0,,False,5m consistent,0
2023-07-31 14:00:00,1.10384,1.10467,1.10231,1.1026,8167.0,,False,5m consistent,1
2023-07-31 15:00:00,1.10258,1.10305,1.10129,1.10194,5537.0,,False,5m consistent,0
2023-07-31 23:00:00,1.10022,1.10022,1.09975,1.09977,1464.0,,False,5m consistent,0
2023-08-01 05:00:00,1.09912,1.10001,1.09876,1.09996,3529.0,,False,5m consistent,0
2023-08-01 06:00:00,1.09996,1.10012,1.09893,1.09957,4031.0,,False,5m consistent,0
2023-08-01 07:00:00,1.09952,1.09957,1.0971,1.09806,6173.0,,False,5m consistent,0
2023-08-01 08:00:00,1.09806,1.09876,1.09717,1.09756,5052.0,,False,5m consistent,1
2023-08-01 10:00:00,1.09762,1.09855,1.09703,1.0983,4141.0,,False,5m consistent,0
2023-08-01 11:00:00,1.09829,1.09831,1.09747,1.09764,4072.0,,False,5m consistent,0
2023-08-01 13:00:00,1.09575,1.09791,1.09568,1.09744,6259.0,,False,5m consistent,0
2023-08-01 14:00:00,1.09751,1.099,1.09617,1.09791,10194.0,,False,5m consistent,0
2023-08-01 16:00:00,1.0971,1.0979,1.0969,1.0973,3036.0,,False,5m consistent,1
2023-08-01 21:00:00,1.09853,1.10225,1.09853,1.10214,3116.0,,False,5m consistent,0
2023-08-01 23:00:00,1.10103,1.10177,1.10054,1.10085,2672.0,,False,5m consistent,0
2023-08-02 01:00:00,1.0997,1.10083,1.09919,1.09923,4562.0,,False,5m consistent,1
2023-08-02 05:00:00,1.09902,1.10016,1.09897,1.09952,4709.0,,False,5m consistent,0
2023-08-02 06:00:00,1.09954,1.09971,1.09821,1.09906,5298.0,,False,5m consistent,1
2023-08-02 07:00:00,1.09908,1.09981,1.09823,1.09908,7200.0,,False,5m consistent,0
2023-08-02 08:00:00,1.0991,1.09936,1.09768,1.09849,7198.0,,False,5m consistent,0
2023-08-02 09:00:00,1.0985,1.09858,1.09772,1.09814,5246.0,,False,5m consistent,0
2023-08-02 11:00:00,1.09797,1.0981,1.09735,1.09794,4658.0,,False,5m consistent,1
2023-08-02 12:00:00,1.09793,1.09881,1.09582,1.09606,9043.0,,False,5m consistent,0
2023-08-02 13:00:00,1.09604,1.09688,1.09508,1.09509,7460.0,,False,5m consistent,0
2023-08-02 18:00:00,1.0947,1.09505,1.09415,1.09439,2820.0,,False,5m consistent,1
2023-08-02 23:00:00,1.09457,1.09467,1.09434,1.09444,1137.0,,False,5m consistent,1
2023-08-03 01:00:00,1.09406,1.09501,1.09385,1.09449,4108.0,,False,5m consistent,0
2023-08-03 03:00:00,1.0936,1.0936,1.09312,1.09356,2666.0,,False,5m consistent,0
2023-08-03 05:00:00,1.0924,1.09417,1.092,1.09407,4065.0,,False,5m consistent,0
2023-08-03 06:00:00,1.09396,1.09442,1.09212,1.09224,6098.0,,False,5m consistent,1
2023-08-03 07:00:00,1.09223,1.09288,1.09147,1.09198,8454.0,,False,5m consistent,1
2023-08-03 09:00:00,1.09254,1.09393,1.09245,1.09326,5307.0,,False,5m consistent,1
2023-08-03 10:00:00,1.09327,1.09366,1.09224,1.09351,4377.0,,False,5m consistent,1
2023-08-03 12:00:00,1.09356,1.09573,1.09229,1.09389,10175.0,,False,5m consistent,0
2023-08-03 16:00:00,1.09473,1.09637,1.09455,1.09561,4315.0,,False,5m consistent,0
2023-08-04 05:00:00,1.09512,1.09593,1.09487,1.0953,3873.0,,False,5m consistent,0
2023-08-04 07:00:00,1.09489,1.09553,1.09449,1.09485,5455.0,,False,5m consistent,0
2023-08-04 10:00:00,1.09456,1.09497,1.094,1.09453,3338.0,,False,5m consistent,1
2023-08-04 13:00:00,1.09892,1.10308,1.09871,1.10131,12643.0,,False,5m consistent,1
2023-08-04 17:00:00,1.10349,1.10399,1.10286,1.10292,2731.0,,False,5m consistent,0
2023-08-07 00:00:00,1.10032,1.10128,1.10014,1.10109,3221.0,,False,5m consistent,0
2023-08-07 04:00:00,1.09964,1.0998,1.09926,1.09973,2344.0,,False,5m consistent,0
2023-08-07 05:00:00,1.09974,1.09983,1.09828,1.09841,3409.0,,False,5m consistent,1
2023-08-07 07:00:00,1.09809,1.09958,1.09771,1.09935,5363.0,,False,5m consistent,0
2023-08-07 08:00:00,1.09933,1.09933,1.09743,1.09754,4315.0,,False,5m consistent,1
2023-08-07 23:00:00,1.10027,1.1006,1.10025,1.10035,857.0,,False,5m consistent,0
2023-08-08 00:00:00,1.10037,1.10063,1.09906,1.09928,3191.0,,False,5m consistent,0
2023-08-08 02:00:00,1.09802,1.09905,1.09774,1.09892,4082.0,,False,5m consistent,1
2023-08-08 05:00:00,1.09933,1.10001,1.09906,1.10001,3272.0,,False,5m consistent,1
2023-08-08 06:00:00,1.10006,1.10122,1.09944,1.09984,5370.0,,False,5m consistent,0
2023-08-08 08:00:00,1.09794,1.09881,1.09756,1.09863,4910.0,,False,5m consistent,0
2023-08-08 09:00:00,1.09864,1.09873,1.09678,1.09717,5024.0,,False,5m consistent,0
2023-08-08 10:00:00,1.09715,1.09728,1.09527,1.09544,4952.0,,False,5m consistent,0
2023-08-08 12:00:00,1.09421,1.09519,1.09356,1.0944,6783.0,,False,5m consistent,0
2023-08-08 13:00:00,1.09438,1.09569,1.0934,1.09389,7500.0,,False,5m consistent,1
2023-08-08 17:00:00,1.0949,1.09619,1.09485,1.09605,3495.0,,False,5m consistent,1
2023-08-09 05:00:00,1.09677,1.09801,1.09677,1.09777,3575.0,,False,5m consistent,1
2023-08-09 07:00:00,1.09736,1.09857,1.09715,1.0985,5724.0,,False,5m consistent,0
2023-08-09 08:00:00,1.09848,1.09897,1.09747,1.09846,4232.0,,False,5m consistent,0
2023-08-09 10:00:00,1.09796,1.0982,1.09755,1.09772,3808.0,,False,5m consistent,0
2023-08-09 11:00:00,1.09772,1.09819,1.09703,1.09708,4170.0,,False,5m consistent,1
2023-08-09 12:00:00,1.09709,1.09827,1.0963,1.09824,6271.0,,False,5m consistent,0
2023-08-09 14:00:00,1.09813,1.09963,1.09774,1.09837,7768.0,,False,5m consistent,1
2023-08-09 20:00:00,1.09744,1.09759,1.09719,1.09744,1307.0,,False,5m consistent,0
2023-08-09 23:00:00,1.09778,1.09785,1.09762,1.0978,912.0,,False,5m consistent,0
2023-08-10 10:00:00,1.10216,1.10288,1.10199,1.10285,2843.0,,False,5m consistent,0
2023-08-10 11:00:00,1.10287,1.10305,1.10153,1.10175,3484.0,,False,5m consistent,1
2023-08-10 12:00:00,1.10176,1.10662,1.10115,1.10427,13087.0,,False,5m consistent,1
2023-08-10 13:00:00,1.10423,1.10465,1.10085,1.10404,11724.0,,False,5m consistent,0
2023-08-10 14:00:00,1.10404,1.10448,1.10131,1.10194,10067.0,,False,5m consistent,0
2023-08-10 16:00:00,1.1016,1.10202,1.10109,1.10142,4055.0,,False,5m consistent,0
2023-08-10 18:00:00,1.09809,1.09937,1.0979,1.09915,5764.0,,False,5m consistent,1
2023-08-11 01:00:00,1.09892,1.09989,1.09879,1.09954,3370.0,,False,5m consistent,1
2023-08-11 08:00:00,1.09935,1.1004,1.0991,1.10004,4571.0,,False,5m consistent,0
2023-08-11 12:00:00,1.0998,1.10059,1.09667,1.09689,9557.0,,False,5m consistent,1
2023-08-11 14:00:00,1.09635,1.09849,1.09588,1.0973,11289.0,,False,5m consistent,0
2023-08-11 15:00:00,1.09732,1.09765,1.09517,1.0957,5068.0,,False,5m consistent,0
2023-08-14 05:00:00,1.09366,1.09414,1.09333,1.09381,3775.0,,False,5m consistent,1
2023-08-14 10:00:00,1.09507,1.09539,1.09458,1.09458,3942.0,,False,5m consistent,0
2023-08-14 11:00:00,1.09456,1.09468,1.09374,1.094,4097.0,,False,5m consistent,0
2023-08-14 12:00:00,1.09397,1.0942,1.09028,1.09065,7723.0,,False,5m consistent,0
2023-08-14 16:00:00,1.09213,1.09367,1.09209,1.09291,4091.0,,False,5m consistent,0
2023-08-14 17:00:00,1.09291,1.09319,1.0916,1.0918,2798.0,,False,5m consistent,0
2023-08-14 20:00:00,1.09036,1.09086,1.09036,1.09081,1598.0,,False,5m consistent,0
2023-08-15 00:00:00,1.09087,1.09105,1.09024,1.09083,2441.0,,False,5m consistent,1
2023-08-15 06:00:00,1.09137,1.09271,1.09109,1.09243,5954.0,,False,5m consistent,1
2023-08-15 08:00:00,1.0924,1.09352,1.09187,1.09292,5616.0,,False,5m consistent,1
2023-08-15 09:00:00,1.09292,1.09457,1.09221,1.09412,4828.0,,False,5m consistent,0
2023-08-15 10:00:00,1.09409,1.09438,1.09336,1.09356,4884.0,,False,5m consistent,0
2023-08-15 11:00:00,1.09356,1.09371,1.09274,1.09301,3891.0,,False,5m consistent,0
2023-08-15 13:00:00,1.09226,1.09532,1.09177,1.0941,11404.0,,False,5m consistent,0
2023-08-15 14:00:00,1.09412,1.09482,1.09248,1.09417,9595.0,,False,5m consistent,0
2023-08-15 15:00:00,1.09419,1.09454,1.09241,1.09277,5844.0,,False,5m consistent,0
2023-08-15 17:00:00,1.09187,1.09218,1.09167,1.09184,3607.0,,False,5m consistent,0
2023-08-15 20:00:00,1.09065,1.09066,1.09031,1.09054,1267.0,,False,5m consistent,0
2023-08-16 08:00:00,1.09238,1.09354,1.09234,1.0929,4897.0,,False,5m consistent,0
2023-08-16 09:00:00,1.09288,1.09335,1.09216,1.09272,4009.0,,False,5m consistent,0
2023-08-16 10:00:00,1.09274,1.09277,1.09167,1.09191,3739.0,,False,5m consistent,0
2023-08-16 11:00:00,1.09192,1.09204,1.09074,1.09139,3967.0,,False,5m consistent,1
2023-08-16 12:00:00,1.09138,1.0919,1.09031,1.09031,6258.0,,False,5m consistent,1
2023-08-16 13:00:00,1.09028,1.09241,1.08967,1.09096,9374.0,,False,5m consistent,0
2023-08-16 14:00:00,1.09094,1.09244,1.08971,1.09075,8467.0,,False,5m consistent,0
2023-08-16 15:00:00,1.09074,1.09133,1.08973,1.09038,4941.0,,False,5m consistent,0
2023-08-16 17:00:00,1.08877,1.08941,1.08845,1.08941,3664.0,,False,5m consistent,0
2023-08-16 18:00:00,1.08922,1.09013,1.0878,1.08815,7868.0,,False,5m consistent,1
2023-08-16 20:00:00,1.08753,1.08807,1.08751,1.08799,1462.0,,False,5m consistent,0
2023-08-16 23:00:00,1.088,1.08809,1.08742,1.08753,1400.0,,False,5m consistent,0
2023-08-17 00:00:00,1.08753,1.08758,1.08672,1.08705,3520.0,,False,5m consistent,1
2023-08-17 04:00:00,1.08649,1.08701,1.08638,1.08694,2500.0,,False,5m consistent,1
2023-08-17 06:00:00,1.08745,1.08875,1.08709,1.08844,4935.0,,False,5m consistent,0
2023-08-17 07:00:00,1.08841,1.08864,1.0876,1.08814,5953.0,,False,5m consistent,0
2023-08-17 08:00:00,1.08813,1.08847,1.08705,1.08739,4383.0,,False,5m consistent,1
2023-08-17 11:00:00,1.08845,1.08965,1.08822,1.08955,4646.0,,False,5m consistent,1
2023-08-17 12:00:00,1.08955,1.09193,1.08882,1.09072,9126.0,,False,5m consistent,0
2023-08-17 13:00:00,1.09072,1.09187,1.08984,1.09004,8977.0,,False,5m consistent,0
2023-08-17 14:00:00,1.09002,1.09007,1.08852,1.08902,7666.0,,False,5m consistent,0
2023-08-17 16:00:00,1.08748,1.08905,1.08692,1.08787,4509.0,,False,5m consistent,0
2023-08-18 03:00:00,1.08889,1.08899,1.08832,1.0887,2933.0,,False,5m consistent,0
2023-08-18 04:00:00,1.08872,1.08888,1.08811,1.08833,2847.0,,False,5m consistent,1
2023-08-18 05:00:00,1.08833,1.08858,1.08767,1.0884,3452.0,,False,5m consistent,0
2023-08-18 06:00:00,1.08844,1.08882,1.08717,1.08728,4471.0,,False,5m consistent,1
2023-08-18 07:00:00,1.08724,1.08791,1.08653,1.0874,4837.0,,False,5m consistent,0
2023-08-18 09:00:00,1.08681,1.08739,1.08632,1.08694,3405.0,,False,5m consistent,0
2023-08-18 11:00:00,1.0864,1.08715,1.0861,1.08638,3202.0,,False,5m consistent,0
2023-08-21 00:00:00,1.08755,1.08851,1.08752,1.08806,2182.0,,False,5m consistent,1
2023-08-21 05:00:00,1.08821,1.08883,1.08794,1.08824,2480.0,,False,5m consistent,1
2023-08-21 07:00:00,1.08783,1.08895,1.08732,1.08893,5265.0,,False,5m consistent,1
2023-08-21 09:00:00,1.08869,1.09056,1.08863,1.09023,3754.0,,False,5m consistent,1
2023-08-21 11:00:00,1.08996,1.09146,1.0899,1.09101,3817.0,,False,5m consistent,0
2023-08-21 12:00:00,1.09101,1.09139,1.08945,1.08993,4987.0,,False,5m consistent,0
2023-08-21 13:00:00,1.08993,1.0901,1.08811,1.08881,6791.0,,False,5m consistent,0
2023-08-22 03:00:00,1.09085,1.09168,1.09067,1.09159,2455.0,,False,5m consistent,0
2023-08-22 07:00:00,1.09188,1.09311,1.0918,1.09264,4097.0,,False,5m consistent,0
2023-08-22 08:00:00,1.09267,1.09294,1.09075,1.09107,3642.0,,False,5m consistent,0
2023-08-22 09:00:00,1.09108,1.09134,1.0899,1.09075,3342.0,,False,5m consistent,0
2023-08-22 10:00:00,1.09078,1.09111,1.08863,1.08876,2987.0,,False,5m consistent,1
2023-08-22 11:00:00,1.08874,1.08915,1.08813,1.08857,2505.0,,False,5m consistent,0
2023-08-22 12:00:00,1.08859,1.08915,1.08657,1.08668,5543.0,,False,5m consistent,0
2023-08-22 13:00:00,1.08667,1.08721,1.0842,1.0845,6529.0,,False,5m consistent,1
2023-08-22 18:00:00,1.08532,1.08561,1.08513,1.08531,1889.0,,False,5m consistent,0
2023-08-22 20:00:00,1.08464,1.08498,1.08461,1.0847,1037.0,,False,5m consistent,0
2023-08-23 05:00:00,1.08618,1.08641,1.08592,1.08631,2504.0,,False,5m consistent,0
2023-08-23 06:00:00,1.08628,1.08655,1.08529,1.08622,3776.0,,False,5m consistent,0
2023-08-23 08:00:00,1.08191,1.08312,1.08163,1.08197,6867.0,,False,5m consistent,0
2023-08-23 11:00:00,1.08081,1.08192,1.08047,1.08119,3189.0,,False,5m consistent,1
2023-08-23 17:00:00,1.08636,1.0871,1.08604,1.08654,3113.0,,False,5m consistent,1
2023-08-24 00:00:00,1.08665,1.08761,1.08642,1.08705,2120.0,,False,5m consistent,0
2023-08-24 05:00:00,1.08706,1.08775,1.08697,1.08717,2575.0,,False,5m consistent,0
2023-08-24 08:00:00,1.0857,1.08653,1.08559,1.08628,3881.0,,False,5m consistent,0
2023-08-24 10:00:00,1.08494,1.08573,1.08473,1.08556,2802.0,,False,5m consistent,0
2023-08-24 11:00:00,1.08556,1.08596,1.08425,1.08429,3304.0,,False,5m consistent,0
2023-08-24 13:00:00,1.08221,1.0845,1.08211,1.08429,6321.0,,False,5m consistent,1
2023-08-24 14:00:00,1.08428,1.08497,1.08359,1.084,8222.0,,False,5m consistent,0
2023-08-24 15:00:00,1.08401,1.08415,1.08234,1.08264,4926.0,,False,5m consistent,0
2023-08-24 16:00:00,1.08261,1.08286,1.08188,1.08221,3039.0,,False,5m consistent,0
2023-08-24 17:00:00,1.08222,1.08248,1.08145,1.08166,2602.0,,False,5m consistent,0
2023-08-24 21:00:00,1.08121,1.08176,1.08119,1.08147,454.0,,False,5m consistent,0
2023-08-24 22:00:00,1.08142,1.08142,1.08074,1.08083,976.0,,False,5m consistent,0
2023-08-24 23:00:00,1.08082,1.08083,1.07937,1.07999,1371.0,,False,5m consistent,0
2023-08-25 00:00:00,1.08,1.08052,1.07941,1.07953,2189.0,,False,5m consistent,0
2023-08-25 01:00:00,1.07955,1.07961,1.07881,1.079,2911.0,,False,5m consistent,0
2023-08-25 02:00:00,1.07898,1.07904,1.07836,1.07869,2441.0,,False,5m consistent,1
2023-08-25 05:00:00,1.07831,1.07925,1.07792,1.0791,2579.0,,False,5m consistent,0
2023-08-25 06:00:00,1.07906,1.07918,1.07807,1.07818,3972.0,,False,5m consistent,0
2023-08-25 12:00:00,1.08034,1.08182,1.08011,1.08136,3920.0,,False,5m consistent,0
2023-08-25 19:00:00,1.0808,1.08117,1.08004,1.08036,2474.0,,False,5m consistent,0
2023-08-28 06:00:00,1.08109,1.082,1.08108,1.08169,2651.0,,False,5m consistent,0
2023-08-28 07:00:00,1.0817,1.08217,1.08085,1.08096,3180.0,,False,5m consistent,1
2023-08-28 10:00:00,1.08086,1.08231,1.08066,1.08126,3302.0,,False,5m consistent,0
2023-08-28 12:00:00,1.08051,1.08122,1.08032,1.0811,4557.0,,False,5m consistent,0
2023-08-28 13:00:00,1.08112,1.08141,1.08001,1.08081,5388.0,,False,5m consistent,1
2023-08-29 01:00:00,1.08246,1.08378,1.08242,1.08356,3109.0,,False,5m consistent,1
2023-08-29 03:00:00,1.08366,1.08392,1.08339,1.08371,1837.0,,False,5m consistent,0
2023-08-29 05:00:00,1.08249,1.0827,1.08217,1.08227,2135.0,,False,5m consistent,0
2023-08-29 07:00:00,1.08096,1.08305,1.08096,1.08212,3896.0,,False,5m consistent,0
2023-08-29 09:00:00,1.08109,1.08169,1.08063,1.08143,3166.0,,False,5m consistent,0
2023-08-29 11:00:00,1.08073,1.0813,1.08045,1.08051,3235.0,,False,5m consistent,0
2023-08-29 12:00:00,1.0805,1.08072,1.07869,1.07933,4956.0,,False,5m consistent,0
2023-08-29 17:00:00,1.08637,1.08778,1.08634,1.08742,3938.0,,False,5m consistent,1
2023-08-29 22:00:00,1.088,1.08859,1.08796,1.08855,674.0,,False,5m consistent,0
2023-08-30 03:00:00,1.0868,1.08702,1.08675,1.08699,1694.0,,False,5m consistent,0
2023-08-30 06:00:00,1.08678,1.08776,1.08655,1.08702,4041.0,,False,5m consistent,0
2023-08-30 07:00:00,1.08701,1.08744,1.08595,1.08657,4630.0,,False,5m consistent,1
2023-08-30 09:00:00,1.08684,1.08946,1.08669,1.08897,3728.0,,False,5m consistent,0
2023-08-30 10:00:00,1.08899,1.08924,1.08807,1.08913,3001.0,,False,5m consistent,0
2023-08-30 12:00:00,1.08796,1.09267,1.08753,1.09221,10419.0,,False,5m consistent,1
2023-08-30 13:00:00,1.09219,1.09464,1.09139,1.09458,8203.0,,False,5m consistent,0
2023-08-30 20:00:00,1.09225,1.09249,1.09217,1.09242,832.0,,False,5m consistent,1
2023-08-31 01:00:00,1.09337,1.09405,1.09285,1.09296,2880.0,,False,5m consistent,0
2023-08-31 05:00:00,1.09194,1.09211,1.09176,1.09187,2025.0,,False,5m consistent,1
2023-08-31 06:00:00,1.09187,1.09255,1.09075,1.0908,3896.0,,False,5m consistent,0
2023-08-31 07:00:00,1.09081,1.09098,1.08908,1.08936,5472.0,,False,5m consistent,0
2023-08-31 09:00:00,1.0879,1.08819,1.08654,1.08751,4939.0,,False,5m consistent,0
2023-08-31 10:00:00,1.08749,1.08775,1.08637,1.08739,3335.0,,False,5m consistent,0
2023-08-31 12:00:00,1.08692,1.0886,1.08661,1.08752,8089.0,,False,5m consistent,0
2023-08-31 13:00:00,1.08754,1.08757,1.0841,1.08502,8128.0,,False,5m consistent,1
2023-08-31 14:00:00,1.08502,1.08574,1.0841,1.08557,8025.0,,False,5m consistent,1
2023-08-31 23:00:00,1.08427,1.08461,1.08427,1.08434,831.0,,False,5m consistent,1
2023-09-01 05:00:00,1.08473,1.08495,1.08447,1.08467,1573.0,,False,5m consistent,0
2023-09-01 07:00:00,1.08504,1.08605,1.08456,1.08567,5138.0,,False,5m consistent,0
2023-09-01 09:00:00,1.08492,1.08567,1.08486,1.08502,2759.0,,False,5m consistent,0
2023-09-01 10:00:00,1.08504,1.08511,1.08445,1.08467,2729.0,,False,5m consistent,0
2023-09-01 12:00:00,1.0834,1.08829,1.08333,1.08647,10842.0,,False,5m consistent,0
2023-09-01 13:00:00,1.08649,1.0882,1.08434,1.08545,12285.0,,False,5m consistent,0
2023-09-01 14:00:00,1.08526,1.08526,1.08048,1.08091,13527.0,,False,5m consistent,0
2023-09-01 17:00:00,1.07848,1.07901,1.07827,1.07852,1396.0,,False,5m consistent,0
2023-09-04 13:00:00,1.07982,1.08063,1.0796,1.07967,2150.0,,False,5m consistent,0
2023-09-04 15:00:00,1.07851,1.08005,1.07844,1.07997,1702.0,,False,5m consistent,0
2023-09-04 20:00:00,1.07948,1.07978,1.07948,1.07976,322.0,,False,5m consistent,0
2023-09-05 00:00:00,1.0792,1.07947,1.07895,1.0794,1580.0,,False,5m consistent,0
2023-09-05 01:00:00,1.07943,1.07993,1.07859,1.07896,2387.0,,False,5m consistent,0
2023-09-05 02:00:00,1.07896,1.07897,1.07842,1.07882,2307.0,,False,5m consistent,0
2023-09-05 04:00:00,1.07896,1.07948,1.07876,1.07931,1623.0,,False,5m consistent,0
2023-09-05 05:00:00,1.07933,1.07945,1.07827,1.07867,2263.0,,False,5m consistent,0
2023-09-05 06:00:00,1.07866,1.07872,1.07587,1.07674,4522.0,,False,5m consistent,0
2023-09-05 07:00:00,1.07676,1.07727,1.07552,1.07573,5181.0,,False,5m consistent,0
2023-09-05 09:00:00,1.07492,1.07579,1.07454,1.07492,3503.0,,False,5m consistent,0
2023-09-05 10:00:00,1.07488,1.07501,1.07392,1.07402,2854.0,,False,5m consistent,0
2023-09-05 11:00:00,1.07403,1.07406,1.073,1.07333,3353.0,,False,5m consistent,0
2023-09-05 12:00:00,1.07333,1.0749,1.07173,1.07448,7490.0,,False,5m consistent,1
2023-09-05 13:00:00,1.07451,1.07496,1.07266,1.07301,8619.0,,False,5m consistent,0
2023-09-05 16:00:00,1.07272,1.07329,1.07245,1.07304,2878.0,,False,5m consistent,1
2023-09-05 23:00:00,1.0727,1.07291,1.07247,1.07254,1276.0,,False,5m consistent,0
2023-09-06 00:00:00,1.07257,1.07271,1.0716,1.07201,2319.0,,False,5m consistent,1
2023-09-06 05:00:00,1.07369,1.07397,1.07337,1.0739,2779.0,,False,5m consistent,0
2023-09-06 06:00:00,1.07388,1.07405,1.07283,1.07323,3984.0,,False,5m consistent,1
2023-09-06 08:00:00,1.07297,1.07385,1.07254,1.0735,3787.0,,False,5m consistent,1
2023-09-06 11:00:00,1.07395,1.07498,1.07391,1.07448,3120.0,,False,5m consistent,0
2023-09-06 12:00:00,1.07447,1.07465,1.0735,1.07377,4329.0,,False,5m consistent,0
2023-09-06 13:00:00,1.07374,1.07411,1.07262,1.07397,6721.0,,False,5m consistent,0
2023-09-07 01:00:00,1.07228,1.07319,1.07209,1.07317,2605.0,,False,5m consistent,0
2023-09-07 03:00:00,1.07289,1.07328,1.07256,1.07308,1567.0,,False,5m consistent,0
2023-09-07 06:00:00,1.07199,1.07265,1.07156,1.07176,3146.0,,False,5m consistent,0
2023-09-07 07:00:00,1.07175,1.07206,1.07091,1.07167,4446.0,,False,5m consistent,0
2023-09-07 09:00:00,1.07112,1.07187,1.07079,1.07154,3504.0,,False,5m consistent,0
2023-09-07 11:00:00,1.0707,1.07142,1.07038,1.07061,2504.0,,False,5m consistent,0
2023-09-07 14:00:00,1.06926,1.07109,1.06872,1.07039,5842.0,,False,5m consistent,1
2023-09-07 20:00:00,1.06958,1.06997,1.06957,1.06968,927.0,,False,5m consistent,1
2023-09-08 00:00:00,1.06986,1.0716,1.0698,1.07148,2864.0,,False,5m consistent,0
2023-09-08 05:00:00,1.07146,1.0727,1.07143,1.07251,1781.0,,False,5m consistent,0
2023-09-08 06:00:00,1.07242,1.07289,1.07151,1.07162,3354.0,,False,5m consistent,0
2023-09-08 08:00:00,1.07095,1.07184,1.07085,1.07125,3946.0,,False,5m consistent,0
2023-09-08 09:00:00,1.07123,1.07124,1.07,1.07041,3843.0,,False,5m consistent,0
2023-09-08 10:00:00,1.07043,1.07057,1.06974,1.07014,2656.0,,False,5m consistent,1
2023-09-08 13:00:00,1.07033,1.07271,1.07003,1.0727,5431.0,,False,5m consistent,0
2023-09-08 14:00:00,1.07277,1.07446,1.0715,1.07163,5529.0,,False,5m consistent,0
2023-09-08 15:00:00,1.07162,1.07182,1.07075,1.07097,3798.0,,False,5m consistent,0
2023-09-08 17:00:00,1.07053,1.07116,1.07035,1.07065,2714.0,,False,5m consistent,0
2023-09-11 04:00:00,1.07238,1.07386,1.07225,1.07361,2906.0,,False,5m consistent,0
2023-09-11 06:00:00,1.07298,1.07364,1.0725,1.07339,3637.0,,False,5m consistent,0
2023-09-11 09:00:00,1.07295,1.07352,1.07245,1.07334,3026.0,,False,5m consistent,0
2023-09-11 10:00:00,1.07335,1.07349,1.07272,1.07329,3214.0,,False,5m consistent,0
2023-09-11 16:00:00,1.07435,1.07587,1.07435,1.0752,2707.0,,False,5m consistent,1
2023-09-11 23:00:00,1.07508,1.07518,1.07483,1.07484,606.0,,False,5m consistent,1
2023-09-12 00:00:00,1.07483,1.07487,1.07431,1.07448,1744.0,,False,5m consistent,1
2023-09-12 02:00:00,1.07417,1.07521,1.07399,1.07519,2627.0,,False,5m consistent,0
2023-09-12 03:00:00,1.07517,1.0752,1.07452,1.07472,1523.0,,False,5m consistent,0
2023-09-12 05:00:00,1.07397,1.07417,1.07363,1.07371,1945.0,,False,5m consistent,0
2023-09-12 06:00:00,1.07373,1.07418,1.07313,1.07331,3349.0,,False,5m consistent,0
2023-09-12 09:00:00,1.07151,1.0727,1.07142,1.07235,3130.0,,False,5m consistent,0
2023-09-12 10:00:00,1.07233,1.07253,1.07129,1.07169,2342.0,,False,5m consistent,1
2023-09-12 11:00:00,1.0717,1.07194,1.07093,1.07187,3176.0,,False,5m consistent,0
2023-09-12 13:00:00,1.07079,1.07198,1.07063,1.07182,5218.0,,False,5m consistent,1
2023-09-13 01:00:00,1.07602,1.07657,1.07563,1.07584,3150.0,,False,5m consistent,0
2023-09-13 04:00:00,1.07479,1.07545,1.07469,1.07531,1497.0,,False,5m consistent,0
2023-09-13 05:00:00,1.0753,1.07555,1.07427,1.07453,2156.0,,False,5m consistent,0
2023-09-13 06:00:00,1.07454,1.07481,1.07356,1.0739,4297.0,,False,5m consistent,1
2023-09-13 07:00:00,1.07392,1.07498,1.07319,1.07445,4562.0,,False,5m consistent,0
2023-09-13 08:00:00,1.07442,1.07456,1.07323,1.0736,4270.0,,False,5m consistent,1
2023-09-13 10:00:00,1.07306,1.0739,1.07294,1.07385,2839.0,,False,5m consistent,1
2023-09-13 11:00:00,1.07386,1.07417,1.07311,1.07374,3052.0,,False,5m consistent,1
2023-09-13 12:00:00,1.07373,1.07623,1.0712,1.07485,13017.0,,False,5m consistent,0
2023-09-13 13:00:00,1.07487,1.07567,1.07302,1.07394,10224.0,,False,5m consistent,1
2023-09-13 17:00:00,1.07415,1.07501,1.0738,1.07457,3026.0,,False,5m consistent,0
2023-09-14 05:00:00,1.07481,1.0753,1.0747,1.07485,2031.0,,False,5m consistent,0
2023-09-14 06:00:00,1.07487,1.07496,1.07417,1.07435,2361.0,,False,5m consistent,0
2023-09-14 08:00:00,1.07343,1.07412,1.0733,1.07349,3525.0,,False,5m consistent,0
2023-09-14 12:00:00,1.07313,1.075,1.06563,1.06778,16232.0,,False,5m consistent,1
2023-09-14 13:00:00,1.06775,1.06983,1.06614,1.06653,13817.0,,False,5m consistent,1
2023-09-14 15:00:00,1.06648,1.06764,1.0657,1.06597,4646.0,,False,5m consistent,0
2023-09-14 16:00:00,1.06597,1.06639,1.06461,1.06494,3841.0,,False,5m consistent,0
2023-09-14 22:00:00,1.0644,1.06448,1.064,1.06433,619.0,,False,5m consistent,1
2023-09-15 00:00:00,1.06359,1.06445,1.06351,1.06431,2444.0,,False,5m consistent,1
2023-09-15 06:00:00,1.06571,1.06684,1.06527,1.06615,4680.0,,False,5m consistent,0
2023-09-15 09:00:00,1.06663,1.06703,1.06615,1.06637,2612.0,,False,5m consistent,0
2023-09-15 11:00:00,1.06567,1.06604,1.06539,1.06555,2750.0,,False,5m consistent,1
2023-09-15 17:00:00,1.06734,1.06772,1.06689,1.06725,2819.0,,False,5m consistent,0
2023-09-18 00:00:00,1.06689,1.06727,1.06683,1.06723,1559.0,,False,5m consistent,0
2023-09-18 05:00:00,1.06697,1.0674,1.0669,1.06698,1350.0,,False,5m consistent,0
2023-09-18 07:00:00,1.06591,1.06668,1.06587,1.06631,3900.0,,False,5m consistent,1
2023-09-18 09:00:00,1.06647,1.0675,1.06628,1.06737,2726.0,,False,5m consistent,0
2023-09-18 10:00:00,1.06736,1.06758,1.0668,1.06687,2489.0,,False,5m consistent,0
2023-09-18 11:00:00,1.06685,1.06712,1.06631,1.06642,2214.0,,False,5m consistent,1
2023-09-18 15:00:00,1.06759,1.06996,1.06749,1.06946,3512.0,,False,5m consistent,1
2023-09-18 17:00:00,1.06932,1.06989,1.06878,1.06878,1847.0,,False,5m consistent,1
2023-09-19 00:00:00,1.06926,1.06976,1.06887,1.06894,2089.0,,False,5m consistent,0
2023-09-19 07:00:00,1.06796,1.0696,1.0676,1.06952,4270.0,,False,5m consistent,0
2023-09-19 11:00:00,1.07011,1.07106,1.07001,1.07095,3234.0,,False,5m consistent,1
2023-09-19 12:00:00,1.07098,1.07187,1.06951,1.07005,5085.0,,False,5m consistent,0
2023-09-19 13:00:00,1.07001,1.07023,1.06838,1.06926,6459.0,,False,5m consistent,0
2023-09-19 14:00:00,1.06926,1.06943,1.06832,1.06904,4930.0,,False,5m consistent,0
2023-09-19 17:00:00,1.06861,1.06926,1.0683,1.06855,2375.0,,False,5m consistent,1
2023-09-19 20:00:00,1.06816,1.06822,1.06794,1.068,852.0,,False,5m consistent,1
2023-09-20 00:00:00,1.06823,1.06868,1.06802,1.06857,1869.0,,False,5m consistent,1
2023-09-20 02:00:00,1.06872,1.06906,1.06836,1.0684,1899.0,,False,5m consistent,0
2023-09-20 06:00:00,1.06808,1.06939,1.0674,1.06827,4514.0,,False,5m consistent,1
2023-09-20 10:00:00,1.06997,1.07058,1.06994,1.07041,2536.0,,False,5m consistent,0
2023-09-20 11:00:00,1.07039,1.07058,1.06979,1.07025,2284.0,,False,5m consistent,0
2023-09-20 14:00:00,1.07179,1.07281,1.07137,1.07204,4926.0,,False,5m consistent,1
2023-09-20 16:00:00,1.07146,1.07376,1.07145,1.07359,2735.0,,False,5m consistent,0
2023-09-20 17:00:00,1.07358,1.07363,1.07252,1.07282,2403.0,,False,5m consistent,0
2023-09-20 18:00:00,1.07282,1.07282,1.06748,1.06878,18434.0,,False,5m consistent,0
2023-09-20 19:00:00,1.06874,1.06899,1.06586,1.06595,7567.0,,False,5m consistent,1
2023-09-20 21:00:00,1.06614,1.06661,1.06614,1.06659,256.0,,False,5m consistent,0
2023-09-20 22:00:00,1.06659,1.06659,1.06534,1.06561,1193.0,,False,5m consistent,0
2023-09-20 23:00:00,1.06562,1.06562,1.06484,1.06508,1346.0,,False,5m consistent,0
2023-09-21 01:00:00,1.06321,1.06405,1.06285,1.06383,3344.0,,False,5m consistent,0
2023-09-21 06:00:00,1.06352,1.06556,1.06344,1.06511,3822.0,,False,5m consistent,1
2023-09-21 10:00:00,1.06542,1.06637,1.06478,1.06513,3559.0,,False,5m consistent,0
2023-09-21 11:00:00,1.06511,1.06511,1.06344,1.06366,6348.0,,False,5m consistent,1
2023-09-21 15:00:00,1.06604,1.06694,1.06559,1.06642,4447.0,,False,5m consistent,1
2023-09-21 23:00:00,1.06624,1.06627,1.06596,1.06611,943.0,,False,5m consistent,0
2023-09-22 00:00:00,1.06613,1.06637,1.06542,1.06584,2304.0,,False,5m consistent,0
2023-09-22 04:00:00,1.06523,1.06578,1.06519,1.06556,2130.0,,False,5m consistent,1
2023-09-22 06:00:00,1.06499,1.06607,1.0648,1.06606,4429.0,,False,5m consistent,0
2023-09-22 07:00:00,1.06605,1.06688,1.06158,1.06466,9737.0,,False,5m consistent,0
2023-09-22 08:00:00,1.06481,1.06527,1.064,1.06469,5026.0,,False,5m consistent,1
2023-09-22 12:00:00,1.06371,1.06616,1.06371,1.06565,4610.0,,False,5m consistent,0
2023-09-22 17:00:00,1.06564,1.06623,1.06523,1.06527,2334.0,,False,5m consistent,0
2023-09-25 00:00:00,1.06491,1.06565,1.06488,1.06555,1885.0,,False,5m consistent,0
2023-09-25 04:00:00,1.06489,1.06515,1.06465,1.06498,1135.0,,False,5m consistent,1
2023-09-25 06:00:00,1.06448,1.0654,1.06435,1.0647,2984.0,,False,5m consistent,0
2023-09-25 07:00:00,1.0647,1.06536,1.06323,1.06391,4171.0,,False,5m consistent,0
2023-09-25 10:00:00,1.06355,1.06426,1.06348,1.0638,3043.0,,False,5m consistent,0
2023-09-25 11:00:00,1.06381,1.06444,1.06301,1.06314,3134.0,,False,5m consistent,0
2023-09-25 12:00:00,1.06314,1.06355,1.06201,1.06231,4378.0,,False,5m consistent,0
2023-09-25 13:00:00,1.06229,1.06254,1.05965,1.06028,5954.0,,False,5m consistent,0
2023-09-25 17:00:00,1.05901,1.05982,1.05895,1.05956,2336.0,,False,5m consistent,1
2023-09-25 23:00:00,1.0595,1.0596,1.05921,1.05921,765.0,,False,5m consistent,0
2023-09-26 01:00:00,1.05851,1.05887,1.05841,1.05874,2535.0,,False,5m consistent,1
2023-09-26 04:00:00,1.05867,1.05937,1.05852,1.05933,1350.0,,False,5m consistent,0
2023-09-26 05:00:00,1.05935,1.05937,1.05829,1.05886,1993.0,,False,5m consistent,0
2023-09-26 10:00:00,1.05981,1.06025,1.0594,1.05969,2585.0,,False,5m consistent,1
2023-09-26 12:00:00,1.06001,1.06098,1.05993,1.06066,4904.0,,False,5m consistent,0
2023-09-26 13:00:00,1.06071,1.06074,1.05863,1.05933,5569.0,,False,5m consistent,0
2023-09-26 14:00:00,1.05941,1.05998,1.05789,1.05847,6858.0,,False,5m consistent,0
2023-09-26 17:00:00,1.057,1.0577,1.05679,1.05718,2080.0,,False,5m consistent,1
2023-09-26 23:00:00,1.05723,1.05742,1.05685,1.05701,1288.0,,False,5m consistent,0
2023-09-27 01:00:00,1.05607,1.0571,1.05598,1.05703,3132.0,,False,5m consistent,0
2023-09-27 04:00:00,1.0563,1.05642,1.0558,1.05611,2010.0,,False,5m consistent,1
2023-09-27 07:00:00,1.057,1.05749,1.05653,1.05661,3926.0,,False,5m consistent,0
2023-09-27 08:00:00,1.05662,1.05706,1.0558,1.05607,3613.0,,False,5m consistent,1
2023-09-27 09:00:00,1.05607,1.05646,1.05537,1.05609,3333.0,,False,5m consistent,0
2023-09-27 10:00:00,1.05609,1.05628,1.05535,1.0555,2875.0,,False,5m consistent,0
2023-09-27 12:00:00,1.05404,1.05519,1.05357,1.05475,5772.0,,False,5m consistent,0
2023-09-27 13:00:00,1.05472,1.05497,1.0513,1.05211,6492.0,,False,5m consistent,1
2023-09-27 15:00:00,1.05096,1.05248,1.05089,1.05096,5125.0,,False,5m consistent,0
2023-09-27 16:00:00,1.05099,1.05106,1.05015,1.05038,4206.0,,False,5m consistent,0
2023-09-27 17:00:00,1.05037,1.05116,1.04911,1.04997,5059.0,,False,5m consistent,1
2023-09-28 01:00:00,1.05161,1.05171,1.05103,1.05113,3190.0,,False,5m consistent,0
2023-09-28 03:00:00,1.05004,1.05065,1.04999,1.05051,1908.0,,False,5m consistent,1
2023-09-28 04:00:00,1.05048,1.05067,1.04977,1.05051,2068.0,,False,5m consistent,1
2023-09-28 05:00:00,1.05053,1.05105,1.0497,1.05099,2643.0,,False,5m consistent,0
2023-09-28 09:00:00,1.05176,1.05422,1.05161,1.05402,5398.0,,False,5m consistent,1
2023-09-28 11:00:00,1.05407,1.05492,1.05381,1.05424,3631.0,,False,5m consistent,1
2023-09-28 15:00:00,1.05635,1.05797,1.05589,1.05771,5674.0,,False,5m consistent,0
2023-09-29 07:00:00,1.05909,1.06116,1.0589,1.06072,6096.0,,False,5m consistent,1
2023-09-29 09:00:00,1.06095,1.0618,1.06046,1.0615,4864.0,,False,5m consistent,0
2023-09-29 10:00:00,1.0615,1.06174,1.06072,1.06099,3710.0,,False,5m consistent,0
2023-09-29 12:00:00,1.05952,1.06113,1.0589,1.06006,7917.0,,False,5m consistent,1
2023-09-29 13:00:00,1.06007,1.06083,1.05753,1.05817,7844.0,,False,5m consistent,1
2023-09-29 14:00:00,1.05817,1.05937,1.05707,1.05878,8513.0,,False,5m consistent,0
2023-09-29 15:00:00,1.05876,1.05912,1.05736,1.05841,7178.0,,False,5m consistent,0
2023-09-29 16:00:00,1.05842,1.05877,1.05754,1.05785,4774.0,,False,5m consistent,1
2023-09-29 18:00:00,1.05658,1.05807,1.05648,1.05784,3855.0,,False,5m consistent,1
2023-10-02 04:00:00,1.05704,1.05721,1.05689,1.05696,1177.0,,False,5m consistent,1
2023-10-02 06:00:00,1.05618,1.05905,1.05618,1.05903,4010.0,,False,5m consistent,0
2023-10-02 07:00:00,1.05903,1.05926,1.05722,1.05732,5000.0,,False,5m consistent,0
2023-10-02 08:00:00,1.05732,1.05791,1.05608,1.05628,3927.0,,False,5m consistent,0
2023-10-02 10:00:00,1.05399,1.05447,1.05347,1.05404,3652.0,,False,5m consistent,0
2023-10-02 12:00:00,1.05322,1.05384,1.05257,1.05303,5062.0,,False,5m consistent,0
2023-10-02 13:00:00,1.05302,1.05336,1.05158,1.05176,6148.0,,False,5m consistent,1
2023-10-02 15:00:00,1.04966,1.05137,1.04965,1.04997,6252.0,,False,5m consistent,1
2023-10-02 18:00:00,1.04964,1.05031,1.04913,1.04935,3228.0,,False,5m consistent,0
2023-10-02 23:00:00,1.04775,1.04837,1.04761,1.04808,1206.0,,False,5m consistent,0
2023-10-03 01:00:00,1.04731,1.04756,1.04687,1.04721,2495.0,,False,5m consistent,0
2023-10-03 03:00:00,1.04673,1.04717,1.0466,1.04692,1559.0,,False,5m consistent,1
2023-10-03 09:00:00,1.04862,1.04921,1.04811,1.04846,3781.0,,False,5m consistent,0
2023-10-03 10:00:00,1.04843,1.04864,1.04763,1.04768,3217.0,,False,5m consistent,1
2023-10-03 11:00:00,1.04767,1.04824,1.04701,1.04744,3928.0,,False,5m consistent,1
2023-10-03 13:00:00,1.04672,1.04866,1.04649,1.04822,6572.0,,False,5m consistent,0
2023-10-03 14:00:00,1.04823,1.04837,1.04503,1.04764,17848.0,,False,5m consistent,0
2023-10-03 17:00:00,1.04629,1.0476,1.04629,1.04701,3526.0,,False,5m consistent,1
2023-10-03 20:00:00,1.0472,1.04746,1.04656,1.04678,1758.0,,False,5m consistent,1
2023-10-04 00:00:00,1.04694,1.04766,1.04665,1.04721,2198.0,,False,5m consistent,0
2023-10-04 01:00:00,1.04721,1.04727,1.04611,1.04677,3194.0,,False,5m consistent,1
2023-10-04 05:00:00,1.04713,1.0475,1.04677,1.04692,2138.0,,False,5m consistent,0
2023-10-04 06:00:00,1.04694,1.04703,1.0455,1.04613,3068.0,,False,5m consistent,1
2023-10-04 12:00:00,1.04987,1.05329,1.0497,1.0526,10093.0,,False,5m consistent,0
2023-10-04 16:00:00,1.05187,1.05226,1.05117,1.0513,3846.0,,False,5m consistent,1
2023-10-04 19:00:00,1.05042,1.05203,1.05025,1.05162,2910.0,,False,5m consistent,1
2023-10-05 01:00:00,1.05213,1.05298,1.05212,1.05295,3426.0,,False,5m consistent,0
2023-10-05 05:00:00,1.05214,1.0527,1.05175,1.05181,2288.0,,False,5m consistent,0
2023-10-05 10:00:00,1.05088,1.0524,1.05059,1.05196,4132.0,,False,5m consistent,1
2023-10-05 11:00:00,1.05197,1.05262,1.05119,1.05245,4325.0,,False,5m consistent,0
2023-10-05 13:00:00,1.05156,1.05329,1.05086,1.05259,10139.0,,False,5m consistent,1
2023-10-05 14:00:00,1.05261,1.0534,1.05135,1.0531,8836.0,,False,5m consistent,1
2023-10-06 04:00:00,1.05433,1.05454,1.05407,1.05413,1696.0,,False,5m consistent,0
2023-10-06 07:00:00,1.05356,1.05519,1.05348,1.05508,4977.0,,False,5m consistent,1
2023-10-06 11:00:00,1.05555,1.05682,1.05513,1.05668,3554.0,,False,5m consistent,0
2023-10-06 12:00:00,1.05669,1.05692,1.04832,1.04971,14877.0,,False,5m consistent,1
2023-10-06 15:00:00,1.05387,1.06009,1.05368,1.05956,10557.0,,False,5m consistent,1
2023-10-09 00:00:00,1.05673,1.05753,1.0563,1.05743,3364.0,,False,5m consistent,0
2023-10-09 02:00:00,1.05643,1.05664,1.05596,1.05623,2466.0,,False,5m consistent,0
2023-10-09 05:00:00,1.05509,1.05577,1.05508,1.05548,1989.0,,False,5m consistent,0
2023-10-09 06:00:00,1.0555,1.05595,1.05324,1.05379,5377.0,,False,5m consistent,0
2023-10-09 08:00:00,1.05237,1.05427,1.05211,1.05425,4646.0,,False,5m consistent,0
2023-10-09 09:00:00,1.05425,1.05459,1.05316,1.05343,3942.0,,False,5m consistent,1
2023-10-09 13:00:00,1.05337,1.05556,1.05334,1.05539,7827.0,,False,5m consistent,0
2023-10-09 23:00:00,1.05697,1.05806,1.05688,1.05796,1168.0,,False,5m consistent,0
2023-10-10 03:00:00,1.05678,1.05712,1.05668,1.05703,2174.0,,False,5m consistent,0
2023-10-10 05:00:00,1.05619,1.05678,1.05596,1.05623,2463.0,,False,5m consistent,1
2023-10-10 06:00:00,1.05625,1.05701,1.05554,1.05623,5671.0,,False,5m consistent,1
2023-10-10 09:00:00,1.0605,1.06121,1.0598,1.06028,5511.0,,False,5m consistent,0
2023-10-10 10:00:00,1.0603,1.06055,1.05917,1.0593,4293.0,,False,5m consistent,0
2023-10-10 12:00:00,1.05764,1.05961,1.05751,1.05942,7483.0,,False,5m consistent,1
2023-10-10 16:00:00,1.06179,1.06206,1.06103,1.06181,4116.0,,False,5m consistent,0
2023-10-11 00:00:00,1.06053,1.06153,1.06052,1.06116,2652.0,,False,5m consistent,0
2023-10-11 06:00:00,1.06025,1.06156,1.05999,1.06113,4077.0,,False,5m consistent,1
2023-10-11 07:00:00,1.06112,1.06294,1.05961,1.06007,7650.0,,False,5m consistent,1
2023-10-11 09:00:00,1.06091,1.06156,1.06051,1.06052,4420.0,,False,5m consistent,1
2023-10-11 11:00:00,1.06027,1.06096,1.05974,1.06047,3909.0,,False,5m consistent,0
2023-10-11 12:00:00,1.06046,1.06153,1.05825,1.06153,10083.0,,False,5m consistent,1
2023-10-11 13:00:00,1.06153,1.06355,1.06073,1.06296,9957.0,,False,5m consistent,0
2023-10-11 14:00:00,1.06296,1.06355,1.06191,1.06249,7880.0,,False,5m consistent,0
2023-10-11 15:00:00,1.0625,1.06255,1.06109,1.06136,5889.0,,False,5m consistent,0
2023-10-11 16:00:00,1.06132,1.06138,1.06003,1.06081,4613.0,,False,5m consistent,0
2023-10-12 06:00:00,1.06323,1.06407,1.06285,1.06364,4468.0,,False,5m consistent,0
2023-10-12 08:00:00,1.06208,1.06278,1.06201,1.06274,3731.0,,False,5m consistent,0
2023-10-12 10:00:00,1.0619,1.06277,1.06178,1.06194,2571.0,,False,5m consistent,1
2023-10-12 12:00:00,1.06206,1.06283,1.05726,1.05825,12831.0,,False,5m consistent,0
2023-10-12 14:00:00,1.05504,1.05635,1.05452,1.05564,8360.0,,False,5m consistent,1
2023-10-12 16:00:00,1.05531,1.05618,1.05471,1.05493,3926.0,,False,5m consistent,0
2023-10-12 17:00:00,1.0549,1.05499,1.05332,1.05353,6083.0,,False,5m consistent,1
2023-10-12 20:00:00,1.05317,1.05324,1.05284,1.05291,1523.0,,False,5m consistent,1
2023-10-13 04:00:00,1.0546,1.05509,1.0544,1.05508,1941.0,,False,5m consistent,0
2023-10-13 05:00:00,1.05509,1.05517,1.05449,1.05493,2628.0,,False,5m consistent,0
2023-10-13 08:00:00,1.05525,1.05595,1.05513,1.05546,5189.0,,False,5m consistent,0
2023-10-13 09:00:00,1.05546,1.05558,1.05286,1.05302,4348.0,,False,5m consistent,0
2023-10-13 12:00:00,1.05256,1.05483,1.05218,1.05383,7852.0,,False,5m consistent,0
2023-10-13 13:00:00,1.05382,1.05423,1.05175,1.05274,8541.0,,False,5m consistent,1
2023-10-13 14:00:00,1.05212,1.05271,1.05003,1.05042,11008.0,,False,5m consistent,1
2023-10-13 16:00:00,1.05017,1.0516,1.05001,1.05098,4717.0,,False,5m consistent,1
2023-10-13 19:00:00,1.05121,1.05168,1.05102,1.05147,3598.0,,False,5m consistent,0
2023-10-16 06:00:00,1.05303,1.05391,1.05274,1.05356,4551.0,,False,5m consistent,0
2023-10-16 07:00:00,1.05354,1.05367,1.05244,1.0535,6319.0,,False,5m consistent,0
2023-10-16 08:00:00,1.0535,1.05438,1.05242,1.05417,4822.0,,False,5m consistent,0
2023-10-16 10:00:00,1.05328,1.05356,1.05286,1.05332,3017.0,,False,5m consistent,1
2023-10-16 11:00:00,1.05329,1.05397,1.05269,1.05375,3132.0,,False,5m consistent,1
2023-10-16 12:00:00,1.05375,1.05468,1.05302,1.05425,6591.0,,False,5m consistent,0
2023-10-16 14:00:00,1.05308,1.05562,1.05264,1.05504,5929.0,,False,5m consistent,1
2023-10-17 00:00:00,1.05551,1.05614,1.05551,1.05564,2532.0,,False,5m consistent,0
2023-10-17 01:00:00,1.05564,1.05568,1.05502,1.05532,2624.0,,False,5m consistent,0
2023-10-17 05:00:00,1.05481,1.05513,1.05445,1.0545,2260.0,,False,5m consistent,0
2023-10-17 07:00:00,1.05375,1.05556,1.05349,1.05494,4357.0,,False,5m consistent,0
2023-10-17 09:00:00,1.05378,1.05553,1.0537,1.05547,3516.0,,False,5m consistent,1
2023-10-17 11:00:00,1.0554,1.058,1.0554,1.0576,3789.0,,False,5m consistent,0
2023-10-17 12:00:00,1.05759,1.05786,1.05391,1.05479,8922.0,,False,5m consistent,1
2023-10-17 15:00:00,1.05762,1.05936,1.05762,1.05932,5505.0,,False,5m consistent,0
2023-10-17 16:00:00,1.05931,1.05957,1.05794,1.05803,3730.0,,False,5m consistent,0
2023-10-17 23:00:00,1.05766,1.0577,1.05727,1.05737,1422.0,,False,5m consistent,0
2023-10-18 06:00:00,1.05831,1.05952,1.05778,1.05797,4282.0,,False,5m consistent,1
2023-10-18 08:00:00,1.05795,1.05858,1.05741,1.05842,4260.0,,False,5m consistent,0
2023-10-18 09:00:00,1.05839,1.05875,1.05665,1.05699,4499.0,,False,5m consistent,0
2023-10-18 11:00:00,1.05566,1.05691,1.05529,1.05614,4010.0,,False,5m consistent,0
2023-10-18 12:00:00,1.05614,1.05752,1.055,1.05577,6184.0,,False,5m consistent,1
2023-10-18 13:00:00,1.05579,1.0565,1.05493,1.05515,7739.0,,False,5m consistent,1
2023-10-18 14:00:00,1.05515,1.05611,1.0533,1.05383,8890.0,,False,5m consistent,0
2023-10-18 15:00:00,1.05382,1.05437,1.05266,1.0532,5617.0,,False,5m consistent,1
2023-10-18 17:00:00,1.05379,1.05546,1.05354,1.05509,5571.0,,False,5m consistent,0
2023-10-19 00:00:00,1.05389,1.05408,1.05336,1.05398,2969.0,,False,5m consistent,0
2023-10-19 07:00:00,1.0541,1.0549,1.05365,1.05384,5738.0,,False,5m consistent,1
2023-10-19 12:00:00,1.05585,1.05804,1.05568,1.0577,7481.0,,False,5m consistent,0
2023-10-19 13:00:00,1.05774,1.05824,1.05665,1.05761,7401.0,,False,5m consistent,1
2023-10-19 16:00:00,1.05706,1.06175,1.05573,1.05974,19135.0,,False,5m consistent,1
2023-10-19 17:00:00,1.05972,1.06074,1.05847,1.05994,10749.0,,False,5m consistent,0
2023-10-19 23:00:00,1.05819,1.05875,1.05791,1.05873,1681.0,,False,5m consistent,0
2023-10-20 00:00:00,1.05871,1.05875,1.05745,1.05768,2818.0,,False,5m consistent,1
2023-10-20 05:00:00,1.05758,1.05797,1.05723,1.05745,2163.0,,False,5m consistent,1
2023-10-20 06:00:00,1.05748,1.0577,1.05658,1.0575,4198.0,,False,5m consistent,1
2023-10-20 08:00:00,1.05717,1.0596,1.05693,1.05885,5234.0,,False,5m consistent,1
2023-10-20 11:00:00,1.0586,1.05997,1.05858,1.05917,3507.0,,False,5m consistent,0
2023-10-20 15:00:00,1.05886,1.05973,1.05877,1.05919,4493.0,,False,5m consistent,1
2023-10-20 17:00:00,1.05905,1.06045,1.05886,1.05964,4098.0,,False,5m consistent,1
2023-10-23 01:00:00,1.05879,1.05879,1.05826,1.05843,2534.0,,False,5m consistent,0
2023-10-23 05:00:00,1.05768,1.05803,1.0576,1.05783,1568.0,,False,5m consistent,1
2023-10-23 06:00:00,1.05783,1.05872,1.05723,1.05833,2908.0,,False,5m consistent,1
2023-10-23 08:00:00,1.05986,1.06112,1.05958,1.06036,4748.0,,False,5m consistent,0
2023-10-23 11:00:00,1.06052,1.06107,1.06016,1.06027,3770.0,,False,5m consistent,1
2023-10-23 12:00:00,1.06026,1.06192,1.05959,1.06106,5521.0,,False,5m consistent,0
2023-10-23 18:00:00,1.06689,1.06788,1.06663,1.06751,3504.0,,False,5m consistent,0
2023-10-23 20:00:00,1.06663,1.06702,1.06642,1.06693,1154.0,,False,5m consistent,1
2023-10-24 06:00:00,1.06817,1.06875,1.06777,1.06861,3584.0,,False,5m consistent,0
2023-10-24 07:00:00,1.06859,1.06958,1.06577,1.06641,6963.0,,False,5m consistent,0
2023-10-24 08:00:00,1.06641,1.06641,1.0645,1.06511,5806.0,,False,5m consistent,0
2023-10-24 09:00:00,1.06502,1.06521,1.06368,1.06377,3360.0,,False,5m consistent,0
2023-10-24 11:00:00,1.06261,1.06424,1.06228,1.06361,3811.0,,False,5m consistent,0
2023-10-24 12:00:00,1.0636,1.06375,1.06129,1.06165,6335.0,,False,5m consistent,0
2023-10-24 13:00:00,1.06165,1.06253,1.05974,1.06124,8619.0,,False,5m consistent,1
2023-10-24 14:00:00,1.06122,1.0617,1.05913,1.06005,8069.0,,False,5m consistent,0
2023-10-24 15:00:00,1.06004,1.06007,1.05837,1.05946,5068.0,,False,5m consistent,1
2023-10-25 04:00:00,1.0603,1.06072,1.06018,1.06069,1009.0,,False,5m consistent,0
2023-10-25 05:00:00,1.0607,1.06075,1.05984,1.06019,1794.0,,False,5m consistent,1
2023-10-25 06:00:00,1.06018,1.06049,1.05932,1.05933,2754.0,,False,5m consistent,0
2023-10-25 08:00:00,1.05881,1.05977,1.05841,1.05859,3970.0,,False,5m consistent,0
2023-10-25 12:00:00,1.05736,1.05804,1.05702,1.05757,4950.0,,False,5m consistent,1
2023-10-25 13:00:00,1.05758,1.05837,1.05676,1.05818,6149.0,,False,5m consistent,0
2023-10-25 15:00:00,1.0586,1.05963,1.05838,1.05839,7544.0,,False,5m consistent,0
2023-10-25 16:00:00,1.05838,1.0587,1.05716,1.05753,4057.0,,False,5m consistent,0
2023-10-25 23:00:00,1.05662,1.05678,1.05611,1.05672,1241.0,,False,5m consistent,0
2023-10-26 00:00:00,1.05669,1.05701,1.05584,1.05604,2410.0,,False,5m consistent,0
2023-10-26 01:00:00,1.05603,1.05622,1.0555,1.05558,2782.0,,False,5m consistent,0
2023-10-26 05:00:00,1.05463,1.05501,1.05421,1.05434,2469.0,,False,5m consistent,0
2023-10-26 08:00:00,1.05491,1.05534,1.05452,1.05461,3727.0,,False,5m consistent,1
2023-10-26 09:00:00,1.05459,1.05528,1.05409,1.05466,2792.0,,False,5m consistent,0
2023-10-26 10:00:00,1.05463,1.05501,1.05359,1.0538,2820.0,,False,5m consistent,1
2023-10-26 11:00:00,1.05381,1.05399,1.05319,1.05371,2882.0,,False,5m consistent,1
2023-10-26 12:00:00,1.05371,1.056,1.05228,1.056,12002.0,,False,5m consistent,0
2023-10-26 13:00:00,1.05606,1.05613,1.05424,1.0548,9815.0,,False,5m consistent,0
2023-10-26 14:00:00,1.05475,1.05492,1.05319,1.05436,8517.0,,False,5m consistent,0
2023-10-26 18:00:00,1.05516,1.05656,1.05499,1.05617,3473.0,,False,5m consistent,1
2023-10-26 23:00:00,1.05655,1.05666,1.05634,1.05649,2554.0,,False,5m consistent,0
2023-10-27 05:00:00,1.0568,1.05709,1.05661,1.05702,1616.0,,False,5m consistent,0
2023-10-27 09:00:00,1.05626,1.05664,1.05609,1.05652,2911.0,,False,5m consistent,0
2023-10-27 10:00:00,1.05654,1.05679,1.05566,1.05566,2812.0,,False,5m consistent,0
2023-10-27 13:00:00,1.05566,1.05928,1.05562,1.05811,9065.0,,False,5m consistent,1
2023-10-27 15:00:00,1.05793,1.05978,1.05781,1.0592,5383.0,,False,5m consistent,0
2023-10-27 16:00:00,1.05921,1.05974,1.05815,1.05838,3723.0,,False,5m consistent,0
2023-10-27 19:00:00,1.05684,1.05717,1.05628,1.05713,3030.0,,False,5m consistent,1
2023-10-30 06:00:00,1.05624,1.05666,1.05574,1.0566,2125.0,,False,5m consistent,0
2023-10-30 07:00:00,1.05657,1.05684,1.05537,1.05576,3534.0,,False,5m consistent,1
2023-10-30 09:00:00,1.05607,1.0587,1.05607,1.05833,4138.0,,False,5m consistent,1
2023-10-30 12:00:00,1.05862,1.06093,1.05828,1.06079,4964.0,,False,5m consistent,1
2023-10-30 13:00:00,1.06076,1.06158,1.05973,1.06104,6413.0,,False,5m consistent,0
2023-10-30 15:00:00,1.06062,1.0626,1.06057,1.062,5473.0,,False,5m consistent,0
2023-10-31 00:00:00,1.06147,1.06153,1.06103,1.06123,1981.0,,False,5m consistent,0
2023-10-31 01:00:00,1.06124,1.06135,1.06041,1.06108,3138.0,,False,5m consistent,0
2023-10-31 02:00:00,1.06109,1.06119,1.05996,1.06018,2224.0,,False,5m consistent,0
2023-10-31 07:00:00,1.06096,1.06268,1.06045,1.06221,4092.0,,False,5m consistent,1
2023-10-31 08:00:00,1.0622,1.06466,1.06161,1.06462,4859.0,,False,5m consistent,1
2023-10-31 09:00:00,1.06461,1.06758,1.06363,1.06691,5728.0,,False,5m consistent,0
2023-10-31 10:00:00,1.06693,1.06712,1.06529,1.06651,5033.0,,False,5m consistent,0
2023-10-31 11:00:00,1.0665,1.06678,1.06563,1.06565,3167.0,,False,5m consistent,0
2023-10-31 12:00:00,1.06563,1.06617,1.0622,1.06251,7513.0,,False,5m consistent,0
2023-10-31 13:00:00,1.06248,1.06265,1.06021,1.06044,7884.0,,False,5m consistent,1
2023-10-31 14:00:00,1.06043,1.06167,1.05956,1.0603,8805.0,,False,5m consistent,0
2023-10-31 15:00:00,1.06031,1.06064,1.0567,1.05681,8114.0,,False,5m consistent,1
2023-10-31 23:00:00,1.05805,1.05814,1.0578,1.05787,1311.0,,False,5m consistent,0
2023-11-01 06:00:00,1.05688,1.05773,1.05687,1.05749,2068.0,,False,5m consistent,0
2023-11-01 07:00:00,1.05748,1.05785,1.05598,1.05655,3401.0,,False,5m consistent,1
2023-11-01 08:00:00,1.05654,1.05689,1.05578,1.05591,4138.0,,False,5m consistent,0
2023-11-01 10:00:00,1.05501,1.05546,1.05465,1.0549,2688.0,,False,5m consistent,1
2023-11-01 11:00:00,1.05491,1.05515,1.05417,1.05438,3101.0,,False,5m consistent,1
2023-11-01 12:00:00,1.05438,1.05584,1.05377,1.05394,8793.0,,False,5m consistent,0
2023-11-01 14:00:00,1.05358,1.05717,1.05358,1.05534,11758.0,,False,5m consistent,0
2023-11-01 17:00:00,1.05346,1.05376,1.05284,1.05376,3546.0,,False,5m consistent,1
2023-11-02 07:00:00,1.06008,1.06109,1.05971,1.06044,4025.0,,False,5m consistent,0
2023-11-02 12:00:00,1.06347,1.06686,1.06331,1.06651,9210.0,,False,5m consistent,0
2023-11-02 13:00:00,1.06648,1.06677,1.06427,1.06485,7660.0,,False,5m consistent,0
2023-11-02 14:00:00,1.06483,1.06486,1.06279,1.06405,7357.0,,False,5m consistent,0
2023-11-02 18:00:00,1.06292,1.06334,1.06242,1.06267,3171.0,,False,5m consistent,0
2023-11-03 06:00:00,1.06306,1.06348,1.06286,1.06321,1575.0,,False,5m consistent,1
2023-11-03 07:00:00,1.06316,1.06346,1.0626,1.06301,3143.0,,False,5m consistent,1
2023-11-03 09:00:00,1.06279,1.06495,1.06251,1.0649,3764.0,,False,5m consistent,1
2023-11-03 12:00:00,1.06475,1.07202,1.06462,1.07102,12095.0,,False,5m consistent,1
2023-11-03 18:00:00,1.07379,1.07407,1.07333,1.07366,2894.0,,False,5m consistent,0
2023-11-06 08:00:00,1.0734,1.07572,1.07324,1.07511,5425.0,,False,5m consistent,1
2023-11-06 11:00:00,1.07489,1.07548,1.07449,1.07522,2773.0,,False,5m consistent,0
2023-11-06 12:00:00,1.07521,1.0755,1.07396,1.07444,3467.0,,False,5m consistent,0
2023-11-06 14:00:00,1.07383,1.07468,1.0737,1.07397,5341.0,,False,5m consistent,0
2023-11-06 16:00:00,1.07447,1.07502,1.07408,1.07468,3698.0,,False,5m consistent,0
2023-11-06 17:00:00,1.07468,1.0747,1.07346,1.07364,2546.0,,False,5m consistent,0
2023-11-06 18:00:00,1.07361,1.0738,1.07297,1.07365,2417.0,,False,5m consistent,0
2023-11-06 23:00:00,1.07227,1.07236,1.07186,1.07192,868.0,,False,5m consistent,0
2023-11-07 00:00:00,1.07194,1.07203,1.07124,1.07147,1552.0,,False,5m consistent,0
2023-11-07 05:00:00,1.07072,1.07118,1.0706,1.07113,1741.0,,False,5m consistent,0
2023-11-07 06:00:00,1.07113,1.07125,1.07009,1.07016,2390.0,,False,5m consistent,0
2023-11-07 08:00:00,1.06978,1.07072,1.06957,1.07044,4599.0,,False,5m consistent,0
2023-11-07 10:00:00,1.06841,1.06985,1.06814,1.06826,3624.0,,False,5m consistent,0
2023-11-07 12:00:00,1.0675,1.06855,1.06747,1.06796,3955.0,,False,5m consistent,0
2023-11-07 13:00:00,1.06795,1.06876,1.06729,1.06769,4842.0,,False,5m consistent,0
2023-11-07 16:00:00,1.06859,1.06936,1.06842,1.06867,4880.0,,False,5m consistent,0
2023-11-07 23:00:00,1.06996,1.07005,1.06961,1.06964,722.0,,False,5m consistent,1
2023-11-08 02:00:00,1.06929,1.07,1.06899,1.06945,2596.0,,False,5m consistent,0
2023-11-08 04:00:00,1.06908,1.06938,1.06893,1.06929,1336.0,,False,5m consistent,0
2023-11-08 05:00:00,1.06931,1.06939,1.06861,1.06868,1761.0,,False,5m consistent,0
2023-11-08 06:00:00,1.0687,1.06889,1.0682,1.06826,2383.0,,False,5m consistent,0
2023-11-08 07:00:00,1.06831,1.06852,1.06762,1.06811,3283.0,,False,5m consistent,0
2023-11-08 08:00:00,1.06812,1.06836,1.06723,1.06734,4250.0,,False,5m consistent,0
2023-11-08 09:00:00,1.06741,1.0675,1.0661,1.06661,4181.0,,False,5m consistent,1
2023-11-08 11:00:00,1.06689,1.06789,1.06689,1.0678,2810.0,,False,5m consistent,0
2023-11-08 12:00:00,1.0678,1.0678,1.06679,1.06689,3571.0,,False,5m consistent,1
2023-11-08 14:00:00,1.06701,1.0693,1.06698,1.06912,6175.0,,False,5m consistent,1
2023-11-08 16:00:00,1.0706,1.07169,1.07042,1.07152,5345.0,,False,5m consistent,0
2023-11-08 18:00:00,1.07088,1.07151,1.07028,1.07101,5363.0,,False,5m consistent,1
2023-11-08 23:00:00,1.07081,1.07122,1.07075,1.0712,953.0,,False,5m consistent,0
2023-11-09 04:00:00,1.07088,1.07126,1.07086,1.07096,1143.0,,False,5m consistent,0
2023-11-09 06:00:00,1.07035,1.07105,1.07022,1.07083,1774.0,,False,5m consistent,0
2023-11-09 07:00:00,1.07085,1.07102,1.07033,1.07061,2997.0,,False,5m consistent,0
2023-11-09 08:00:00,1.07063,1.07107,1.06944,1.07025,5018.0,,False,5m consistent,1
2023-11-09 09:00:00,1.07024,1.07056,1.0695,1.06985,3850.0,,False,5m consistent,0
2023-11-09 10:00:00,1.06987,1.07006,1.06858,1.06873,3147.0,,False,5m consistent,1
2023-11-09 13:00:00,1.06912,1.07097,1.06873,1.07083,6927.0,,False,5m consistent,1
2023-11-09 14:00:00,1.07085,1.07263,1.07011,1.0725,7542.0,,False,5m consistent,0
2023-11-09 15:00:00,1.07248,1.07255,1.07085,1.07159,7565.0,,False,5m consistent,0
2023-11-09 16:00:00,1.07157,1.07179,1.07058,1.07105,4068.0,,False,5m consistent,0
2023-11-09 17:00:00,1.07105,1.07136,1.07006,1.07056,3246.0,,False,5m consistent,0
2023-11-09 18:00:00,1.07057,1.07065,1.06733,1.06952,10684.0,,False,5m consistent,0
2023-11-10 05:00:00,1.06721,1.06729,1.06667,1.06701,1484.0,,False,5m consistent,0
2023-11-10 06:00:00,1.06701,1.0671,1.06645,1.06664,1740.0,,False,5m consistent,0
2023-11-10 08:00:00,1.06644,1.06793,1.06637,1.06719,4401.0,,False,5m consistent,1
2023-11-10 09:00:00,1.06721,1.06809,1.06652,1.0678,4119.0,,False,5m consistent,1
2023-11-10 10:00:00,1.0678,1.0689,1.06701,1.06878,3676.0,,False,5m consistent,0
2023-11-10 11:00:00,1.06878,1.06898,1.06748,1.06777,3227.0,,False,5m consistent,1
2023-11-10 13:00:00,1.06826,1.06936,1.06781,1.06894,5189.0,,False,5m consistent,0
2023-11-10 15:00:00,1.06692,1.06805,1.06632,1.06707,9392.0,,False,5m consistent,1
2023-11-13 07:00:00,1.06911,1.06984,1.06896,1.06935,2909.0,,False,5m consistent,1
2023-11-13 08:00:00,1.06934,1.06956,1.06864,1.06923,3995.0,,False,5m consistent,1
2023-11-13 10:00:00,1.06903,1.07005,1.06879,1.06983,3039.0,,False,5m consistent,0
2023-11-13 11:00:00,1.06983,1.0699,1.06857,1.06882,2908.0,,False,5m consistent,0
2023-11-13 12:00:00,1.06879,1.06888,1.06706,1.0674,3306.0,,False,5m consistent,1
2023-11-14 00:00:00,1.07022,1.07032,1.0699,1.07005,1410.0,,False,5m consistent,1
2023-11-14 07:00:00,1.07003,1.07105,1.06984,1.07072,2970.0,,False,5m consistent,1
2023-11-14 10:00:00,1.07171,1.07313,1.07159,1.07227,4041.0,,False,5m consistent,1
2023-11-14 14:00:00,1.07899,1.08365,1.07896,1.0834,13802.0,,False,5m consistent,1
2023-11-14 23:00:00,1.08772,1.08836,1.08771,1.08784,930.0,,False,5m consistent,1
2023-11-15 06:00:00,1.08736,1.08777,1.08724,1.08739,2288.0,,False,5m consistent,1
2023-11-15 07:00:00,1.08745,1.08773,1.08654,1.08738,4560.0,,False,5m consistent,0
2023-11-15 08:00:00,1.0874,1.08802,1.08674,1.0871,5860.0,,False,5m consistent,0
2023-11-15 11:00:00,1.08579,1.08689,1.08566,1.08669,3018.0,,False,5m consistent,0
2023-11-15 12:00:00,1.0867,1.08689,1.0855,1.08645,3479.0,,False,5m consistent,1
2023-11-15 13:00:00,1.08645,1.08871,1.08407,1.086,10032.0,,False,5m consistent,0
2023-11-15 15:00:00,1.08369,1.08661,1.08347,1.08661,7278.0,,False,5m consistent,0
2023-11-15 16:00:00,1.08661,1.08695,1.08491,1.08529,5301.0,,False,5m consistent,1
2023-11-15 17:00:00,1.08531,1.08573,1.08441,1.08549,3713.0,,False,5m consistent,1
2023-11-16 00:00:00,1.08552,1.08564,1.08516,1.08559,2080.0,,False,5m consistent,0
2023-11-16 01:00:00,1.08561,1.08566,1.08428,1.08445,2767.0,,False,5m consistent,0
2023-11-16 08:00:00,1.08416,1.08559,1.08391,1.08558,5052.0,,False,5m consistent,0
2023-11-16 09:00:00,1.08559,1.08618,1.08486,1.08518,3685.0,,False,5m consistent,1
2023-11-16 11:00:00,1.08459,1.08592,1.08455,1.08529,2609.0,,False,5m consistent,0
2023-11-16 13:00:00,1.08432,1.08823,1.08424,1.08818,8148.0,,False,5m consistent,0
2023-11-16 15:00:00,1.08771,1.08963,1.08725,1.08792,8649.0,,False,5m consistent,0
2023-11-16 19:00:00,1.08597,1.0861,1.08527,1.08565,2607.0,,False,5m consistent,1
2023-11-17 06:00:00,1.08542,1.08572,1.08518,1.08521,1877.0,,False,5m consistent,0
2023-11-17 07:00:00,1.0852,1.08521,1.08359,1.08391,3690.0,,False,5m consistent,0
2023-11-17 10:00:00,1.08539,1.08723,1.08524,1.08716,4630.0,,False,5m consistent,0
2023-11-17 11:00:00,1.08717,1.08756,1.08595,1.08669,4395.0,,False,5m consistent,1
2023-11-17 13:00:00,1.08644,1.08785,1.08621,1.0872,6658.0,,False,5m consistent,0
2023-11-17 15:00:00,1.08706,1.08942,1.08694,1.08875,6598.0,,False,5m consistent,1
2023-11-17 18:00:00,1.08909,1.09054,1.08892,1.09042,2507.0,,False,5m consistent,1
2023-11-20 09:00:00,1.09202,1.0941,1.09193,1.09375,5424.0,,False,5m consistent,0
2023-11-20 13:00:00,1.09307,1.09331,1.09252,1.09273,4573.0,,False,5m consistent,1
2023-11-20 14:00:00,1.09274,1.09468,1.09195,1.09413,5493.0,,False,5m consistent,0
2023-11-20 16:00:00,1.09389,1.09459,1.09385,1.09451,3731.0,,False,5m consistent,1
2023-11-21 06:00:00,1.09573,1.0962,1.09532,1.09594,2308.0,,False,5m consistent,1
2023-11-21 07:00:00,1.09595,1.09639,1.09516,1.09547,3557.0,,False,5m consistent,0
2023-11-21 10:00:00,1.09443,1.09548,1.09431,1.0946,3384.0,,False,5m consistent,1
2023-11-21 12:00:00,1.09403,1.09515,1.09399,1.09491,3102.0,,False,5m consistent,1
2023-11-21 14:00:00,1.0946,1.09602,1.09447,1.0954,6185.0,,False,5m consistent,0
2023-11-21 15:00:00,1.09542,1.096,1.09322,1.09351,7192.0,,False,5m consistent,0
2023-11-21 17:00:00,1.09243,1.09274,1.09196,1.09217,3657.0,,False,5m consistent,0
2023-11-21 18:00:00,1.09217,1.09225,1.09031,1.09097,4010.0,,False,5m consistent,1
2023-11-21 21:00:00,1.09127,1.09156,1.09116,1.09117,1156.0,,False,5m consistent,1
2023-11-22 00:00:00,1.09182,1.09205,1.09152,1.09203,1786.0,,False,5m consistent,0
2023-11-22 04:00:00,1.0915,1.09164,1.09116,1.09146,1365.0,,False,5m consistent,0
2023-11-22 05:00:00,1.09144,1.09155,1.09059,1.09081,2332.0,,False,5m consistent,0
2023-11-22 07:00:00,1.0901,1.09176,1.09008,1.09153,3554.0,,False,5m consistent,0
2023-11-22 09:00:00,1.08862,1.09131,1.08859,1.09033,4165.0,,False,5m consistent,1
2023-11-22 12:00:00,1.09008,1.09131,1.08987,1.09074,4358.0,,False,5m consistent,1
2023-11-22 13:00:00,1.09071,1.09186,1.0892,1.08969,8921.0,,False,5m consistent,0
2023-11-22 14:00:00,1.08972,1.08994,1.08722,1.08762,8508.0,,False,5m consistent,0
2023-11-23 07:00:00,1.09091,1.09157,1.09064,1.09145,3343.0,,False,5m consistent,0
2023-11-23 08:00:00,1.09147,1.09318,1.08963,1.09186,6054.0,,False,5m consistent,0
2023-11-23 09:00:00,1.09191,1.09247,1.09065,1.0924,5281.0,,False,5m consistent,0
2023-11-23 10:00:00,1.09238,1.0925,1.0916,1.09199,2994.0,,False,5m consistent,0
2023-11-23 11:00:00,1.09198,1.09207,1.09132,1.09155,2228.0,,False,5m consistent,0
2023-11-23 12:00:00,1.09153,1.0916,1.0901,1.09043,2591.0,,False,5m consistent,0
2023-11-23 13:00:00,1.09041,1.09064,1.08974,1.09024,3079.0,,False,5m consistent,0
2023-11-23 15:00:00,1.08971,1.09114,1.08967,1.09105,2902.0,,False,5m consistent,1
2023-11-24 00:00:00,1.09051,1.09107,1.09035,1.09077,1660.0,,False,5m consistent,0
2023-11-24 01:00:00,1.09079,1.09112,1.09021,1.09029,2808.0,,False,5m consistent,1
2023-11-24 05:00:00,1.09044,1.0913,1.09044,1.09127,1620.0,,False,5m consistent,0
2023-11-24 06:00:00,1.09127,1.09127,1.09047,1.09082,1982.0,,False,5m consistent,1
2023-11-24 08:00:00,1.09087,1.09202,1.0906,1.09201,3857.0,,False,5m consistent,0
2023-11-24 12:00:00,1.09149,1.0929,1.09129,1.09175,3027.0,,False,5m consistent,0
2023-11-24 15:00:00,1.09374,1.09461,1.09351,1.09406,5186.0,,False,5m consistent,0
2023-11-24 18:00:00,1.09415,1.09498,1.09409,1.09485,877.0,,False,5m consistent,0
2023-11-24 20:00:00,1.09469,1.09486,1.09434,1.0947,7906.0,,False,5m consistent,0
2023-11-27 01:00:00,1.09297,1.09507,1.09275,1.09477,3055.0,,False,5m consistent,1
2023-11-27 07:00:00,1.09509,1.096,1.09462,1.09483,3468.0,,False,5m consistent,1
2023-11-27 10:00:00,1.09494,1.09573,1.09464,1.09555,3005.0,,False,5m consistent,0
2023-11-27 11:00:00,1.09556,1.09563,1.09465,1.09544,2569.0,,False,5m consistent,0
2023-11-27 12:00:00,1.09545,1.09561,1.09465,1.09505,2904.0,,False,5m consistent,0
2023-11-27 13:00:00,1.09507,1.09562,1.09444,1.09446,6548.0,,False,5m consistent,0
2023-11-27 16:00:00,1.09335,1.09387,1.09285,1.09372,5506.0,,False,5m consistent,1
2023-11-28 05:00:00,1.09533,1.09542,1.09507,1.09519,1486.0,,False,5m consistent,0
2023-11-28 06:00:00,1.09518,1.0953,1.09468,1.09476,1754.0,,False,5m consistent,0
2023-11-28 09:00:00,1.09485,1.0956,1.09476,1.09545,3943.0,,False,5m consistent,1
2023-11-28 12:00:00,1.09507,1.09632,1.09482,1.09517,3561.0,,False,5m consistent,1
2023-11-28 13:00:00,1.09519,1.09748,1.0946,1.09733,6062.0,,False,5m consistent,1
2023-11-28 14:00:00,1.09731,1.09857,1.09648,1.09795,8871.0,,False,5m consistent,1
2023-11-28 16:00:00,1.09818,1.10068,1.09783,1.10062,8220.0,,False,5m consistent,0
2023-11-28 17:00:00,1.10063,1.10097,1.0986,1.09878,5016.0,,False,5m consistent,0
2023-11-28 19:00:00,1.0982,1.09947,1.0982,1.0992,3691.0,,False,5m consistent,0
2023-11-28 23:00:00,1.09951,1.10065,1.09947,1.10049,1323.0,,False,5m consistent,1
2023-11-29 01:00:00,1.10068,1.10181,1.10056,1.10069,4954.0,,False,5m consistent,0
2023-11-29 02:00:00,1.10067,1.10093,1.09987,1.10073,2199.0,,False,5m consistent,0
2023-11-29 06:00:00,1.10029,1.10054,1.0997,1.1002,3390.0,,False,5m consistent,0
2023-11-29 08:00:00,1.09833,1.09993,1.09777,1.09907,6982.0,,False,5m consistent,0
2023-11-29 12:00:00,1.09855,1.09895,1.09799,1.09859,3949.0,,False,5m consistent,1
2023-11-29 13:00:00,1.09858,1.09957,1.09724,1.09735,10051.0,,False,5m consistent,1
2023-11-29 14:00:00,1.09736,1.09916,1.09627,1.09776,8499.0,,False,5m consistent,0
2023-11-29 15:00:00,1.09776,1.09919,1.09609,1.09755,9852.0,,False,5m consistent,1
2023-11-29 19:00:00,1.09855,1.09957,1.09779,1.09839,3418.0,,False,5m consistent,0
2023-11-30 00:00:00,1.09742,1.09848,1.09729,1.09835,1441.0,,False,5m consistent,0
2023-11-30 06:00:00,1.09729,1.09828,1.09729,1.09794,2453.0,,False,5m consistent,0
2023-11-30 07:00:00,1.09794,1.09794,1.09414,1.09526,5280.0,,False,5m consistent,1
2023-11-30 09:00:00,1.09243,1.09397,1.09209,1.09261,5703.0,,False,5m consistent,0
2023-11-30 10:00:00,1.09261,1.09312,1.09105,1.09191,4288.0,,False,5m consistent,1
2023-11-30 12:00:00,1.09165,1.09326,1.09118,1.09261,3597.0,,False,5m consistent,0
2023-11-30 13:00:00,1.09265,1.09509,1.09149,1.09166,9813.0,,False,5m consistent,1
2023-11-30 14:00:00,1.09169,1.09234,1.08929,1.09093,11302.0,,False,5m consistent,1
2023-11-30 15:00:00,1.09092,1.09192,1.0895,1.09117,10736.0,,False,5m consistent,1
2023-11-30 16:00:00,1.09118,1.09176,1.09024,1.09076,8371.0,,False,5m consistent,0
2023-11-30 19:00:00,1.08904,1.08956,1.08855,1.08909,3292.0,,False,5m consistent,1
2023-12-01 02:00:00,1.09079,1.09136,1.09071,1.09086,2200.0,,False,5m consistent,1
2023-12-01 06:00:00,1.09118,1.09127,1.09068,1.09096,2298.0,,False,5m consistent,1
2023-12-01 07:00:00,1.09085,1.09127,1.08953,1.08956,4205.0,,False,5m consistent,1
2023-12-01 09:00:00,1.0894,1.09056,1.08904,1.08986,5383.0,,False,5m consistent,0
2023-12-01 10:00:00,1.08985,1.09046,1.08862,1.08915,3654.0,,False,5m consistent,1
2023-12-01 11:00:00,1.08916,1.08981,1.08834,1.08981,3705.0,,False,5m consistent,1
2023-12-01 12:00:00,1.08982,1.0902,1.08764,1.08776,4470.0,,False,5m consistent,0
2023-12-01 13:00:00,1.08775,1.08855,1.08672,1.08684,7094.0,,False,5m consistent,0
2023-12-01 14:00:00,1.08683,1.08712,1.08421,1.08455,7017.0,,False,5m consistent,0
2023-12-01 15:00:00,1.08455,1.08675,1.08336,1.08387,12493.0,,False,5m consistent,1
2023-12-01 18:00:00,1.08826,1.08937,1.08794,1.08899,5378.0,,False,5m consistent,0
2023-12-04 03:00:00,1.08834,1.08869,1.08809,1.08809,2335.0,,False,5m consistent,0
2023-12-04 06:00:00,1.08699,1.08774,1.08678,1.08697,3041.0,,False,5m consistent,0
2023-12-04 09:00:00,1.08645,1.08818,1.08634,1.08756,4994.0,,False,5m consistent,0
2023-12-04 11:00:00,1.08692,1.08798,1.08685,1.087,3737.0,,False,5m consistent,1
2023-12-04 12:00:00,1.08699,1.08733,1.08604,1.08699,3945.0,,False,5m consistent,1
2023-12-04 13:00:00,1.08698,1.08768,1.0854,1.08554,6180.0,,False,5m consistent,0
2023-12-04 14:00:00,1.08555,1.08561,1.08204,1.08408,9627.0,,False,5m consistent,0
2023-12-04 17:00:00,1.0824,1.08276,1.08184,1.08264,3868.0,,False,5m consistent,1
2023-12-05 00:00:00,1.08382,1.08473,1.0837,1.08443,2388.0,,False,5m consistent,1
2023-12-05 05:00:00,1.08449,1.08483,1.08405,1.08483,2036.0,,False,5m consistent,0
2023-12-05 06:00:00,1.08479,1.08482,1.08324,1.08349,3116.0,,False,5m consistent,0
2023-12-05 10:00:00,1.08326,1.08406,1.08303,1.08332,4530.0,,False,5m consistent,0
2023-12-05 13:00:00,1.0815,1.08346,1.08145,1.08293,7095.0,,False,5m consistent,0
2023-12-05 14:00:00,1.08293,1.08312,1.08022,1.08112,8519.0,,False,5m consistent,0
2023-12-05 15:00:00,1.08111,1.08397,1.07997,1.08065,15588.0,,False,5m consistent,0
2023-12-05 17:00:00,1.07872,1.07983,1.07865,1.07928,4925.0,,False,5m consistent,1
2023-12-06 00:00:00,1.07943,1.07974,1.079,1.07961,2265.0,,False,5m consistent,1
2023-12-06 05:00:00,1.0795,1.08027,1.07925,1.0802,2177.0,,False,5m consistent,0
2023-12-06 06:00:00,1.08019,1.08019,1.07887,1.07888,2169.0,,False,5m consistent,1
2023-12-06 07:00:00,1.07889,1.07941,1.07788,1.07909,4843.0,,False,5m consistent,0
2023-12-06 10:00:00,1.0792,1.07968,1.07882,1.07918,4071.0,,False,5m consistent,0
2023-12-06 11:00:00,1.07917,1.07917,1.07788,1.07807,3709.0,,False,5m consistent,1
2023-12-06 13:00:00,1.07779,1.08007,1.07779,1.07987,8953.0,,False,5m consistent,1
2023-12-06 14:00:00,1.07988,1.08055,1.07895,1.07956,7763.0,,False,5m consistent,1
2023-12-06 16:00:00,1.07908,1.08011,1.07845,1.079,5886.0,,False,5m consistent,0
2023-12-06 17:00:00,1.07899,1.07927,1.07817,1.07822,3954.0,,False,5m consistent,0
2023-12-06 18:00:00,1.0782,1.07852,1.07719,1.07791,3384.0,,False,5m consistent,0
2023-12-06 19:00:00,1.07791,1.07797,1.07679,1.07692,2530.0,,False,5m consistent,1
2023-12-06 21:00:00,1.0763,1.07671,1.07628,1.07652,1207.0,,False,5m consistent,0
2023-12-07 02:00:00,1.07681,1.07718,1.07628,1.07658,2451.0,,False,5m consistent,0
2023-12-07 06:00:00,1.07626,1.07676,1.07595,1.07648,3142.0,,False,5m consistent,0
2023-12-07 07:00:00,1.07644,1.07822,1.07559,1.07817,5684.0,,False,5m consistent,0
2023-12-07 08:00:00,1.07819,1.07837,1.07727,1.0781,6622.0,,False,5m consistent,1
2023-12-07 09:00:00,1.07812,1.07856,1.07727,1.07806,5525.0,,False,5m consistent,0
2023-12-07 10:00:00,1.07804,1.07842,1.07647,1.0772,5455.0,,False,5m consistent,1
2023-12-07 11:00:00,1.07723,1.07783,1.07644,1.07716,4783.0,,False,5m consistent,0
2023-12-07 12:00:00,1.07715,1.0775,1.07602,1.07702,4901.0,,False,5m consistent,1
2023-12-07 13:00:00,1.07699,1.07987,1.07622,1.07912,9706.0,,False,5m consistent,0
2023-12-07 17:00:00,1.07946,1.08186,1.07899,1.08145,8196.0,,False,5m consistent,0
2023-12-08 00:00:00,1.07908,1.07987,1.07892,1.0797,4435.0,,False,5m consistent,0
2023-12-08 03:00:00,1.07901,1.07965,1.07887,1.07928,2776.0,,False,5m consistent,0
2023-12-08 06:00:00,1.07847,1.07882,1.07798,1.07803,3107.0,,False,5m consistent,1
2023-12-08 08:00:00,1.07802,1.07921,1.07778,1.07902,6434.0,,False,5m consistent,0
2023-12-08 10:00:00,1.07777,1.07908,1.07761,1.07849,4613.0,,False,5m consistent,0
2023-12-08 11:00:00,1.07848,1.07882,1.07788,1.07835,3743.0,,False,5m consistent,0
2023-12-08 12:00:00,1.07838,1.07867,1.07758,1.07781,4099.0,,False,5m consistent,0
2023-12-08 13:00:00,1.07784,1.07806,1.07244,1.07477,14085.0,,False,5m consistent,0
2023-12-08 15:00:00,1.07471,1.07865,1.07471,1.07692,11968.0,,False,5m consistent,0
2023-12-11 06:00:00,1.07689,1.07716,1.07674,1.07704,1940.0,,False,5m consistent,0
2023-12-11 08:00:00,1.07565,1.07717,1.07522,1.0766,5566.0,,False,5m consistent,1
2023-12-11 10:00:00,1.07678,1.07798,1.07676,1.07741,3961.0,,False,5m consistent,1
2023-12-11 11:00:00,1.0774,1.07789,1.07643,1.07691,3946.0,,False,5m consistent,0
2023-12-11 12:00:00,1.07691,1.07714,1.07562,1.07618,3514.0,,False,5m consistent,1
2023-12-11 13:00:00,1.07618,1.07675,1.07531,1.07644,4939.0,,False,5m consistent,0
2023-12-11 14:00:00,1.07645,1.07646,1.07447,1.07539,6224.0,,False,5m consistent,1
2023-12-12 06:00:00,1.077,1.07807,1.07695,1.07803,1745.0,,False,5m consistent,1
2023-12-12 10:00:00,1.07941,1.08082,1.07935,1.08018,4002.0,,False,5m consistent,1
2023-12-12 13:00:00,1.07992,1.08289,1.07745,1.07771,13227.0,,False,5m consistent,1
2023-12-12 23:00:00,1.07982,1.08001,1.07965,1.07992,696.0,,False,5m consistent,0
2023-12-13 01:00:00,1.07945,1.0797,1.07921,1.07941,2094.0,,False,5m consistent,0
2023-12-13 05:00:00,1.07872,1.0792,1.07872,1.07908,1521.0,,False,5m consistent,0
2023-12-13 08:00:00,1.07858,1.07936,1.07836,1.07901,4985.0,,False,5m consistent,0
2023-12-13 09:00:00,1.07903,1.07927,1.07814,1.07882,3889.0,,False,5m consistent,0
2023-12-13 13:00:00,1.07827,1.08046,1.07827,1.08014,7535.0,,False,5m consistent,0
2023-12-13 14:00:00,1.08013,1.08102,1.07834,1.07918,7345.0,,False,5m consistent,1
2023-12-13 15:00:00,1.07916,1.07965,1.07852,1.07954,5669.0,,False,5m consistent,0
2023-12-13 16:00:00,1.07955,1.07976,1.07865,1.07928,3681.0,,False,5m consistent,0
2023-12-13 19:00:00,1.07878,1.08924,1.07862,1.08886,21907.0,,False,5m consistent,0
2023-12-14 06:00:00,1.08956,1.0904,1.08956,1.09022,3946.0,,False,5m consistent,0
2023-12-14 12:00:00,1.09303,1.09406,1.09238,1.09245,6907.0,,False,5m consistent,0
2023-12-14 14:00:00,1.0944,1.09932,1.09367,1.09917,15029.0,,False,5m consistent,0
2023-12-14 17:00:00,1.09971,1.10101,1.099,1.10058,5574.0,,False,5m consistent,0
2023-12-14 23:00:00,1.09933,1.09974,1.09907,1.09943,1568.0,,False,5m consistent,0
2023-12-15 04:00:00,1.09999,1.10045,1.09976,1.09989,2505.0,,False,5m consistent,0
2023-12-15 07:00:00,1.09883,1.09963,1.09838,1.09946,4949.0,,False,5m consistent,0
2023-12-15 11:00:00,1.09652,1.09703,1.09575,1.09692,4623.0,,False,5m consistent,0
2023-12-15 14:00:00,1.09173,1.09293,1.09114,1.09203,12302.0,,False,5m consistent,0
2023-12-15 15:00:00,1.09207,1.09243,1.09058,1.09165,8997.0,,False,5m consistent,0
2023-12-15 17:00:00,1.09064,1.09173,1.09051,1.09112,4336.0,,False,5m consistent,0
2023-12-18 09:00:00,1.09188,1.09292,1.09145,1.09204,4926.0,,False,5m consistent,0
2023-12-18 14:00:00,1.09221,1.09318,1.09215,1.09299,6466.0,,False,5m consistent,0
2023-12-18 17:00:00,1.09199,1.09287,1.09193,1.09285,3635.0,,False,5m consistent,0
2023-12-18 18:00:00,1.09285,1.09288,1.09208,1.09241,3244.0,,False,5m consistent,0
2023-12-18 23:00:00,1.09238,1.09259,1.0921,1.0924,1107.0,,False,5m consistent,1
2023-12-19 03:00:00,1.09225,1.09301,1.09211,1.09261,3369.0,,False,5m consistent,1
2023-12-19 09:00:00,1.09416,1.09502,1.09399,1.09423,4052.0,,False,5m consistent,0
2023-12-19 10:00:00,1.09423,1.09462,1.09369,1.0939,4039.0,,False,5m consistent,1
2023-12-19 12:00:00,1.09381,1.09715,1.09381,1.09693,4913.0,,False,5m consistent,0
2023-12-19 14:00:00,1.09628,1.09851,1.096,1.098,7586.0,,False,5m consistent,1
2023-12-19 15:00:00,1.09802,1.09884,1.09701,1.09867,7883.0,,False,5m consistent,0
2023-12-19 22:00:00,1.09816,1.09886,1.09809,1.09847,403.0,,False,5m consistent,0
2023-12-19 23:00:00,1.09846,1.09847,1.09787,1.09803,1233.0,,False,5m consistent,0
2023-12-20 00:00:00,1.09804,1.09804,1.09725,1.09742,2065.0,,False,5m consistent,0
2023-12-20 05:00:00,1.09695,1.09702,1.09652,1.09656,1906.0,,False,5m consistent,0
2023-12-20 06:00:00,1.09657,1.09658,1.09563,1.09601,2037.0,,False,5m consistent,0
2023-12-20 07:00:00,1.09602,1.09713,1.09516,1.09677,5877.0,,False,5m consistent,0
2023-12-20 08:00:00,1.09671,1.09722,1.09589,1.09617,6291.0,,False,5m consistent,1
2023-12-20 09:00:00,1.09617,1.09663,1.09539,1.09652,4142.0,,False,5m consistent,0
2023-12-20 10:00:00,1.09653,1.09661,1.09475,1.09533,3762.0,,False,5m consistent,0
2023-12-20 14:00:00,1.09616,1.09732,1.096,1.09715,6057.0,,False,5m consistent,0
2023-12-20 15:00:00,1.09714,1.09758,1.09543,1.09748,8371.0,,False,5m consistent,0
2023-12-20 18:00:00,1.09587,1.09646,1.0956,1.09607,3552.0,,False,5m consistent,0
2023-12-20 19:00:00,1.09605,1.09616,1.09434,1.09474,3911.0,,False,5m consistent,0
2023-12-21 01:00:00,1.09508,1.09542,1.09491,1.09532,2698.0,,False,5m consistent,1
2023-12-21 05:00:00,1.09503,1.09568,1.09495,1.09553,1847.0,,False,5m consistent,0
2023-12-21 07:00:00,1.09458,1.09511,1.09432,1.0948,3692.0,,False,5m consistent,0
2023-12-21 12:00:00,1.09807,1.09878,1.09776,1.09814,4212.0,,False,5m consistent,1
2023-12-21 13:00:00,1.09812,1.10035,1.09735,1.09918,9770.0,,False,5m consistent,1
2023-12-21 14:00:00,1.09919,1.10022,1.09829,1.0993,9961.0,,False,5m consistent,0
2023-12-21 15:00:00,1.09932,1.09956,1.09763,1.09905,10731.0,,False,5m consistent,1
2023-12-21 16:00:00,1.09907,1.09956,1.098,1.09903,7182.0,,False,5m consistent,1
2023-12-21 17:00:00,1.09905,1.0992,1.09789,1.09871,6506.0,,False,5m consistent,1
2023-12-21 21:00:00,1.10037,1.10135,1.10034,1.10131,1873.0,,False,5m consistent,0
2023-12-22 00:00:00,1.1007,1.10106,1.10038,1.10057,2133.0,,False,5m consistent,0
2023-12-22 11:00:00,1.102,1.10305,1.10178,1.10266,4076.0,,False,5m consistent,1
2023-12-22 14:00:00,1.10295,1.1041,1.10259,1.10369,7968.0,,False,5m consistent,0
2023-12-22 18:00:00,1.10168,1.10201,1.10119,1.10142,3226.0,,False,5m consistent,1
2023-12-22 19:00:00,1.10143,1.10165,1.1003,1.10163,3843.0,,False,5m consistent,1
2024-01-08 01:00:00,1.09492,1.0954,1.09478,1.09488,2162.0,,False,5m consistent,0
2024-01-08 07:00:00,1.09471,1.09533,1.09401,1.09461,4632.0,,False,5m consistent,0
2024-01-08 08:00:00,1.09464,1.09464,1.093,1.09345,6443.0,,False,5m consistent,1
2024-01-08 16:00:00,1.09707,1.09797,1.0969,1.09762,5866.0,,False,5m consistent,0
2024-01-08 17:00:00,1.0976,1.09796,1.09632,1.09655,3346.0,,False,5m consistent,0
2024-01-08 19:00:00,1.09563,1.09637,1.09537,1.09618,2869.0,,False,5m consistent,1
2024-01-08 21:00:00,1.09554,1.09571,1.09506,1.09515,1569.0,,False,5m consistent,0
2024-01-09 03:00:00,1.09639,1.09673,1.09616,1.09637,1738.0,,False,5m consistent,0
2024-01-09 04:00:00,1.09639,1.0964,1.09542,1.0957,1572.0,,False,5m consistent,0
2024-01-09 07:00:00,1.09509,1.0964,1.09468,1.09575,4095.0,,False,5m consistent,0
2024-01-09 08:00:00,1.09574,1.09575,1.09397,1.09505,5263.0,,False,5m consistent,0
2024-01-09 09:00:00,1.09507,1.09514,1.09387,1.0945,4577.0,,False,5m consistent,1
2024-01-09 10:00:00,1.09453,1.0949,1.09334,1.09364,4453.0,,False,5m consistent,1
2024-01-09 12:00:00,1.0932,1.09424,1.09295,1.09414,4315.0,,False,5m consistent,1
2024-01-09 13:00:00,1.09414,1.09476,1.0934,1.0947,7421.0,,False,5m consistent,1
2024-01-09 14:00:00,1.09472,1.09522,1.09388,1.09463,7616.0,,False,5m consistent,0
2024-01-09 15:00:00,1.09464,1.09474,1.09184,1.09187,7439.0,,False,5m consistent,1
2024-01-09 17:00:00,1.09352,1.09402,1.09309,1.09349,4509.0,,False,5m consistent,0
2024-01-10 02:00:00,1.09331,1.09367,1.09325,1.09345,2193.0,,False,5m consistent,0
2024-01-10 05:00:00,1.09329,1.0935,1.09313,1.09332,1441.0,,False,5m consistent,0
2024-01-10 10:00:00,1.0948,1.09558,1.09459,1.095,3697.0,,False,5m consistent,1
2024-01-10 13:00:00,1.09447,1.09528,1.09414,1.09414,4990.0,,False,5m consistent,1
2024-01-10 15:00:00,1.09404,1.09699,1.09365,1.09681,5876.0,,False,5m consistent,0
2024-01-10 17:00:00,1.096,1.09689,1.09591,1.0968,2768.0,,False,5m consistent,1
2024-01-10 19:00:00,1.09705,1.09716,1.09677,1.09711,2692.0,,False,5m consistent,1
2024-01-11 06:00:00,1.09791,1.09895,1.09753,1.09866,2140.0,,False,5m consistent,0
2024-01-11 07:00:00,1.09867,1.09877,1.09781,1.09797,3110.0,,False,5m consistent,1
2024-01-11 08:00:00,1.09797,1.09823,1.09726,1.0976,4408.0,,False,5m consistent,0
2024-01-11 09:00:00,1.09759,1.09761,1.09597,1.09645,4263.0,,False,5m consistent,1
2024-01-11 13:00:00,1.09847,1.10005,1.09364,1.09403,16169.0,,False,5m consistent,1
2024-01-11 14:00:00,1.09407,1.09746,1.09322,1.09549,14676.0,,False,5m consistent,0
2024-01-11 15:00:00,1.09548,1.09638,1.09311,1.09471,13158.0,,False,5m consistent,1
2024-01-11 19:00:00,1.09658,1.09837,1.09658,1.09828,5352.0,,False,5m consistent,0
2024-01-11 23:00:00,1.09739,1.09836,1.09715,1.09832,1259.0,,False,5m consistent,0
2024-01-12 06:00:00,1.09764,1.09796,1.09739,1.09761,1697.0,,False,5m consistent,0
2024-01-12 08:00:00,1.09671,1.09837,1.09661,1.09759,5304.0,,False,5m consistent,0
2024-01-12 10:00:00,1.09634,1.0965,1.09577,1.09607,3539.0,,False,5m consistent,0
2024-01-12 11:00:00,1.09608,1.09629,1.09475,1.09505,3781.0,,False,5m consistent,0
2024-01-12 14:00:00,1.0956,1.09857,1.09536,1.09764,10434.0,,False,5m consistent,0
2024-01-12 16:00:00,1.0967,1.09747,1.0959,1.0959,7248.0,,False,5m consistent,1
2024-01-15 06:00:00,1.09651,1.09674,1.09633,1.09648,2004.0,,False,5m consistent,0
2024-01-15 08:00:00,1.09547,1.09661,1.09544,1.09589,4996.0,,False,5m consistent,0
2024-01-15 09:00:00,1.09588,1.09596,1.09438,1.09475,4040.0,,False,5m consistent,0
2024-01-15 12:00:00,1.0946,1.096,1.09445,1.09546,4021.0,,False,5m consistent,0
2024-01-15 13:00:00,1.09545,1.0955,1.09452,1.09514,4179.0,,False,5m consistent,0
2024-01-15 22:00:00,1.09506,1.09529,1.09496,1.09512,806.0,,False,5m consistent,0
2024-01-15 23:00:00,1.09504,1.09519,1.09456,1.09458,1181.0,,False,5m consistent,0
2024-01-16 01:00:00,1.09206,1.09325,1.09162,1.09285,4587.0,,False,5m consistent,0
2024-01-16 02:00:00,1.09284,1.09286,1.09224,1.09246,2622.0,,False,5m consistent,0
2024-01-16 03:00:00,1.09247,1.09264,1.0917,1.09197,2425.0,,False,5m consistent,1
2024-01-16 04:00:00,1.09195,1.09209,1.09141,1.09183,1596.0,,False,5m consistent,1
2024-01-16 06:00:00,1.09159,1.09225,1.09136,1.09185,2733.0,,False,5m consistent,0
2024-01-16 07:00:00,1.09186,1.09277,1.09095,1.09193,5029.0,,False,5m consistent,1
2024-01-16 08:00:00,1.09192,1.09242,1.08951,1.09057,8161.0,,False,5m consistent,0
2024-01-16 09:00:00,1.09034,1.09051,1.08847,1.08872,6509.0,,False,5m consistent,0
2024-01-16 10:00:00,1.08873,1.08903,1.088,1.08822,4616.0,,False,5m consistent,1
2024-01-16 11:00:00,1.08821,1.08956,1.08747,1.08931,4418.0,,False,5m consistent,0
2024-01-16 12:00:00,1.08932,1.08941,1.08844,1.08871,4152.0,,False,5m consistent,0
2024-01-16 13:00:00,1.08871,1.08988,1.08724,1.08749,9574.0,,False,5m consistent,1
2024-01-16 15:00:00,1.08734,1.08892,1.08665,1.08865,7200.0,,False,5m consistent,0
2024-01-16 16:00:00,1.08868,1.08955,1.08628,1.0882,13181.0,,False,5m consistent,0
2024-01-16 23:00:00,1.08781,1.08795,1.08766,1.08794,771.0,,False,5m consistent,1
2024-01-17 02:00:00,1.08783,1.08854,1.08747,1.08756,2431.0,,False,5m consistent,0
2024-01-17 04:00:00,1.08672,1.08721,1.08655,1.08719,1830.0,,False,5m consistent,0
2024-01-17 05:00:00,1.08718,1.08731,1.08615,1.08656,2795.0,,False,5m consistent,1
2024-01-17 09:00:00,1.08675,1.08795,1.08617,1.08775,5248.0,,False,5m consistent,1
2024-01-17 11:00:00,1.0873,1.0884,1.08706,1.08794,3921.0,,False,5m consistent,0
2024-01-17 12:00:00,1.08794,1.08821,1.08703,1.08752,3794.0,,False,5m consistent,0
2024-01-17 13:00:00,1.08751,1.08795,1.0852,1.08648,9331.0,,False,5m consistent,0
2024-01-17 17:00:00,1.08583,1.08708,1.08577,1.08678,4078.0,,False,5m consistent,1
2024-01-18 06:00:00,1.08957,1.09075,1.08956,1.09048,3089.0,,False,5m consistent,0
2024-01-18 07:00:00,1.09045,1.09074,1.08871,1.0889,3819.0,,False,5m consistent,0
2024-01-18 10:00:00,1.08854,1.08969,1.08837,1.08958,3812.0,,False,5m consistent,0
2024-01-18 11:00:00,1.08957,1.08963,1.08855,1.08899,3561.0,,False,5m consistent,0
2024-01-18 12:00:00,1.08902,1.08949,1.08755,1.08783,4318.0,,False,5m consistent,0
2024-01-18 14:00:00,1.08533,1.087,1.08502,1.08604,10327.0,,False,5m consistent,0
2024-01-18 16:00:00,1.08529,1.08709,1.08512,1.08626,6237.0,,False,5m consistent,1
2024-01-19 04:00:00,1.089,1.08903,1.08862,1.08873,1049.0,,False,5m consistent,0
2024-01-19 05:00:00,1.08872,1.08879,1.08804,1.08817,1935.0,,False,5m consistent,1
2024-01-19 06:00:00,1.08814,1.08834,1.08762,1.08818,2385.0,,False,5m consistent,1
2024-01-19 07:00:00,1.08825,1.08871,1.08753,1.08802,4466.0,,False,5m consistent,0
2024-01-19 08:00:00,1.08804,1.08828,1.08688,1.08781,4291.0,,False,5m consistent,1
2024-01-19 09:00:00,1.08779,1.08858,1.08722,1.08839,4339.0,,False,5m consistent,0
2024-01-19 11:00:00,1.0882,1.0894,1.08801,1.08882,3119.0,,False,5m consistent,0
2024-01-19 12:00:00,1.08882,1.08889,1.08809,1.08834,3048.0,,False,5m consistent,0
2024-01-19 13:00:00,1.08835,1.08904,1.08764,1.08814,5562.0,,False,5m consistent,0
2024-01-19 14:00:00,1.08813,1.08844,1.08665,1.08811,6952.0,,False,5m consistent,0
2024-01-19 16:00:00,1.08834,1.08888,1.08816,1.08873,5828.0,,False,5m consistent,1
2024-01-22 02:00:00,1.09029,1.09101,1.09004,1.09081,1919.0,,False,5m consistent,0
2024-01-22 06:00:00,1.09024,1.09105,1.09021,1.09057,2630.0,,False,5m consistent,0
2024-01-22 07:00:00,1.09054,1.09088,1.0898,1.08985,4147.0,,False,5m consistent,1
2024-01-22 09:00:00,1.08924,1.09032,1.08906,1.08979,3608.0,,False,5m consistent,0
2024-01-22 10:00:00,1.08977,1.08979,1.08865,1.08875,3156.0,,False,5m consistent,1
2024-01-22 12:00:00,1.08908,1.09005,1.08888,1.08935,3980.0,,False,5m consistent,0
2024-01-22 13:00:00,1.08933,1.08961,1.08807,1.08924,5414.0,,False,5m consistent,1
2024-01-22 14:00:00,1.08926,1.0897,1.0886,1.08907,5607.0,,False,5m consistent,1
2024-01-22 17:00:00,1.08951,1.09007,1.08915,1.08972,2677.0,,False,5m consistent,0
2024-01-22 18:00:00,1.08972,1.08972,1.08847,1.0891,3320.0,,False,5m consistent,0
2024-01-22 22:00:00,1.08865,1.08873,1.08821,1.08838,1360.0,,False,5m consistent,1
2024-01-23 00:00:00,1.08786,1.08849,1.08766,1.0884,1452.0,,False,5m consistent,1
2024-01-23 05:00:00,1.08996,1.09087,1.08977,1.09078,2007.0,,False,5m consistent,1
2024-01-23 06:00:00,1.09079,1.0915,1.09024,1.09149,3720.0,,False,5m consistent,0
2024-01-23 07:00:00,1.09148,1.09168,1.09045,1.0909,4889.0,,False,5m consistent,0
2024-01-23 08:00:00,1.09091,1.09115,1.08934,1.08958,4645.0,,False,5m consistent,0
2024-01-23 09:00:00,1.08958,1.08959,1.08845,1.08884,3790.0,,False,5m consistent,0
2024-01-23 10:00:00,1.08882,1.08892,1.08682,1.08702,3754.0,,False,5m consistent,1
2024-01-23 11:00:00,1.08703,1.08729,1.08608,1.08672,3534.0,,False,5m consistent,1
2024-01-23 13:00:00,1.08649,1.08767,1.08649,1.08748,4497.0,,False,5m consistent,0
2024-01-23 14:00:00,1.08746,1.08748,1.08492,1.08535,6201.0,,False,5m consistent,0
2024-01-24 04:00:00,1.08599,1.08669,1.0859,1.08654,1640.0,,False,5m consistent,1
2024-01-24 09:00:00,1.08716,1.09085,1.08706,1.09034,6023.0,,False,5m consistent,0
2024-01-24 10:00:00,1.09035,1.09055,1.08941,1.08986,4390.0,,False,5m consistent,1
2024-01-24 13:00:00,1.08954,1.09281,1.08944,1.09257,6890.0,,False,5m consistent,0
2024-01-24 14:00:00,1.09254,1.09331,1.09024,1.09041,9590.0,,False,5m consistent,1
2024-01-24 15:00:00,1.09041,1.09084,1.08939,1.09016,9990.0,,False,5m consistent,1
2024-01-24 17:00:00,1.09008,1.09095,1.08961,1.09061,4076.0,,False,5m consistent,0
2024-01-24 18:00:00,1.09062,1.09068,1.08911,1.08933,5627.0,,False,5m consistent,0
2024-01-24 19:00:00,1.08932,1.08942,1.08821,1.08892,4102.0,,False,5m consistent,0
2024-01-24 23:00:00,1.08876,1.0889,1.08818,1.08821,894.0,,False,5m consistent,1
2024-01-25 08:00:00,1.08883,1.09004,1.08837,1.08998,4790.0,,False,5m consistent,0
2024-01-25 10:00:00,1.08966,1.08995,1.08927,1.08938,3391.0,,False,5m consistent,1
2024-01-25 11:00:00,1.08941,1.08961,1.08875,1.08958,2873.0,,False,5m consistent,0
2024-01-25 13:00:00,1.08892,1.09032,1.08678,1.088,13267.0,,False,5m consistent,0
2024-01-25 14:00:00,1.08798,1.08798,1.08536,1.08611,13292.0,,False,5m consistent,0
2024-01-25 15:00:00,1.08611,1.08623,1.08301,1.08325,9972.0,,False,5m consistent,1
2024-01-25 17:00:00,1.08373,1.08529,1.08321,1.08386,5752.0,,False,5m consistent,0
2024-01-25 18:00:00,1.08387,1.08475,1.08306,1.08309,5394.0,,False,5m consistent,1
2024-01-25 23:00:00,1.0848,1.08489,1.08436,1.08463,1269.0,,False,5m consistent,1
2024-01-26 03:00:00,1.0845,1.08485,1.08446,1.08459,1421.0,,False,5m consistent,0
2024-01-26 05:00:00,1.08404,1.08446,1.08393,1.08434,1931.0,,False,5m consistent,0
2024-01-26 06:00:00,1.08434,1.08438,1.08292,1.08301,2393.0,,False,5m consistent,0
2024-01-26 08:00:00,1.08204,1.08429,1.08183,1.0841,5649.0,,False,5m consistent,1
2024-01-26 11:00:00,1.08658,1.0877,1.08652,1.08754,4013.0,,False,5m consistent,1
2024-01-26 12:00:00,1.08755,1.08767,1.08665,1.08682,3224.0,,False,5m consistent,1
2024-01-26 13:00:00,1.08682,1.08878,1.08572,1.08729,9602.0,,False,5m consistent,0
2024-01-26 14:00:00,1.08728,1.0881,1.08617,1.08748,8058.0,,False,5m consistent,0
2024-01-26 17:00:00,1.08656,1.08714,1.086,1.08646,3695.0,,False,5m consistent,0
2024-01-29 06:00:00,1.08409,1.08481,1.084,1.08473,1787.0,,False,5m consistent,0
2024-01-29 08:00:00,1.08376,1.08428,1.08339,1.08355,4015.0,,False,5m consistent,0
2024-01-29 09:00:00,1.08355,1.08364,1.08238,1.0826,3768.0,,False,5m consistent,0
2024-01-29 12:00:00,1.08238,1.08377,1.08211,1.08228,3316.0,,False,5m consistent,0
2024-01-29 13:00:00,1.0823,1.08253,1.08146,1.08212,4707.0,,False,5m consistent,0
2024-01-29 14:00:00,1.08211,1.08234,1.0805,1.08078,5716.0,,False,5m consistent,0
2024-01-29 21:00:00,1.08317,1.08357,1.08274,1.08341,1484.0,,False,5m consistent,1
2024-01-30 00:00:00,1.08348,1.08429,1.08347,1.08416,2189.0,,False,5m consistent,0
2024-01-30 01:00:00,1.08414,1.08414,1.08333,1.08358,3295.0,,False,5m consistent,0
2024-01-30 03:00:00,1.08346,1.08353,1.0831,1.08314,1278.0,,False,5m consistent,0
2024-01-30 05:00:00,1.08261,1.083,1.08226,1.08232,1612.0,,False,5m consistent,0
2024-01-30 07:00:00,1.08157,1.08253,1.08127,1.08235,4070.0,,False,5m consistent,1
2024-01-30 12:00:00,1.08425,1.08507,1.08375,1.08485,3138.0,,False,5m consistent,0
2024-01-30 17:00:00,1.08438,1.08481,1.08376,1.08396,3304.0,,False,5m consistent,1
2024-01-31 00:00:00,1.08438,1.0849,1.08421,1.08436,2544.0,,False,5m consistent,0
2024-01-31 01:00:00,1.08434,1.08444,1.08321,1.08323,3428.0,,False,5m consistent,0
2024-01-31 05:00:00,1.08214,1.08228,1.08183,1.08213,1532.0,,False,5m consistent,0
2024-01-31 06:00:00,1.08212,1.08231,1.08156,1.08164,1846.0,,False,5m consistent,0
2024-01-31 07:00:00,1.0816,1.08224,1.08068,1.08167,4100.0,,False,5m consistent,1
2024-01-31 11:00:00,1.08265,1.08414,1.08261,1.08397,2854.0,,False,5m consistent,1
2024-01-31 14:00:00,1.08585,1.08875,1.08531,1.08807,9809.0,,False,5m consistent,0
2024-01-31 15:00:00,1.08807,1.08883,1.08549,1.08622,10916.0,,False,5m consistent,0
2024-01-31 19:00:00,1.08475,1.08652,1.08167,1.08413,21419.0,,False,5m consistent,0
2024-01-31 22:00:00,1.08185,1.08214,1.08132,1.08151,669.0,,False,5m consistent,1
2024-02-01 02:00:00,1.08095,1.08227,1.08093,1.082,3215.0,,False,5m consistent,0
2024-02-01 05:00:00,1.08085,1.08086,1.08034,1.08035,2031.0,,False,5m consistent,0
2024-02-01 06:00:00,1.08039,1.0806,1.07946,1.07969,2735.0,,False,5m consistent,0
2024-02-01 07:00:00,1.07966,1.07982,1.07847,1.07942,5229.0,,False,5m consistent,0
2024-02-01 14:00:00,1.08145,1.08307,1.08124,1.08279,7706.0,,False,5m consistent,1
2024-02-01 17:00:00,1.08655,1.08757,1.08615,1.08736,7431.0,,False,5m consistent,1
2024-02-02 07:00:00,1.08758,1.08879,1.08751,1.08817,4067.0,,False,5m consistent,1
2024-02-02 09:00:00,1.08801,1.08985,1.08801,1.08916,3349.0,,False,5m consistent,0
2024-02-02 10:00:00,1.08915,1.08958,1.08814,1.08854,3044.0,,False,5m consistent,0
2024-02-02 11:00:00,1.08852,1.08873,1.08789,1.08844,2925.0,,False,5m consistent,0
2024-02-02 13:00:00,1.08814,1.08868,1.08045,1.08079,11299.0,,False,5m consistent,0
2024-02-02 14:00:00,1.08081,1.08178,1.07923,1.081,11472.0,,False,5m consistent,1
2024-02-02 15:00:00,1.08085,1.08124,1.07838,1.08031,10559.0,,False,5m consistent,0
2024-02-05 07:00:00,1.07783,1.07845,1.07734,1.0781,3854.0,,False,5m consistent,0
2024-02-05 08:00:00,1.07813,1.0787,1.07643,1.07678,5139.0,,False,5m consistent,0
2024-02-05 12:00:00,1.0756,1.07587,1.07502,1.07505,3640.0,,False,5m consistent,0
2024-02-05 14:00:00,1.07384,1.07457,1.0736,1.07434,5876.0,,False,5m consistent,0
2024-02-05 19:00:00,1.07448,1.07473,1.07429,1.07438,2549.0,,False,5m consistent,1
2024-02-06 05:00:00,1.075,1.0755,1.07496,1.07543,2040.0,,False,5m consistent,1
2024-02-06 07:00:00,1.07517,1.07633,1.07517,1.07528,4338.0,,False,5m consistent,0
2024-02-06 08:00:00,1.07529,1.07607,1.0746,1.07469,5139.0,,False,5m consistent,0
2024-02-06 10:00:00,1.073,1.07373,1.07285,1.073,2845.0,,False,5m consistent,1
2024-02-06 11:00:00,1.07301,1.07438,1.07251,1.07395,2696.0,,False,5m consistent,0
2024-02-06 12:00:00,1.07394,1.074,1.07234,1.07367,3159.0,,False,5m consistent,1
2024-02-06 17:00:00,1.07508,1.0756,1.07485,1.07518,4575.0,,False,5m consistent,1
2024-02-06 18:00:00,1.07517,1.07563,1.07442,1.07548,4255.0,,False,5m consistent,1
2024-02-07 02:00:00,1.07643,1.07666,1.07626,1.07644,2240.0,,False,5m consistent,0
2024-02-07 05:00:00,1.076,1.07654,1.07587,1.07635,2038.0,,False,5m consistent,1
2024-02-07 07:00:00,1.07623,1.07738,1.07619,1.07733,4179.0,,False,5m consistent,0
2024-02-07 08:00:00,1.07733,1.07743,1.07611,1.07636,4588.0,,False,5m consistent,1
2024-02-07 09:00:00,1.07636,1.07719,1.07587,1.077,3547.0,,False,5m consistent,1
2024-02-07 11:00:00,1.0765,1.07749,1.07631,1.07719,3742.0,,False,5m consistent,1
2024-02-07 12:00:00,1.07719,1.07761,1.07668,1.07746,3869.0,,False,5m consistent,1
2024-02-07 14:00:00,1.0771,1.07789,1.07662,1.07722,7924.0,,False,5m consistent,1
2024-02-07 16:00:00,1.07577,1.0772,1.07571,1.07686,5003.0,,False,5m consistent,1
2024-02-08 06:00:00,1.07838,1.07872,1.07821,1.07849,1927.0,,False,5m consistent,0
2024-02-08 07:00:00,1.0785,1.07897,1.07775,1.0781,4040.0,,False,5m consistent,0
2024-02-08 09:00:00,1.07782,1.07851,1.07743,1.07839,4136.0,,False,5m consistent,0
2024-02-08 10:00:00,1.0784,1.07863,1.0772,1.07723,3034.0,,False,5m consistent,0
2024-02-08 11:00:00,1.07721,1.0774,1.07619,1.07639,3157.0,,False,5m consistent,0
2024-02-08 12:00:00,1.07639,1.07645,1.07508,1.07575,3965.0,,False,5m consistent,0
2024-02-08 14:00:00,1.0745,1.07682,1.07443,1.07658,5337.0,,False,5m consistent,0
2024-02-08 23:00:00,1.07783,1.07789,1.07747,1.07786,833.0,,False,5m consistent,0
2024-02-09 02:00:00,1.07751,1.07791,1.0774,1.0777,1909.0,,False,5m consistent,0
2024-02-09 07:00:00,1.07757,1.07837,1.07753,1.07811,3410.0,,False,5m consistent,0
2024-02-09 08:00:00,1.07811,1.07856,1.07731,1.07736,4857.0,,False,5m consistent,0
2024-02-09 09:00:00,1.07734,1.07777,1.07668,1.07678,4512.0,,False,5m consistent,1
2024-02-09 11:00:00,1.07677,1.07742,1.07644,1.07725,3235.0,,False,5m consistent,0
2024-02-09 13:00:00,1.07679,1.07957,1.07662,1.07839,9836.0,,False,5m consistent,1
2024-02-09 15:00:00,1.07826,1.07908,1.07808,1.07872,6493.0,,False,5m consistent,1
2024-02-09 18:00:00,1.07865,1.07918,1.07863,1.07874,2160.0,,False,5m consistent,1
2024-02-12 07:00:00,1.07922,1.08065,1.07902,1.0804,3521.0,,False,5m consistent,0
2024-02-12 08:00:00,1.08039,1.08041,1.07752,1.07762,4822.0,,False,5m consistent,0
2024-02-12 10:00:00,1.077,1.07798,1.07679,1.07776,2638.0,,False,5m consistent,0
2024-02-12 12:00:00,1.07704,1.07745,1.07659,1.07706,2955.0,,False,5m consistent,1
2024-02-12 14:00:00,1.07645,1.0775,1.07639,1.07729,4762.0,,False,5m consistent,0
2024-02-12 18:00:00,1.07833,1.0787,1.07813,1.07819,2949.0,,False,5m consistent,0
2024-02-12 23:00:00,1.07744,1.07748,1.07716,1.07727,892.0,,False,5m consistent,1
2024-02-13 00:00:00,1.07726,1.07741,1.07678,1.07737,1291.0,,False,5m consistent,0
2024-02-13 01:00:00,1.07738,1.07753,1.07664,1.07677,1314.0,,False,5m consistent,1
2024-02-13 06:00:00,1.07677,1.07734,1.0767,1.07712,1304.0,,False,5m consistent,1
2024-02-13 07:00:00,1.07715,1.07786,1.07666,1.0772,4604.0,,False,5m consistent,0
2024-02-13 08:00:00,1.07723,1.07754,1.07631,1.07685,4028.0,,False,5m consistent,0
2024-02-13 13:00:00,1.07862,1.07973,1.07038,1.07094,12334.0,,False,5m consistent,1
2024-02-13 14:00:00,1.07092,1.07247,1.07014,1.07187,10368.0,,False,5m consistent,1
2024-02-13 17:00:00,1.072,1.07211,1.0713,1.07162,3782.0,,False,5m consistent,0
2024-02-13 18:00:00,1.0716,1.07211,1.07083,1.07091,3173.0,,False,5m consistent,1
2024-02-14 06:00:00,1.07148,1.07196,1.07148,1.07173,1794.0,,False,5m consistent,0
2024-02-14 07:00:00,1.07167,1.07184,1.0706,1.07084,4810.0,,False,5m consistent,0
2024-02-14 08:00:00,1.07083,1.0709,1.06957,1.07031,5156.0,,False,5m consistent,1
2024-02-14 10:00:00,1.0701,1.07053,1.06972,1.07044,3098.0,,False,5m consistent,1
2024-02-14 11:00:00,1.07045,1.07112,1.0698,1.07087,3353.0,,False,5m consistent,1
2024-02-14 16:00:00,1.07221,1.07354,1.072,1.07346,4833.0,,False,5m consistent,0
2024-02-15 00:00:00,1.07332,1.07363,1.07302,1.07349,1697.0,,False,5m consistent,0
2024-02-15 02:00:00,1.07294,1.07326,1.07266,1.07302,1700.0,,False,5m consistent,1
2024-02-15 13:00:00,1.07456,1.07739,1.07435,1.07672,9190.0,,False,5m consistent,1
2024-02-15 14:00:00,1.07672,1.07836,1.076,1.07769,8481.0,,False,5m consistent,0
2024-02-15 15:00:00,1.0777,1.07857,1.07593,1.0762,6739.0,,False,5m consistent,1
2024-02-15 23:00:00,1.07731,1.07777,1.0773,1.07735,906.0,,False,5m consistent,0
2024-02-16 01:00:00,1.07656,1.07671,1.0762,1.07657,2610.0,,False,5m consistent,0
2024-02-16 08:00:00,1.07616,1.07722,1.07604,1.07706,4242.0,,False,5m consistent,0
2024-02-16 11:00:00,1.07689,1.07809,1.07677,1.07783,2537.0,,False,5m consistent,0
2024-02-16 12:00:00,1.07783,1.07789,1.07684,1.07689,3121.0,,False,5m consistent,0
2024-02-16 13:00:00,1.07689,1.0772,1.07328,1.07474,8750.0,,False,5m consistent,1
2024-02-16 18:00:00,1.07786,1.07869,1.07747,1.07859,3325.0,,False,5m consistent,0
2024-02-19 02:00:00,1.07813,1.07827,1.07788,1.07821,1715.0,,False,5m consistent,1
2024-02-19 06:00:00,1.07826,1.07876,1.07806,1.07871,1414.0,,False,5m consistent,0
2024-02-19 07:00:00,1.07872,1.07903,1.07822,1.07834,2598.0,,False,5m consistent,0
2024-02-19 08:00:00,1.07834,1.07881,1.0777,1.0779,3531.0,,False,5m consistent,1
2024-02-19 11:00:00,1.07766,1.07826,1.07743,1.07777,2383.0,,False,5m consistent,0
2024-02-19 13:00:00,1.07714,1.07797,1.07684,1.0771,2558.0,,False,5m consistent,0
2024-02-19 15:00:00,1.07673,1.07695,1.07628,1.07682,2508.0,,False,5m consistent,1
2024-02-19 22:00:00,1.07803,1.07818,1.07783,1.07802,975.0,,False,5m consistent,0
2024-02-19 23:00:00,1.078,1.07808,1.07745,1.07763,1175.0,,False,5m consistent,0
2024-02-20 00:00:00,1.07761,1.07776,1.07684,1.07704,2298.0,,False,5m consistent,0
2024-02-20 01:00:00,1.07705,1.07723,1.07658,1.07668,3511.0,,False,5m consistent,1
2024-02-20 04:00:00,1.07682,1.07719,1.07682,1.07699,1555.0,,False,5m consistent,1
2024-02-20 06:00:00,1.07686,1.07738,1.07682,1.07717,2276.0,,False,5m consistent,1
2024-02-20 10:00:00,1.07986,1.08103,1.07964,1.08049,4138.0,,False,5m consistent,0
2024-02-20 14:00:00,1.08241,1.08397,1.08192,1.08299,5842.0,,False,5m consistent,0
2024-02-20 15:00:00,1.08301,1.08304,1.08138,1.08235,6026.0,,False,5m consistent,0
2024-02-21 00:00:00,1.08108,1.08119,1.08074,1.08111,2184.0,,False,5m consistent,1
2024-02-21 03:00:00,1.08161,1.08197,1.08143,1.08187,1895.0,,False,5m consistent,0
2024-02-21 05:00:00,1.0815,1.08175,1.08132,1.08159,1855.0,,False,5m consistent,0
2024-02-21 06:00:00,1.08161,1.08161,1.08083,1.08122,2375.0,,False,5m consistent,1
2024-02-21 07:00:00,1.08123,1.0815,1.08072,1.08116,3069.0,,False,5m consistent,0
2024-02-21 08:00:00,1.08114,1.08156,1.0798,1.07996,3977.0,,False,5m consistent,0
2024-02-21 10:00:00,1.08007,1.08041,1.07969,1.08018,3215.0,,False,5m consistent,1
2024-02-21 14:00:00,1.0811,1.0817,1.08071,1.0814,5302.0,,False,5m consistent,0
2024-02-21 16:00:00,1.08061,1.08197,1.08018,1.0818,4886.0,,False,5m consistent,0
2024-02-21 17:00:00,1.08182,1.08183,1.08076,1.08084,3966.0,,False,5m consistent,1
2024-02-21 18:00:00,1.08082,1.08145,1.08008,1.08128,4831.0,,False,5m consistent,1
2024-02-22 01:00:00,1.08311,1.08314,1.08274,1.08274,2714.0,,False,5m consistent,0
2024-02-22 08:00:00,1.0854,1.08894,1.08533,1.08724,8622.0,,False,5m consistent,0
2024-02-22 10:00:00,1.0854,1.08597,1.08511,1.08576,3421.0,,False,5m consistent,0
2024-02-22 11:00:00,1.08578,1.08583,1.08457,1.08583,3747.0,,False,5m consistent,0
2024-02-22 12:00:00,1.08582,1.08596,1.08432,1.08448,3867.0,,False,5m consistent,0
2024-02-22 13:00:00,1.08447,1.0849,1.08218,1.0824,7040.0,,False,5m consistent,0
2024-02-22 14:00:00,1.08238,1.08253,1.08036,1.0819,7933.0,,False,5m consistent,0
2024-02-22 23:00:00,1.08243,1.08268,1.08232,1.08262,806.0,,False,5m consistent,0
2024-02-23 07:00:00,1.08263,1.08326,1.08247,1.08302,3417.0,,False,5m consistent,0
2024-02-23 08:00:00,1.08304,1.08333,1.08217,1.08259,3947.0,,False,5m consistent,0
2024-02-23 12:00:00,1.08279,1.08403,1.08254,1.0837,4533.0,,False,5m consistent,0
2024-02-23 13:00:00,1.08372,1.08375,1.08276,1.08328,5344.0,,False,5m consistent,1
2024-02-23 14:00:00,1.08323,1.08377,1.08251,1.08262,5787.0,,False,5m consistent,0
2024-02-23 15:00:00,1.08262,1.08264,1.08126,1.08215,6229.0,,False,5m consistent,1
2024-02-23 16:00:00,1.08216,1.08297,1.08157,1.08281,6056.0,,False,5m consistent,0
2024-02-23 18:00:00,1.08256,1.08304,1.08237,1.08274,3181.0,,False,5m consistent,0
2024-02-23 19:00:00,1.08272,1.08273,1.08208,1.08238,2618.0,,False,5m consistent,1
2024-02-26 07:00:00,1.08248,1.08376,1.08238,1.08329,4030.0,,False,5m consistent,1
2024-02-26 13:00:00,1.08504,1.08597,1.08491,1.08588,3879.0,,False,5m consistent,0
2024-02-26 14:00:00,1.08589,1.08596,1.08447,1.08469,4877.0,,False,5m consistent,0
2024-02-26 16:00:00,1.08517,1.08563,1.08479,1.08549,3916.0,,False,5m consistent,0
2024-02-26 17:00:00,1.08547,1.08558,1.08444,1.08461,3236.0,,False,5m consistent,1
2024-02-27 04:00:00,1.08536,1.08563,1.08532,1.08542,1598.0,,False,5m consistent,0
2024-02-27 05:00:00,1.08543,1.08549,1.08494,1.08527,1996.0,,False,5m consistent,1
2024-02-27 08:00:00,1.08567,1.08667,1.08538,1.08583,3502.0,,False,5m consistent,0
2024-02-27 09:00:00,1.08582,1.08601,1.08526,1.08536,3209.0,,False,5m consistent,0
2024-02-27 12:00:00,1.08584,1.08638,1.08565,1.08574,2730.0,,False,5m consistent,0
2024-02-27 13:00:00,1.08575,1.08585,1.08455,1.08489,5437.0,,False,5m consistent,0
2024-02-27 14:00:00,1.08489,1.08517,1.08367,1.0841,4357.0,,False,5m consistent,1
2024-02-27 16:00:00,1.08478,1.08586,1.08455,1.08569,5243.0,,False,5m consistent,0
2024-02-27 18:00:00,1.08516,1.08575,1.08497,1.08503,4078.0,,False,5m consistent,0
2024-02-27 22:00:00,1.08491,1.08492,1.08462,1.08469,1693.0,,False,5m consistent,0
2024-02-28 00:00:00,1.08421,1.08466,1.08414,1.08455,1796.0,,False,5m consistent,0
2024-02-28 02:00:00,1.08402,1.08412,1.08378,1.08384,2040.0,,False,5m consistent,0
2024-02-28 04:00:00,1.08351,1.08365,1.08326,1.0833,1295.0,,False,5m consistent,0
2024-02-28 05:00:00,1.08328,1.0834,1.08263,1.08275,1530.0,,False,5m consistent,0
2024-02-28 06:00:00,1.08274,1.08302,1.08228,1.08232,1939.0,,False,5m consistent,0
2024-02-28 07:00:00,1.08228,1.08258,1.08173,1.08241,3579.0,,False,5m consistent,0
2024-02-28 08:00:00,1.08242,1.0825,1.08091,1.08096,4254.0,,False,5m consistent,0
2024-02-28 11:00:00,1.08162,1.08188,1.08119,1.08163,3001.0,,False,5m consistent,0
2024-02-28 13:00:00,1.08095,1.08315,1.08075,1.08285,6526.0,,False,5m consistent,1
2024-02-28 16:00:00,1.0835,1.08431,1.08319,1.08429,4269.0,,False,5m consistent,0
2024-02-28 17:00:00,1.08427,1.08466,1.08346,1.08391,3220.0,,False,5m consistent,1
2024-02-29 00:00:00,1.08393,1.08409,1.08354,1.0837,2260.0,,False,5m consistent,0
2024-02-29 04:00:00,1.08377,1.08384,1.08349,1.08372,2223.0,,False,5m consistent,1
2024-02-29 06:00:00,1.0836,1.08389,1.0833,1.0834,3085.0,,False,5m consistent,0
2024-02-29 09:00:00,1.08393,1.08529,1.08383,1.08514,5155.0,,False,5m consistent,0
2024-02-29 10:00:00,1.08513,1.08551,1.08383,1.08387,4017.0,,False,5m consistent,0
2024-02-29 11:00:00,1.08384,1.08438,1.08298,1.0835,3485.0,,False,5m consistent,0
2024-02-29 12:00:00,1.08352,1.08366,1.08275,1.08298,3562.0,,False,5m consistent,1
2024-02-29 14:00:00,1.08384,1.08511,1.08372,1.08476,6892.0,,False,5m consistent,0
2024-02-29 15:00:00,1.08475,1.08567,1.08197,1.08233,8157.0,,False,5m consistent,0
2024-02-29 16:00:00,1.08233,1.08259,1.08054,1.0807,6922.0,,False,5m consistent,1
2024-02-29 18:00:00,1.08008,1.0811,1.07992,1.081,3519.0,,False,5m consistent,1
2024-03-01 09:00:00,1.08118,1.08185,1.08093,1.08164,4531.0,,False,5m consistent,0
2024-03-01 11:00:00,1.08114,1.08198,1.08112,1.08195,3374.0,,False,5m consistent,0
2024-03-01 12:00:00,1.08194,1.08255,1.08126,1.08138,3490.0,,False,5m consistent,1
2024-03-01 13:00:00,1.08138,1.08162,1.08085,1.08137,5519.0,,False,5m consistent,1
2024-03-01 15:00:00,1.08079,1.08424,1.08078,1.08359,11063.0,,False,5m consistent,0
2024-03-01 19:00:00,1.08409,1.08441,1.08389,1.08421,3107.0,,False,5m consistent,1
2024-03-04 07:00:00,1.08478,1.08549,1.08459,1.08546,3136.0,,False,5m consistent,0
2024-03-04 11:00:00,1.08545,1.08577,1.08523,1.0857,2235.0,,False,5m consistent,0
2024-03-04 15:00:00,1.08605,1.08644,1.08563,1.0864,4896.0,,False,5m consistent,0
2024-03-04 16:00:00,1.08642,1.08677,1.08576,1.08621,4435.0,,False,5m consistent,0
2024-03-05 00:00:00,1.08547,1.08562,1.08522,1.08538,1379.0,,False,5m consistent,0
2024-03-05 03:00:00,1.08509,1.08556,1.08502,1.0855,919.0,,False,5m consistent,0
2024-03-05 05:00:00,1.08514,1.08551,1.08499,1.08536,1454.0,,False,5m consistent,0
2024-03-05 06:00:00,1.08538,1.08539,1.08455,1.08475,1895.0,,False,5m consistent,1
2024-03-05 07:00:00,1.08476,1.08522,1.08423,1.08472,2989.0,,False,5m consistent,1
2024-03-05 11:00:00,1.0851,1.08544,1.08487,1.08507,2370.0,,False,5m consistent,0
2024-03-05 12:00:00,1.08506,1.08513,1.08463,1.0848,2749.0,,False,5m consistent,1
2024-03-05 13:00:00,1.08479,1.08525,1.08428,1.08471,4431.0,,False,5m consistent,0
2024-03-05 15:00:00,1.08465,1.08768,1.08465,1.08721,8347.0,,False,5m consistent,0
2024-03-05 17:00:00,1.08618,1.08653,1.08587,1.08607,2903.0,,False,5m consistent,0
2024-03-05 23:00:00,1.08578,1.08598,1.08563,1.08563,917.0,,False,5m consistent,0
2024-03-06 00:00:00,1.08563,1.08565,1.08499,1.08505,2357.0,,False,5m consistent,0
2024-03-06 10:00:00,1.08772,1.08804,1.08742,1.08781,2303.0,,False,5m consistent,0
2024-03-06 11:00:00,1.08782,1.08793,1.08723,1.08766,2243.0,,False,5m consistent,0
2024-03-06 15:00:00,1.08857,1.09097,1.08821,1.09058,8618.0,,False,5m consistent,1
2024-03-06 16:00:00,1.09058,1.09157,1.09003,1.09129,5615.0,,False,5m consistent,0
2024-03-06 18:00:00,1.09033,1.09086,1.09012,1.09038,4617.0,,False,5m consistent,0
2024-03-07 00:00:00,1.09003,1.09081,1.09002,1.09038,2761.0,,False,5m consistent,0
2024-03-07 01:00:00,1.0904,1.09051,1.08973,1.08987,3912.0,,False,5m consistent,1
2024-03-07 06:00:00,1.09011,1.09038,1.08993,1.09025,2376.0,,False,5m consistent,0
2024-03-07 07:00:00,1.09028,1.09053,1.08919,1.08946,4444.0,,False,5m consistent,1
2024-03-07 08:00:00,1.08947,1.08988,1.08885,1.08987,4391.0,,False,5m consistent,1
2024-03-07 09:00:00,1.08984,1.09036,1.08936,1.09024,2970.0,,False,5m consistent,0
2024-03-07 12:00:00,1.08949,1.0901,1.08929,1.08951,2968.0,,False,5m consistent,0
2024-03-07 14:00:00,1.08732,1.09203,1.08699,1.09163,10029.0,,False,5m consistent,1
2024-03-07 16:00:00,1.09306,1.0943,1.09255,1.09409,5828.0,,False,5m consistent,1
2024-03-08 06:00:00,1.09473,1.095,1.0945,1.09492,2071.0,,False,5m consistent,0
2024-03-08 07:00:00,1.09488,1.0952,1.09325,1.09345,4700.0,,False,5m consistent,1
2024-03-08 08:00:00,1.09346,1.09397,1.09299,1.09366,3716.0,,False,5m consistent,0
2024-03-08 09:00:00,1.09368,1.09383,1.09268,1.0936,4652.0,,False,5m consistent,0
2024-03-08 11:00:00,1.09343,1.09398,1.09304,1.09354,2949.0,,False,5m consistent,1
2024-03-08 13:00:00,1.09328,1.0982,1.09199,1.09591,12352.0,,False,5m consistent,1
2024-03-08 14:00:00,1.09589,1.09675,1.09455,1.09585,10281.0,,False,5m consistent,0
2024-03-08 15:00:00,1.09586,1.09626,1.09441,1.09617,7056.0,,False,5m consistent,0
2024-03-08 19:00:00,1.09379,1.09428,1.09352,1.09426,3353.0,,False,5m consistent,1
2024-03-11 05:00:00,1.09396,1.09429,1.09394,1.09421,1611.0,,False,5m consistent,1
2024-03-11 06:00:00,1.09419,1.09446,1.09362,1.09428,2091.0,,False,5m consistent,1
2024-03-11 08:00:00,1.09426,1.0949,1.09393,1.09453,4639.0,,False,5m consistent,0
2024-03-11 11:00:00,1.09421,1.09443,1.09386,1.09437,1928.0,,False,5m consistent,0
2024-03-11 12:00:00,1.09437,1.09441,1.09301,1.09302,4188.0,,False,5m consistent,0
2024-03-11 14:00:00,1.09205,1.09257,1.09165,1.09253,4634.0,,False,5m consistent,0
2024-03-11 17:00:00,1.09281,1.09311,1.09255,1.09261,3937.0,,False,5m consistent,1
2024-03-12 05:00:00,1.09378,1.094,1.09374,1.09393,1491.0,,False,5m consistent,0
2024-03-12 06:00:00,1.09392,1.09402,1.0935,1.09393,2215.0,,False,5m consistent,0
2024-03-12 07:00:00,1.09391,1.09403,1.09324,1.09327,3591.0,,False,5m consistent,0
2024-03-12 12:00:00,1.09343,1.09449,1.0904,1.09209,12902.0,,False,5m consistent,0
2024-03-12 14:00:00,1.09119,1.09204,1.09071,1.09179,6142.0,,False,5m consistent,0
2024-03-13 03:00:00,1.09277,1.09316,1.09258,1.09287,2010.0,,False,5m consistent,0
2024-03-13 05:00:00,1.09244,1.09298,1.09234,1.09296,1777.0,,False,5m consistent,1
2024-03-13 06:00:00,1.09295,1.09301,1.09261,1.09288,2077.0,,False,5m consistent,0
2024-03-13 08:00:00,1.09277,1.09337,1.0927,1.09284,2885.0,,False,5m consistent,0
2024-03-13 11:00:00,1.09314,1.09465,1.09309,1.09428,2279.0,,False,5m consistent,0
2024-03-13 13:00:00,1.09374,1.09429,1.09367,1.0938,4244.0,,False,5m consistent,1
2024-03-13 17:00:00,1.09499,1.09647,1.09495,1.09577,4066.0,,False,5m consistent,0
2024-03-13 18:00:00,1.09577,1.09592,1.09511,1.09516,2326.0,,False,5m consistent,1
2024-03-13 20:00:00,1.09481,1.09502,1.09478,1.09488,1090.0,,False,5m consistent,0
2024-03-13 23:00:00,1.09497,1.09539,1.09496,1.09539,1004.0,,False,5m consistent,0
2024-03-14 01:00:00,1.09496,1.09537,1.0946,1.09497,1755.0,,False,5m consistent,0
2024-03-14 06:00:00,1.09404,1.09427,1.09379,1.09386,1716.0,,False,5m consistent,1
2024-03-14 11:00:00,1.09406,1.09444,1.09385,1.09423,1906.0,,False,5m consistent,0
2024-03-14 12:00:00,1.09424,1.09454,1.09245,1.09308,8667.0,,False,5m consistent,0
2024-03-14 13:00:00,1.09306,1.0932,1.09096,1.09128,8114.0,,False,5m consistent,0
2024-03-14 14:00:00,1.09128,1.09149,1.08967,1.08985,6308.0,,False,5m consistent,0
2024-03-14 16:00:00,1.08885,1.08935,1.08855,1.08879,4115.0,,False,5m consistent,1
2024-03-14 19:00:00,1.08857,1.08919,1.08814,1.08919,2183.0,,False,5m consistent,0
2024-03-14 23:00:00,1.08848,1.08859,1.08834,1.08835,1180.0,,False,5m consistent,0
2024-03-15 09:00:00,1.08836,1.09004,1.08833,1.0899,2991.0,,False,5m consistent,0
2024-03-15 10:00:00,1.08989,1.09005,1.08899,1.08919,2703.0,,False,5m consistent,1
2024-03-15 11:00:00,1.08918,1.08972,1.08877,1.08945,1966.0,,False,5m consistent,0
2024-03-15 14:00:00,1.08878,1.08952,1.0885,1.08888,6079.0,,False,5m consistent,1
2024-03-18 02:00:00,1.08902,1.08926,1.08884,1.08899,1507.0,,False,5m consistent,1
2024-03-18 11:00:00,1.09006,1.09069,1.08996,1.09031,2297.0,,False,5m consistent,0
2024-03-18 12:00:00,1.09033,1.09058,1.08906,1.08929,3062.0,,False,5m consistent,0
2024-03-18 13:00:00,1.08931,1.08944,1.08865,1.08899,3557.0,,False,5m consistent,0
2024-03-18 14:00:00,1.08901,1.08941,1.08851,1.08864,3473.0,,False,5m consistent,0
2024-03-18 15:00:00,1.08864,1.08899,1.08818,1.08861,3343.0,,False,5m consistent,0
2024-03-18 16:00:00,1.0886,1.08861,1.08702,1.08732,3198.0,,False,5m consistent,0
2024-03-18 23:00:00,1.08729,1.08744,1.08721,1.08742,1014.0,,False,5m consistent,0
2024-03-19 02:00:00,1.0869,1.08756,1.0869,1.0874,2236.0,,False,5m consistent,1
2024-03-19 03:00:00,1.08742,1.08773,1.08707,1.08748,4690.0,,False,5m consistent,0
2024-03-19 04:00:00,1.08748,1.08774,1.08682,1.08715,2748.0,,False,5m consistent,0
2024-03-19 06:00:00,1.0865,1.08694,1.08628,1.08684,3453.0,,False,5m consistent,0
2024-03-19 07:00:00,1.08684,1.08684,1.08523,1.08555,3467.0,,False,5m consistent,0
2024-03-19 08:00:00,1.08556,1.0857,1.08432,1.08484,4399.0,,False,5m consistent,0
2024-03-19 11:00:00,1.0845,1.08525,1.08438,1.08511,2582.0,,False,5m consistent,1
2024-03-19 14:00:00,1.08551,1.08662,1.08545,1.08632,4324.0,,False,5m consistent,0
2024-03-19 22:00:00,1.08671,1.08674,1.08655,1.08665,480.0,,False,5m consistent,0
2024-03-19 23:00:00,1.08665,1.08674,1.08625,1.08626,1009.0,,False,5m consistent,1
2024-03-20 03:00:00,1.08699,1.08719,1.08685,1.08707,1071.0,,False,5m consistent,1
2024-03-20 06:00:00,1.08666,1.08714,1.0866,1.08712,1219.0,,False,5m consistent,0
2024-03-20 07:00:00,1.08711,1.08729,1.08658,1.08661,3194.0,,False,5m consistent,0
2024-03-20 08:00:00,1.0866,1.08661,1.08508,1.0853,3199.0,,False,5m consistent,0
2024-03-20 11:00:00,1.08404,1.08445,1.0838,1.08435,2221.0,,False,5m consistent,1
2024-03-20 12:00:00,1.08438,1.08458,1.08386,1.08431,2929.0,,False,5m consistent,1
2024-03-20 18:00:00,1.08662,1.09186,1.08654,1.09151,21489.0,,False,5m consistent,0
2024-03-20 23:00:00,1.09329,1.09383,1.09301,1.09383,2003.0,,False,5m consistent,0
2024-03-21 06:00:00,1.09325,1.0939,1.09325,1.09385,1866.0,,False,5m consistent,0
2024-03-21 07:00:00,1.09383,1.09435,1.09264,1.09295,3324.0,,False,5m consistent,0
2024-03-21 10:00:00,1.09138,1.09245,1.09129,1.09202,3224.0,,False,5m consistent,0
2024-03-21 11:00:00,1.09202,1.09212,1.09058,1.09105,3096.0,,False,5m consistent,1
2024-03-21 12:00:00,1.09106,1.09179,1.09044,1.09124,6275.0,,False,5m consistent,0
2024-03-21 13:00:00,1.09126,1.09126,1.08851,1.08867,7270.0,,False,5m consistent,0
2024-03-21 14:00:00,1.08855,1.08868,1.08714,1.08797,6921.0,,False,5m consistent,0
2024-03-21 18:00:00,1.08588,1.08639,1.08581,1.08633,1840.0,,False,5m consistent,1
2024-03-22 00:00:00,1.08629,1.08689,1.08629,1.0866,1562.0,,False,5m consistent,0
2024-03-22 01:00:00,1.08659,1.08665,1.08509,1.08512,3095.0,,False,5m consistent,0
2024-03-22 03:00:00,1.08397,1.0842,1.08366,1.08387,1821.0,,False,5m consistent,1
2024-03-22 05:00:00,1.08341,1.08429,1.0834,1.08424,1883.0,,False,5m consistent,0
2024-03-22 06:00:00,1.0842,1.0842,1.08279,1.08312,2436.0,,False,5m consistent,0
2024-03-22 07:00:00,1.08311,1.08355,1.08217,1.08255,3592.0,,False,5m consistent,0
2024-03-22 12:00:00,1.0817,1.08319,1.08153,1.08273,4686.0,,False,5m consistent,1
2024-03-22 13:00:00,1.08272,1.08305,1.08193,1.08302,4112.0,,False,5m consistent,0
2024-03-22 15:00:00,1.08156,1.08226,1.08112,1.08166,3321.0,,False,5m consistent,0
2024-03-25 02:00:00,1.08177,1.0823,1.08166,1.08226,2030.0,,False,5m consistent,0
2024-03-25 05:00:00,1.08139,1.08232,1.08132,1.08231,1658.0,,False,5m consistent,0
2024-03-25 07:00:00,1.08182,1.08238,1.08145,1.08146,2363.0,,False,5m consistent,1
2024-03-25 14:00:00,1.08356,1.08433,1.08346,1.08398,3397.0,,False,5m consistent,1
2024-03-26 00:00:00,1.08379,1.08436,1.08369,1.08434,1127.0,,False,5m consistent,0
2024-03-26 02:00:00,1.08414,1.08452,1.08405,1.08434,1482.0,,False,5m consistent,0
2024-03-26 06:00:00,1.08478,1.08529,1.0847,1.08515,1489.0,,False,5m consistent,0
2024-03-26 08:00:00,1.08429,1.08524,1.08394,1.08502,3137.0,,False,5m consistent,1
2024-03-26 11:00:00,1.0856,1.08607,1.0854,1.08577,2806.0,,False,5m consistent,0
2024-03-26 12:00:00,1.08581,1.08602,1.08495,1.08528,4009.0,,False,5m consistent,1
2024-03-26 13:00:00,1.08527,1.08594,1.08475,1.08538,3974.0,,False,5m consistent,0
2024-03-26 14:00:00,1.08535,1.08557,1.08387,1.08419,4161.0,,False,5m consistent,1
2024-03-26 23:00:00,1.08335,1.0834,1.08312,1.08333,808.0,,False,5m consistent,0
2024-03-27 00:00:00,1.08333,1.08337,1.08282,1.08302,1671.0,,False,5m consistent,0
2024-03-27 04:00:00,1.08272,1.08311,1.08272,1.08307,715.0,,False,5m consistent,1
2024-03-27 06:00:00,1.08268,1.08334,1.08254,1.08331,1617.0,,False,5m consistent,0
2024-03-27 07:00:00,1.0833,1.08347,1.08238,1.08272,2904.0,,False,5m consistent,1
2024-03-27 10:00:00,1.08288,1.08357,1.08269,1.08337,2751.0,,False,5m consistent,0
2024-03-27 11:00:00,1.08335,1.0836,1.08188,1.08217,2389.0,,False,5m consistent,0
2024-03-27 12:00:00,1.08217,1.08224,1.0816,1.08196,3106.0,,False,5m consistent,0
2024-03-27 16:00:00,1.08211,1.08265,1.08196,1.08238,2868.0,,False,5m consistent,1
2024-03-27 21:00:00,1.08272,1.08293,1.08264,1.08278,1718.0,,False,5m consistent,0
2024-03-27 23:00:00,1.08147,1.08158,1.0812,1.08133,1612.0,,False,5m consistent,1
2024-03-28 05:00:00,1.08243,1.08275,1.08227,1.08247,1567.0,,False,5m consistent,0
2024-03-28 06:00:00,1.08245,1.08248,1.08157,1.08189,1564.0,,False,5m consistent,0
2024-03-28 07:00:00,1.08187,1.08195,1.08011,1.08017,2871.0,,False,5m consistent,0
2024-03-28 08:00:00,1.08016,1.08029,1.07905,1.07928,3211.0,,False,5m consistent,0
2024-03-28 10:00:00,1.07763,1.07938,1.07758,1.07899,3111.0,,False,5m consistent,1
2024-03-28 13:00:00,1.08089,1.08188,1.08037,1.08134,4457.0,,False,5m consistent,0
2024-03-28 14:00:00,1.08135,1.08196,1.07984,1.0801,5809.0,,False,5m consistent,1
2024-03-28 15:00:00,1.08008,1.08083,1.07946,1.08021,4229.0,,False,5m consistent,1
2024-03-28 17:00:00,1.08002,1.08027,1.07959,1.0797,2438.0,,False,5m consistent,0
2024-03-28 23:00:00,1.07914,1.07948,1.07885,1.07922,4623.0,,False,5m consistent,0
2024-03-29 00:00:00,1.07923,1.07924,1.07852,1.07856,5001.0,,False,5m consistent,0
2024-03-29 06:00:00,1.07765,1.07781,1.07754,1.07766,1584.0,,False,5m consistent,0
2024-03-29 08:00:00,1.07692,1.07797,1.07691,1.07797,2829.0,,False,5m consistent,1
2024-03-29 14:00:00,1.07995,1.08007,1.07954,1.07971,2026.0,,False,5m consistent,0
2024-03-29 15:00:00,1.07972,1.07987,1.07894,1.07934,4460.0,,False,5m consistent,1
2024-04-01 00:00:00,1.0794,1.07996,1.0791,1.07922,3107.0,,False,5m consistent,0
2024-04-01 03:00:00,1.07887,1.07922,1.07854,1.07912,1263.0,,False,5m consistent,0
2024-04-01 04:00:00,1.0791,1.07919,1.07849,1.07876,1457.0,,False,5m consistent,1
2024-04-01 06:00:00,1.07858,1.07912,1.07851,1.07875,1441.0,,False,5m consistent,1
2024-04-01 08:00:00,1.07867,1.07925,1.0784,1.07906,1476.0,,False,5m consistent,0
2024-04-01 09:00:00,1.07905,1.07917,1.07865,1.07868,1329.0,,False,5m consistent,0
2024-04-01 11:00:00,1.07823,1.07886,1.07807,1.07848,1290.0,,False,5m consistent,0
2024-04-01 12:00:00,1.07849,1.07866,1.07779,1.07826,2895.0,,False,5m consistent,0
2024-04-01 13:00:00,1.07827,1.07837,1.07725,1.07749,3819.0,,False,5m consistent,0
2024-04-01 14:00:00,1.07739,1.07739,1.07401,1.07451,6244.0,,False,5m consistent,0
2024-04-01 17:00:00,1.07376,1.07449,1.07376,1.07426,1671.0,,False,5m consistent,1
2024-04-01 22:00:00,1.07447,1.07457,1.07407,1.07408,561.0,,False,5m consistent,0
2024-04-01 23:00:00,1.07407,1.07407,1.07365,1.07381,1228.0,,False,5m consistent,0
2024-04-02 00:00:00,1.07377,1.07398,1.07318,1.0738,2123.0,,False,5m consistent,0
2024-04-02 01:00:00,1.0738,1.07391,1.07309,1.07349,2266.0,,False,5m consistent,1
2024-04-02 02:00:00,1.07349,1.07362,1.07306,1.07357,1200.0,,False,5m consistent,0
2024-04-02 04:00:00,1.07308,1.07349,1.07302,1.0734,883.0,,False,5m consistent,0
2024-04-02 07:00:00,1.07295,1.07438,1.07268,1.07429,3161.0,,False,5m consistent,0
2024-04-02 11:00:00,1.07458,1.07543,1.07436,1.07525,3148.0,,False,5m consistent,1
2024-04-02 13:00:00,1.07497,1.07693,1.07487,1.07659,4441.0,,False,5m consistent,1
2024-04-02 17:00:00,1.07691,1.07696,1.07652,1.07681,1360.0,,False,5m consistent,1
2024-04-02 21:00:00,1.07717,1.07754,1.07713,1.0775,588.0,,False,5m consistent,0
2024-04-03 05:00:00,1.07754,1.07782,1.07749,1.07761,1259.0,,False,5m consistent,0
2024-04-03 06:00:00,1.07762,1.07768,1.07679,1.077,1949.0,,False,5m consistent,1
2024-04-03 08:00:00,1.07711,1.07782,1.07706,1.07728,1982.0,,False,5m consistent,0
2024-04-03 11:00:00,1.07766,1.07858,1.07766,1.07846,2101.0,,False,5m consistent,0
2024-04-03 15:00:00,1.08236,1.08312,1.08201,1.08272,3747.0,,False,5m consistent,1
2024-04-03 18:00:00,1.08329,1.08376,1.08323,1.08357,1730.0,,False,5m consistent,1
2024-04-04 07:00:00,1.08406,1.08592,1.08401,1.08582,3803.0,,False,5m consistent,1
2024-04-04 08:00:00,1.08578,1.08634,1.08516,1.08627,3081.0,,False,5m consistent,1
2024-04-04 10:00:00,1.08594,1.08625,1.08565,1.08604,1864.0,,False,5m consistent,0
2024-04-04 12:00:00,1.08539,1.08711,1.08515,1.08704,3496.0,,False,5m consistent,1
2024-04-04 14:00:00,1.08708,1.08769,1.08675,1.08683,3055.0,,False,5m consistent,0
2024-04-04 15:00:00,1.08682,1.08698,1.08631,1.08657,2051.0,,False,5m consistent,0
2024-04-04 17:00:00,1.08594,1.08627,1.0859,1.08609,1108.0,,False,5m consistent,0
2024-04-04 18:00:00,1.08608,1.08609,1.08472,1.08509,4258.0,,False,5m consistent,0
2024-04-05 00:00:00,1.08372,1.08448,1.08357,1.08424,3296.0,,False,5m consistent,0
2024-04-05 05:00:00,1.0827,1.08288,1.0826,1.08282,1297.0,,False,5m consistent,1
2024-04-05 09:00:00,1.08381,1.08429,1.08357,1.08397,2084.0,,False,5m consistent,0
2024-04-05 12:00:00,1.08359,1.08486,1.08009,1.08102,10012.0,,False,5m consistent,0
2024-04-05 15:00:00,1.08192,1.08441,1.08169,1.0841,4743.0,,False,5m consistent,1
2024-04-08 02:00:00,1.08365,1.08441,1.08357,1.08414,2204.0,,False,5m consistent,0
2024-04-08 06:00:00,1.08355,1.08385,1.08305,1.08348,3045.0,,False,5m consistent,1
2024-04-08 07:00:00,1.08349,1.08386,1.08291,1.0833,3526.0,,False,5m consistent,0
2024-04-08 10:00:00,1.08285,1.0835,1.08268,1.08332,2025.0,,False,5m consistent,0
2024-04-08 13:00:00,1.08351,1.08543,1.08351,1.08525,4418.0,,False,5m consistent,1
2024-04-08 15:00:00,1.08542,1.08597,1.08502,1.08536,3026.0,,False,5m consistent,1
2024-04-08 23:00:00,1.08615,1.08643,1.08614,1.0863,917.0,,False,5m consistent,0
2024-04-09 05:00:00,1.08573,1.08595,1.08568,1.08587,874.0,,False,5m consistent,0
2024-04-09 07:00:00,1.08531,1.08607,1.08522,1.08539,2818.0,,False,5m consistent,1
2024-04-09 10:00:00,1.0866,1.08715,1.08658,1.08698,1991.0,,False,5m consistent,0
2024-04-09 13:00:00,1.08813,1.08858,1.08769,1.08796,4453.0,,False,5m consistent,0
2024-04-09 14:00:00,1.08797,1.08831,1.0854,1.0858,5189.0,,False,5m consistent,1
2024-04-09 18:00:00,1.08522,1.08556,1.08509,1.08538,1491.0,,False,5m consistent,1
2024-04-09 23:00:00,1.08594,1.08606,1.08587,1.08596,528.0,,False,5m consistent,0
2024-04-10 00:00:00,1.08597,1.08597,1.08559,1.0858,1705.0,,False,5m consistent,0
2024-04-10 05:00:00,1.08532,1.08565,1.08521,1.08526,1472.0,,False,5m consistent,1
2024-04-10 07:00:00,1.08541,1.0858,1.08516,1.08562,2768.0,,False,5m consistent,1
2024-04-10 08:00:00,1.08561,1.08614,1.08522,1.08613,2259.0,,False,5m consistent,1
2024-04-10 10:00:00,1.08622,1.08666,1.08611,1.08651,1715.0,,False,5m consistent,0
2024-04-10 12:00:00,1.08565,1.08659,1.0779,1.07815,12592.0,,False,5m consistent,0
2024-04-10 14:00:00,1.07519,1.07678,1.07466,1.07541,6679.0,,False,5m consistent,0
2024-04-10 15:00:00,1.0754,1.07556,1.0734,1.07374,4399.0,,False,5m consistent,1
2024-04-10 17:00:00,1.0737,1.07549,1.07298,1.07516,7225.0,,False,5m consistent,0
2024-04-11 05:00:00,1.0747,1.0748,1.07436,1.07436,1392.0,,False,5m consistent,0
2024-04-11 08:00:00,1.07441,1.07506,1.07391,1.07414,3628.0,,False,5m consistent,0
2024-04-11 12:00:00,1.07294,1.07478,1.07159,1.07424,12973.0,,False,5m consistent,0
2024-04-11 13:00:00,1.07424,1.07573,1.07288,1.07356,9951.0,,False,5m consistent,0
2024-04-11 15:00:00,1.07061,1.07223,1.07027,1.0722,4666.0,,False,5m consistent,1
2024-04-12 02:00:00,1.07252,1.07284,1.07241,1.07275,1693.0,,False,5m consistent,0
2024-04-12 03:00:00,1.07275,1.07275,1.0716,1.07177,1442.0,,False,5m consistent,0
2024-04-12 05:00:00,1.07121,1.07149,1.07113,1.07122,1386.0,,False,5m consistent,0
2024-04-12 06:00:00,1.07118,1.07129,1.06817,1.06839,4609.0,,False,5m consistent,0
2024-04-12 07:00:00,1.06843,1.06882,1.06751,1.06852,5034.0,,False,5m consistent,0
2024-04-12 08:00:00,1.06852,1.06861,1.06713,1.06718,3245.0,,False,5m consistent,0
2024-04-12 09:00:00,1.06717,1.06756,1.06557,1.06613,3604.0,,False,5m consistent,0
2024-04-12 11:00:00,1.06478,1.06601,1.06468,1.06518,3151.0,,False,5m consistent,0
2024-04-12 12:00:00,1.06519,1.06563,1.0632,1.06391,5865.0,,False,5m consistent,1
2024-04-12 13:00:00,1.06395,1.06448,1.06317,1.06441,6897.0,,False,5m consistent,0
2024-04-12 15:00:00,1.06301,1.06519,1.06301,1.06475,4247.0,,False,5m consistent,1
2024-04-12 17:00:00,1.06427,1.06506,1.06412,1.06478,3539.0,,False,5m consistent,0
2024-04-15 00:00:00,1.0647,1.06506,1.0644,1.06465,2787.0,,False,5m consistent,1
2024-04-15 05:00:00,1.06533,1.066,1.06513,1.06587,1927.0,,False,5m consistent,1
2024-04-15 10:00:00,1.0656,1.06607,1.06523,1.06584,1983.0,,False,5m consistent,0
2024-04-15 11:00:00,1.06585,1.0666,1.06523,1.06555,3054.0,,False,5m consistent,0
2024-04-15 12:00:00,1.06554,1.06584,1.06317,1.06481,7386.0,,False,5m consistent,0
2024-04-15 13:00:00,1.06482,1.06616,1.06347,1.06378,6268.0,,False,5m consistent,0
2024-04-15 15:00:00,1.06277,1.06459,1.06234,1.06443,4463.0,,False,5m consistent,0
2024-04-15 16:00:00,1.06442,1.06482,1.06352,1.06369,3069.0,,False,5m consistent,0
2024-04-15 23:00:00,1.06279,1.06292,1.06249,1.06255,1196.0,,False,5m consistent,0
2024-04-16 00:00:00,1.06251,1.06263,1.06187,1.06192,2254.0,,False,5m consistent,0
2024-04-16 01:00:00,1.06191,1.062,1.06077,1.06166,3501.0,,False,5m consistent,0
2024-04-16 05:00:00,1.06146,1.06213,1.06143,1.06193,1889.0,,False,5m consistent,0
2024-04-16 07:00:00,1.06109,1.06237,1.06109,1.06188,5149.0,,False,5m consistent,1
2024-04-16 09:00:00,1.0617,1.06357,1.0617,1.063,4237.0,,False,5m consistent,1
2024-04-16 11:00:00,1.06271,1.06482,1.06267,1.06433,3173.0,,False,5m consistent,1
2024-04-16 12:00:00,1.06431,1.06546,1.06367,1.06396,4926.0,,False,5m consistent,0
2024-04-16 14:00:00,1.06302,1.06457,1.06282,1.06326,6527.0,,False,5m consistent,0
2024-04-16 15:00:00,1.06326,1.06403,1.06224,1.06287,4767.0,,False,5m consistent,0
2024-04-16 16:00:00,1.06288,1.0629,1.06196,1.06258,4287.0,,False,5m consistent,0
2024-04-16 18:00:00,1.06217,1.06357,1.06168,1.06317,7722.0,,False,5m consistent,0
2024-04-16 20:00:00,1.06225,1.06238,1.06174,1.06194,1277.0,,False,5m consistent,1
2024-04-17 02:00:00,1.06291,1.06363,1.06279,1.06348,1758.0,,False,5m consistent,0
2024-04-17 04:00:00,1.06279,1.06321,1.06251,1.06257,1112.0,,False,5m consistent,0
2024-04-17 06:00:00,1.06124,1.06386,1.06068,1.06355,5245.0,,False,5m consistent,1
2024-04-17 10:00:00,1.06418,1.06477,1.06389,1.06401,2214.0,,False,5m consistent,1
2024-04-17 13:00:00,1.06353,1.06536,1.06351,1.06448,5564.0,,False,5m consistent,0
2024-04-17 15:00:00,1.06364,1.06469,1.06364,1.06438,4952.0,,False,5m consistent,1
2024-04-18 00:00:00,1.06698,1.06712,1.06649,1.06706,1947.0,,False,5m consistent,1
2024-04-18 06:00:00,1.06823,1.06908,1.06798,1.06862,2775.0,,False,5m consistent,1
2024-04-18 07:00:00,1.0686,1.06889,1.0679,1.06818,3641.0,,False,5m consistent,0
2024-04-18 08:00:00,1.06814,1.06847,1.06756,1.06793,3192.0,,False,5m consistent,0
2024-04-18 10:00:00,1.06711,1.0678,1.06706,1.06767,2148.0,,False,5m consistent,1
2024-04-18 11:00:00,1.06767,1.06798,1.06709,1.0678,2510.0,,False,5m consistent,0
2024-04-18 12:00:00,1.06783,1.06804,1.06604,1.06635,6004.0,,False,5m consistent,1
2024-04-18 15:00:00,1.06546,1.06656,1.06546,1.06606,3607.0,,False,5m consistent,0
2024-04-18 16:00:00,1.06607,1.06627,1.06523,1.0654,2869.0,,False,5m consistent,0
2024-04-18 17:00:00,1.06539,1.06557,1.06438,1.06491,3330.0,,False,5m consistent,0
2024-04-18 23:00:00,1.06414,1.06447,1.06409,1.06432,1103.0,,False,5m consistent,1
2024-04-19 00:00:00,1.0643,1.06454,1.06367,1.06394,3248.0,,False,5m consistent,0
2024-04-19 01:00:00,1.06394,1.06409,1.06142,1.06197,8830.0,,False,5m consistent,1
2024-04-19 07:00:00,1.06458,1.06602,1.06446,1.06562,6507.0,,False,5m consistent,0
2024-04-19 09:00:00,1.06467,1.06631,1.06462,1.06599,3623.0,,False,5m consistent,0
2024-04-19 14:00:00,1.06662,1.06783,1.06645,1.06702,6332.0,,False,5m consistent,0
2024-04-19 15:00:00,1.06699,1.06726,1.06543,1.06557,3965.0,,False,5m consistent,0
2024-04-19 17:00:00,1.06543,1.06593,1.06518,1.06564,3198.0,,False,5m consistent,1
2024-04-22 06:00:00,1.06645,1.06702,1.06613,1.06648,3112.0,,False,5m consistent,0
2024-04-22 07:00:00,1.06648,1.06686,1.06534,1.06594,3764.0,,False,5m consistent,0
2024-04-22 08:00:00,1.06592,1.06631,1.06481,1.06576,3326.0,,False,5m consistent,0
2024-04-22 10:00:00,1.06522,1.06559,1.06482,1.06513,2500.0,,False,5m consistent,0
2024-04-22 12:00:00,1.06359,1.06448,1.06316,1.06405,3401.0,,False,5m consistent,0
2024-04-22 18:00:00,1.06582,1.06615,1.0655,1.06594,1611.0,,False,5m consistent,1
2024-04-23 00:00:00,1.06547,1.06602,1.06547,1.06594,1527.0,,False,5m consistent,0
2024-04-23 04:00:00,1.0657,1.06591,1.06549,1.06561,1228.0,,False,5m consistent,0
2024-04-23 05:00:00,1.06559,1.06561,1.06503,1.06517,1552.0,,False,5m consistent,0
2024-04-23 07:00:00,1.06457,1.06962,1.06443,1.0681,6564.0,,False,5m consistent,1
2024-04-23 08:00:00,1.06809,1.06838,1.06701,1.06713,4171.0,,False,5m consistent,0
2024-04-23 09:00:00,1.06713,1.06713,1.06569,1.06601,3002.0,,False,5m consistent,1
2024-04-23 11:00:00,1.06559,1.06787,1.06557,1.06753,3234.0,,False,5m consistent,0
2024-04-23 12:00:00,1.06755,1.06777,1.06648,1.06729,3488.0,,False,5m consistent,0
2024-04-23 13:00:00,1.06728,1.07108,1.06608,1.07021,6502.0,,False,5m consistent,1
2024-04-23 14:00:00,1.07023,1.07121,1.06913,1.06991,9059.0,,False,5m consistent,1
2024-04-24 02:00:00,1.07106,1.07141,1.07084,1.07108,1714.0,,False,5m consistent,0
2024-04-24 04:00:00,1.07071,1.07095,1.0706,1.0706,862.0,,False,5m consistent,0
2024-04-24 05:00:00,1.07061,1.07064,1.07009,1.07019,1236.0,,False,5m consistent,0
2024-04-24 06:00:00,1.0702,1.07062,1.06929,1.06953,2633.0,,False,5m consistent,0
2024-04-24 07:00:00,1.06952,1.06969,1.06855,1.06893,3346.0,,False,5m consistent,1
2024-04-24 11:00:00,1.06886,1.06905,1.06841,1.06899,2026.0,,False,5m consistent,0
2024-04-24 13:00:00,1.06875,1.07003,1.06848,1.0694,4882.0,,False,5m consistent,0
2024-04-24 14:00:00,1.06942,1.07033,1.06864,1.06889,4711.0,,False,5m consistent,1
2024-04-24 17:00:00,1.06913,1.06983,1.06906,1.06966,2361.0,,False,5m consistent,0
2024-04-24 21:00:00,1.06996,1.07005,1.06973,1.06988,909.0,,False,5m consistent,1
2024-04-25 00:00:00,1.07011,1.07054,1.07,1.07042,1580.0,,False,5m consistent,1
2024-04-25 06:00:00,1.07135,1.07285,1.07122,1.07213,2830.0,,False,5m consistent,0
2024-04-25 09:00:00,1.07264,1.07293,1.07221,1.07275,1987.0,,False,5m consistent,1
2024-04-25 10:00:00,1.07275,1.07305,1.0723,1.07255,1926.0,,False,5m consistent,0
2024-04-25 12:00:00,1.07207,1.0741,1.06862,1.0693,8881.0,,False,5m consistent,0
2024-04-25 13:00:00,1.06931,1.07045,1.06791,1.07015,8683.0,,False,5m consistent,1
2024-04-26 01:00:00,1.07282,1.073,1.07244,1.0728,1558.0,,False,5m consistent,0
2024-04-26 06:00:00,1.07268,1.07396,1.07265,1.07361,2953.0,,False,5m consistent,0
2024-04-26 08:00:00,1.07302,1.07538,1.07292,1.07416,5815.0,,False,5m consistent,0
2024-04-26 09:00:00,1.07414,1.07441,1.07313,1.07368,3048.0,,False,5m consistent,0
2024-04-26 10:00:00,1.07367,1.07378,1.07269,1.07287,2543.0,,False,5m consistent,0
2024-04-26 11:00:00,1.07286,1.07353,1.07158,1.07167,3018.0,,False,5m consistent,1
2024-04-26 12:00:00,1.07167,1.07426,1.0711,1.07173,8590.0,,False,5m consistent,0
2024-04-26 13:00:00,1.07174,1.07245,1.07069,1.07085,6344.0,,False,5m consistent,0
2024-04-26 18:00:00,1.0695,1.07066,1.06945,1.07064,1388.0,,False,5m consistent,0
2024-04-26 19:00:00,1.07061,1.07079,1.06974,1.07006,1593.0,,False,5m consistent,0
2024-04-29 05:00:00,1.07296,1.07346,1.07246,1.07262,5420.0,,False,5m consistent,0
2024-04-29 06:00:00,1.07261,1.07297,1.07155,1.07162,4090.0,,False,5m consistent,1
2024-04-29 07:00:00,1.0716,1.07263,1.07089,1.07184,9468.0,,False,5m consistent,0
2024-04-29 08:00:00,1.07181,1.07257,1.0702,1.07055,5187.0,,False,5m consistent,1
2024-04-29 11:00:00,1.07183,1.0728,1.07129,1.07152,2487.0,,False,5m consistent,0
2024-04-29 12:00:00,1.07153,1.07244,1.0703,1.07041,3830.0,,False,5m consistent,0
2024-04-29 18:00:00,1.07224,1.07261,1.07187,1.07252,2304.0,,False,5m consistent,0
2024-04-30 00:00:00,1.07154,1.07183,1.07111,1.07159,1960.0,,False,5m consistent,0
2024-04-30 04:00:00,1.07062,1.07068,1.07031,1.07065,911.0,,False,5m consistent,0
2024-04-30 05:00:00,1.07065,1.07076,1.06959,1.07002,1782.0,,False,5m consistent,0
2024-04-30 07:00:00,1.07056,1.07108,1.07026,1.0706,3614.0,,False,5m consistent,0
2024-04-30 10:00:00,1.07275,1.07362,1.07234,1.07289,2862.0,,False,5m consistent,0
2024-04-30 11:00:00,1.07291,1.07291,1.07201,1.07207,2843.0,,False,5m consistent,0
2024-04-30 12:00:00,1.07209,1.07248,1.06904,1.07011,8156.0,,False,5m consistent,1
2024-04-30 13:00:00,1.07014,1.07157,1.06949,1.07066,6715.0,,False,5m consistent,0
2024-04-30 14:00:00,1.07068,1.07204,1.06879,1.06919,8017.0,,False,5m consistent,0
2024-04-30 15:00:00,1.06922,1.06999,1.06839,1.06845,5391.0,,False,5m consistent,0
2024-04-30 19:00:00,1.06789,1.06814,1.06724,1.06731,2168.0,,False,5m consistent,0
2024-04-30 23:00:00,1.06684,1.06684,1.06662,1.06667,1069.0,,False,5m consistent,0
2024-05-01 05:00:00,1.06563,1.06576,1.06549,1.06563,968.0,,False,5m consistent,1
2024-05-01 12:00:00,1.06728,1.06857,1.06725,1.06851,4123.0,,False,5m consistent,0
2024-05-01 13:00:00,1.0685,1.06862,1.06755,1.06832,3495.0,,False,5m consistent,1
2024-05-01 14:00:00,1.06859,1.06938,1.06784,1.06839,5927.0,,False,5m consistent,0
2024-05-01 15:00:00,1.0684,1.06864,1.0678,1.068,2388.0,,False,5m consistent,0
2024-05-01 17:00:00,1.06726,1.06836,1.06717,1.06783,2036.0,,False,5m consistent,1
2024-05-01 18:00:00,1.06784,1.07336,1.06726,1.0729,18844.0,,False,5m consistent,0
2024-05-01 23:00:00,1.07172,1.0719,1.07127,1.07179,1624.0,,False,5m consistent,1
2024-05-02 07:00:00,1.0718,1.07291,1.07137,1.07163,4936.0,,False,5m consistent,0
2024-05-02 08:00:00,1.07162,1.07201,1.07007,1.07049,3866.0,,False,5m consistent,1
2024-05-02 09:00:00,1.07047,1.07098,1.06966,1.07042,2838.0,,False,5m consistent,1
2024-05-02 10:00:00,1.07044,1.07069,1.06974,1.07045,2622.0,,False,5m consistent,1
2024-05-02 11:00:00,1.07048,1.07068,1.06963,1.07031,2657.0,,False,5m consistent,1
2024-05-02 12:00:00,1.07031,1.07131,1.06942,1.07018,5424.0,,False,5m consistent,0
2024-05-02 13:00:00,1.07019,1.07041,1.06811,1.06875,6200.0,,False,5m consistent,0
2024-05-02 23:00:00,1.07296,1.07318,1.07288,1.07306,1368.0,,False,5m consistent,1
2024-05-03 05:00:00,1.07331,1.07389,1.07327,1.07366,1795.0,,False,5m consistent,0
2024-05-03 06:00:00,1.07366,1.07369,1.07305,1.07307,3098.0,,False,5m consistent,1
2024-05-03 12:00:00,1.07461,1.08134,1.07445,1.07944,10644.0,,False,5m consistent,0
2024-05-06 12:00:00,1.07733,1.07916,1.07729,1.07882,3240.0,,False,5m consistent,0
2024-05-06 13:00:00,1.07882,1.07897,1.07818,1.07874,3098.0,,False,5m consistent,0
2024-05-06 14:00:00,1.07875,1.07877,1.07794,1.0781,2595.0,,False,5m consistent,0
2024-05-06 15:00:00,1.0781,1.0781,1.07753,1.07796,1843.0,,False,5m consistent,0
2024-05-06 18:00:00,1.07748,1.07759,1.07729,1.07753,1270.0,,False,5m consistent,0
2024-05-06 20:00:00,1.07685,1.07712,1.07671,1.0771,613.0,,False,5m consistent,1
2024-05-07 00:00:00,1.0768,1.07771,1.07673,1.07759,2075.0,,False,5m consistent,0
2024-05-07 01:00:00,1.07758,1.07778,1.07649,1.07662,2258.0,,False,5m consistent,1
2024-05-07 03:00:00,1.07645,1.07698,1.07639,1.07695,1164.0,,False,5m consistent,0
2024-05-07 04:00:00,1.07697,1.07702,1.07639,1.07666,1544.0,,False,5m consistent,0
2024-05-07 05:00:00,1.07665,1.07702,1.0758,1.07591,1697.0,,False,5m consistent,1
2024-05-07 07:00:00,1.07644,1.07705,1.07616,1.07655,3054.0,,False,5m consistent,0
2024-05-07 08:00:00,1.07652,1.07661,1.07564,1.07647,2296.0,,False,5m consistent,0
2024-05-07 10:00:00,1.07607,1.07705,1.07591,1.07698,2149.0,,False,5m consistent,1
2024-05-07 13:00:00,1.07765,1.07881,1.07747,1.07814,3646.0,,False,5m consistent,0
2024-05-07 14:00:00,1.07817,1.07833,1.07736,1.07786,2490.0,,False,5m consistent,0
2024-05-07 16:00:00,1.07672,1.07751,1.07668,1.07711,2745.0,,False,5m consistent,0
2024-05-07 17:00:00,1.07713,1.07713,1.07569,1.07573,2255.0,,False,5m consistent,0
2024-05-07 21:00:00,1.07559,1.0758,1.07558,1.07569,445.0,,False,5m consistent,0
2024-05-08 00:00:00,1.07505,1.07551,1.07476,1.07488,1707.0,,False,5m consistent,0
2024-05-08 06:00:00,1.07416,1.07499,1.07415,1.07455,2026.0,,False,5m consistent,0
2024-05-08 07:00:00,1.07455,1.07468,1.07381,1.07395,2893.0,,False,5m consistent,1
2024-05-08 10:00:00,1.07522,1.07543,1.07494,1.07496,1599.0,,False,5m consistent,0
2024-05-08 11:00:00,1.07496,1.07548,1.07448,1.07468,2232.0,,False,5m consistent,0
2024-05-08 13:00:00,1.07498,1.07548,1.07469,1.07513,3057.0,,False,5m consistent,0
2024-05-08 14:00:00,1.07515,1.07556,1.07472,1.07499,2788.0,,False,5m consistent,1
2024-05-08 15:00:00,1.07501,1.07584,1.07451,1.07556,2835.0,,False,5m consistent,0
2024-05-08 16:00:00,1.07556,1.07556,1.07454,1.07465,1701.0,,False,5m consistent,1
2024-05-08 20:00:00,1.07461,1.07494,1.07447,1.07492,694.0,,False,5m consistent,0
2024-05-08 23:00:00,1.07501,1.07504,1.07469,1.07477,611.0,,False,5m consistent,1
2024-05-09 04:00:00,1.07485,1.07513,1.07458,1.0746,1009.0,,False,5m consistent,0
2024-05-09 05:00:00,1.07461,1.07473,1.07428,1.07445,1137.0,,False,5m consistent,0
2024-05-09 06:00:00,1.07448,1.07454,1.07368,1.07381,1775.0,,False,5m consistent,0
2024-05-09 07:00:00,1.07377,1.07421,1.07304,1.07355,2655.0,,False,5m consistent,0
2024-05-09 10:00:00,1.07313,1.07394,1.07311,1.07355,1855.0,,False,5m consistent,0
2024-05-09 12:00:00,1.07279,1.07632,1.07278,1.076,5645.0,,False,5m consistent,0
2024-05-09 14:00:00,1.07644,1.07811,1.07634,1.07765,3999.0,,False,5m consistent,1
2024-05-09 23:00:00,1.07857,1.07863,1.07821,1.07825,592.0,,False,5m consistent,0
2024-05-10 05:00:00,1.07747,1.07778,1.07746,1.07763,977.0,,False,5m consistent,1
2024-05-10 07:00:00,1.07779,1.0785,1.0777,1.07819,3719.0,,False,5m consistent,1
2024-05-10 09:00:00,1.07817,1.0787,1.07801,1.07806,2429.0,,False,5m consistent,1
2024-05-10 11:00:00,1.07792,1.07815,1.07761,1.07801,2172.0,,False,5m consistent,0
2024-05-10 13:00:00,1.07708,1.07909,1.07704,1.07884,3355.0,,False,5m consistent,1
2024-05-13 05:00:00,1.07704,1.07756,1.07702,1.07738,1249.0,,False,5m consistent,1
2024-05-13 09:00:00,1.07847,1.07897,1.07823,1.07835,2182.0,,False,5m consistent,1
2024-05-13 13:00:00,1.07989,1.08077,1.07977,1.0805,3039.0,,False,5m consistent,0
2024-05-13 14:00:00,1.08051,1.08061,1.07964,1.08048,2718.0,,False,5m consistent,0
2024-05-13 16:00:00,1.07962,1.07997,1.0794,1.07942,1518.0,,False,5m consistent,0
2024-05-13 23:00:00,1.07908,1.07945,1.07905,1.07928,461.0,,False,5m consistent,0
2024-05-14 05:00:00,1.07862,1.07878,1.07851,1.07874,1057.0,,False,5m consistent,1
2024-05-14 07:00:00,1.07885,1.07896,1.07865,1.07878,1727.0,,False,5m consistent,0
2024-05-14 10:00:00,1.07939,1.07997,1.07929,1.07971,2009.0,,False,5m consistent,1
2024-05-14 11:00:00,1.07972,1.07997,1.07933,1.07935,1807.0,,False,5m consistent,0
2024-05-14 13:00:00,1.0804,1.08234,1.08014,1.08197,5772.0,,False,5m consistent,0
2024-05-14 14:00:00,1.08204,1.08264,1.08106,1.08254,4611.0,,False,5m consistent,0
2024-05-14 20:00:00,1.08208,1.08217,1.08183,1.08205,670.0,,False,5m consistent,0
2024-05-15 03:00:00,1.08261,1.08285,1.08258,1.08268,975.0,,False,5m consistent,0
2024-05-15 05:00:00,1.08224,1.08289,1.08221,1.08278,1030.0,,False,5m consistent,1
2024-05-15 06:00:00,1.08281,1.08315,1.08234,1.08312,1884.0,,False,5m consistent,0
2024-05-15 08:00:00,1.08267,1.08355,1.08255,1.08307,2424.0,,False,5m consistent,0
2024-05-15 09:00:00,1.08307,1.0833,1.08255,1.08289,2422.0,,False,5m consistent,0
2024-05-15 12:00:00,1.08301,1.08702,1.08288,1.08619,10345.0,,False,5m consistent,0
2024-05-15 17:00:00,1.08729,1.08811,1.08723,1.08807,1759.0,,False,5m consistent,1
2024-05-15 20:00:00,1.08827,1.08869,1.08823,1.08845,843.0,,False,5m consistent,1
2024-05-16 00:00:00,1.08892,1.08958,1.08872,1.08945,2182.0,,False,5m consistent,0
2024-05-16 01:00:00,1.08946,1.08946,1.08851,1.08875,2655.0,,False,5m consistent,1
2024-05-16 04:00:00,1.08877,1.08879,1.08848,1.08856,1172.0,,False,5m consistent,0
2024-05-16 05:00:00,1.08858,1.0886,1.08802,1.08802,1451.0,,False,5m consistent,1
2024-05-16 07:00:00,1.08773,1.08827,1.08739,1.08752,3014.0,,False,5m consistent,0
2024-05-16 08:00:00,1.0875,1.08774,1.08669,1.0874,2579.0,,False,5m consistent,0
2024-05-16 10:00:00,1.08706,1.08746,1.08672,1.08731,1648.0,,False,5m consistent,0
2024-05-16 11:00:00,1.0873,1.08756,1.08626,1.08675,2359.0,,False,5m consistent,1
2024-05-16 12:00:00,1.08675,1.08754,1.08615,1.0864,4884.0,,False,5m consistent,0
2024-05-16 15:00:00,1.08711,1.08766,1.08674,1.08759,2626.0,,False,5m consistent,0
2024-05-16 16:00:00,1.08758,1.08763,1.08706,1.08742,2198.0,,False,5m consistent,0
2024-05-16 17:00:00,1.08742,1.08763,1.08692,1.08714,1682.0,,False,5m consistent,1
2024-05-16 23:00:00,1.08687,1.08688,1.08669,1.08685,454.0,,False,5m consistent,0
2024-05-17 00:00:00,1.08687,1.08695,1.08606,1.08636,1496.0,,False,5m consistent,0
2024-05-17 01:00:00,1.08635,1.08644,1.0858,1.08602,1880.0,,False,5m consistent,1
2024-05-17 03:00:00,1.0858,1.08624,1.08576,1.08599,1149.0,,False,5m consistent,1
2024-05-17 06:00:00,1.0862,1.08675,1.0859,1.08635,1922.0,,False,5m consistent,0
2024-05-17 07:00:00,1.08636,1.08692,1.08582,1.08595,2296.0,,False,5m consistent,0
2024-05-17 09:00:00,1.08455,1.08475,1.08417,1.08455,1943.0,,False,5m consistent,0
2024-05-17 11:00:00,1.08392,1.08463,1.08365,1.08441,1575.0,,False,5m consistent,1
2024-05-17 14:00:00,1.08561,1.08779,1.08558,1.08772,3794.0,,False,5m consistent,0
2024-05-17 18:00:00,1.08745,1.08775,1.08726,1.08765,1454.0,,False,5m consistent,0
2024-05-17 19:00:00,1.08764,1.08769,1.08714,1.08733,1032.0,,False,5m consistent,0
2024-05-20 06:00:00,1.08811,1.08853,1.08784,1.08789,2743.0,,False,5m consistent,0
2024-05-20 08:00:00,1.08738,1.08772,1.08721,1.08753,1954.0,,False,5m consistent,0
2024-05-20 10:00:00,1.08698,1.08746,1.08694,1.08714,1571.0,,False,5m consistent,0
2024-05-20 11:00:00,1.08715,1.08725,1.08604,1.08609,1903.0,,False,5m consistent,1
2024-05-20 18:00:00,1.08648,1.08674,1.08618,1.08657,1472.0,,False,5m consistent,0
2024-05-20 21:00:00,1.0859,1.08622,1.0857,1.08622,482.0,,False,5m consistent,0
2024-05-20 23:00:00,1.08597,1.08616,1.08593,1.08612,571.0,,False,5m consistent,0
2024-05-21 00:00:00,1.08613,1.08627,1.08573,1.08621,1163.0,,False,5m consistent,0
2024-05-21 01:00:00,1.0862,1.08621,1.0856,1.08565,2059.0,,False,5m consistent,0
2024-05-21 07:00:00,1.08624,1.08678,1.08601,1.08651,2734.0,,False,5m consistent,0
2024-05-21 09:00:00,1.08677,1.08755,1.08672,1.08726,2085.0,,False,5m consistent,0
2024-05-21 11:00:00,1.08675,1.08705,1.08651,1.0869,1901.0,,False,5m consistent,0
2024-05-21 12:00:00,1.08692,1.08715,1.08555,1.08579,3653.0,,False,5m consistent,0
2024-05-21 14:00:00,1.08506,1.08626,1.08471,1.08601,3819.0,,False,5m consistent,0
2024-05-21 16:00:00,1.08547,1.08575,1.08529,1.08547,2070.0,,False,5m consistent,0
2024-05-21 22:00:00,1.08577,1.08585,1.08563,1.08583,297.0,,False,5m consistent,1
2024-05-22 01:00:00,1.08579,1.08624,1.08562,1.08607,1508.0,,False,5m consistent,0
2024-05-22 02:00:00,1.08615,1.08644,1.08577,1.08597,1939.0,,False,5m consistent,0
2024-05-22 06:00:00,1.08573,1.08641,1.08563,1.08621,2820.0,,False,5m consistent,0
2024-05-22 07:00:00,1.08623,1.08643,1.08508,1.08584,2602.0,,False,5m consistent,0
2024-05-22 08:00:00,1.08585,1.0859,1.0847,1.08494,2397.0,,False,5m consistent,0
2024-05-22 09:00:00,1.08493,1.08506,1.08418,1.08444,2204.0,,False,5m consistent,0
2024-05-22 10:00:00,1.08444,1.0847,1.08376,1.08384,2012.0,,False,5m consistent,0
2024-05-22 16:00:00,1.0837,1.08451,1.08365,1.08432,2019.0,,False,5m consistent,0
2024-05-22 17:00:00,1.0843,1.08478,1.08349,1.08389,2325.0,,False,5m consistent,0
2024-05-23 01:00:00,1.08263,1.08309,1.08255,1.08285,2255.0,,False,5m consistent,1
2024-05-23 03:00:00,1.08292,1.0832,1.08279,1.08312,1236.0,,False,5m consistent,0
2024-05-23 06:00:00,1.08247,1.08289,1.08222,1.08278,2432.0,,False,5m consistent,0
2024-05-23 08:00:00,1.08299,1.08458,1.08292,1.08394,3665.0,,False,5m consistent,1
2024-05-23 11:00:00,1.08462,1.08533,1.08438,1.08514,1940.0,,False,5m consistent,1
2024-05-23 12:00:00,1.08516,1.08552,1.08461,1.08535,3876.0,,False,5m consistent,0
2024-05-23 13:00:00,1.08536,1.08617,1.08289,1.08349,7059.0,,False,5m consistent,0
2024-05-23 15:00:00,1.08253,1.08314,1.08211,1.0827,3742.0,,False,5m consistent,0
2024-05-23 16:00:00,1.08269,1.08319,1.08187,1.0819,2679.0,,False,5m consistent,0
2024-05-23 17:00:00,1.08192,1.0821,1.08093,1.08126,2647.0,,False,5m consistent,1
2024-05-24 07:00:00,1.08139,1.08265,1.08139,1.08251,2381.0,,False,5m consistent,1
2024-05-24 10:00:00,1.08292,1.0845,1.08283,1.08411,1835.0,,False,5m consistent,1
2024-05-24 12:00:00,1.08417,1.08546,1.08384,1.0852,4697.0,,False,5m consistent,0
2024-05-24 15:00:00,1.0847,1.08566,1.08465,1.08519,2468.0,,False,5m consistent,0
2024-05-27 05:00:00,1.08494,1.08502,1.08484,1.08499,962.0,,False,5m consistent,0
2024-05-27 06:00:00,1.08498,1.08525,1.0845,1.0852,1313.0,,False,5m consistent,0
2024-05-27 07:00:00,1.08519,1.08532,1.08482,1.08513,1521.0,,False,5m consistent,0
2024-05-27 09:00:00,1.08502,1.0868,1.08496,1.0868,1838.0,,False,5m consistent,0
2024-05-27 10:00:00,1.08678,1.08683,1.08545,1.08637,1632.0,,False,5m consistent,0
2024-05-27 12:00:00,1.08583,1.08608,1.08414,1.08498,3660.0,,False,5m consistent,1
2024-05-27 13:00:00,1.08501,1.08597,1.08452,1.0856,2524.0,,False,5m consistent,1
2024-05-27 20:00:00,1.08608,1.08615,1.08579,1.086,275.0,,False,5m consistent,0
2024-05-28 04:00:00,1.08792,1.0881,1.08764,1.08768,1209.0,,False,5m consistent,1
2024-05-28 06:00:00,1.08761,1.08807,1.08745,1.08761,2343.0,,False,5m consistent,1
2024-05-28 07:00:00,1.08759,1.08799,1.08724,1.08783,2711.0,,False,5m consistent,0
2024-05-28 11:00:00,1.0879,1.08898,1.0879,1.08848,2316.0,,False,5m consistent,0
2024-05-28 12:00:00,1.0885,1.08854,1.08755,1.08773,3147.0,,False,5m consistent,0
2024-05-28 13:00:00,1.08771,1.0881,1.08644,1.0865,4728.0,,False,5m consistent,1
2024-05-28 15:00:00,1.08753,1.08804,1.08719,1.08789,2247.0,,False,5m consistent,0
2024-05-28 16:00:00,1.0879,1.08797,1.08714,1.08755,1476.0,,False,5m consistent,0
2024-05-28 17:00:00,1.08756,1.08766,1.08653,1.0866,2494.0,,False,5m consistent,0
2024-05-28 19:00:00,1.08593,1.08627,1.08566,1.0862,2183.0,,False,5m consistent,0
2024-05-28 21:00:00,1.086,1.08627,1.08577,1.08595,1090.0,,False,5m consistent,0
2024-05-28 22:00:00,1.08607,1.08618,1.0855,1.08574,492.0,,False,5m consistent,0
2024-05-29 01:00:00,1.08518,1.08578,1.08504,1.08524,1948.0,,False,5m consistent,0
2024-05-29 07:00:00,1.08531,1.08597,1.08515,1.08527,3086.0,,False,5m consistent,0
2024-05-29 09:00:00,1.0838,1.08571,1.08376,1.08523,2652.0,,False,5m consistent,0
2024-05-29 10:00:00,1.08522,1.08533,1.08418,1.08476,2162.0,,False,5m consistent,0
2024-05-29 12:00:00,1.08508,1.08593,1.0847,1.08471,4356.0,,False,5m consistent,0
2024-05-29 13:00:00,1.08474,1.08477,1.08326,1.08392,4650.0,,False,5m consistent,0
2024-05-29 16:00:00,1.08119,1.08183,1.08082,1.08163,2295.0,,False,5m consistent,0
2024-05-29 17:00:00,1.08162,1.08166,1.0808,1.08144,2626.0,,False,5m consistent,0
2024-05-29 18:00:00,1.08142,1.08162,1.08055,1.08067,2091.0,,False,5m consistent,0
2024-05-29 23:00:00,1.08018,1.08032,1.08002,1.0802,1062.0,,False,5m consistent,1
2024-05-30 01:00:00,1.07973,1.08054,1.07963,1.0799,2214.0,,False,5m consistent,0
2024-05-30 03:00:00,1.07983,1.07997,1.07969,1.07987,1557.0,,False,5m consistent,0
2024-05-30 04:00:00,1.07989,1.07994,1.07928,1.07967,1632.0,,False,5m consistent,0
2024-05-30 07:00:00,1.07963,1.08121,1.07939,1.08092,3688.0,,False,5m consistent,1
2024-05-30 11:00:00,1.08184,1.08224,1.08147,1.0819,2218.0,,False,5m consistent,1
2024-05-30 18:00:00,1.08399,1.08407,1.08359,1.08377,1892.0,,False,5m consistent,0
2024-05-31 00:00:00,1.08324,1.08344,1.08301,1.08329,1846.0,,False,5m consistent,0
2024-05-31 01:00:00,1.08329,1.08345,1.0821,1.08211,2355.0,,False,5m consistent,0
2024-05-31 05:00:00,1.08189,1.08222,1.08179,1.08203,1622.0,,False,5m consistent,1
2024-05-31 06:00:00,1.08206,1.08264,1.08154,1.08249,2662.0,,False,5m consistent,0
2024-05-31 12:00:00,1.08533,1.08832,1.08504,1.0881,6416.0,,False,5m consistent,0
2024-05-31 13:00:00,1.08807,1.08816,1.08662,1.08698,5500.0,,False,5m consistent,0
2024-05-31 14:00:00,1.08695,1.08783,1.0852,1.08563,7254.0,,False,5m consistent,0
2024-05-31 15:00:00,1.08565,1.08598,1.08425,1.08468,5435.0,,False,5m consistent,1
2024-05-31 17:00:00,1.08479,1.08534,1.08461,1.08478,2109.0,,False,5m consistent,1
2024-06-03 01:00:00,1.08576,1.08594,1.08555,1.08585,1603.0,,False,5m consistent,0
2024-06-03 05:00:00,1.08526,1.08548,1.08489,1.08533,1492.0,,False,5m consistent,1
2024-06-03 06:00:00,1.08529,1.08594,1.08475,1.08572,2591.0,,False,5m consistent,0
2024-06-03 07:00:00,1.0857,1.08594,1.08405,1.08405,3363.0,,False,5m consistent,1
2024-06-03 08:00:00,1.08406,1.08431,1.08343,1.08407,3781.0,,False,5m consistent,0
2024-06-03 09:00:00,1.0841,1.08419,1.0833,1.08357,2637.0,,False,5m consistent,1
2024-06-03 15:00:00,1.0871,1.08913,1.08705,1.08905,3901.0,,False,5m consistent,1
2024-06-04 00:00:00,1.09082,1.09168,1.09082,1.09136,1875.0,,False,5m consistent,0
2024-06-04 04:00:00,1.09081,1.09107,1.09075,1.09101,1062.0,,False,5m consistent,0
2024-06-04 05:00:00,1.09099,1.09116,1.09034,1.09038,1452.0,,False,5m consistent,0
2024-06-04 06:00:00,1.09041,1.09057,1.08972,1.08977,3313.0,,False,5m consistent,0
2024-06-04 07:00:00,1.08977,1.08994,1.08855,1.08909,4151.0,,False,5m consistent,0
2024-06-04 08:00:00,1.08909,1.08915,1.08748,1.08817,4451.0,,False,5m consistent,0
2024-06-04 09:00:00,1.08817,1.08828,1.08701,1.08726,4269.0,,False,5m consistent,0
2024-06-04 10:00:00,1.08725,1.08725,1.08638,1.08672,3597.0,,False,5m consistent,1
2024-06-04 14:00:00,1.08684,1.08827,1.0864,1.0881,8027.0,,False,5m consistent,1
2024-06-05 02:00:00,1.08847,1.08864,1.08836,1.0884,1217.0,,False,5m consistent,0
2024-06-05 04:00:00,1.08793,1.08817,1.08781,1.08814,897.0,,False,5m consistent,0
2024-06-05 05:00:00,1.08811,1.08831,1.08767,1.08801,1433.0,,False,5m consistent,0
2024-06-05 06:00:00,1.08798,1.0881,1.08729,1.08766,2053.0,,False,5m consistent,0
2024-06-05 08:00:00,1.08724,1.08776,1.08708,1.08766,2606.0,,False,5m consistent,0
2024-06-05 09:00:00,1.08763,1.08781,1.08722,1.08743,2410.0,,False,5m consistent,0
2024-06-05 10:00:00,1.08742,1.08742,1.08658,1.08694,1825.0,,False,5m consistent,0
2024-06-05 13:00:00,1.08847,1.08924,1.08823,1.08907,6026.0,,False,5m consistent,0
2024-06-05 15:00:00,1.08672,1.08715,1.08637,1.08657,3714.0,,False,5m consistent,0
2024-06-05 19:00:00,1.08762,1.08773,1.08733,1.08749,1536.0,,False,5m consistent,1
2024-06-06 01:00:00,1.08828,1.0895,1.08828,1.08949,2230.0,,False,5m consistent,0
2024-06-06 03:00:00,1.08927,1.08944,1.08904,1.08914,1172.0,,False,5m consistent,0
2024-06-06 04:00:00,1.08915,1.08916,1.08874,1.0888,1209.0,,False,5m consistent,0
2024-06-06 05:00:00,1.08879,1.08883,1.08829,1.08857,1432.0,,False,5m consistent,0
2024-06-06 06:00:00,1.08857,1.08857,1.08777,1.08847,3154.0,,False,5m consistent,0
2024-06-06 07:00:00,1.08848,1.08891,1.08766,1.08791,2964.0,,False,5m consistent,0
2024-06-06 09:00:00,1.08777,1.08828,1.08764,1.08807,1870.0,,False,5m consistent,0
2024-06-06 10:00:00,1.08806,1.08827,1.0876,1.08771,1541.0,,False,5m consistent,0
2024-06-06 12:00:00,1.08684,1.09028,1.08651,1.08824,8185.0,,False,5m consistent,0
2024-06-06 13:00:00,1.08821,1.08916,1.08726,1.08859,7694.0,,False,5m consistent,1
2024-06-06 17:00:00,1.08826,1.08944,1.08818,1.08931,1464.0,,False,5m consistent,1
2024-06-06 23:00:00,1.08931,1.08936,1.08915,1.08925,1242.0,,False,5m consistent,1
2024-06-07 04:00:00,1.08953,1.08977,1.08943,1.0896,1193.0,,False,5m consistent,0
2024-06-07 07:00:00,1.08931,1.08993,1.08904,1.08934,3760.0,,False,5m consistent,0
2024-06-07 12:00:00,1.08989,1.0903,1.08249,1.08339,10689.0,,False,5m consistent,0
2024-06-07 13:00:00,1.08336,1.08366,1.08184,1.08202,8341.0,,False,5m consistent,1
2024-06-07 14:00:00,1.08204,1.08265,1.08111,1.08133,6538.0,,False,5m consistent,0
2024-06-10 01:00:00,1.07787,1.07809,1.07729,1.07754,1503.0,,False,5m consistent,0
2024-06-10 02:00:00,1.07755,1.07758,1.07675,1.07683,924.0,,False,5m consistent,0
2024-06-10 03:00:00,1.07683,1.07692,1.07563,1.07563,1166.0,,False,5m consistent,1
2024-06-10 04:00:00,1.07564,1.07566,1.07488,1.0755,1716.0,,False,5m consistent,1
2024-06-10 07:00:00,1.0753,1.07673,1.07487,1.07652,4978.0,,False,5m consistent,0
2024-06-10 08:00:00,1.07655,1.0769,1.07557,1.07574,3402.0,,False,5m consistent,0
2024-06-10 09:00:00,1.07575,1.07598,1.07413,1.0744,2950.0,,False,5m consistent,1
2024-06-10 11:00:00,1.07377,1.07555,1.07377,1.07545,1922.0,,False,5m consistent,0
2024-06-10 13:00:00,1.07421,1.075,1.07379,1.07409,4480.0,,False,5m consistent,1
2024-06-10 20:00:00,1.07636,1.07674,1.07622,1.07665,659.0,,False,5m consistent,1
2024-06-11 04:00:00,1.07694,1.07713,1.07686,1.07692,671.0,,False,5m consistent,1
2024-06-11 06:00:00,1.07664,1.07743,1.07662,1.0769,2206.0,,False,5m consistent,0
2024-06-11 07:00:00,1.07689,1.07703,1.07618,1.07648,3362.0,,False,5m consistent,0
2024-06-11 08:00:00,1.07648,1.07654,1.07443,1.07461,3690.0,,False,5m consistent,1
2024-06-11 09:00:00,1.0746,1.07546,1.07411,1.07515,4428.0,,False,5m consistent,0
2024-06-11 10:00:00,1.07512,1.07573,1.07373,1.07417,3669.0,,False,5m consistent,0
2024-06-11 12:00:00,1.07299,1.07372,1.07252,1.0733,3772.0,,False,5m consistent,0
2024-06-11 23:00:00,1.07419,1.07424,1.07399,1.07408,534.0,,False,5m consistent,1
2024-06-12 03:00:00,1.07426,1.0744,1.07408,1.07411,995.0,,False,5m consistent,1
2024-06-12 05:00:00,1.07374,1.07469,1.07369,1.07468,1378.0,,False,5m consistent,0
2024-06-12 06:00:00,1.07473,1.07479,1.07397,1.07423,2377.0,,False,5m consistent,0
2024-06-12 12:00:00,1.0765,1.08308,1.07628,1.08274,9407.0,,False,5m consistent,1
2024-06-12 13:00:00,1.0827,1.08382,1.08197,1.08373,8752.0,,False,5m consistent,0
2024-06-12 16:00:00,1.08431,1.08489,1.08423,1.08448,2906.0,,False,5m consistent,0
2024-06-12 17:00:00,1.08447,1.08466,1.08369,1.08426,2893.0,,False,5m consistent,0
2024-06-12 18:00:00,1.08425,1.08477,1.08084,1.08127,20605.0,,False,5m consistent,1
2024-06-13 00:00:00,1.08135,1.08163,1.08113,1.08137,1551.0,,False,5m consistent,0
2024-06-13 07:00:00,1.08028,1.08172,1.08028,1.08152,3977.0,,False,5m consistent,0
2024-06-13 09:00:00,1.08068,1.08124,1.08024,1.08028,2207.0,,False,5m consistent,0
2024-06-13 10:00:00,1.08026,1.08102,1.07939,1.0795,2105.0,,False,5m consistent,0
2024-06-13 12:00:00,1.07841,1.0817,1.07814,1.07947,8245.0,,False,5m consistent,0
2024-06-13 13:00:00,1.07945,1.08085,1.07867,1.07882,7024.0,,False,5m consistent,0
2024-06-13 14:00:00,1.07882,1.07914,1.07638,1.07723,5883.0,,False,5m consistent,0
2024-06-13 15:00:00,1.07723,1.07731,1.07541,1.07562,3919.0,,False,5m consistent,0
2024-06-14 03:00:00,1.07437,1.07458,1.07389,1.0741,2236.0,,False,5m consistent,0
2024-06-14 04:00:00,1.0741,1.07417,1.07357,1.07373,1177.0,,False,5m consistent,0
2024-06-14 05:00:00,1.07372,1.07381,1.07309,1.07313,1658.0,,False,5m consistent,0
2024-06-14 06:00:00,1.07316,1.07335,1.07166,1.07257,4340.0,,False,5m consistent,0
2024-06-14 07:00:00,1.07257,1.07279,1.07069,1.07086,5496.0,,False,5m consistent,0
2024-06-14 08:00:00,1.07083,1.07126,1.06904,1.06927,5374.0,,False,5m consistent,0
2024-06-14 09:00:00,1.06923,1.0693,1.06725,1.06881,5614.0,,False,5m consistent,1
2024-06-14 11:00:00,1.06984,1.07067,1.06933,1.06947,4771.0,,False,5m consistent,0
2024-06-14 12:00:00,1.06952,1.0696,1.068,1.069,6699.0,,False,5m consistent,0
2024-06-17 04:00:00,1.07046,1.07062,1.07028,1.07049,1283.0,,False,5m consistent,0
2024-06-17 05:00:00,1.0705,1.0706,1.06999,1.07005,1403.0,,False,5m consistent,0
2024-06-17 06:00:00,1.07003,1.07047,1.06872,1.06984,5670.0,,False,5m consistent,1
2024-06-17 09:00:00,1.07081,1.07155,1.07076,1.07119,3281.0,,False,5m consistent,0
2024-06-17 18:00:00,1.07269,1.07386,1.07266,1.0737,2273.0,,False,5m consistent,1
2024-06-17 23:00:00,1.07385,1.07418,1.07356,1.07407,848.0,,False,5m consistent,0
2024-06-18 00:00:00,1.0741,1.07416,1.07363,1.07368,1915.0,,False,5m consistent,0
2024-06-18 03:00:00,1.07251,1.0726,1.07217,1.07257,1221.0,,False,5m consistent,0
2024-06-18 06:00:00,1.07241,1.07345,1.07236,1.07338,3376.0,,False,5m consistent,0
2024-06-18 07:00:00,1.07339,1.07362,1.07236,1.07241,3989.0,,False,5m consistent,0
2024-06-18 08:00:00,1.0724,1.07255,1.07157,1.07202,3150.0,,False,5m consistent,1
2024-06-18 09:00:00,1.07203,1.07265,1.0716,1.07204,2962.0,,False,5m consistent,0
2024-06-18 10:00:00,1.07203,1.07214,1.07162,1.07187,2229.0,,False,5m consistent,0
2024-06-18 11:00:00,1.07189,1.07191,1.07108,1.07171,2170.0,,False,5m consistent,1
2024-06-18 13:00:00,1.07319,1.07505,1.07308,1.07492,4361.0,,False,5m consistent,1
2024-06-18 16:00:00,1.07395,1.07434,1.07372,1.07401,2219.0,,False,5m consistent,1
2024-06-19 05:00:00,1.07366,1.07396,1.07361,1.07385,1481.0,,False,5m consistent,1
2024-06-19 06:00:00,1.07386,1.07423,1.07285,1.0732,3607.0,,False,5m consistent,1
2024-06-19 08:00:00,1.07376,1.07426,1.0735,1.07412,3618.0,,False,5m consistent,1
2024-06-19 11:00:00,1.07512,1.07542,1.07474,1.07516,2755.0,,False,5m consistent,0
2024-06-19 12:00:00,1.07519,1.07539,1.07433,1.07467,2497.0,,False,5m consistent,1
2024-06-19 14:00:00,1.07445,1.07517,1.07437,1.07489,1485.0,,False,5m consistent,0
2024-06-20 00:00:00,1.07476,1.07492,1.07458,1.07469,1298.0,,False,5m consistent,0
2024-06-20 01:00:00,1.07471,1.07488,1.07428,1.07462,1724.0,,False,5m consistent,0
2024-06-20 04:00:00,1.07427,1.07457,1.07417,1.07436,1094.0,,False,5m consistent,0
2024-06-20 05:00:00,1.07434,1.07443,1.0738,1.07381,1257.0,,False,5m consistent,0
2024-06-20 06:00:00,1.07381,1.07392,1.07313,1.07336,2472.0,,False,5m consistent,0
2024-06-20 07:00:00,1.07335,1.0737,1.07251,1.07255,3340.0,,False,5m consistent,0
2024-06-20 10:00:00,1.0726,1.07326,1.07251,1.07294,2424.0,,False,5m consistent,0
2024-06-20 14:00:00,1.07252,1.07314,1.07215,1.07225,4581.0,,False,5m consistent,0
2024-06-20 18:00:00,1.07077,1.07187,1.07077,1.0711,2318.0,,False,5m consistent,0
2024-06-21 04:00:00,1.0717,1.07194,1.0716,1.07193,918.0,,False,5m consistent,1
2024-06-21 05:00:00,1.07191,1.07207,1.07157,1.07187,1445.0,,False,5m consistent,0
2024-06-21 06:00:00,1.07183,1.07214,1.07091,1.07106,2560.0,,False,5m consistent,0
2024-06-21 08:00:00,1.06784,1.06964,1.06769,1.06918,4596.0,,False,5m consistent,1
2024-06-21 09:00:00,1.06916,1.0699,1.06842,1.06988,3714.0,,False,5m consistent,0
2024-06-21 12:00:00,1.06898,1.0696,1.06855,1.06955,3619.0,,False,5m consistent,0
2024-06-24 00:00:00,1.06888,1.06945,1.06857,1.06926,1601.0,,False,5m consistent,1
2024-06-24 11:00:00,1.07309,1.07368,1.07273,1.07366,3522.0,,False,5m consistent,0
2024-06-24 13:00:00,1.07354,1.07444,1.07353,1.07435,3897.0,,False,5m consistent,0
2024-06-24 14:00:00,1.07433,1.07472,1.07279,1.07308,4418.0,,False,5m consistent,1
2024-06-24 16:00:00,1.07275,1.07323,1.07268,1.07286,1489.0,,False,5m consistent,1
2024-06-25 05:00:00,1.07404,1.07451,1.07402,1.07424,1393.0,,False,5m consistent,0
2024-06-25 06:00:00,1.07424,1.07424,1.07321,1.07327,2350.0,,False,5m consistent,0
2024-06-25 08:00:00,1.07275,1.07366,1.07262,1.07351,2978.0,,False,5m consistent,0
2024-06-25 10:00:00,1.07252,1.07309,1.07218,1.07241,2569.0,,False,5m consistent,0
2024-06-25 11:00:00,1.07238,1.07252,1.07099,1.07103,2637.0,,False,5m consistent,0
2024-06-25 12:00:00,1.07101,1.07157,1.07029,1.07058,4030.0,,False,5m consistent,0
2024-06-25 13:00:00,1.0706,1.07139,1.0701,1.07036,3889.0,,False,5m consistent,0
2024-06-25 19:00:00,1.07165,1.07185,1.07146,1.07168,1388.0,,False,5m consistent,0
2024-06-26 01:00:00,1.07121,1.07174,1.07116,1.07167,2628.0,,False,5m consistent,0
2024-06-26 04:00:00,1.07115,1.07124,1.07082,1.07113,1167.0,,False,5m consistent,0
2024-06-26 05:00:00,1.07112,1.07121,1.07031,1.07045,1904.0,,False,5m consistent,0
2024-06-26 06:00:00,1.07044,1.07063,1.06945,1.06956,3163.0,,False,5m consistent,0
2024-06-26 08:00:00,1.06945,1.07007,1.06909,1.06956,3542.0,,False,5m consistent,0
2024-06-26 09:00:00,1.06956,1.07004,1.06889,1.06896,3301.0,,False,5m consistent,0
2024-06-26 10:00:00,1.06898,1.06899,1.06828,1.06857,2638.0,,False,5m consistent,1
2024-06-26 11:00:00,1.06857,1.06956,1.06803,1.06949,3309.0,,False,5m consistent,0
2024-06-26 12:00:00,1.0695,1.06953,1.06778,1.06779,4477.0,,False,5m consistent,0
2024-06-26 14:00:00,1.06755,1.06966,1.06753,1.06809,6081.0,,False,5m consistent,1
2024-06-26 17:00:00,1.06829,1.06916,1.06822,1.06864,3062.0,,False,5m consistent,0
2024-06-27 05:00:00,1.06951,1.0698,1.06928,1.06966,1535.0,,False,5m consistent,1
2024-06-27 06:00:00,1.06961,1.06997,1.06918,1.06938,2684.0,,False,5m consistent,0
2024-06-27 07:00:00,1.06936,1.06987,1.06889,1.0691,4068.0,,False,5m consistent,0
2024-06-27 09:00:00,1.06888,1.07018,1.06882,1.0698,3016.0,,False,5m consistent,1
2024-06-27 10:00:00,1.0698,1.07053,1.06913,1.07045,3500.0,,False,5m consistent,0
2024-06-27 13:00:00,1.07201,1.07271,1.07178,1.07214,5669.0,,False,5m consistent,0
2024-06-27 14:00:00,1.07213,1.07263,1.07086,1.07133,4421.0,,False,5m consistent,0
2024-06-27 23:00:00,1.0705,1.07102,1.07045,1.07085,839.0,,False,5m consistent,0
2024-06-28 00:00:00,1.07087,1.07117,1.06983,1.06984,1882.0,,False,5m consistent,0
2024-06-28 03:00:00,1.06948,1.06958,1.06907,1.06929,1262.0,,False,5m consistent,1
2024-06-28 06:00:00,1.06912,1.0699,1.06906,1.06978,2921.0,,False,5m consistent,1
2024-06-28 07:00:00,1.06979,1.07047,1.06924,1.06977,4242.0,,False,5m consistent,1
2024-06-28 08:00:00,1.06977,1.07008,1.0693,1.06986,3510.0,,False,5m consistent,1
2024-06-28 09:00:00,1.06985,1.07103,1.06941,1.07101,3072.0,,False,5m consistent,1
2024-06-28 10:00:00,1.07099,1.07112,1.07051,1.07103,2862.0,,False,5m consistent,0
2024-06-28 12:00:00,1.0698,1.07209,1.06977,1.07054,7865.0,,False,5m consistent,0
2024-06-28 13:00:00,1.07056,1.07085,1.06936,1.06992,6734.0,,False,5m consistent,1
2024-06-28 14:00:00,1.07,1.0723,1.06933,1.07192,9050.0,,False,5m consistent,1
2024-06-28 18:00:00,1.0715,1.07193,1.07118,1.07125,2566.0,,False,5m consistent,1
2024-07-01 06:00:00,1.07562,1.07773,1.07561,1.07708,4760.0,,False,5m consistent,0
2024-07-01 08:00:00,1.07552,1.07728,1.07503,1.07692,3806.0,,False,5m consistent,0
2024-07-01 09:00:00,1.0769,1.07694,1.07568,1.07579,2821.0,,False,5m consistent,0
2024-07-01 11:00:00,1.07494,1.07531,1.07435,1.07499,2518.0,,False,5m consistent,1
2024-07-01 13:00:00,1.07492,1.07601,1.0749,1.07564,4568.0,,False,5m consistent,0
2024-07-01 14:00:00,1.07567,1.07716,1.07293,1.07308,8045.0,,False,5m consistent,1
2024-07-02 05:00:00,1.07304,1.07338,1.07277,1.07327,1364.0,,False,5m consistent,0
2024-07-02 06:00:00,1.07329,1.07367,1.07257,1.07258,2691.0,,False,5m consistent,0
2024-07-02 08:00:00,1.07192,1.07249,1.07151,1.07217,3597.0,,False,5m consistent,0
2024-07-02 14:00:00,1.07428,1.07468,1.0725,1.0744,8541.0,,False,5m consistent,0
2024-07-02 15:00:00,1.07439,1.07453,1.0734,1.07372,4183.0,,False,5m consistent,1
2024-07-03 00:00:00,1.07489,1.07554,1.0748,1.07488,1532.0,,False,5m consistent,0
2024-07-03 04:00:00,1.07442,1.07454,1.07428,1.07432,683.0,,False,5m consistent,0
2024-07-03 07:00:00,1.07479,1.07626,1.07478,1.07605,3899.0,,False,5m consistent,1
2024-07-03 14:00:00,1.07983,1.08176,1.07957,1.08066,10821.0,,False,5m consistent,1
2024-07-03 15:00:00,1.08067,1.08099,1.07979,1.07995,4568.0,,False,5m consistent,0
2024-07-03 16:00:00,1.07996,1.08012,1.07927,1.07965,2446.0,,False,5m consistent,0
2024-07-03 17:00:00,1.07966,1.07966,1.07829,1.07847,1815.0,,False,5m consistent,1
2024-07-04 00:00:00,1.07921,1.07946,1.07896,1.07933,1404.0,,False,5m consistent,0
2024-07-04 01:00:00,1.07935,1.07959,1.07892,1.07917,2066.0,,False,5m consistent,0
2024-07-04 05:00:00,1.07873,1.07915,1.07857,1.0791,1517.0,,False,5m consistent,1
2024-07-04 08:00:00,1.07954,1.0804,1.07948,1.08028,2959.0,,False,5m consistent,0
2024-07-04 09:00:00,1.08027,1.0804,1.07961,1.07985,2797.0,,False,5m consistent,1
2024-07-04 10:00:00,1.07987,1.08024,1.07948,1.08019,1775.0,,False,5m consistent,0
2024-07-05 04:00:00,1.08227,1.08237,1.08206,1.08228,1073.0,,False,5m consistent,1
2024-07-05 05:00:00,1.08229,1.08233,1.082,1.08224,1231.0,,False,5m consistent,0
2024-07-05 07:00:00,1.08196,1.0831,1.08173,1.08298,3659.0,,False,5m consistent,0
2024-07-05 09:00:00,1.08287,1.08315,1.08265,1.08272,1932.0,,False,5m consistent,0
2024-07-05 10:00:00,1.08272,1.08327,1.08229,1.08254,2273.0,,False,5m consistent,0
2024-07-05 12:00:00,1.08199,1.08431,1.08013,1.08304,11535.0,,False,5m consistent,1
2024-07-05 13:00:00,1.08305,1.08351,1.0815,1.08201,9339.0,,False,5m consistent,0
2024-07-08 04:00:00,1.08323,1.08325,1.08282,1.08296,1093.0,,False,5m consistent,0
2024-07-08 05:00:00,1.08294,1.08309,1.08218,1.08233,1902.0,,False,5m consistent,0
2024-07-08 09:00:00,1.08392,1.08427,1.08361,1.08389,3091.0,,False,5m consistent,0
2024-07-08 12:00:00,1.08344,1.08454,1.0833,1.08445,4717.0,,False,5m consistent,0
2024-07-08 13:00:00,1.08449,1.08458,1.08392,1.08419,4481.0,,False,5m consistent,0
2024-07-08 15:00:00,1.08356,1.08371,1.0832,1.08356,3327.0,,False,5m consistent,0
2024-07-08 17:00:00,1.08332,1.08344,1.08302,1.08328,1545.0,,False,5m consistent,0
2024-07-08 23:00:00,1.08268,1.08323,1.08265,1.08313,860.0,,False,5m consistent,0
2024-07-09 00:00:00,1.08317,1.08342,1.0827,1.08278,1442.0,,False,5m consistent,0
2024-07-09 01:00:00,1.08279,1.08306,1.08235,1.08244,1795.0,,False,5m consistent,1
2024-07-09 05:00:00,1.08304,1.08315,1.08272,1.08296,1518.0,,False,5m consistent,0
2024-07-09 06:00:00,1.08295,1.0831,1.08247,1.08257,2402.0,,False,5m consistent,0
2024-07-09 08:00:00,1.08182,1.0825,1.0816,1.08233,2915.0,,False,5m consistent,1
2024-07-09 10:00:00,1.08235,1.08294,1.08209,1.0823,2623.0,,False,5m consistent,0
2024-07-09 14:00:00,1.08229,1.08291,1.08102,1.08164,8441.0,,False,5m consistent,1
2024-07-09 15:00:00,1.08164,1.08202,1.08062,1.08135,5303.0,,False,5m consistent,1
2024-07-10 06:00:00,1.08185,1.08243,1.08156,1.08228,2508.0,,False,5m consistent,0
2024-07-10 07:00:00,1.08228,1.08258,1.0816,1.0817,3423.0,,False,5m consistent,1
2024-07-10 09:00:00,1.0816,1.08261,1.08154,1.08195,2704.0,,False,5m consistent,1
2024-07-10 12:00:00,1.08264,1.0829,1.08242,1.08279,3499.0,,False,5m consistent,0
2024-07-10 16:00:00,1.08234,1.08286,1.08225,1.08278,2377.0,,False,5m consistent,0
2024-07-10 17:00:00,1.08278,1.08294,1.08217,1.0823,2719.0,,False,5m consistent,1
2024-07-11 08:00:00,1.08402,1.08486,1.08389,1.08482,3270.0,,False,5m consistent,1
2024-07-11 11:00:00,1.08495,1.08585,1.08495,1.08555,3043.0,,False,5m consistent,0
2024-07-11 12:00:00,1.08554,1.09008,1.08454,1.08877,14034.0,,False,5m consistent,1
2024-07-11 13:00:00,1.08877,1.08999,1.08693,1.08874,16348.0,,False,5m consistent,0
2024-07-11 14:00:00,1.08874,1.08907,1.08715,1.08793,9449.0,,False,5m consistent,0
2024-07-11 16:00:00,1.08706,1.08713,1.08648,1.08677,4112.0,,False,5m consistent,1
2024-07-11 23:00:00,1.08672,1.08752,1.08657,1.08748,4819.0,,False,5m consistent,0
2024-07-12 00:00:00,1.08749,1.08755,1.08686,1.08706,5217.0,,False,5m consistent,1
2024-07-12 05:00:00,1.08706,1.08734,1.08685,1.08704,2376.0,,False,5m consistent,0
2024-07-12 08:00:00,1.08762,1.0888,1.08761,1.08876,3725.0,,False,5m consistent,1
2024-07-12 11:00:00,1.08907,1.08931,1.08873,1.08884,3627.0,,False,5m consistent,0
2024-07-12 14:00:00,1.08986,1.09102,1.0894,1.09099,9189.0,,False,5m consistent,0
2024-07-12 17:00:00,1.09057,1.09082,1.09018,1.09072,2414.0,,False,5m consistent,1
2024-07-15 05:00:00,1.08945,1.08967,1.08935,1.08951,1519.0,,False,5m consistent,0
2024-07-15 06:00:00,1.08953,1.08968,1.0887,1.08901,4399.0,,False,5m consistent,1
2024-07-15 09:00:00,1.09093,1.09159,1.09076,1.09136,3640.0,,False,5m consistent,0
2024-07-15 10:00:00,1.09137,1.09211,1.09057,1.09105,4527.0,,False,5m consistent,0
2024-07-15 13:00:00,1.09081,1.09174,1.09076,1.0916,5082.0,,False,5m consistent,0
2024-07-15 14:00:00,1.09162,1.09185,1.09083,1.09179,5372.0,,False,5m consistent,0
2024-07-15 15:00:00,1.09181,1.09232,1.09106,1.09127,4671.0,,False,5m consistent,0
2024-07-15 16:00:00,1.09126,1.09181,1.09007,1.09071,5602.0,,False,5m consistent,0
2024-07-15 18:00:00,1.08957,1.09026,1.08942,1.09022,4303.0,,False,5m consistent,0
2024-07-15 23:00:00,1.08952,1.08995,1.08951,1.0899,1867.0,,False,5m consistent,0
2024-07-16 01:00:00,1.08923,1.08942,1.08911,1.08936,2351.0,,False,5m consistent,0
2024-07-16 04:00:00,1.08933,1.08953,1.08927,1.08931,2301.0,,False,5m consistent,0
2024-07-16 05:00:00,1.08931,1.08933,1.08878,1.08893,1644.0,,False,5m consistent,1
2024-07-16 07:00:00,1.089,1.09012,1.08898,1.09001,4391.0,,False,5m consistent,1
2024-07-16 08:00:00,1.09001,1.09037,1.08947,1.09011,4588.0,,False,5m consistent,1
2024-07-16 10:00:00,1.08987,1.09038,1.08968,1.08998,3457.0,,False,5m consistent,1
2024-07-16 11:00:00,1.08999,1.09047,1.08952,1.09029,3555.0,,False,5m consistent,0
2024-07-16 12:00:00,1.09029,1.09063,1.08764,1.08815,7986.0,,False,5m consistent,0
2024-07-16 13:00:00,1.08816,1.0884,1.08723,1.0884,5900.0,,False,5m consistent,0
2024-07-16 23:00:00,1.09028,1.09038,1.0901,1.09027,1418.0,,False,5m consistent,0
2024-07-17 02:00:00,1.09032,1.09076,1.09018,1.0905,1678.0,,False,5m consistent,1
2024-07-17 03:00:00,1.09051,1.09072,1.09012,1.09071,1941.0,,False,5m consistent,0
2024-07-17 05:00:00,1.09038,1.09078,1.09018,1.09053,2342.0,,False,5m consistent,0
2024-07-17 08:00:00,1.09093,1.09447,1.09085,1.09427,7124.0,,False,5m consistent,1
2024-07-17 09:00:00,1.09428,1.09458,1.09368,1.09446,6000.0,,False,5m consistent,0
2024-07-17 12:00:00,1.09353,1.09449,1.09328,1.09434,6306.0,,False,5m consistent,1
2024-07-17 13:00:00,1.0943,1.0949,1.09363,1.09395,7357.0,,False,5m consistent,0
2024-07-17 15:00:00,1.09331,1.0937,1.09284,1.09333,4921.0,,False,5m consistent,0
2024-07-18 05:00:00,1.09344,1.09391,1.09335,1.09379,2867.0,,False,5m consistent,0
2024-07-18 06:00:00,1.09377,1.09381,1.09283,1.09321,4007.0,,False,5m consistent,1
2024-07-18 10:00:00,1.09316,1.0937,1.09294,1.09338,2820.0,,False,5m consistent,0
2024-07-18 11:00:00,1.09337,1.0934,1.0927,1.09283,2832.0,,False,5m consistent,0
2024-07-18 12:00:00,1.09284,1.09379,1.09245,1.09292,6925.0,,False,5m consistent,0
2024-07-18 13:00:00,1.09292,1.09299,1.09081,1.09121,7760.0,,False,5m consistent,1
2024-07-18 14:00:00,1.09122,1.09175,1.09058,1.09155,7103.0,,False,5m consistent,0
2024-07-18 16:00:00,1.09129,1.09172,1.09119,1.09168,5087.0,,False,5m consistent,0
2024-07-18 17:00:00,1.09167,1.09172,1.09075,1.09077,4681.0,,False,5m consistent,0
2024-07-18 18:00:00,1.09078,1.09081,1.08965,1.08998,4207.0,,False,5m consistent,1
2024-07-18 20:00:00,1.08979,1.08997,1.08961,1.08972,1074.0,,False,5m consistent,0
2024-07-18 23:00:00,1.08985,1.09027,1.08976,1.09012,1866.0,,False,5m consistent,0
2024-07-19 00:00:00,1.0901,1.09012,1.08917,1.0893,3843.0,,False,5m consistent,0
2024-07-19 02:00:00,1.08884,1.08932,1.0888,1.08928,2442.0,,False,5m consistent,0
2024-07-19 05:00:00,1.08881,1.08912,1.08854,1.08897,2518.0,,False,5m consistent,0
2024-07-19 07:00:00,1.08859,1.08914,1.08826,1.08887,6219.0,,False,5m consistent,0
2024-07-19 11:00:00,1.08849,1.08941,1.08838,1.08939,3903.0,,False,5m consistent,0
2024-07-19 12:00:00,1.08938,1.0895,1.08852,1.08897,5862.0,,False,5m consistent,0
2024-07-19 14:00:00,1.08822,1.08907,1.08802,1.08905,6285.0,,False,5m consistent,0
2024-07-19 16:00:00,1.08887,1.0892,1.08848,1.08858,4161.0,,False,5m consistent,0
2024-07-19 17:00:00,1.08857,1.08862,1.08815,1.08847,3536.0,,False,5m consistent,0
2024-07-22 00:00:00,1.08997,1.09005,1.08933,1.08947,3002.0,,False,5m consistent,0
2024-07-22 03:00:00,1.08934,1.08946,1.08916,1.08924,2326.0,,False,5m consistent,0
2024-07-22 04:00:00,1.08926,1.08935,1.08878,1.08883,2341.0,,False,5m consistent,0
2024-07-22 05:00:00,1.08883,1.08886,1.08833,1.08856,2502.0,,False,5m consistent,1
2024-07-22 09:00:00,1.08889,1.08962,1.08879,1.08927,2788.0,,False,5m consistent,0
2024-07-22 10:00:00,1.08926,1.08938,1.08861,1.08901,3494.0,,False,5m consistent,0
2024-07-22 11:00:00,1.08902,1.08921,1.08848,1.08864,3607.0,,False,5m consistent,0
2024-07-22 13:00:00,1.08789,1.08871,1.08763,1.08813,5161.0,,False,5m consistent,0
2024-07-22 14:00:00,1.08813,1.08865,1.08739,1.08853,5591.0,,False,5m consistent,0
2024-07-22 20:00:00,1.0888,1.08922,1.0887,1.08915,1108.0,,False,5m consistent,1
2024-07-23 03:00:00,1.08929,1.08976,1.08928,1.0895,1781.0,,False,5m consistent,0
2024-07-23 05:00:00,1.08916,1.08921,1.0889,1.0891,1572.0,,False,5m consistent,0
2024-07-23 06:00:00,1.08907,1.08912,1.08801,1.08858,3417.0,,False,5m consistent,0
2024-07-23 07:00:00,1.08858,1.08895,1.08748,1.08771,5363.0,,False,5m consistent,0
2024-07-23 08:00:00,1.0877,1.08833,1.08688,1.08786,4946.0,,False,5m consistent,0
2024-07-23 09:00:00,1.08786,1.08792,1.08668,1.08682,3914.0,,False,5m consistent,0
2024-07-23 10:00:00,1.08679,1.08698,1.08573,1.08624,3965.0,,False,5m consistent,0
2024-07-23 12:00:00,1.08583,1.08643,1.08555,1.08568,4551.0,,False,5m consistent,0
2024-07-23 13:00:00,1.08567,1.0857,1.08465,1.08499,5057.0,,False,5m consistent,1
2024-07-23 21:00:00,1.08546,1.08562,1.08545,1.08556,285.0,,False,5m consistent,0
2024-07-23 23:00:00,1.08517,1.0853,1.08494,1.08505,1429.0,,False,5m consistent,0
2024-07-24 01:00:00,1.08477,1.08511,1.08466,1.08491,3063.0,,False,5m consistent,0
2024-07-24 05:00:00,1.08479,1.08541,1.08474,1.08535,3081.0,,False,5m consistent,0
2024-07-24 06:00:00,1.08531,1.08531,1.08433,1.08441,4747.0,,False,5m consistent,0
2024-07-24 12:00:00,1.08471,1.08602,1.08463,1.08591,5373.0,,False,5m consistent,1
2024-07-24 15:00:00,1.08547,1.08583,1.08524,1.08536,4926.0,,False,5m consistent,0
2024-07-24 16:00:00,1.08538,1.08538,1.08483,1.08518,4332.0,,False,5m consistent,0
2024-07-24 17:00:00,1.0852,1.08558,1.08468,1.08471,3560.0,,False,5m consistent,0
2024-07-25 03:00:00,1.08405,1.08448,1.08397,1.08436,2638.0,,False,5m consistent,1
2024-07-25 05:00:00,1.0841,1.08464,1.0839,1.0846,2907.0,,False,5m consistent,0
2024-07-25 06:00:00,1.08459,1.08459,1.08343,1.08356,4634.0,,False,5m consistent,0
2024-07-25 07:00:00,1.08357,1.08539,1.08291,1.085,7224.0,,False,5m consistent,1
2024-07-25 10:00:00,1.08524,1.08597,1.08489,1.08522,4707.0,,False,5m consistent,0
2024-07-25 11:00:00,1.08522,1.08546,1.08444,1.08465,4716.0,,False,5m consistent,1
2024-07-25 12:00:00,1.08463,1.0856,1.08371,1.08506,10185.0,,False,5m consistent,0
2024-07-25 16:00:00,1.08607,1.08643,1.08573,1.08627,5335.0,,False,5m consistent,0
2024-07-25 17:00:00,1.08628,1.08708,1.08547,1.08552,4902.0,,False,5m consistent,0
2024-07-26 05:00:00,1.08594,1.08614,1.08574,1.08581,1925.0,,False,5m consistent,0
2024-07-26 06:00:00,1.08579,1.08579,1.08514,1.08531,3495.0,,False,5m consistent,1
2024-07-26 07:00:00,1.08532,1.08565,1.08456,1.085,4671.0,,False,5m consistent,0
2024-07-26 10:00:00,1.08549,1.08595,1.08517,1.0857,3251.0,,False,5m consistent,1
2024-07-26 11:00:00,1.0857,1.08622,1.08531,1.08618,3259.0,,False,5m consistent,0
2024-07-26 13:00:00,1.08615,1.08682,1.08599,1.08664,6011.0,,False,5m consistent,0
2024-07-26 16:00:00,1.08588,1.08677,1.08572,1.08662,3558.0,,False,5m consistent,0
2024-07-29 05:00:00,1.08599,1.08639,1.08582,1.08599,2989.0,,False,5m consistent,0
2024-07-29 06:00:00,1.08599,1.08631,1.08558,1.08588,3735.0,,False,5m consistent,0
2024-07-29 07:00:00,1.08588,1.08606,1.08442,1.08455,6212.0,,False,5m consistent,0
2024-07-29 08:00:00,1.08452,1.08452,1.08325,1.08329,4486.0,,False,5m consistent,1
2024-07-29 10:00:00,1.08379,1.08429,1.08337,1.08366,4413.0,,False,5m consistent,0
2024-07-29 12:00:00,1.08187,1.08224,1.08158,1.0817,3927.0,,False,5m consistent,0
2024-07-29 13:00:00,1.08169,1.08182,1.08119,1.08126,4004.0,,False,5m consistent,0
2024-07-29 17:00:00,1.08224,1.08268,1.08203,1.08258,3187.0,,False,5m consistent,0
2024-07-29 22:00:00,1.08248,1.0825,1.08228,1.08231,664.0,,False,5m consistent,0
2024-07-29 23:00:00,1.08229,1.0823,1.08191,1.08199,1198.0,,False,5m consistent,1
2024-07-30 04:00:00,1.08228,1.0826,1.08227,1.08249,1737.0,,False,5m consistent,0
2024-07-30 06:00:00,1.08209,1.08254,1.08185,1.08235,3578.0,,False,5m consistent,1
2024-07-30 10:00:00,1.08329,1.08366,1.08325,1.08342,3509.0,,False,5m consistent,0
2024-07-30 11:00:00,1.08342,1.08342,1.08247,1.08251,2495.0,,False,5m consistent,0
2024-07-30 13:00:00,1.08025,1.0816,1.08025,1.08119,6226.0,,False,5m consistent,0
2024-07-30 14:00:00,1.08118,1.08118,1.07989,1.08059,7930.0,,False,5m consistent,1
2024-07-31 02:00:00,1.08228,1.08292,1.08208,1.08274,4094.0,,False,5m consistent,0
2024-07-31 04:00:00,1.08229,1.08269,1.08222,1.08263,3855.0,,False,5m consistent,0
2024-07-31 05:00:00,1.08264,1.08277,1.0821,1.08258,2950.0,,False,5m consistent,0
2024-07-31 06:00:00,1.08256,1.08264,1.08164,1.08261,7167.0,,False,5m consistent,0
2024-07-31 07:00:00,1.08261,1.08261,1.08123,1.08188,7542.0,,False,5m consistent,0
2024-07-31 10:00:00,1.08265,1.08361,1.08257,1.0834,2963.0,,False,5m consistent,0
2024-07-31 13:00:00,1.0842,1.08503,1.08393,1.08439,7101.0,,False,5m consistent,0
2024-07-31 15:00:00,1.08224,1.08287,1.08197,1.08239,5955.0,,False,5m consistent,0
2024-07-31 17:00:00,1.08102,1.08181,1.08066,1.08181,3542.0,,False,5m consistent,0
2024-07-31 18:00:00,1.08181,1.083,1.08027,1.08273,10546.0,,False,5m consistent,1
2024-08-01 03:00:00,1.08269,1.08355,1.08264,1.08336,3224.0,,False,5m consistent,0
2024-08-01 05:00:00,1.08278,1.08305,1.08262,1.08282,2864.0,,False,5m consistent,0
2024-08-01 06:00:00,1.08278,1.08286,1.08118,1.0817,5530.0,,False,5m consistent,0
2024-08-01 07:00:00,1.0817,1.08207,1.07999,1.08019,6184.0,,False,5m consistent,0
2024-08-01 08:00:00,1.08019,1.0803,1.07822,1.07853,5506.0,,False,5m consistent,1
2024-08-01 12:00:00,1.07926,1.08093,1.07877,1.07973,8389.0,,False,5m consistent,1
2024-08-01 13:00:00,1.07972,1.08069,1.07879,1.08047,6999.0,,False,5m consistent,0
2024-08-01 14:00:00,1.08055,1.08192,1.07882,1.07931,10592.0,,False,5m consistent,1
2024-08-01 15:00:00,1.07931,1.07955,1.07844,1.07895,7739.0,,False,5m consistent,1
2024-08-01 17:00:00,1.07871,1.07928,1.07858,1.07923,6474.0,,False,5m consistent,1
2024-08-02 01:00:00,1.07917,1.07947,1.07886,1.07915,3164.0,,False,5m consistent,1
2024-08-02 05:00:00,1.07984,1.0805,1.07964,1.08049,3467.0,,False,5m consistent,0
2024-08-02 06:00:00,1.08047,1.08097,1.07936,1.07972,6286.0,,False,5m consistent,0
2024-08-02 14:00:00,1.09062,1.09274,1.09009,1.09231,13696.0,,False,5m consistent,0
2024-08-02 15:00:00,1.09231,1.09257,1.0913,1.09141,9247.0,,False,5m consistent,1
2024-08-05 04:00:00,1.09314,1.09407,1.09284,1.09334,7902.0,,False,5m consistent,0
2024-08-05 05:00:00,1.09335,1.09397,1.09128,1.09131,10322.0,,False,5m consistent,1
2024-08-05 09:00:00,1.09519,1.09618,1.09457,1.09522,9847.0,,False,5m consistent,0
2024-08-05 12:00:00,1.09637,1.10096,1.09626,1.0992,14547.0,,False,5m consistent,0
2024-08-05 13:00:00,1.0992,1.10042,1.09763,1.09808,18847.0,,False,5m consistent,0
2024-08-05 14:00:00,1.098,1.09807,1.09573,1.09802,17872.0,,False,5m consistent,0
2024-08-05 16:00:00,1.09569,1.0962,1.09484,1.09607,13066.0,,False,5m consistent,1
2024-08-05 19:00:00,1.09518,1.09597,1.09503,1.09597,6127.0,,False,5m consistent,1
2024-08-06 00:00:00,1.09513,1.09639,1.09448,1.09635,9751.0,,False,5m consistent,0
2024-08-06 05:00:00,1.09527,1.09556,1.09457,1.09475,6381.0,,False,5m consistent,0
2024-08-06 06:00:00,1.09476,1.09495,1.09354,1.09399,9876.0,,False,5m consistent,0
2024-08-06 07:00:00,1.09397,1.09416,1.09227,1.09277,11654.0,,False,5m consistent,1
2024-08-06 08:00:00,1.09276,1.09359,1.09193,1.09287,9181.0,,False,5m consistent,0
2024-08-06 09:00:00,1.09285,1.09285,1.09083,1.09125,8514.0,,False,5m consistent,1
2024-08-06 11:00:00,1.09093,1.09183,1.09045,1.09174,7096.0,,False,5m consistent,1
2024-08-06 14:00:00,1.09194,1.09357,1.09159,1.09346,11136.0,,False,5m consistent,1
2024-08-07 00:00:00,1.09266,1.09312,1.0924,1.09305,5481.0,,False,5m consistent,0
2024-08-07 01:00:00,1.09304,1.09313,1.09118,1.09191,6677.0,,False,5m consistent,0
2024-08-07 08:00:00,1.09232,1.09288,1.09192,1.09195,6337.0,,False,5m consistent,0
2024-08-07 11:00:00,1.09187,1.09275,1.09185,1.0924,5182.0,,False,5m consistent,0
2024-08-07 12:00:00,1.09241,1.09266,1.09141,1.09227,6475.0,,False,5m consistent,1
2024-08-07 14:00:00,1.09196,1.09348,1.09195,1.09326,7103.0,,False,5m consistent,0
2024-08-08 00:00:00,1.09286,1.09334,1.09266,1.09289,4662.0,,False,5m consistent,1
2024-08-08 06:00:00,1.09366,1.09455,1.09344,1.09435,6451.0,,False,5m consistent,0
2024-08-08 07:00:00,1.09439,1.0946,1.09347,1.09407,8360.0,,False,5m consistent,0
2024-08-08 08:00:00,1.09407,1.09453,1.09362,1.09378,5153.0,,False,5m consistent,0
2024-08-08 09:00:00,1.09378,1.09405,1.09269,1.09277,4960.0,,False,5m consistent,1
2024-08-08 11:00:00,1.09263,1.09341,1.0924,1.09312,5505.0,,False,5m consistent,0
2024-08-08 12:00:00,1.09314,1.09334,1.08925,1.08983,9980.0,,False,5m consistent,0
2024-08-08 15:00:00,1.0907,1.09156,1.09063,1.09139,7467.0,,False,5m consistent,1
2024-08-09 06:00:00,1.09202,1.0929,1.09184,1.09282,4365.0,,False,5m consistent,0
2024-08-09 07:00:00,1.09282,1.093,1.09211,1.09228,5538.0,,False,5m consistent,0
2024-08-09 10:00:00,1.09205,1.09239,1.09174,1.09183,4481.0,,False,5m consistent,0
2024-08-09 11:00:00,1.09183,1.09214,1.09121,1.09168,4697.0,,False,5m consistent,0
2024-08-09 15:00:00,1.09237,1.09286,1.09225,1.09248,5276.0,,False,5m consistent,0
2024-08-09 19:00:00,1.09202,1.09221,1.09179,1.09195,2500.0,,False,5m consistent,0
2024-08-12 02:00:00,1.09215,1.09227,1.09185,1.09187,2176.0,,False,5m consistent,1
2024-08-12 07:00:00,1.09219,1.09294,1.09204,1.09231,4470.0,,False,5m consistent,0
2024-08-12 09:00:00,1.09221,1.09288,1.09185,1.09276,3493.0,,False,5m consistent,0
2024-08-12 10:00:00,1.0928,1.09308,1.09225,1.09273,3171.0,,False,5m consistent,0
2024-08-12 11:00:00,1.09273,1.09301,1.09205,1.09269,3108.0,,False,5m consistent,0
2024-08-12 13:00:00,1.09209,1.09342,1.09207,1.0926,5491.0,,False,5m consistent,0
2024-08-12 15:00:00,1.0932,1.09402,1.09282,1.09287,6071.0,,False,5m consistent,1
2024-08-12 23:00:00,1.09334,1.09374,1.09322,1.09371,1187.0,,False,5m consistent,0
2024-08-13 05:00:00,1.09402,1.09419,1.09381,1.09406,2158.0,,False,5m consistent,0
2024-08-13 06:00:00,1.09411,1.09417,1.09333,1.09343,3844.0,,False,5m consistent,0
2024-08-13 07:00:00,1.09341,1.09356,1.09272,1.09309,4559.0,,False,5m consistent,0
2024-08-13 08:00:00,1.09307,1.09307,1.09214,1.09242,3466.0,,False,5m consistent,0
2024-08-13 11:00:00,1.09239,1.09331,1.09233,1.09311,3851.0,,False,5m consistent,1
2024-08-13 13:00:00,1.09417,1.09633,1.09388,1.09595,7866.0,,False,5m consistent,0
2024-08-13 14:00:00,1.09594,1.09627,1.0951,1.09567,7058.0,,False,5m consistent,1
2024-08-13 20:00:00,1.09969,1.09996,1.09934,1.09935,1615.0,,False,5m consistent,0
2024-08-14 05:00:00,1.09939,1.09956,1.09903,1.09916,2298.0,,False,5m consistent,1
2024-08-14 09:00:00,1.10201,1.10294,1.10161,1.10263,3160.0,,False,5m consistent,1
2024-08-14 11:00:00,1.10228,1.1026,1.10207,1.10232,3099.0,,False,5m consistent,1
2024-08-14 13:00:00,1.10174,1.10432,1.10169,1.10384,8475.0,,False,5m consistent,0
2024-08-14 14:00:00,1.10385,1.10481,1.1028,1.10362,6795.0,,False,5m consistent,0
2024-08-14 15:00:00,1.10364,1.10369,1.10219,1.10241,4118.0,,False,5m consistent,0
2024-08-15 00:00:00,1.10124,1.10152,1.10101,1.10105,2753.0,,False,5m consistent,1
2024-08-15 06:00:00,1.10107,1.10163,1.10089,1.10154,3758.0,,False,5m consistent,0
2024-08-15 07:00:00,1.10155,1.10165,1.10083,1.10142,3761.0,,False,5m consistent,0
2024-08-15 09:00:00,1.10067,1.10138,1.10042,1.10127,3082.0,,False,5m consistent,1
2024-08-15 11:00:00,1.10111,1.10144,1.10106,1.1014,2915.0,,False,5m consistent,0
2024-08-15 12:00:00,1.10141,1.10151,1.09526,1.09574,8778.0,,False,5m consistent,1
2024-08-15 15:00:00,1.09838,1.09904,1.09824,1.09864,5348.0,,False,5m consistent,0
2024-08-15 16:00:00,1.09864,1.09901,1.09782,1.09787,3342.0,,False,5m consistent,0
2024-08-16 02:00:00,1.09816,1.09834,1.09791,1.09821,2458.0,,False,5m consistent,1
2024-08-16 05:00:00,1.0983,1.09869,1.09822,1.09866,2281.0,,False,5m consistent,0
2024-08-16 06:00:00,1.09863,1.09874,1.09815,1.09822,3358.0,,False,5m consistent,1
2024-08-16 07:00:00,1.09823,1.09869,1.09776,1.09858,3968.0,,False,5m consistent,0
2024-08-16 09:00:00,1.09816,1.09908,1.09796,1.09907,3828.0,,False,5m consistent,1
2024-08-16 10:00:00,1.09906,1.09958,1.0986,1.09948,3003.0,,False,5m consistent,0
2024-08-16 11:00:00,1.09948,1.09956,1.09898,1.0993,4086.0,,False,5m consistent,0
2024-08-16 13:00:00,1.09949,1.10054,1.09927,1.10034,5934.0,,False,5m consistent,0
2024-08-19 05:00:00,1.10409,1.10499,1.10405,1.10484,3426.0,,False,5m consistent,0
2024-08-19 07:00:00,1.10427,1.1048,1.10412,1.10435,4927.0,,False,5m consistent,0
2024-08-19 11:00:00,1.10374,1.10446,1.10334,1.10431,3738.0,,False,5m consistent,0
2024-08-19 12:00:00,1.10434,1.10451,1.10353,1.10397,4336.0,,False,5m consistent,0
2024-08-19 14:00:00,1.10453,1.10744,1.10439,1.10663,7068.0,,False,5m consistent,1
2024-08-19 23:00:00,1.10863,1.10875,1.1084,1.10864,2208.0,,False,5m consistent,0
2024-08-20 01:00:00,1.10827,1.1088,1.10824,1.10861,3837.0,,False,5m consistent,0
2024-08-20 04:00:00,1.10763,1.10798,1.10757,1.10778,1803.0,,False,5m consistent,1
2024-08-20 06:00:00,1.10775,1.10829,1.10751,1.10819,3737.0,,False,5m consistent,0
2024-08-20 07:00:00,1.10819,1.10878,1.10726,1.10874,5440.0,,False,5m consistent,0
2024-08-20 08:00:00,1.10877,1.10897,1.10786,1.10805,5862.0,,False,5m consistent,1
2024-08-20 10:00:00,1.10765,1.10836,1.10758,1.10828,3943.0,,False,5m consistent,1
2024-08-20 12:00:00,1.10816,1.10995,1.10811,1.10991,4704.0,,False,5m consistent,1
2024-08-20 13:00:00,1.10991,1.11059,1.10933,1.11027,6939.0,,False,5m consistent,0
2024-08-20 14:00:00,1.11029,1.11177,1.10943,1.11126,8097.0,,False,5m consistent,0
2024-08-20 16:00:00,1.11067,1.112,1.11048,1.11157,4981.0,,False,5m consistent,1
2024-08-21 00:00:00,1.11282,1.11335,1.11262,1.11285,2449.0,,False,5m consistent,0
2024-08-21 02:00:00,1.11223,1.11261,1.1121,1.11225,2212.0,,False,5m consistent,0
2024-08-21 03:00:00,1.11226,1.11233,1.11179,1.11218,1923.0,,False,5m consistent,0
2024-08-21 05:00:00,1.11198,1.11219,1.1117,1.11187,2393.0,,False,5m consistent,1
2024-08-21 06:00:00,1.11187,1.11206,1.11139,1.11187,3670.0,,False,5m consistent,1
2024-08-21 08:00:00,1.11152,1.11231,1.11118,1.11193,4124.0,,False,5m consistent,1
2024-08-21 10:00:00,1.11177,1.11267,1.11164,1.11256,3131.0,,False,5m consistent,0
2024-08-21 12:00:00,1.11157,1.11308,1.11142,1.11257,4832.0,,False,5m consistent,0
2024-08-21 18:00:00,1.11564,1.11749,1.1156,1.11626,5798.0,,False,5m consistent,0
2024-08-21 20:00:00,1.11526,1.11532,1.11479,1.11508,1301.0,,False,5m consistent,1
2024-08-21 23:00:00,1.11571,1.11591,1.11539,1.11559,1846.0,,False,5m consistent,0
2024-08-22 06:00:00,1.11436,1.11505,1.11417,1.11501,3438.0,,False,5m consistent,0
2024-08-22 08:00:00,1.11377,1.11518,1.11375,1.11433,5996.0,,False,5m consistent,0
2024-08-22 09:00:00,1.11434,1.11435,1.11341,1.11405,4372.0,,False,5m consistent,1
2024-08-22 10:00:00,1.11406,1.1147,1.11333,1.11461,3854.0,,False,5m consistent,0
2024-08-22 11:00:00,1.11458,1.1146,1.11329,1.11376,4418.0,,False,5m consistent,0
2024-08-22 12:00:00,1.11378,1.11439,1.11261,1.11409,6151.0,,False,5m consistent,0
2024-08-22 13:00:00,1.11411,1.11423,1.1113,1.11201,7773.0,,False,5m consistent,0
2024-08-22 14:00:00,1.11202,1.11204,1.10988,1.11156,7463.0,,False,5m consistent,1
2024-08-22 16:00:00,1.11139,1.11184,1.11085,1.11113,5608.0,,False,5m consistent,0
2024-08-23 05:00:00,1.11286,1.11298,1.11255,1.11267,2347.0,,False,5m consistent,1
2024-08-23 06:00:00,1.11265,1.11313,1.11211,1.11291,3548.0,,False,5m consistent,0
2024-08-23 08:00:00,1.11203,1.11248,1.1118,1.11237,5062.0,,False,5m consistent,0
2024-08-23 10:00:00,1.1118,1.11242,1.11159,1.11205,3921.0,,False,5m consistent,0
2024-08-23 11:00:00,1.11203,1.11217,1.11117,1.11198,3189.0,,False,5m consistent,1
2024-08-23 12:00:00,1.11198,1.11236,1.11119,1.11149,4691.0,,False,5m consistent,0
2024-08-23 15:00:00,1.11755,1.1197,1.11744,1.11761,8655.0,,False,5m consistent,1
2024-08-26 08:00:00,1.1182,1.11857,1.11772,1.11813,5176.0,,False,5m consistent,0
2024-08-26 10:00:00,1.11751,1.11777,1.117,1.11724,3477.0,,False,5m consistent,0
2024-08-26 11:00:00,1.11723,1.11743,1.11639,1.11661,4453.0,,False,5m consistent,0
2024-08-26 12:00:00,1.11658,1.11695,1.11594,1.11621,7313.0,,False,5m consistent,0
2024-08-26 14:00:00,1.11599,1.11797,1.11546,1.11773,8095.0,,False,5m consistent,0
2024-08-26 17:00:00,1.1172,1.11762,1.11685,1.11704,4580.0,,False,5m consistent,0
2024-08-26 23:00:00,1.11639,1.11678,1.11638,1.11653,1360.0,,False,5m consistent,1
2024-08-27 01:00:00,1.11617,1.11714,1.11604,1.11701,3111.0,,False,5m consistent,1
2024-08-27 05:00:00,1.11692,1.11732,1.11655,1.11675,2183.0,,False,5m consistent,1
2024-08-27 09:00:00,1.11673,1.11796,1.11671,1.1169,5054.0,,False,5m consistent,0
2024-08-27 10:00:00,1.11689,1.11708,1.11627,1.11669,4119.0,,False,5m consistent,0
2024-08-27 11:00:00,1.1167,1.11706,1.11614,1.11614,4188.0,,False,5m consistent,0
2024-08-27 12:00:00,1.11614,1.11655,1.11508,1.11594,6000.0,,False,5m consistent,1
2024-08-27 13:00:00,1.11593,1.11705,1.11534,1.1169,5866.0,,False,5m consistent,1
2024-08-27 14:00:00,1.11691,1.11727,1.11636,1.1167,7955.0,,False,5m consistent,1
2024-08-27 22:00:00,1.11852,1.11865,1.11842,1.11848,757.0,,False,5m consistent,0
2024-08-28 00:00:00,1.11778,1.11809,1.11753,1.11806,2645.0,,False,5m consistent,0
2024-08-28 01:00:00,1.11806,1.11806,1.11728,1.11746,2991.0,,False,5m consistent,0
2024-08-28 03:00:00,1.11674,1.117,1.11634,1.11666,1831.0,,False,5m consistent,0
2024-08-28 04:00:00,1.11667,1.11688,1.11591,1.11604,1772.0,,False,5m consistent,0
2024-08-28 05:00:00,1.11602,1.11615,1.11405,1.11446,3699.0,,False,5m consistent,0
2024-08-28 07:00:00,1.11488,1.11598,1.11488,1.11571,5953.0,,False,5m consistent,0
2024-08-28 08:00:00,1.1157,1.11603,1.11397,1.1142,4916.0,,False,5m consistent,0
2024-08-28 09:00:00,1.1142,1.11465,1.11339,1.11367,5372.0,,False,5m consistent,0
2024-08-28 10:00:00,1.11368,1.11384,1.11228,1.1126,4978.0,,False,5m consistent,0
2024-08-28 11:00:00,1.11261,1.11319,1.11182,1.11214,4569.0,,False,5m consistent,0
2024-08-28 14:00:00,1.11121,1.11386,1.11115,1.11309,7608.0,,False,5m consistent,0
2024-08-28 15:00:00,1.1131,1.11319,1.11221,1.1127,5946.0,,False,5m consistent,0
2024-08-28 16:00:00,1.11269,1.1127,1.11109,1.11156,4751.0,,False,5m consistent,1
2024-08-29 05:00:00,1.11364,1.11389,1.11329,1.11364,2834.0,,False,5m consistent,0
2024-08-29 06:00:00,1.11361,1.11408,1.11263,1.11291,4088.0,,False,5m consistent,0
2024-08-29 07:00:00,1.11289,1.11322,1.11171,1.11309,5970.0,,False,5m consistent,0
2024-08-29 09:00:00,1.10859,1.10999,1.1084,1.10946,4570.0,,False,5m consistent,1
2024-08-29 11:00:00,1.10983,1.11006,1.10922,1.1097,3309.0,,False,5m consistent,0
2024-08-29 12:00:00,1.10969,1.10992,1.10737,1.1085,10412.0,,False,5m consistent,1
2024-08-29 13:00:00,1.10849,1.10905,1.10735,1.1083,8696.0,,False,5m consistent,0
2024-08-29 17:00:00,1.10825,1.10862,1.10793,1.10845,5039.0,,False,5m consistent,1
2024-08-30 00:00:00,1.10811,1.10837,1.10797,1.10814,2505.0,,False,5m consistent,0
2024-08-30 06:00:00,1.10777,1.10866,1.10751,1.10858,3606.0,,False,5m consistent,0
2024-08-30 07:00:00,1.1086,1.10897,1.1076,1.10848,5561.0,,False,5m consistent,0
2024-08-30 09:00:00,1.10756,1.10864,1.10754,1.10836,4957.0,,False,5m consistent,1
2024-08-30 11:00:00,1.10801,1.10891,1.1079,1.10822,4345.0,,False,5m consistent,0
2024-08-30 12:00:00,1.10824,1.10891,1.10586,1.10688,8170.0,,False,5m consistent,0
2024-08-30 13:00:00,1.10688,1.10766,1.10547,1.1073,8774.0,,False,5m consistent,1
2024-08-30 14:00:00,1.10732,1.10811,1.10626,1.10694,10536.0,,False,5m consistent,0
2024-08-30 15:00:00,1.10694,1.10728,1.10538,1.10606,7680.0,,False,5m consistent,0
2024-09-02 06:00:00,1.10561,1.10712,1.10557,1.10666,3446.0,,False,5m consistent,0
2024-09-02 09:00:00,1.10684,1.10735,1.10642,1.107,4444.0,,False,5m consistent,0
2024-09-02 10:00:00,1.10699,1.10713,1.10621,1.10673,3718.0,,False,5m consistent,1
2024-09-02 13:00:00,1.1069,1.10729,1.1067,1.10686,4125.0,,False,5m consistent,1
2024-09-02 14:00:00,1.10687,1.10725,1.10608,1.10697,3923.0,,False,5m consistent,1
2024-09-02 15:00:00,1.10699,1.10718,1.10645,1.10687,2115.0,,False,5m consistent,1
2024-09-02 21:00:00,1.10739,1.10742,1.10715,1.10723,527.0,,False,5m consistent,0
2024-09-02 23:00:00,1.10673,1.10691,1.10655,1.10681,987.0,,False,5m consistent,0
2024-09-03 01:00:00,1.10615,1.10691,1.10608,1.10677,3009.0,,False,5m consistent,0
2024-09-03 02:00:00,1.10678,1.10712,1.10638,1.10645,1888.0,,False,5m consistent,0
2024-09-03 03:00:00,1.10644,1.10644,1.10582,1.10589,2455.0,,False,5m consistent,0
2024-09-03 05:00:00,1.10549,1.10606,1.10548,1.10604,2543.0,,False,5m consistent,0
2024-09-03 06:00:00,1.10602,1.10624,1.10519,1.10624,4360.0,,False,5m consistent,1
2024-09-03 07:00:00,1.10623,1.10686,1.10564,1.10568,6750.0,,False,5m consistent,0
2024-09-03 08:00:00,1.10565,1.10605,1.10489,1.10493,5914.0,,False,5m consistent,0
2024-09-03 09:00:00,1.10494,1.10515,1.1035,1.1041,6195.0,,False,5m consistent,1
2024-09-03 14:00:00,1.10631,1.10705,1.10379,1.1043,13747.0,,False,5m consistent,1
2024-09-03 16:00:00,1.10431,1.1048,1.10389,1.104,4427.0,,False,5m consistent,0
2024-09-03 21:00:00,1.10452,1.10479,1.1041,1.10474,1116.0,,False,5m consistent,1
2024-09-04 05:00:00,1.10572,1.10607,1.10554,1.10586,2969.0,,False,5m consistent,0
2024-09-04 06:00:00,1.10586,1.10588,1.10482,1.10541,5120.0,,False,5m consistent,1
2024-09-04 07:00:00,1.10544,1.10637,1.10476,1.10568,6672.0,,False,5m consistent,1
2024-09-04 10:00:00,1.10541,1.10567,1.10508,1.10539,3582.0,,False,5m consistent,0
2024-09-04 11:00:00,1.10539,1.10548,1.10435,1.10512,4379.0,,False,5m consistent,0
2024-09-04 14:00:00,1.10587,1.10959,1.10583,1.10905,12377.0,,False,5m consistent,0
2024-09-04 16:00:00,1.10816,1.10876,1.10767,1.10852,4822.0,,False,5m consistent,0
2024-09-04 22:00:00,1.10843,1.10873,1.10835,1.10857,716.0,,False,5m consistent,0
2024-09-05 08:00:00,1.10881,1.11012,1.10849,1.10999,5180.0,,False,5m consistent,1
2024-09-05 10:00:00,1.10954,1.11005,1.1093,1.10998,3927.0,,False,5m consistent,1
2024-09-05 11:00:00,1.10995,1.11091,1.10938,1.10959,3834.0,,False,5m consistent,0
2024-09-05 13:00:00,1.10935,1.11103,1.10913,1.11074,8909.0,,False,5m consistent,0
2024-09-06 06:00:00,1.11179,1.11217,1.11149,1.11216,3530.0,,False,5m consistent,0
2024-09-06 08:00:00,1.11168,1.11216,1.11137,1.11182,5413.0,,False,5m consistent,0
2024-09-06 09:00:00,1.11181,1.11182,1.11082,1.11143,4810.0,,False,5m consistent,0
2024-09-06 10:00:00,1.11141,1.11145,1.11076,1.11083,5023.0,,False,5m consistent,0
2024-09-06 11:00:00,1.11083,1.11105,1.11034,1.11079,4485.0,,False,5m consistent,1
2024-09-06 12:00:00,1.11078,1.11566,1.10808,1.11219,15852.0,,False,5m consistent,0
2024-09-06 13:00:00,1.1122,1.11266,1.10665,1.10841,17271.0,,False,5m consistent,1
2024-09-06 14:00:00,1.10843,1.1114,1.1074,1.11029,15602.0,,False,5m consistent,0
2024-09-06 15:00:00,1.11028,1.1136,1.10839,1.10864,16513.0,,False,5m consistent,1
2024-09-09 04:00:00,1.10805,1.1081,1.10754,1.10765,1868.0,,False,5m consistent,0
2024-09-09 05:00:00,1.10766,1.10768,1.10697,1.10698,2137.0,,False,5m consistent,0
2024-09-09 06:00:00,1.107,1.10727,1.10614,1.10653,3884.0,,False,5m consistent,0
2024-09-09 07:00:00,1.10655,1.10671,1.10558,1.106,6820.0,,False,5m consistent,0
2024-09-09 09:00:00,1.10483,1.106,1.10465,1.10569,4327.0,,False,5m consistent,0
2024-09-09 13:00:00,1.10405,1.1053,1.10402,1.10478,6282.0,,False,5m consistent,0
2024-09-09 14:00:00,1.1048,1.1048,1.10349,1.10429,6381.0,,False,5m consistent,1
2024-09-09 23:00:00,1.10384,1.10393,1.10353,1.10361,846.0,,False,5m consistent,1
2024-09-10 05:00:00,1.10408,1.10436,1.10389,1.10405,1502.0,,False,5m consistent,1
2024-09-10 06:00:00,1.10405,1.10504,1.10345,1.10504,3810.0,,False,5m consistent,0
2024-09-10 08:00:00,1.10378,1.10409,1.10343,1.10386,3730.0,,False,5m consistent,1
2024-09-10 09:00:00,1.10386,1.1043,1.10332,1.10392,3537.0,,False,5m consistent,1
2024-09-10 10:00:00,1.10394,1.10426,1.10346,1.10411,3456.0,,False,5m consistent,0
2024-09-10 11:00:00,1.10413,1.10447,1.10275,1.10322,3797.0,,False,5m consistent,1
2024-09-10 12:00:00,1.1032,1.10376,1.10274,1.10306,6132.0,,False,5m consistent,0
2024-09-10 19:00:00,1.10252,1.10285,1.10231,1.10276,2847.0,,False,5m consistent,0
2024-09-11 06:00:00,1.10443,1.10499,1.10417,1.1046,3859.0,,False,5m consistent,0
2024-09-11 07:00:00,1.10461,1.10527,1.10411,1.10421,5544.0,,False,5m consistent,1
2024-09-11 10:00:00,1.10428,1.10498,1.10395,1.10495,3261.0,,False,5m consistent,0
2024-09-11 11:00:00,1.10495,1.10556,1.10435,1.10445,4188.0,,False,5m consistent,0
2024-09-11 12:00:00,1.10445,1.10497,1.10041,1.1017,13692.0,,False,5m consistent,0
2024-09-11 13:00:00,1.10171,1.10271,1.10104,1.10137,10630.0,,False,5m consistent,0
2024-09-11 19:00:00,1.10189,1.10274,1.10166,1.10183,3638.0,,False,5m consistent,0
2024-09-12 05:00:00,1.10169,1.10229,1.10161,1.10227,1664.0,,False,5m consistent,0
2024-09-12 10:00:00,1.10154,1.10243,1.10153,1.10227,3306.0,,False,5m consistent,0
2024-09-12 13:00:00,1.1026,1.10416,1.10255,1.10377,9232.0,,False,5m consistent,1
2024-09-12 14:00:00,1.10375,1.1048,1.10306,1.10407,7073.0,,False,5m consistent,0
2024-09-13 00:00:00,1.10798,1.10883,1.10784,1.1088,2734.0,,False,5m consistent,1
2024-09-13 05:00:00,1.10852,1.10871,1.10824,1.10833,1879.0,,False,5m consistent,0
2024-09-13 06:00:00,1.10834,1.10854,1.10754,1.10796,4072.0,,False,5m consistent,1
2024-09-13 07:00:00,1.10798,1.10948,1.10739,1.10934,5179.0,,False,5m consistent,1
2024-09-13 09:00:00,1.10936,1.11017,1.1089,1.10928,4915.0,,False,5m consistent,0
2024-09-13 10:00:00,1.10927,1.10982,1.10876,1.10913,4487.0,,False,5m consistent,0
2024-09-13 12:00:00,1.10849,1.10944,1.108,1.10939,6986.0,,False,5m consistent,0
2024-09-13 13:00:00,1.10939,1.11027,1.10886,1.10957,8304.0,,False,5m consistent,0
2024-09-13 14:00:00,1.10949,1.10965,1.10853,1.10899,9089.0,,False,5m consistent,0
2024-09-13 15:00:00,1.10899,1.10927,1.10829,1.10852,5358.0,,False,5m consistent,0
2024-09-13 19:00:00,1.10788,1.10822,1.10768,1.10787,2578.0,,False,5m consistent,1
2024-09-16 03:00:00,1.10899,1.11056,1.10888,1.11049,2593.0,,False,5m consistent,0
2024-09-16 06:00:00,1.10992,1.11167,1.10983,1.11154,4271.0,,False,5m consistent,1
2024-09-16 10:00:00,1.11212,1.11291,1.11209,1.11227,4098.0,,False,5m consistent,1
2024-09-16 11:00:00,1.11229,1.11266,1.11167,1.11245,3517.0,,False,5m consistent,1
2024-09-16 13:00:00,1.11257,1.11383,1.11234,1.11304,6476.0,,False,5m consistent,0
2024-09-16 14:00:00,1.11306,1.11314,1.11189,1.11246,6352.0,,False,5m consistent,1
2024-09-16 16:00:00,1.11233,1.1131,1.11203,1.11297,3857.0,,False,5m consistent,0
2024-09-16 21:00:00,1.11337,1.11341,1.11324,1.1133,299.0,,False,5m consistent,0
2024-09-16 23:00:00,1.11284,1.11308,1.11241,1.11299,1342.0,,False,5m consistent,1
2024-09-17 02:00:00,1.11286,1.11305,1.11256,1.1128,1488.0,,False,5m consistent,1
2024-09-17 05:00:00,1.11255,1.11297,1.11227,1.11276,1548.0,,False,5m consistent,0
2024-09-17 06:00:00,1.11277,1.11342,1.11218,1.11218,3384.0,,False,5m consistent,1
2024-09-17 08:00:00,1.11371,1.11471,1.11338,1.11458,4227.0,,False,5m consistent,0
2024-09-17 09:00:00,1.11457,1.11457,1.11354,1.11388,4550.0,,False,5m consistent,0
2024-09-17 14:00:00,1.11141,1.11291,1.1114,1.11253,8474.0,,False,5m consistent,0
2024-09-17 16:00:00,1.1118,1.11225,1.11158,1.11202,5291.0,,False,5m consistent,1
2024-09-17 18:00:00,1.11167,1.11234,1.11162,1.1123,4787.0,,False,5m consistent,0
2024-09-18 03:00:00,1.11291,1.11294,1.11262,1.1127,1063.0,,False,5m consistent,0
2024-09-18 05:00:00,1.11207,1.11225,1.11185,1.11214,1269.0,,False,5m consistent,1
2024-09-18 09:00:00,1.11304,1.11408,1.11277,1.1139,4456.0,,False,5m consistent,0
2024-09-18 10:00:00,1.11388,1.11396,1.11305,1.11308,3571.0,,False,5m consistent,0
2024-09-18 11:00:00,1.11307,1.11309,1.11232,1.11253,3325.0,,False,5m consistent,1
2024-09-18 13:00:00,1.11232,1.11406,1.11231,1.11362,5501.0,,False,5m consistent,0
2024-09-18 14:00:00,1.11364,1.11371,1.1109,1.11188,6943.0,,False,5m consistent,1
2024-09-18 16:00:00,1.11166,1.11271,1.11162,1.1125,3605.0,,False,5m consistent,1
2024-09-18 18:00:00,1.11308,1.119,1.11307,1.11497,26382.0,,False,5m consistent,0
2024-09-18 22:00:00,1.11198,1.1125,1.1116,1.11225,1427.0,,False,5m consistent,0
2024-09-18 23:00:00,1.11227,1.11227,1.11119,1.11147,1733.0,,False,5m consistent,0
2024-09-19 00:00:00,1.1115,1.11176,1.10797,1.10823,6254.0,,False,5m consistent,1
2024-09-19 09:00:00,1.11636,1.11796,1.11631,1.11786,5386.0,,False,5m consistent,0
2024-09-19 10:00:00,1.11786,1.11796,1.11694,1.11711,4436.0,,False,5m consistent,0
2024-09-19 11:00:00,1.11713,1.11769,1.11527,1.11587,6650.0,,False,5m consistent,0
2024-09-20 06:00:00,1.11652,1.11793,1.11652,1.11772,6907.0,,False,5m consistent,0
2024-09-20 07:00:00,1.11771,1.11827,1.11602,1.11635,7352.0,,False,5m consistent,0
2024-09-20 08:00:00,1.11631,1.11699,1.11532,1.11652,6191.0,,False,5m consistent,0
2024-09-20 12:00:00,1.11624,1.11777,1.11624,1.11752,5597.0,,False,5m consistent,0
2024-09-20 13:00:00,1.11751,1.11769,1.11547,1.11554,7598.0,,False,5m consistent,0
2024-09-20 14:00:00,1.11553,1.11555,1.11388,1.11447,8538.0,,False,5m consistent,1
2024-09-20 16:00:00,1.11598,1.11767,1.11597,1.11745,7541.0,,False,5m consistent,0
2024-09-23 05:00:00,1.11644,1.11681,1.11622,1.1164,1407.0,,False,5m consistent,0
2024-09-23 06:00:00,1.1164,1.11651,1.1156,1.11595,4202.0,,False,5m consistent,0
2024-09-23 07:00:00,1.11596,1.11602,1.10986,1.11025,11069.0,,False,5m consistent,0
2024-09-23 11:00:00,1.11139,1.11266,1.11134,1.11205,4320.0,,False,5m consistent,1
2024-09-23 13:00:00,1.11232,1.11408,1.11208,1.11301,8291.0,,False,5m consistent,0
2024-09-23 14:00:00,1.11298,1.11443,1.1116,1.11332,9062.0,,False,5m consistent,1
2024-09-23 15:00:00,1.11332,1.11379,1.11244,1.11311,6321.0,,False,5m consistent,0
2024-09-23 20:00:00,1.11155,1.11157,1.11104,1.11115,1594.0,,False,5m consistent,0
2024-09-23 23:00:00,1.11121,1.11125,1.11083,1.11118,1065.0,,False,5m consistent,1
2024-09-24 05:00:00,1.11179,1.11204,1.11148,1.11172,3360.0,,False,5m consistent,0
2024-09-24 08:00:00,1.11282,1.11457,1.11275,1.11409,5546.0,,False,5m consistent,0
2024-09-24 09:00:00,1.11407,1.11468,1.11324,1.11364,4152.0,,False,5m consistent,0
2024-09-24 10:00:00,1.11363,1.1142,1.11277,1.11289,4079.0,,False,5m consistent,1
2024-09-24 12:00:00,1.113,1.11486,1.113,1.11417,6076.0,,False,5m consistent,1
2024-09-25 00:00:00,1.11915,1.11948,1.11882,1.1194,3905.0,,False,5m consistent,1
2024-09-25 05:00:00,1.11966,1.11968,1.11931,1.11964,2220.0,,False,5m consistent,0
2024-09-25 06:00:00,1.11965,1.11966,1.11877,1.11914,3784.0,,False,5m consistent,1
2024-09-25 07:00:00,1.11913,1.11973,1.11866,1.11926,5773.0,,False,5m consistent,0
2024-09-25 08:00:00,1.11923,1.11963,1.11829,1.11857,5051.0,,False,5m consistent,1
2024-09-25 13:00:00,1.11987,1.1215,1.1196,1.1196,8310.0,,False,5m consistent,0
2024-09-25 14:00:00,1.11961,1.11964,1.11661,1.11734,7100.0,,False,5m consistent,0
2024-09-25 15:00:00,1.11735,1.11762,1.11427,1.11439,6980.0,,False,5m consistent,0
2024-09-25 16:00:00,1.1144,1.11486,1.11338,1.11354,5320.0,,False,5m consistent,0
2024-09-25 18:00:00,1.1138,1.11398,1.11335,1.11351,3756.0,,False,5m consistent,1
2024-09-26 06:00:00,1.11506,1.11574,1.11479,1.11544,4367.0,,False,5m consistent,0
2024-09-26 07:00:00,1.11544,1.11588,1.11344,1.11358,6916.0,,False,5m consistent,1
2024-09-26 10:00:00,1.11445,1.11558,1.11405,1.11547,5108.0,,False,5m consistent,1
2024-09-26 12:00:00,1.11549,1.11662,1.11382,1.1152,9927.0,,False,5m consistent,0
2024-09-26 13:00:00,1.1152,1.11606,1.11355,1.11409,10174.0,,False,5m consistent,0
2024-09-26 15:00:00,1.11657,1.11901,1.1165,1.11835,6384.0,,False,5m consistent,0
2024-09-26 23:00:00,1.11773,1.11782,1.11744,1.11778,1419.0,,False,5m consistent,0
2024-09-27 00:00:00,1.11777,1.11785,1.11688,1.117,3462.0,,False,5m consistent,1
2024-09-27 04:00:00,1.11699,1.11705,1.11646,1.11653,1804.0,,False,5m consistent,1
2024-09-27 05:00:00,1.11655,1.11693,1.11592,1.11648,4514.0,,False,5m consistent,0
2024-09-27 06:00:00,1.11646,1.11768,1.11411,1.11518,9536.0,,False,5m consistent,0
2024-09-27 08:00:00,1.11338,1.11461,1.11271,1.11453,5749.0,,False,5m consistent,1
2024-09-27 11:00:00,1.11641,1.11684,1.11597,1.11632,4806.0,,False,5m consistent,1
2024-09-27 12:00:00,1.11633,1.12026,1.11548,1.12006,9820.0,,False,5m consistent,0
2024-09-27 13:00:00,1.12002,1.12039,1.11803,1.11863,9038.0,,False,5m consistent,1
2024-09-27 14:00:00,1.11865,1.11929,1.117,1.11793,9370.0,,False,5m consistent,0
2024-09-27 15:00:00,1.11792,1.11792,1.11548,1.11592,6883.0,,False,5m consistent,1
2024-09-30 00:00:00,1.11698,1.11747,1.11691,1.11717,3194.0,,False,5m consistent,0
2024-09-30 05:00:00,1.11626,1.11701,1.11621,1.11674,2933.0,,False,5m consistent,1
2024-09-30 06:00:00,1.1167,1.11697,1.11568,1.11689,4260.0,,False,5m consistent,1
2024-09-30 08:00:00,1.1173,1.12098,1.1173,1.12066,7124.0,,False,5m consistent,0
2024-09-30 11:00:00,1.11909,1.12037,1.11897,1.11986,4578.0,,False,5m consistent,0
2024-09-30 12:00:00,1.11988,1.12022,1.11871,1.11906,5531.0,,False,5m consistent,0
2024-09-30 13:00:00,1.11907,1.11921,1.11676,1.11693,8524.0,,False,5m consistent,0
2024-09-30 14:00:00,1.11687,1.11694,1.11417,1.11591,10145.0,,False,5m consistent,0
2024-09-30 17:00:00,1.11492,1.11643,1.11488,1.11538,4173.0,,False,5m consistent,0
2024-09-30 18:00:00,1.11535,1.11555,1.11145,1.11331,10993.0,,False,5m consistent,1
2024-09-30 23:00:00,1.11425,1.11435,1.11364,1.11374,1430.0,,False,5m consistent,1
2024-10-01 01:00:00,1.1133,1.11442,1.1132,1.11439,2986.0,,False,5m consistent,0
2024-10-01 05:00:00,1.11417,1.1145,1.11371,1.11383,2629.0,,False,5m consistent,1
2024-10-01 06:00:00,1.1138,1.1142,1.11318,1.11354,4519.0,,False,5m consistent,0
2024-10-01 07:00:00,1.11351,1.11378,1.11124,1.11158,9629.0,,False,5m consistent,0
2024-10-01 08:00:00,1.11164,1.1121,1.10988,1.11039,6755.0,,False,5m consistent,0
2024-10-01 09:00:00,1.11039,1.11155,1.10928,1.10958,5886.0,,False,5m consistent,1
2024-10-01 10:00:00,1.10957,1.10986,1.10846,1.10878,4890.0,,False,5m consistent,0
2024-10-01 11:00:00,1.10879,1.11008,1.10794,1.10854,6262.0,,False,5m consistent,0
2024-10-01 14:00:00,1.10732,1.10877,1.1058,1.10773,13758.0,,False,5m consistent,0
2024-10-01 15:00:00,1.10774,1.10786,1.10607,1.1067,8196.0,,False,5m consistent,0
2024-10-02 01:00:00,1.10664,1.10748,1.10664,1.10729,3391.0,,False,5m consistent,0
2024-10-02 03:00:00,1.10675,1.10721,1.10648,1.10717,2936.0,,False,5m consistent,0
2024-10-02 04:00:00,1.10716,1.10746,1.10613,1.10639,2226.0,,False,5m consistent,1
2024-10-02 08:00:00,1.10673,1.10837,1.10648,1.10732,5475.0,,False,5m consistent,0
2024-10-02 11:00:00,1.10675,1.10776,1.10655,1.10764,4937.0,,False,5m consistent,0
2024-10-02 13:00:00,1.10544,1.10666,1.10479,1.1052,7820.0,,False,5m consistent,0
2024-10-02 17:00:00,1.10476,1.10508,1.10454,1.10481,4287.0,,False,5m consistent,1
2024-10-02 23:00:00,1.1047,1.10488,1.10445,1.10466,1424.0,,False,5m consistent,0
2024-10-03 04:00:00,1.10366,1.10366,1.1033,1.10337,1711.0,,False,5m consistent,1
2024-10-03 06:00:00,1.1029,1.10431,1.10273,1.10388,5320.0,,False,5m consistent,0
2024-10-03 17:00:00,1.10314,1.1037,1.10309,1.10337,4788.0,,False,5m consistent,1
2024-10-04 00:00:00,1.10358,1.10405,1.1034,1.10354,2947.0,,False,5m consistent,0
2024-10-04 02:00:00,1.10305,1.10354,1.10288,1.10313,3000.0,,False,5m consistent,1
2024-10-04 05:00:00,1.10287,1.10361,1.10272,1.10341,2737.0,,False,5m consistent,1
2024-10-04 06:00:00,1.10339,1.10356,1.1028,1.1033,4507.0,,False,5m consistent,0
2024-10-04 07:00:00,1.10328,1.10365,1.10262,1.10287,7183.0,,False,5m consistent,0
2024-10-04 08:00:00,1.10288,1.1031,1.10218,1.10263,7347.0,,False,5m consistent,1
2024-10-04 11:00:00,1.10283,1.10376,1.10279,1.10333,5091.0,,False,5m consistent,0
2024-10-04 14:00:00,1.09742,1.09827,1.09678,1.09702,13100.0,,False,5m consistent,0
2024-10-04 15:00:00,1.09702,1.09751,1.09557,1.09613,10672.0,,False,5m consistent,1
2024-10-07 05:00:00,1.09692,1.09711,1.09652,1.09703,2598.0,,False,5m consistent,1
2024-10-07 06:00:00,1.097,1.09732,1.09643,1.0972,7525.0,,False,5m consistent,0
2024-10-07 08:00:00,1.09705,1.09799,1.09662,1.0971,8048.0,,False,5m consistent,0
2024-10-07 13:00:00,1.09778,1.09837,1.0973,1.09806,12124.0,,False,5m consistent,0
2024-10-07 17:00:00,1.09848,1.09878,1.0982,1.0983,4745.0,,False,5m consistent,0
2024-10-07 20:00:00,1.0973,1.09762,1.09719,1.09757,2690.0,,False,5m consistent,1
2024-10-08 01:00:00,1.09824,1.09859,1.09813,1.09845,4943.0,,False,5m consistent,0
2024-10-08 06:00:00,1.09838,1.09897,1.09821,1.09845,6852.0,,False,5m consistent,1
2024-10-08 07:00:00,1.09843,1.09965,1.09793,1.09961,10090.0,,False,5m consistent,0
2024-10-08 08:00:00,1.09962,1.09981,1.09838,1.09947,7950.0,,False,5m consistent,0
2024-10-08 09:00:00,1.09949,1.09957,1.09864,1.09884,6680.0,,False,5m consistent,0
2024-10-08 10:00:00,1.09882,1.09929,1.0983,1.09859,6029.0,,False,5m consistent,1
2024-10-08 11:00:00,1.09857,1.09904,1.09794,1.09885,6156.0,,False,5m consistent,0
2024-10-08 13:00:00,1.09765,1.09849,1.09753,1.09787,10282.0,,False,5m consistent,0
2024-10-08 14:00:00,1.09787,1.09812,1.09672,1.09718,10066.0,,False,5m consistent,0
2024-10-08 16:00:00,1.09707,1.09787,1.09694,1.09765,5739.0,,False,5m consistent,0
2024-10-08 17:00:00,1.09765,1.09765,1.09665,1.09753,6197.0,,False,5m consistent,1
2024-10-08 22:00:00,1.09798,1.09818,1.09792,1.09818,1062.0,,False,5m consistent,0
2024-10-09 00:00:00,1.09763,1.09795,1.09746,1.09762,3069.0,,False,5m consistent,0
2024-10-09 01:00:00,1.09763,1.09782,1.09694,1.09746,5890.0,,False,5m consistent,0
2024-10-09 03:00:00,1.09715,1.09721,1.09676,1.09686,4082.0,,False,5m consistent,1
2024-10-09 05:00:00,1.09642,1.0977,1.09642,1.09739,9757.0,,False,5m consistent,0
2024-10-09 06:00:00,1.09738,1.09739,1.0963,1.09637,6170.0,,False,5m consistent,0
2024-10-09 07:00:00,1.09637,1.09678,1.09518,1.09611,9097.0,,False,5m consistent,1
2024-10-09 10:00:00,1.09674,1.09717,1.09641,1.09664,4691.0,,False,5m consistent,0
2024-10-09 12:00:00,1.09548,1.096,1.09535,1.09576,6843.0,,False,5m consistent,0
2024-10-09 13:00:00,1.09575,1.09593,1.09471,1.09539,7934.0,,False,5m consistent,1
2024-10-09 15:00:00,1.09486,1.09571,1.09477,1.09516,7363.0,,False,5m consistent,0
2024-10-10 01:00:00,1.09412,1.09469,1.09406,1.09438,4972.0,,False,5m consistent,1
2024-10-10 03:00:00,1.09426,1.09468,1.09421,1.09443,2781.0,,False,5m consistent,0
2024-10-10 04:00:00,1.09444,1.09455,1.09391,1.09419,2054.0,,False,5m consistent,0
2024-10-10 06:00:00,1.09397,1.09441,1.09373,1.09378,5424.0,,False,5m consistent,1
2024-10-10 07:00:00,1.09377,1.0944,1.09338,1.09383,6834.0,,False,5m consistent,0
2024-10-10 08:00:00,1.09382,1.09402,1.09289,1.09338,5233.0,,False,5m consistent,1
2024-10-10 10:00:00,1.09344,1.09406,1.09318,1.09399,4265.0,,False,5m consistent,0
2024-10-10 12:00:00,1.09319,1.09561,1.09087,1.09449,27676.0,,False,5m consistent,0
2024-10-10 13:00:00,1.09449,1.09506,1.09348,1.09381,18441.0,,False,5m consistent,0
2024-10-10 15:00:00,1.09232,1.09307,1.09173,1.09257,9144.0,,False,5m consistent,0
2024-10-11 00:00:00,1.09344,1.09387,1.09329,1.09383,3072.0,,False,5m consistent,1
2024-10-11 06:00:00,1.09362,1.09415,1.09332,1.09408,4714.0,,False,5m consistent,0
2024-10-11 08:00:00,1.09452,1.09546,1.09425,1.09503,4936.0,,False,5m consistent,0
2024-10-11 09:00:00,1.09501,1.09519,1.09389,1.09397,4336.0,,False,5m consistent,0
2024-10-11 10:00:00,1.09397,1.09403,1.09318,1.09358,3910.0,,False,5m consistent,1
2024-10-11 11:00:00,1.09359,1.09369,1.0928,1.09318,4676.0,,False,5m consistent,1
2024-10-11 13:00:00,1.09338,1.09416,1.09288,1.09406,9599.0,,False,5m consistent,1
2024-10-11 18:00:00,1.0944,1.09469,1.09396,1.09399,2925.0,,False,5m consistent,1
2024-10-14 07:00:00,1.09257,1.0932,1.09246,1.09292,5963.0,,False,5m consistent,1
2024-10-14 09:00:00,1.09278,1.09375,1.09276,1.09298,4071.0,,False,5m consistent,0
2024-10-14 10:00:00,1.09297,1.0931,1.09229,1.09236,3855.0,,False,5m consistent,0
2024-10-14 11:00:00,1.09235,1.09254,1.09098,1.09136,5023.0,,False,5m consistent,1
2024-10-14 12:00:00,1.09133,1.09178,1.09081,1.09102,6799.0,,False,5m consistent,1
2024-10-14 13:00:00,1.09104,1.09284,1.09053,1.09199,8971.0,,False,5m consistent,0
2024-10-14 14:00:00,1.09199,1.09199,1.09058,1.09156,8471.0,,False,5m consistent,0
2024-10-14 15:00:00,1.09157,1.09173,1.09057,1.09077,4939.0,,False,5m consistent,0
2024-10-14 17:00:00,1.09024,1.09051,1.08982,1.09048,2350.0,,False,5m consistent,0
2024-10-14 23:00:00,1.09094,1.09113,1.09076,1.09097,1428.0,,False,5m consistent,0
2024-10-15 01:00:00,1.0908,1.09095,1.09055,1.0908,2250.0,,False,5m consistent,0
2024-10-15 02:00:00,1.09081,1.09096,1.09012,1.0903,2799.0,,False,5m consistent,0
2024-10-15 03:00:00,1.09028,1.09038,1.08965,1.08973,2629.0,,False,5m consistent,0
2024-10-15 04:00:00,1.08973,1.08973,1.08923,1.08938,2086.0,,False,5m consistent,0
2024-10-15 05:00:00,1.08937,1.08938,1.08889,1.08925,3225.0,,False,5m consistent,0
2024-10-15 06:00:00,1.08924,1.08967,1.08857,1.08933,5808.0,,False,5m consistent,0
2024-10-15 09:00:00,1.09115,1.09156,1.09069,1.09145,6033.0,,False,5m consistent,0
2024-10-15 10:00:00,1.09146,1.09158,1.09035,1.09035,5154.0,,False,5m consistent,1
2024-10-15 13:00:00,1.09107,1.09176,1.0909,1.09106,8875.0,,False,5m consistent,0
2024-10-15 15:00:00,1.09034,1.09081,1.08992,1.08997,7386.0,,False,5m consistent,0
2024-10-15 16:00:00,1.08999,1.09033,1.08901,1.08903,4357.0,,False,5m consistent,1
2024-10-15 22:00:00,1.08946,1.08949,1.08886,1.08906,735.0,,False,5m consistent,0
2024-10-16 05:00:00,1.08903,1.08912,1.08873,1.08888,2725.0,,False,5m consistent,0
2024-10-16 07:00:00,1.08782,1.08861,1.08761,1.0883,7799.0,,False,5m consistent,1
2024-10-16 09:00:00,1.08841,1.08981,1.08833,1.08954,6432.0,,False,5m consistent,0
2024-10-16 11:00:00,1.08908,1.08965,1.08876,1.08951,5359.0,,False,5m consistent,0
2024-10-16 13:00:00,1.08898,1.08984,1.08858,1.08908,8905.0,,False,5m consistent,0
2024-10-16 14:00:00,1.0891,1.08915,1.08721,1.08806,9177.0,,False,5m consistent,0
2024-10-16 15:00:00,1.08805,1.08807,1.0867,1.08731,6885.0,,False,5m consistent,0
2024-10-16 16:00:00,1.08732,1.08776,1.08677,1.0869,3776.0,,False,5m consistent,0
2024-10-16 17:00:00,1.08689,1.08692,1.08623,1.08629,3535.0,,False,5m consistent,0
2024-10-16 21:00:00,1.08657,1.08721,1.08634,1.08648,1435.0,,False,5m consistent,0
2024-10-17 02:00:00,1.08633,1.0866,1.08599,1.08628,4262.0,,False,5m consistent,0
2024-10-17 05:00:00,1.08541,1.08563,1.08533,1.08552,2894.0,,False,5m consistent,1
2024-10-17 07:00:00,1.08514,1.08585,1.08498,1.08555,6840.0,,False,5m consistent,1
2024-10-17 11:00:00,1.08649,1.08683,1.08638,1.08641,4099.0,,False,5m consistent,0
2024-10-17 12:00:00,1.08639,1.08751,1.08341,1.08437,18164.0,,False,5m consistent,0
2024-10-17 13:00:00,1.08439,1.08456,1.0812,1.08339,17142.0,,False,5m consistent,0
2024-10-17 15:00:00,1.08294,1.08418,1.08251,1.08373,8326.0,,False,5m consistent,0
2024-10-18 05:00:00,1.08414,1.0845,1.08392,1.08441,2735.0,,False,5m consistent,1
2024-10-18 06:00:00,1.08438,1.08495,1.0839,1.0845,7064.0,,False,5m consistent,0
2024-10-18 07:00:00,1.08449,1.0845,1.08378,1.08417,6873.0,,False,5m consistent,1
2024-10-18 09:00:00,1.08385,1.08467,1.0835,1.08452,5313.0,,False,5m consistent,1
2024-10-18 12:00:00,1.0849,1.08609,1.08472,1.08602,7285.0,,False,5m consistent,0
2024-10-18 16:00:00,1.08543,1.0869,1.08538,1.08675,3729.0,,False,5m consistent,1
2024-10-21 03:00:00,1.08652,1.08687,1.08652,1.0867,2682.0,,False,5m consistent,0
2024-10-21 05:00:00,1.08595,1.08643,1.08595,1.08606,3926.0,,False,5m consistent,0
2024-10-21 06:00:00,1.08607,1.08607,1.08503,1.08531,4742.0,,False,5m consistent,0
2024-10-21 08:00:00,1.0849,1.08588,1.08489,1.08561,4885.0,,False,5m consistent,0
2024-10-21 11:00:00,1.08484,1.08572,1.08474,1.08566,4720.0,,False,5m consistent,1
2024-10-21 12:00:00,1.08566,1.08599,1.0852,1.08582,6446.0,,False,5m consistent,0
2024-10-21 13:00:00,1.08581,1.08588,1.08446,1.08482,7267.0,,False,5m consistent,0
2024-10-21 14:00:00,1.08484,1.08496,1.0834,1.08357,8413.0,,False,5m consistent,0
2024-10-21 17:00:00,1.08193,1.08239,1.08163,1.08169,4048.0,,False,5m consistent,1
2024-10-22 01:00:00,1.0817,1.08217,1.08169,1.08199,4278.0,,False,5m consistent,1
2024-10-22 06:00:00,1.08197,1.08297,1.08189,1.08263,4684.0,,False,5m consistent,1
2024-10-22 07:00:00,1.08262,1.08388,1.08215,1.08374,6771.0,,False,5m consistent,0
2024-10-22 08:00:00,1.08374,1.08379,1.08268,1.08278,4954.0,,False,5m consistent,0
2024-10-22 10:00:00,1.08166,1.08302,1.08151,1.08295,5956.0,,False,5m consistent,0
2024-10-22 11:00:00,1.08297,1.08298,1.08158,1.08185,4676.0,,False,5m consistent,0
2024-10-22 12:00:00,1.08185,1.08224,1.08117,1.08126,7363.0,,False,5m consistent,1
2024-10-22 13:00:00,1.08125,1.08193,1.08021,1.08081,11110.0,,False,5m consistent,1
2024-10-22 14:00:00,1.08083,1.08142,1.08017,1.08104,9697.0,,False,5m consistent,1
2024-10-22 16:00:00,1.08052,1.08152,1.08039,1.08084,4296.0,,False,5m consistent,0
2024-10-22 18:00:00,1.08038,1.08048,1.08006,1.08007,2958.0,,False,5m consistent,0
2024-10-23 02:00:00,1.07956,1.08061,1.07955,1.08054,4145.0,,False,5m consistent,0
2024-10-23 05:00:00,1.08031,1.08077,1.08029,1.08077,4750.0,,False,5m consistent,0
2024-10-23 06:00:00,1.08073,1.08073,1.07932,1.07933,5452.0,,False,5m consistent,0
2024-10-23 08:00:00,1.07825,1.07922,1.07801,1.07891,6207.0,,False,5m consistent,0
2024-10-23 09:00:00,1.0789,1.07902,1.07822,1.07832,5659.0,,False,5m consistent,0
2024-10-23 10:00:00,1.07832,1.07843,1.07782,1.07783,4803.0,,False,5m consistent,0
2024-10-23 12:00:00,1.07639,1.07759,1.0762,1.07751,9031.0,,False,5m consistent,1
2024-10-23 15:00:00,1.07753,1.07871,1.07748,1.07796,7078.0,,False,5m consistent,0
2024-10-23 16:00:00,1.07796,1.078,1.07714,1.07741,5822.0,,False,5m consistent,1
2024-10-24 00:00:00,1.07811,1.07908,1.07805,1.07895,4758.0,,False,5m consistent,0
2024-10-24 04:00:00,1.07877,1.07944,1.07876,1.07939,2406.0,,False,5m consistent,0
2024-10-24 05:00:00,1.07941,1.07941,1.07893,1.07898,4228.0,,False,5m consistent,0
2024-10-24 08:00:00,1.07965,1.08091,1.07965,1.0804,9819.0,,False,5m consistent,0
2024-10-24 10:00:00,1.07978,1.08051,1.07968,1.07998,5531.0,,False,5m consistent,1
2024-10-24 11:00:00,1.07998,1.08037,1.07928,1.07959,5992.0,,False,5m consistent,1
2024-10-25 02:00:00,1.08242,1.08284,1.08236,1.08267,2808.0,,False,5m consistent,0
2024-10-25 05:00:00,1.08227,1.08264,1.08216,1.08224,3003.0,,False,5m consistent,0
2024-10-25 12:00:00,1.08221,1.08402,1.08219,1.08394,8017.0,,False,5m consistent,0
2024-10-25 13:00:00,1.08395,1.08396,1.08263,1.08353,8278.0,,False,5m consistent,0
2024-10-25 14:00:00,1.08352,1.08383,1.08276,1.08315,9749.0,,False,5m consistent,0
2024-10-25 15:00:00,1.08314,1.08356,1.08116,1.08129,6978.0,,False,5m consistent,0
2024-10-25 18:00:00,1.0804,1.08054,1.07996,1.08038,4769.0,,False,5m consistent,0
2024-10-28 01:00:00,1.07948,1.07968,1.0791,1.07919,5809.0,,False,5m consistent,0
2024-10-28 02:00:00,1.07916,1.07965,1.07865,1.07892,4475.0,,False,5m consistent,1
2024-10-28 04:00:00,1.07837,1.07898,1.07835,1.07885,2707.0,,False,5m consistent,1
2024-10-28 08:00:00,1.08049,1.08222,1.08018,1.082,8059.0,,False,5m consistent,0
2024-10-28 11:00:00,1.08174,1.08208,1.0816,1.08204,4345.0,,False,5m consistent,1
2024-10-28 13:00:00,1.08164,1.08233,1.08149,1.08212,7866.0,,False,5m consistent,1
2024-10-28 14:00:00,1.08212,1.08285,1.08161,1.0825,6951.0,,False,5m consistent,0
2024-10-28 23:00:00,1.08135,1.08187,1.08116,1.08186,1217.0,,False,5m consistent,0
2024-10-29 00:00:00,1.08186,1.08203,1.08137,1.08166,3322.0,,False,5m consistent,1
2024-10-29 01:00:00,1.08164,1.08179,1.08123,1.08167,4580.0,,False,5m consistent,0
2024-10-29 02:00:00,1.08167,1.0819,1.08123,1.08132,3762.0,,False,5m consistent,0
2024-10-29 05:00:00,1.08097,1.08143,1.08094,1.08121,3575.0,,False,5m consistent,1
2024-10-29 06:00:00,1.0812,1.08148,1.08074,1.08123,4085.0,,False,5m consistent,0
2024-10-29 08:00:00,1.08103,1.08212,1.08101,1.08192,9491.0,,False,5m consistent,1
2024-10-29 09:00:00,1.08191,1.08271,1.0814,1.08188,6742.0,,False,5m consistent,0
2024-10-29 10:00:00,1.08188,1.08218,1.08042,1.08063,6502.0,,False,5m consistent,0
2024-10-29 11:00:00,1.08064,1.08069,1.07974,1.08,7058.0,,False,5m consistent,0
2024-10-29 12:00:00,1.07997,1.08006,1.07728,1.07783,9696.0,,False,5m consistent,0
2024-10-29 14:00:00,1.07892,1.0813,1.07892,1.08013,18844.0,,False,5m consistent,0
2024-10-30 06:00:00,1.08166,1.08273,1.08164,1.08244,4176.0,,False,5m consistent,0
2024-10-30 09:00:00,1.0836,1.08603,1.08335,1.08406,11331.0,,False,5m consistent,0
2024-10-30 10:00:00,1.08407,1.08448,1.0832,1.08351,6359.0,,False,5m consistent,0
2024-10-30 14:00:00,1.08442,1.08588,1.08429,1.08499,14801.0,,False,5m consistent,1
2024-10-30 16:00:00,1.08646,1.08665,1.08578,1.0862,6634.0,,False,5m consistent,1
2024-10-30 18:00:00,1.08669,1.08722,1.08659,1.08701,3927.0,,False,5m consistent,0
2024-10-31 00:00:00,1.0859,1.08602,1.08538,1.08542,3352.0,,False,5m consistent,1
2024-10-31 07:00:00,1.08528,1.08647,1.08484,1.08598,8165.0,,False,5m consistent,1
2024-10-31 10:00:00,1.08674,1.08763,1.08656,1.08677,6498.0,,False,5m consistent,1
2024-10-31 12:00:00,1.08691,1.08876,1.08648,1.08806,15931.0,,False,5m consistent,1
2024-10-31 13:00:00,1.08805,1.08891,1.08567,1.08602,13926.0,,False,5m consistent,1
2024-10-31 14:00:00,1.08604,1.08776,1.08523,1.08663,15346.0,,False,5m consistent,0
2024-11-01 00:00:00,1.08848,1.08882,1.08813,1.08873,3054.0,,False,5m consistent,0
2024-11-01 04:00:00,1.0877,1.08798,1.08767,1.08779,3129.0,,False,5m consistent,0
2024-11-01 06:00:00,1.08724,1.08759,1.08717,1.0874,3920.0,,False,5m consistent,0
2024-11-01 07:00:00,1.08738,1.08784,1.08689,1.08689,5102.0,,False,5m consistent,0
2024-11-01 09:00:00,1.08632,1.08692,1.08588,1.08592,5158.0,,False,5m consistent,1
2024-11-01 12:00:00,1.08688,1.09066,1.08638,1.0887,19713.0,,False,5m consistent,1
2024-11-01 14:00:00,1.08714,1.08756,1.08506,1.08551,16040.0,,False,5m consistent,0
2024-11-01 16:00:00,1.08491,1.08553,1.08471,1.08534,6208.0,,False,5m consistent,0
2024-11-04 05:00:00,1.08982,1.09008,1.0895,1.08998,4543.0,,False,5m consistent,0
2024-11-04 11:00:00,1.09023,1.09149,1.09005,1.09143,5247.0,,False,5m consistent,0
2024-11-04 12:00:00,1.09142,1.09155,1.09023,1.09053,5666.0,,False,5m consistent,0
2024-11-04 13:00:00,1.09054,1.09101,1.08941,1.0906,9525.0,,False,5m consistent,1
2024-11-04 15:00:00,1.09001,1.0909,1.08968,1.09,11249.0,,False,5m consistent,0
2024-11-04 17:00:00,1.08851,1.08947,1.08807,1.08895,5547.0,,False,5m consistent,0
2024-11-04 18:00:00,1.08895,1.08901,1.08789,1.0886,5104.0,,False,5m consistent,0
2024-11-04 22:00:00,1.08831,1.08831,1.08787,1.08804,309.0,,False,5m consistent,1
2024-11-05 07:00:00,1.08818,1.08915,1.08818,1.08895,4182.0,,False,5m consistent,1
2024-11-05 11:00:00,1.08947,1.09027,1.08935,1.09002,4200.0,,False,5m consistent,0
2024-11-05 12:00:00,1.09002,1.09022,1.08948,1.08965,4474.0,,False,5m consistent,1
2024-11-05 14:00:00,1.08934,1.0912,1.08934,1.0907,8597.0,,False,5m consistent,0
2024-11-05 19:00:00,1.09312,1.09349,1.09279,1.0932,4672.0,,False,5m consistent,0
2024-11-05 21:00:00,1.09257,1.09307,1.09251,1.09306,2116.0,,False,5m consistent,0
2024-11-05 22:00:00,1.09329,1.09347,1.09277,1.0928,668.0,,False,5m consistent,0
2024-11-05 23:00:00,1.0928,1.09382,1.09129,1.09348,4454.0,,False,5m consistent,0
2024-11-06 00:00:00,1.09348,1.09349,1.08328,1.08377,27349.0,,False,5m consistent,1
2024-11-06 01:00:00,1.08377,1.08582,1.08221,1.08373,24706.0,,False,5m consistent,0
2024-11-06 02:00:00,1.08373,1.084,1.07624,1.07635,29866.0,,False,5m consistent,1
2024-11-06 04:00:00,1.07475,1.07896,1.07402,1.07787,19457.0,,False,5m consistent,0
2024-11-06 05:00:00,1.07786,1.07955,1.07509,1.07609,24080.0,,False,5m consistent,0
2024-11-06 08:00:00,1.07349,1.07823,1.07327,1.07742,20574.0,,False,5m consistent,0
2024-11-06 10:00:00,1.0756,1.07627,1.07425,1.07473,10613.0,,False,5m consistent,0
2024-11-06 11:00:00,1.07473,1.07475,1.07019,1.0709,16658.0,,False,5m consistent,1
2024-11-06 18:00:00,1.07282,1.07592,1.0727,1.07539,11676.0,,False,5m consistent,0
2024-11-07 08:00:00,1.07531,1.07725,1.07498,1.07697,11637.0,,False,5m consistent,0
2024-11-07 13:00:00,1.07762,1.07956,1.07744,1.07931,15640.0,,False,5m consistent,1
2024-11-07 15:00:00,1.081,1.08256,1.08059,1.08118,12894.0,,False,5m consistent,0
2024-11-07 17:00:00,1.07922,1.08071,1.07882,1.08056,6447.0,,False,5m consistent,0
2024-11-07 22:00:00,1.08077,1.08077,1.08038,1.0806,1636.0,,False,5m consistent,0
2024-11-08 00:00:00,1.07962,1.07984,1.07891,1.07912,3978.0,,False,5m consistent,0
2024-11-08 05:00:00,1.07837,1.07874,1.07808,1.07825,3198.0,,False,5m consistent,0
2024-11-08 07:00:00,1.07783,1.07847,1.0776,1.07804,7713.0,,False,5m consistent,0
2024-11-08 09:00:00,1.07798,1.07902,1.0773,1.07799,9041.0,,False,5m consistent,1
2024-11-08 11:00:00,1.07793,1.07983,1.07793,1.07838,6665.0,,False,5m consistent,0
2024-11-08 12:00:00,1.07838,1.07852,1.07673,1.07728,9092.0,,False,5m consistent,0
2024-11-08 14:00:00,1.07538,1.07666,1.07503,1.07527,10759.0,,False,5m consistent,0
2024-11-08 15:00:00,1.07523,1.07533,1.07409,1.07492,12773.0,,False,5m consistent,0
2024-11-08 16:00:00,1.07491,1.07511,1.071,1.07105,9752.0,,False,5m consistent,0
2024-11-08 17:00:00,1.07105,1.07141,1.06876,1.07099,11971.0,,False,5m consistent,1
2024-11-11 03:00:00,1.07236,1.0728,1.07161,1.07177,2594.0,,False,5m consistent,1
2024-11-11 06:00:00,1.07183,1.07224,1.07133,1.07217,3466.0,,False,5m consistent,0
2024-11-11 07:00:00,1.07216,1.07231,1.06864,1.06908,9388.0,,False,5m consistent,1
2024-11-11 08:00:00,1.06908,1.06952,1.06793,1.06882,9892.0,,False,5m consistent,0
2024-11-11 09:00:00,1.06881,1.06907,1.06687,1.06823,8154.0,,False,5m consistent,0
2024-11-11 10:00:00,1.06821,1.06894,1.06717,1.06727,6678.0,,False,5m consistent,0
2024-11-11 11:00:00,1.06725,1.06726,1.06564,1.06633,7083.0,,False,5m consistent,0
2024-11-11 12:00:00,1.06632,1.06655,1.06529,1.06531,5893.0,,False,5m consistent,0
2024-11-11 13:00:00,1.0653,1.0656,1.06372,1.06488,7993.0,,False,5m consistent,0
2024-11-11 23:00:00,1.06576,1.0664,1.0655,1.0664,1205.0,,False,5m consistent,0
2024-11-12 00:00:00,1.06639,1.06639,1.0655,1.06587,2842.0,,False,5m consistent,0
2024-11-12 01:00:00,1.06587,1.06608,1.06486,1.06491,5301.0,,False,5m consistent,0
2024-11-12 05:00:00,1.06452,1.06466,1.06402,1.06407,3792.0,,False,5m consistent,0
2024-11-12 06:00:00,1.06406,1.06406,1.06303,1.06355,4796.0,,False,5m consistent,0
2024-11-12 07:00:00,1.06352,1.06381,1.06221,1.06329,9315.0,,False,5m consistent,0
2024-11-12 08:00:00,1.06328,1.06349,1.06178,1.06327,9350.0,,False,5m consistent,0
2024-11-12 09:00:00,1.06324,1.06332,1.06174,1.06274,7063.0,,False,5m consistent,0
2024-11-12 11:00:00,1.06188,1.06306,1.06182,1.06196,6600.0,,False,5m consistent,0
2024-11-12 13:00:00,1.06206,1.06282,1.06152,1.06237,9927.0,,False,5m consistent,0
2024-11-12 14:00:00,1.06237,1.06268,1.06146,1.06184,9802.0,,False,5m consistent,0
2024-11-12 15:00:00,1.06181,1.06187,1.06027,1.06097,11555.0,,False,5m consistent,0
2024-11-12 22:00:00,1.06256,1.06261,1.06207,1.06223,2396.0,,False,5m consistent,1
2024-11-13 01:00:00,1.06134,1.06301,1.06129,1.06289,7363.0,,False,5m consistent,0
2024-11-13 02:00:00,1.06289,1.06304,1.06225,1.06269,4965.0,,False,5m consistent,0
2024-11-13 04:00:00,1.06199,1.06234,1.06184,1.06187,1957.0,,False,5m consistent,0
2024-11-13 05:00:00,1.06186,1.06193,1.06103,1.06138,3036.0,,False,5m consistent,0
2024-11-13 06:00:00,1.06139,1.06179,1.06082,1.06144,4478.0,,False,5m consistent,0
2024-11-13 07:00:00,1.06141,1.06152,1.06034,1.06037,5678.0,,False,5m consistent,0
2024-11-13 09:00:00,1.0613,1.06309,1.06088,1.06277,6883.0,,False,5m consistent,0
2024-11-13 11:00:00,1.06157,1.06391,1.06109,1.06385,5687.0,,False,5m consistent,0
2024-11-13 12:00:00,1.06387,1.06444,1.06252,1.06319,7111.0,,False,5m consistent,1
2024-11-13 13:00:00,1.06318,1.06558,1.06245,1.06374,24439.0,,False,5m consistent,0
2024-11-13 14:00:00,1.06374,1.06388,1.05771,1.05863,22590.0,,False,5m consistent,0
2024-11-13 15:00:00,1.05864,1.05946,1.05566,1.05895,23119.0,,False,5m consistent,0
2024-11-13 17:00:00,1.0567,1.05784,1.05624,1.05697,8476.0,,False,5m consistent,1
2024-11-14 00:00:00,1.05666,1.05695,1.05634,1.05661,3270.0,,False,5m consistent,0
2024-11-14 01:00:00,1.0566,1.0566,1.05518,1.05568,5261.0,,False,5m consistent,0
2024-11-14 04:00:00,1.05486,1.05509,1.0546,1.05493,2551.0,,False,5m consistent,0
2024-11-14 07:00:00,1.05459,1.05556,1.05415,1.0552,7378.0,,False,5m consistent,0
2024-11-14 08:00:00,1.05521,1.05589,1.05328,1.0537,8372.0,,False,5m consistent,0
2024-11-14 09:00:00,1.05369,1.05431,1.05184,1.05213,8296.0,,False,5m consistent,0
2024-11-14 10:00:00,1.05214,1.05218,1.05025,1.05121,8090.0,,False,5m consistent,0
2024-11-14 12:00:00,1.05296,1.05459,1.05238,1.05366,9009.0,,False,5m consistent,1
2024-11-14 15:00:00,1.05535,1.05786,1.05535,1.05757,14465.0,,False,5m consistent,0
2024-11-14 17:00:00,1.05625,1.05646,1.05556,1.05601,6467.0,,False,5m consistent,0
2024-11-14 19:00:00,1.05479,1.05525,1.05442,1.05486,4300.0,,False,5m consistent,0
2024-11-15 08:00:00,1.05572,1.05728,1.0553,1.05706,8968.0,,False,5m consistent,1
2024-11-15 11:00:00,1.05753,1.05808,1.05712,1.0578,6024.0,,False,5m consistent,1
2024-11-15 13:00:00,1.05767,1.05938,1.05547,1.05593,22707.0,,False,5m consistent,1
2024-11-15 17:00:00,1.05521,1.05609,1.05479,1.05494,8848.0,,False,5m consistent,1
2024-11-15 18:00:00,1.05496,1.05555,1.05395,1.05522,6316.0,,False,5m consistent,0
2024-11-15 19:00:00,1.05524,1.05532,1.05368,1.05382,5359.0,,False,5m consistent,0
2024-11-18 02:00:00,1.0543,1.05473,1.05386,1.05421,4625.0,,False,5m consistent,1
2024-11-18 09:00:00,1.05476,1.05721,1.05439,1.05668,8805.0,,False,5m consistent,0
2024-11-18 10:00:00,1.05667,1.0568,1.05466,1.05488,6440.0,,False,5m consistent,0
2024-11-18 15:00:00,1.05695,1.05762,1.05614,1.05743,8907.0,,False,5m consistent,1
2024-11-18 18:00:00,1.05919,1.05987,1.0588,1.0598,4107.0,,False,5m consistent,1
2024-11-18 23:00:00,1.05999,1.06003,1.0594,1.05953,1150.0,,False,5m consistent,1
2024-11-19 03:00:00,1.05926,1.06016,1.05923,1.05975,3447.0,,False,5m consistent,0
2024-11-19 06:00:00,1.05844,1.05972,1.05842,1.05936,3623.0,,False,5m consistent,0
2024-11-19 08:00:00,1.05781,1.05888,1.05634,1.05725,15106.0,,False,5m consistent,0
2024-11-19 10:00:00,1.05503,1.05702,1.05444,1.05617,10000.0,,False,5m consistent,1
2024-11-19 15:00:00,1.05734,1.0602,1.05663,1.05874,12797.0,,False,5m consistent,1
2024-11-19 23:00:00,1.05974,1.06089,1.05964,1.06079,1735.0,,False,5m consistent,0
2024-11-20 02:00:00,1.0601,1.06041,1.05964,1.05966,3033.0,,False,5m consistent,0
2024-11-20 06:00:00,1.05877,1.05964,1.05837,1.05884,3977.0,,False,5m consistent,0
2024-11-20 07:00:00,1.0588,1.05955,1.05773,1.05792,8500.0,,False,5m consistent,0
2024-11-20 08:00:00,1.05791,1.05799,1.0561,1.05652,8206.0,,False,5m consistent,0
2024-11-20 09:00:00,1.0565,1.05698,1.0554,1.05564,7691.0,,False,5m consistent,0
2024-11-20 12:00:00,1.05552,1.05688,1.05523,1.05592,7604.0,,False,5m consistent,0
2024-11-20 13:00:00,1.05593,1.0564,1.0552,1.05574,7370.0,,False,5m consistent,0
2024-11-20 14:00:00,1.05574,1.05577,1.05234,1.05257,11326.0,,False,5m consistent,0
2024-11-20 15:00:00,1.05258,1.05387,1.05166,1.05223,11727.0,,False,5m consistent,0
2024-11-21 04:00:00,1.05539,1.05558,1.05498,1.0552,1914.0,,False,5m consistent,1
2024-11-21 06:00:00,1.05476,1.05553,1.05429,1.05463,5123.0,,False,5m consistent,0
2024-11-21 07:00:00,1.05461,1.05481,1.05304,1.05372,8956.0,,False,5m consistent,0
2024-11-21 08:00:00,1.05374,1.05441,1.05249,1.05415,9102.0,,False,5m consistent,0
2024-11-21 13:00:00,1.05282,1.05401,1.05158,1.05338,12877.0,,False,5m consistent,1
2024-11-21 14:00:00,1.05337,1.05366,1.05218,1.0536,11770.0,,False,5m consistent,0
2024-11-21 15:00:00,1.05362,1.05456,1.05098,1.05112,12616.0,,False,5m consistent,0
2024-11-21 16:00:00,1.05112,1.05157,1.0472,1.0475,20382.0,,False,5m consistent,1
2024-11-21 17:00:00,1.04749,1.04887,1.04629,1.04883,9681.0,,False,5m consistent,0
2024-11-21 18:00:00,1.04881,1.04902,1.04789,1.04869,5022.0,,False,5m consistent,0
2024-11-21 22:00:00,1.0476,1.04808,1.04748,1.04772,567.0,,False,5m consistent,1
2024-11-22 04:00:00,1.04755,1.04771,1.04703,1.04755,2622.0,,False,5m consistent,0
2024-11-22 06:00:00,1.04652,1.04713,1.04645,1.04702,4074.0,,False,5m consistent,1
2024-11-22 08:00:00,1.04869,1.0499,1.04422,1.04445,18573.0,,False,5m consistent,0
2024-11-22 09:00:00,1.04446,1.04456,1.03329,1.04027,32084.0,,False,5m consistent,1
2024-11-22 10:00:00,1.04028,1.04383,1.03858,1.04305,13713.0,,False,5m consistent,0
2024-11-22 11:00:00,1.04306,1.04308,1.04091,1.04176,9097.0,,False,5m consistent,1
2024-11-22 13:00:00,1.04084,1.04352,1.04073,1.04302,12514.0,,False,5m consistent,0
2024-11-22 15:00:00,1.04056,1.04212,1.03958,1.04114,19071.0,,False,5m consistent,1
2024-11-25 06:00:00,1.04799,1.04905,1.04756,1.04845,5591.0,,False,5m consistent,0
2024-11-25 10:00:00,1.04903,1.04977,1.04843,1.04867,9364.0,,False,5m consistent,1
2024-11-25 13:00:00,1.04896,1.05312,1.04894,1.05293,14879.0,,False,5m consistent,0
2024-11-25 14:00:00,1.05294,1.05311,1.05053,1.05089,15520.0,,False,5m consistent,0
2024-11-25 15:00:00,1.05089,1.05201,1.04869,1.04893,13555.0,,False,5m consistent,1
2024-11-25 19:00:00,1.05085,1.05115,1.05022,1.05065,4952.0,,False,5m consistent,0
2024-11-25 22:00:00,1.04979,1.04999,1.04962,1.04975,885.0,,False,5m consistent,0
2024-11-25 23:00:00,1.04973,1.05018,1.04434,1.04447,7572.0,,False,5m consistent,1
2024-11-26 10:00:00,1.0508,1.05216,1.05065,1.05177,8386.0,,False,5m consistent,1
2024-11-26 12:00:00,1.05138,1.05457,1.05109,1.05247,14050.0,,False,5m consistent,0
2024-11-26 13:00:00,1.05246,1.05277,1.05007,1.05044,14781.0,,False,5m consistent,1
2024-11-26 14:00:00,1.05044,1.05068,1.04906,1.0504,13354.0,,False,5m consistent,0
2024-11-26 15:00:00,1.05044,1.05109,1.04793,1.04805,16183.0,,False,5m consistent,1
2024-11-26 16:00:00,1.04809,1.04872,1.04643,1.04808,12241.0,,False,5m consistent,0
2024-11-26 17:00:00,1.04808,1.04816,1.0465,1.04712,7150.0,,False,5m consistent,1
2024-11-27 10:00:00,1.05173,1.05315,1.05134,1.05285,8150.0,,False,5m consistent,0
2024-11-27 13:00:00,1.05288,1.05746,1.05277,1.05735,17975.0,,False,5m consistent,0
2024-11-27 14:00:00,1.05734,1.05796,1.05491,1.05596,15952.0,,False,5m consistent,0
2024-11-27 15:00:00,1.05589,1.05806,1.05338,1.05713,18089.0,,False,5m consistent,1
2024-11-27 17:00:00,1.05751,1.05884,1.05721,1.05772,8407.0,,False,5m consistent,0
2024-11-27 23:00:00,1.05685,1.05708,1.05618,1.05629,1430.0,,False,5m consistent,0
2024-11-28 05:00:00,1.05558,1.05589,1.05505,1.05508,2662.0,,False,5m consistent,1
2024-11-28 06:00:00,1.05509,1.05528,1.05436,1.05492,3603.0,,False,5m consistent,0
2024-11-28 07:00:00,1.05492,1.05561,1.05327,1.05422,8078.0,,False,5m consistent,0
2024-11-28 08:00:00,1.05419,1.05505,1.05283,1.05452,13496.0,,False,5m consistent,1
2024-11-28 12:00:00,1.0551,1.05549,1.05448,1.05462,5545.0,,False,5m consistent,0
2024-11-29 00:00:00,1.0561,1.05727,1.05595,1.05633,5039.0,,False,5m consistent,1
2024-11-29 07:00:00,1.05813,1.0598,1.05761,1.05803,11910.0,,False,5m consistent,0
2024-11-29 08:00:00,1.05802,1.0583,1.05649,1.05709,9904.0,,False,5m consistent,0
2024-11-29 10:00:00,1.05589,1.05742,1.05574,1.05654,10920.0,,False,5m consistent,1
2024-11-29 11:00:00,1.05653,1.05686,1.05559,1.05634,8921.0,,False,5m consistent,0
2024-11-29 12:00:00,1.05637,1.05666,1.0549,1.05652,9876.0,,False,5m consistent,0
2024-11-29 13:00:00,1.05654,1.05693,1.05562,1.05637,9101.0,,False,5m consistent,0
2024-11-29 14:00:00,1.05638,1.05654,1.05462,1.0554,9622.0,,False,5m consistent,1
2024-11-29 15:00:00,1.05541,1.05684,1.05468,1.0562,13719.0,,False,5m consistent,0
2024-12-02 01:00:00,1.05371,1.054,1.05287,1.05313,7476.0,,False,5m consistent,0
2024-12-02 04:00:00,1.05242,1.053,1.05198,1.05242,3484.0,,False,5m consistent,1
2024-12-02 06:00:00,1.05228,1.0537,1.05222,1.05338,6862.0,,False,5m consistent,0
2024-12-02 11:00:00,1.05226,1.05298,1.05209,1.05238,7008.0,,False,5m consistent,0
2024-12-02 13:00:00,1.05017,1.05152,1.04971,1.05065,15235.0,,False,5m consistent,0
2024-12-02 14:00:00,1.05067,1.05156,1.04734,1.04744,17049.0,,False,5m consistent,1
2024-12-02 23:00:00,1.04977,1.05026,1.04977,1.05017,1472.0,,False,5m consistent,0
2024-12-03 05:00:00,1.04864,1.04933,1.04813,1.04923,3100.0,,False,5m consistent,1
2024-12-03 08:00:00,1.04988,1.05287,1.04981,1.05262,12687.0,,False,5m consistent,1
2024-12-03 09:00:00,1.05263,1.05317,1.0517,1.05212,9395.0,,False,5m consistent,1
2024-12-03 11:00:00,1.05155,1.05282,1.05147,1.05234,6656.0,,False,5m consistent,0
2024-12-03 14:00:00,1.05247,1.05299,1.05179,1.05208,13636.0,,False,5m consistent,0
2024-12-03 15:00:00,1.05208,1.05208,1.0493,1.05174,18126.0,,False,5m consistent,1
2024-12-03 16:00:00,1.05175,1.05203,1.0504,1.05184,10635.0,,False,5m consistent,1
2024-12-03 18:00:00,1.0529,1.05359,1.05256,1.05287,6602.0,,False,5m consistent,0
2024-12-03 23:00:00,1.05111,1.0512,1.05067,1.05109,1192.0,,False,5m consistent,0
2024-12-04 01:00:00,1.05001,1.05135,1.0498,1.05069,5779.0,,False,5m consistent,0
2024-12-04 02:00:00,1.05069,1.05093,1.04985,1.05012,4889.0,,False,5m consistent,1
2024-12-04 06:00:00,1.05161,1.053,1.05111,1.05237,4317.0,,False,5m consistent,0
2024-12-04 07:00:00,1.05235,1.05277,1.05083,1.05098,8264.0,,False,5m consistent,0
2024-12-04 08:00:00,1.05098,1.05158,1.04911,1.04921,9472.0,,False,5m consistent,1
2024-12-04 11:00:00,1.04999,1.05132,1.04982,1.05057,6830.0,,False,5m consistent,0
2024-12-04 12:00:00,1.05055,1.05058,1.04887,1.04921,7344.0,,False,5m consistent,0
2024-12-04 13:00:00,1.04919,1.04985,1.04801,1.04844,14909.0,,False,5m consistent,1
2024-12-04 17:00:00,1.05276,1.05434,1.05256,1.0538,6744.0,,False,5m consistent,0
2024-12-05 08:00:00,1.05363,1.05474,1.053,1.0531,8706.0,,False,5m consistent,1
2024-12-05 11:00:00,1.05267,1.0539,1.05242,1.05373,5586.0,,False,5m consistent,0
2024-12-05 14:00:00,1.0568,1.05905,1.05664,1.05763,15435.0,,False,5m consistent,0
2024-12-05 16:00:00,1.05732,1.05793,1.05656,1.05711,9559.0,,False,5m consistent,1
2024-12-05 17:00:00,1.05711,1.05755,1.05583,1.05684,6610.0,,False,5m consistent,1
2024-12-05 23:00:00,1.05885,1.05889,1.05846,1.05872,1839.0,,False,5m consistent,0
2024-12-06 00:00:00,1.05871,1.05872,1.05774,1.0578,2836.0,,False,5m consistent,1
2024-12-06 04:00:00,1.05767,1.0578,1.05734,1.05762,2173.0,,False,5m consistent,1
2024-12-06 06:00:00,1.05732,1.05788,1.05701,1.05753,3301.0,,False,5m consistent,1
2024-12-06 07:00:00,1.05753,1.05854,1.05683,1.05846,6188.0,,False,5m consistent,0
2024-12-06 08:00:00,1.05847,1.0595,1.05772,1.05828,7764.0,,False,5m consistent,1
2024-12-06 11:00:00,1.05834,1.05897,1.05774,1.05878,5282.0,,False,5m consistent,1
2024-12-06 13:00:00,1.05821,1.06308,1.05799,1.06051,25100.0,,False,5m consistent,0
2024-12-06 14:00:00,1.06054,1.0608,1.05688,1.058,23179.0,,False,5m consistent,0
2024-12-06 15:00:00,1.05796,1.05799,1.05448,1.05642,14954.0,,False,5m consistent,1
2024-12-06 16:00:00,1.05642,1.05763,1.05547,1.05633,8929.0,,False,5m consistent,0
2024-12-09 02:00:00,1.05528,1.05571,1.05513,1.05556,2988.0,,False,5m consistent,0
2024-12-09 07:00:00,1.05452,1.05674,1.0542,1.05651,9225.0,,False,5m consistent,1
2024-12-09 10:00:00,1.05672,1.05861,1.05672,1.05812,6888.0,,False,5m consistent,0
2024-12-09 11:00:00,1.05811,1.0586,1.05684,1.05697,5305.0,,False,5m consistent,1
2024-12-09 15:00:00,1.0579,1.05938,1.05725,1.05919,10152.0,,False,5m consistent,0
2024-12-09 18:00:00,1.05675,1.05684,1.05612,1.05643,3923.0,,False,5m consistent,0
2024-12-09 19:00:00,1.05644,1.05654,1.05523,1.0556,3744.0,,False,5m consistent,1
2024-12-10 00:00:00,1.05551,1.05554,1.05497,1.05539,2640.0,,False,5m consistent,1
2024-12-10 06:00:00,1.05629,1.05691,1.05617,1.05676,3725.0,,False,5m consistent,0
2024-12-10 07:00:00,1.05672,1.05674,1.05479,1.05496,5809.0,,False,5m consistent,0
2024-12-10 08:00:00,1.05496,1.05525,1.05385,1.05385,7841.0,,False,5m consistent,0
2024-12-10 11:00:00,1.05289,1.05339,1.05247,1.05322,5839.0,,False,5m consistent,0
2024-12-10 12:00:00,1.05323,1.05346,1.05212,1.05315,7022.0,,False,5m consistent,0
2024-12-10 14:00:00,1.05238,1.05319,1.05202,1.05205,9677.0,,False,5m consistent,1
2024-12-10 16:00:00,1.05048,1.05134,1.05004,1.05125,8281.0,,False,5m consistent,1
2024-12-11 02:00:00,1.05355,1.05403,1.05338,1.05377,3172.0,,False,5m consistent,0
2024-12-11 03:00:00,1.05377,1.05385,1.05286,1.0529,2856.0,,False,5m consistent,0
2024-12-11 06:00:00,1.05249,1.05289,1.05231,1.05268,2394.0,,False,5m consistent,0
2024-12-11 08:00:00,1.04907,1.05133,1.04905,1.05063,9365.0,,False,5m consistent,0
2024-12-11 09:00:00,1.05062,1.05107,1.04974,1.05012,10344.0,,False,5m consistent,0
2024-12-11 13:00:00,1.05041,1.05384,1.05035,1.05249,19883.0,,False,5m consistent,0
2024-12-11 14:00:00,1.05247,1.05301,1.04948,1.05016,17886.0,,False,5m consistent,1
2024-12-11 16:00:00,1.04916,1.05128,1.0486,1.05086,10080.0,,False,5m consistent,0
2024-12-12 07:00:00,1.05148,1.05317,1.05134,1.05172,8701.0,,False,5m consistent,0
2024-12-12 09:00:00,1.051,1.05182,1.05063,1.05109,7877.0,,False,5m consistent,0
2024-12-12 11:00:00,1.04976,1.05085,1.04951,1.05033,7352.0,,False,5m consistent,0
2024-12-12 13:00:00,1.04899,1.05029,1.04704,1.04857,23570.0,,False,5m consistent,0
2024-12-12 14:00:00,1.04858,1.05211,1.04729,1.05201,25186.0,,False,5m consistent,0
2024-12-12 16:00:00,1.04737,1.05166,1.04725,1.0514,11432.0,,False,5m consistent,0
2024-12-12 17:00:00,1.05141,1.05183,1.04959,1.05014,8696.0,,False,5m consistent,0
2024-12-13 00:00:00,1.04745,1.04814,1.04708,1.04804,3924.0,,False,5m consistent,0
2024-12-13 05:00:00,1.04647,1.04668,1.04612,1.04661,2473.0,,False,5m consistent,1
2024-12-13 06:00:00,1.04663,1.04671,1.04575,1.04666,3581.0,,False,5m consistent,1
2024-12-13 13:00:00,1.0517,1.0525,1.05096,1.05111,10461.0,,False,5m consistent,0
2024-12-13 14:00:00,1.05112,1.05112,1.04894,1.04913,9110.0,,False,5m consistent,1
2024-12-16 01:00:00,1.05152,1.05223,1.05132,1.05197,4476.0,,False,5m consistent,0
2024-12-16 05:00:00,1.05169,1.05223,1.05166,1.05205,2609.0,,False,5m consistent,0
2024-12-16 06:00:00,1.05203,1.05214,1.05124,1.05145,3742.0,,False,5m consistent,0
2024-12-16 09:00:00,1.05099,1.05219,1.05043,1.0506,8771.0,,False,5m consistent,0
2024-12-16 13:00:00,1.04914,1.05091,1.04913,1.05084,8795.0,,False,5m consistent,0
2024-12-16 15:00:00,1.04835,1.05135,1.04835,1.05074,10832.0,,False,5m consistent,1
2024-12-16 18:00:00,1.05121,1.05225,1.05065,1.05213,4291.0,,False,5m consistent,1
2024-12-17 00:00:00,1.05178,1.05352,1.0516,1.05296,3462.0,,False,5m consistent,0
2024-12-17 05:00:00,1.0509,1.05109,1.05035,1.05056,2651.0,,False,5m consistent,1
2024-12-17 06:00:00,1.05056,1.05087,1.04984,1.05039,4224.0,,False,5m consistent,0
2024-12-17 07:00:00,1.05037,1.05101,1.04964,1.04985,7935.0,,False,5m consistent,0
2024-12-17 08:00:00,1.04983,1.05011,1.04857,1.04903,8439.0,,False,5m consistent,1
2024-12-17 09:00:00,1.04902,1.04902,1.04812,1.04864,8188.0,,False,5m consistent,1
2024-12-17 12:00:00,1.04922,1.05024,1.04891,1.05021,6646.0,,False,5m consistent,1
2024-12-17 13:00:00,1.0502,1.05074,1.04927,1.05057,11256.0,,False,5m consistent,1
2024-12-17 14:00:00,1.05055,1.05124,1.04986,1.05058,11763.0,,False,5m consistent,1
2024-12-17 16:00:00,1.04998,1.0507,1.04952,1.05059,8850.0,,False,5m consistent,0
2024-12-17 17:00:00,1.0506,1.05168,1.04989,1.05006,7745.0,,False,5m consistent,0
2024-12-18 01:00:00,1.05001,1.05036,1.04964,1.0503,3546.0,,False,5m consistent,1
2024-12-18 06:00:00,1.0503,1.05129,1.05025,1.05122,3173.0,,False,5m consistent,0
2024-12-18 07:00:00,1.05125,1.05137,1.04942,1.04978,7331.0,,False,5m consistent,0
2024-12-18 09:00:00,1.04943,1.04993,1.0492,1.04953,6294.0,,False,5m consistent,1
2024-12-18 11:00:00,1.04993,1.05044,1.04955,1.04974,5192.0,,False,5m consistent,0
2024-12-18 12:00:00,1.04974,1.0503,1.04866,1.04913,6702.0,,False,5m consistent,1
2024-12-18 14:00:00,1.04927,1.0504,1.04882,1.04974,9875.0,,False,5m consistent,0
2024-12-18 15:00:00,1.04972,1.04996,1.04708,1.04746,8916.0,,False,5m consistent,1
2024-12-18 18:00:00,1.04763,1.04932,1.04745,1.0489,5259.0,,False,5m consistent,0
2024-12-18 19:00:00,1.04887,1.04888,1.03739,1.03782,36920.0,,False,5m consistent,0
2024-12-18 20:00:00,1.03782,1.03814,1.03446,1.0366,25012.0,,False,5m consistent,1
2024-12-19 02:00:00,1.03791,1.03913,1.03734,1.03909,5607.0,,False,5m consistent,1
2024-12-19 11:00:00,1.04059,1.04163,1.04007,1.04043,7609.0,,False,5m consistent,0
2024-12-19 14:00:00,1.03996,1.04081,1.03947,1.03967,12607.0,,False,5m consistent,0
2024-12-19 15:00:00,1.03967,1.04028,1.03776,1.03809,15062.0,,False,5m consistent,1
2024-12-19 18:00:00,1.03624,1.03763,1.03561,1.03749,8357.0,,False,5m consistent,0
2024-12-20 08:00:00,1.03837,1.03994,1.03788,1.03931,9864.0,,False,5m consistent,0
2024-12-20 10:00:00,1.03837,1.03942,1.03822,1.03926,6742.0,,False,5m consistent,1
2024-12-20 13:00:00,1.03905,1.04201,1.03885,1.04082,14567.0,,False,5m consistent,0
2024-12-20 19:00:00,1.04374,1.04484,1.04348,1.04455,5447.0,,False,5m consistent,0
2025-01-06 09:00:00,1.03511,1.03699,1.03411,1.03563,12873.0,,False,5m consistent,0
2025-01-06 11:00:00,1.03357,1.04337,1.03294,1.04227,26524.0,,False,5m consistent,0
2025-01-06 13:00:00,1.04121,1.04378,1.04053,1.04175,17346.0,,False,5m consistent,0
2025-01-06 14:00:00,1.04176,1.04247,1.03537,1.03934,30347.0,,False,5m consistent,1
2025-01-06 16:00:00,1.03945,1.04038,1.03861,1.03977,11091.0,,False,5m consistent,1
2025-01-07 07:00:00,1.03985,1.04255,1.03985,1.04156,9114.0,,False,5m consistent,1
2025-01-07 09:00:00,1.04261,1.04353,1.04249,1.0429,7964.0,,False,5m consistent,1
2025-01-07 10:00:00,1.04287,1.04353,1.04175,1.04288,8224.0,,False,5m consistent,0
2025-01-07 11:00:00,1.04288,1.04292,1.04057,1.04144,6718.0,,False,5m consistent,0
2025-01-07 14:00:00,1.03974,1.03985,1.03903,1.03953,8717.0,,False,5m consistent,0
2025-01-07 15:00:00,1.03955,1.03955,1.03561,1.03737,20615.0,,False,5m consistent,1
2025-01-07 16:00:00,1.03736,1.03825,1.03634,1.03691,16024.0,,False,5m consistent,1
2025-01-07 17:00:00,1.03692,1.03746,1.03547,1.03678,10651.0,,False,5m consistent,0
2025-01-07 19:00:00,1.03552,1.03606,1.03531,1.0356,4719.0,,False,5m consistent,1
2025-01-08 02:00:00,1.03537,1.03557,1.03522,1.03549,2119.0,,False,5m consistent,1
2025-01-08 05:00:00,1.03522,1.03568,1.03504,1.03557,2127.0,,False,5m consistent,0
2025-01-08 06:00:00,1.03559,1.03584,1.0347,1.03523,2689.0,,False,5m consistent,0
2025-01-08 07:00:00,1.03519,1.03525,1.03291,1.03333,8468.0,,False,5m consistent,1
2025-01-08 09:00:00,1.03196,1.03272,1.0316,1.03204,9100.0,,False,5m consistent,0
2025-01-08 10:00:00,1.03202,1.03222,1.0311,1.03197,7504.0,,False,5m consistent,0
2025-01-08 11:00:00,1.03196,1.03207,1.02741,1.02986,17514.0,,False,5m consistent,0
2025-01-08 13:00:00,1.02834,1.03053,1.02816,1.03043,20955.0,,False,5m consistent,1
2025-01-08 16:00:00,1.03025,1.03153,1.02954,1.03133,10279.0,,False,5m consistent,1
2025-01-08 23:00:00,1.03193,1.03199,1.03141,1.03141,1038.0,,False,5m consistent,1
2025-01-09 05:00:00,1.03098,1.03135,1.03062,1.03074,2749.0,,False,5m consistent,0
2025-01-09 06:00:00,1.03075,1.03092,1.02979,1.03011,5125.0,,False,5m consistent,0
2025-01-09 07:00:00,1.0301,1.03092,1.02885,1.02917,8453.0,,False,5m consistent,1
2025-01-09 14:00:00,1.03088,1.03156,1.0306,1.03082,6544.0,,False,5m consistent,0
2025-01-09 15:00:00,1.03083,1.03107,1.02957,1.03,6681.0,,False,5m consistent,1
2025-01-09 22:00:00,1.0303,1.03049,1.02989,1.03031,933.0,,False,5m consistent,0
2025-01-10 03:00:00,1.03026,1.03041,1.02987,1.02994,1931.0,,False,5m consistent,0
2025-01-10 04:00:00,1.02995,1.03008,1.02943,1.02959,1821.0,,False,5m consistent,0
2025-01-10 12:00:00,1.03025,1.03103,1.02999,1.03063,5559.0,,False,5m consistent,0
2025-01-10 13:00:00,1.03061,1.03126,1.02138,1.02573,30084.0,,False,5m consistent,1
2025-01-10 14:00:00,1.02572,1.02736,1.02452,1.02537,25729.0,,False,5m consistent,1
2025-01-10 15:00:00,1.0252,1.02795,1.0237,1.02512,22612.0,,False,5m consistent,0
2025-01-13 02:00:00,1.02427,1.02461,1.02393,1.0241,3597.0,,False,5m consistent,0
2025-01-13 06:00:00,1.02204,1.02258,1.02151,1.02182,4349.0,,False,5m consistent,1
2025-01-13 08:00:00,1.02161,1.02323,1.02144,1.02223,12491.0,,False,5m consistent,0
2025-01-13 10:00:00,1.01943,1.02084,1.01935,1.02028,9387.0,,False,5m consistent,1
2025-01-13 14:00:00,1.02091,1.02136,1.02011,1.02089,11405.0,,False,5m consistent,0
2025-01-13 18:00:00,1.02188,1.02223,1.02131,1.02169,4814.0,,False,5m consistent,1
2025-01-13 22:00:00,1.02479,1.02753,1.02441,1.02621,2153.0,,False,5m consistent,1
2025-01-13 23:00:00,1.02621,1.02787,1.02518,1.02647,5060.0,,False,5m consistent,0
2025-01-14 01:00:00,1.02487,1.0251,1.02422,1.02501,6167.0,,False,5m consistent,1
2025-01-14 11:00:00,1.02607,1.0264,1.02533,1.02548,6121.0,,False,5m consistent,0
2025-01-14 13:00:00,1.02488,1.0274,1.02432,1.02541,20807.0,,False,5m consistent,1
2025-01-14 15:00:00,1.02688,1.02966,1.02638,1.02958,14131.0,,False,5m consistent,1
2025-01-14 16:00:00,1.02957,1.03052,1.02836,1.02923,12405.0,,False,5m consistent,1
2025-01-15 04:00:00,1.03027,1.03035,1.02985,1.03032,1785.0,,False,5m consistent,0
2025-01-15 06:00:00,1.0294,1.02996,1.02926,1.0297,2515.0,,False,5m consistent,1
2025-01-15 07:00:00,1.02972,1.0309,1.02875,1.03068,10552.0,,False,5m consistent,0
2025-01-15 09:00:00,1.02973,1.0314,1.0297,1.03106,7303.0,,False,5m consistent,0
2025-01-15 10:00:00,1.03106,1.03149,1.03016,1.03084,6383.0,,False,5m consistent,0
2025-01-15 11:00:00,1.03084,1.03132,1.03004,1.0302,5853.0,,False,5m consistent,1
2025-01-15 13:00:00,1.03006,1.03557,1.02969,1.03453,23305.0,,False,5m consistent,0
2025-01-15 14:00:00,1.03453,1.03464,1.03259,1.03279,17708.0,,False,5m consistent,0
2025-01-15 15:00:00,1.03278,1.03318,1.02997,1.03069,14761.0,,False,5m consistent,0
2025-01-15 23:00:00,1.02946,1.02964,1.02915,1.0296,1213.0,,False,5m consistent,1
2025-01-16 00:00:00,1.02959,1.03008,1.02855,1.02999,4432.0,,False,5m consistent,0
2025-01-16 07:00:00,1.02897,1.03024,1.02869,1.02983,7334.0,,False,5m consistent,0
2025-01-16 08:00:00,1.02985,1.03006,1.02887,1.02968,7826.0,,False,5m consistent,1
2025-01-16 11:00:00,1.02865,1.02928,1.02847,1.0291,5208.0,,False,5m consistent,0
2025-01-16 12:00:00,1.0291,1.0291,1.02649,1.02726,8383.0,,False,5m consistent,1
2025-01-16 13:00:00,1.02728,1.0286,1.02615,1.02823,17360.0,,False,5m consistent,0
2025-01-16 15:00:00,1.028,1.03067,1.02751,1.03017,20464.0,,False,5m consistent,1
2025-01-17 03:00:00,1.03041,1.03058,1.03007,1.03013,1931.0,,False,5m consistent,0
2025-01-17 04:00:00,1.03014,1.03018,1.02926,1.02946,1892.0,,False,5m consistent,0
2025-01-17 05:00:00,1.02945,1.0296,1.02883,1.02941,2514.0,,False,5m consistent,0
2025-01-17 06:00:00,1.02941,1.02947,1.0286,1.02911,2689.0,,False,5m consistent,0
2025-01-17 08:00:00,1.02852,1.02996,1.02852,1.02979,7475.0,,False,5m consistent,1
2025-01-17 11:00:00,1.03048,1.03109,1.02999,1.03053,5797.0,,False,5m consistent,0
2025-01-17 12:00:00,1.03053,1.03074,1.02911,1.02937,7915.0,,False,5m consistent,1
2025-01-17 13:00:00,1.02938,1.03005,1.02862,1.0291,10820.0,,False,5m consistent,0
2025-01-17 15:00:00,1.02992,1.03316,1.02961,1.02998,19007.0,,False,5m consistent,0
2025-01-17 18:00:00,1.02815,1.0293,1.02798,1.02818,5034.0,,False,5m consistent,0
2025-01-20 07:00:00,1.03114,1.03193,1.03066,1.03177,5914.0,,False,5m consistent,0
2025-01-20 11:00:00,1.0316,1.03273,1.03138,1.03269,5379.0,,False,5m consistent,0
2025-01-20 13:00:00,1.03209,1.0401,1.0309,1.0399,34938.0,,False,5m consistent,0
2025-01-20 14:00:00,1.0399,1.04308,1.03802,1.04158,26384.0,,False,5m consistent,1
2025-01-20 16:00:00,1.04013,1.04066,1.03914,1.03993,8867.0,,False,5m consistent,0
2025-01-20 23:00:00,1.04197,1.04267,1.04118,1.04219,5416.0,,False,5m consistent,0
2025-01-21 05:00:00,1.03906,1.03931,1.03783,1.03796,3120.0,,False,5m consistent,1
2025-01-21 07:00:00,1.03695,1.03871,1.03659,1.03742,8110.0,,False,5m consistent,0
2025-01-21 08:00:00,1.03742,1.03742,1.03508,1.03616,9879.0,,False,5m consistent,1
2025-01-21 18:00:00,1.0422,1.04364,1.04205,1.04299,5390.0,,False,5m consistent,1
2025-01-21 22:00:00,1.04303,1.04361,1.04263,1.04285,1188.0,,False,5m consistent,0
2025-01-22 00:00:00,1.04065,1.04255,1.04065,1.0424,5130.0,,False,5m consistent,0
2025-01-22 05:00:00,1.04179,1.04189,1.04094,1.04165,3132.0,,False,5m consistent,0
2025-01-22 10:00:00,1.04477,1.04582,1.04434,1.04508,8725.0,,False,5m consistent,0
2025-01-22 11:00:00,1.04507,1.04572,1.04412,1.04437,5958.0,,False,5m consistent,0
2025-01-22 12:00:00,1.04435,1.04437,1.0432,1.04387,6995.0,,False,5m consistent,0
2025-01-22 13:00:00,1.04389,1.04467,1.0423,1.04325,9807.0,,False,5m consistent,0
2025-01-22 14:00:00,1.04323,1.04329,1.04151,1.04255,12365.0,,False,5m consistent,0
2025-01-22 19:00:00,1.0417,1.04237,1.04163,1.04211,2896.0,,False,5m consistent,0
2025-01-22 21:00:00,1.0413,1.04139,1.04087,1.04111,1584.0,,False,5m consistent,0
2025-01-23 00:00:00,1.04087,1.04128,1.04077,1.04112,3358.0,,False,5m consistent,0
2025-01-23 01:00:00,1.04111,1.04169,1.04029,1.04044,7094.0,,False,5m consistent,1
2025-01-23 04:00:00,1.04098,1.04136,1.04097,1.04116,3792.0,,False,5m consistent,0
2025-01-23 06:00:00,1.04059,1.04131,1.04038,1.04041,4370.0,,False,5m consistent,0
2025-01-23 07:00:00,1.0404,1.04064,1.03907,1.0401,8983.0,,False,5m consistent,0
2025-01-23 10:00:00,1.04123,1.04212,1.04107,1.04121,6433.0,,False,5m consistent,0
2025-01-23 11:00:00,1.04122,1.04148,1.04019,1.0404,6736.0,,False,5m consistent,1
2025-01-23 12:00:00,1.04039,1.0407,1.0395,1.04045,7577.0,,False,5m consistent,1
2025-01-23 14:00:00,1.04116,1.04189,1.04066,1.04096,9915.0,,False,5m consistent,0
2025-01-23 17:00:00,1.04203,1.04388,1.04147,1.04362,9012.0,,False,5m consistent,0
2025-01-24 00:00:00,1.04166,1.04241,1.04143,1.04201,3443.0,,False,5m consistent,1
2025-01-24 02:00:00,1.04168,1.04503,1.04166,1.04496,10553.0,,False,5m consistent,1
2025-01-24 06:00:00,1.04522,1.04716,1.04501,1.04582,10153.0,,False,5m consistent,1
2025-01-24 09:00:00,1.0494,1.05161,1.04916,1.04954,12944.0,,False,5m consistent,0
2025-01-24 11:00:00,1.04899,1.04941,1.04819,1.0487,6357.0,,False,5m consistent,0
2025-01-24 12:00:00,1.04869,1.04885,1.04741,1.04744,6462.0,,False,5m consistent,1
2025-01-24 15:00:00,1.04927,1.05216,1.04905,1.05171,16377.0,,False,5m consistent,1
2025-01-24 17:00:00,1.05152,1.05223,1.05108,1.0512,6300.0,,False,5m consistent,0
2025-01-27 03:00:00,1.0467,1.04787,1.04641,1.04693,4879.0,,False,5m consistent,1
2025-01-27 08:00:00,1.04578,1.04897,1.04552,1.04888,12378.0,,False,5m consistent,1
2025-01-27 12:00:00,1.05139,1.05292,1.05097,1.05222,10627.0,,False,5m consistent,1
2025-01-27 13:00:00,1.05221,1.05342,1.05105,1.05207,14436.0,,False,5m consistent,0
2025-01-27 14:00:00,1.05206,1.05253,1.05086,1.05099,13167.0,,False,5m consistent,0
2025-01-27 15:00:00,1.05099,1.05106,1.04947,1.05,11249.0,,False,5m consistent,0
2025-01-27 22:00:00,1.0495,1.04958,1.04896,1.04904,745.0,,False,5m consistent,0
2025-01-28 00:00:00,1.04379,1.04529,1.04331,1.04463,9320.0,,False,5m consistent,1
2025-01-28 01:00:00,1.04463,1.04575,1.04306,1.04387,7855.0,,False,5m consistent,1
2025-01-28 06:00:00,1.04373,1.04451,1.04345,1.04385,3609.0,,False,5m consistent,0
2025-01-28 07:00:00,1.04383,1.04439,1.0429,1.04351,8708.0,,False,5m consistent,0
2025-01-28 09:00:00,1.0426,1.04451,1.04233,1.0436,9758.0,,False,5m consistent,0
2025-01-28 11:00:00,1.04257,1.04336,1.04233,1.04241,5836.0,,False,5m consistent,1
2025-01-28 14:00:00,1.04254,1.04422,1.04248,1.04327,10575.0,,False,5m consistent,1
2025-01-29 06:00:00,1.04413,1.04445,1.04374,1.04381,3875.0,,False,5m consistent,0
2025-01-29 08:00:00,1.04171,1.04313,1.04171,1.04252,8097.0,,False,5m consistent,0
2025-01-29 09:00:00,1.04252,1.04257,1.04029,1.04046,8848.0,,False,5m consistent,1
2025-01-29 10:00:00,1.04046,1.04094,1.03956,1.04045,8247.0,,False,5m consistent,0
2025-01-29 11:00:00,1.04047,1.04091,1.03978,1.04025,6240.0,,False,5m consistent,1
2025-01-29 12:00:00,1.04025,1.04057,1.03944,1.04049,7680.0,,False,5m consistent,0
2025-01-29 15:00:00,1.04021,1.04279,1.03956,1.04203,12280.0,,False,5m consistent,1
2025-01-29 18:00:00,1.04223,1.04254,1.0416,1.04233,5906.0,,False,5m consistent,0
2025-01-29 19:00:00,1.04233,1.04299,1.03891,1.04168,30276.0,,False,5m consistent,1
2025-01-30 03:00:00,1.04239,1.04273,1.0423,1.0426,2450.0,,False,5m consistent,0
2025-01-30 05:00:00,1.04199,1.0423,1.04185,1.04227,2354.0,,False,5m consistent,0
2025-01-30 07:00:00,1.04148,1.04248,1.04103,1.04246,5740.0,,False,5m consistent,1
2025-01-30 08:00:00,1.04249,1.04298,1.04169,1.04227,8867.0,,False,5m consistent,0
2025-01-30 09:00:00,1.04228,1.04236,1.0403,1.04085,9764.0,,False,5m consistent,0
2025-01-30 10:00:00,1.04084,1.04131,1.03967,1.04015,7801.0,,False,5m consistent,1
2025-01-30 13:00:00,1.04042,1.04607,1.04022,1.0457,19056.0,,False,5m consistent,1
2025-01-30 15:00:00,1.04293,1.04433,1.04277,1.0432,12999.0,,False,5m consistent,0
2025-01-30 16:00:00,1.04321,1.04356,1.04178,1.04204,8326.0,,False,5m consistent,1
2025-01-30 23:00:00,1.03887,1.03993,1.03859,1.03979,2409.0,,False,5m consistent,0
2025-01-31 00:00:00,1.03979,1.04034,1.03858,1.03876,3723.0,,False,5m consistent,1
2025-01-31 07:00:00,1.03953,1.04138,1.03921,1.04048,8837.0,,False,5m consistent,0
2025-01-31 08:00:00,1.0405,1.04076,1.03816,1.03851,9042.0,,False,5m consistent,0
2025-01-31 09:00:00,1.03845,1.03858,1.03661,1.03844,13851.0,,False,5m consistent,1
2025-01-31 13:00:00,1.03834,1.0396,1.03775,1.03829,13401.0,,False,5m consistent,0
2025-01-31 14:00:00,1.0383,1.03835,1.03672,1.03694,12228.0,,False,5m consistent,1
2025-01-31 15:00:00,1.03699,1.04014,1.03611,1.03972,12472.0,,False,5m consistent,1
2025-01-31 16:00:00,1.03973,1.04086,1.03869,1.04006,10352.0,,False,5m consistent,1
2025-01-31 17:00:00,1.04004,1.0435,1.03912,1.0421,21469.0,,False,5m consistent,0
2025-01-31 19:00:00,1.03705,1.03801,1.03653,1.03774,12102.0,,False,5m consistent,1
2025-01-31 20:00:00,1.03773,1.03829,1.03639,1.03745,12474.0,,False,5m consistent,0
2025-02-03 01:00:00,1.02327,1.02533,1.02227,1.02386,14613.0,,False,5m consistent,1
2025-02-03 06:00:00,1.02411,1.02526,1.02403,1.02441,8236.0,,False,5m consistent,0
2025-02-03 08:00:00,1.02261,1.02522,1.02137,1.02445,15431.0,,False,5m consistent,1
2025-02-03 13:00:00,1.02585,1.02892,1.02585,1.02647,16646.0,,False,5m consistent,1
2025-02-03 15:00:00,1.025,1.03369,1.02437,1.03171,45166.0,,False,5m consistent,1
2025-02-03 22:00:00,1.03424,1.03501,1.03384,1.03451,1533.0,,False,5m consistent,0
2025-02-04 04:00:00,1.03155,1.0316,1.03067,1.03068,3451.0,,False,5m consistent,0
2025-02-04 09:00:00,1.03351,1.03504,1.03331,1.03396,8514.0,,False,5m consistent,1
2025-02-04 10:00:00,1.03395,1.03442,1.03263,1.0336,6535.0,,False,5m consistent,1
2025-02-04 16:00:00,1.03808,1.03882,1.03741,1.03791,10020.0,,False,5m consistent,1
2025-02-04 22:00:00,1.0378,1.03837,1.03753,1.03799,1699.0,,False,5m consistent,1
2025-02-05 07:00:00,1.03857,1.04104,1.0383,1.04034,9316.0,,False,5m consistent,1
2025-02-05 10:00:00,1.04049,1.04315,1.04026,1.04259,8010.0,,False,5m consistent,0
2025-02-05 12:00:00,1.04155,1.0423,1.04116,1.04199,6215.0,,False,5m consistent,0
2025-02-05 14:00:00,1.04087,1.04273,1.04069,1.04253,11776.0,,False,5m consistent,0
2025-02-05 15:00:00,1.04273,1.0444,1.04159,1.0423,17836.0,,False,5m consistent,0
2025-02-05 18:00:00,1.04205,1.04224,1.04151,1.04164,4328.0,,False,5m consistent,0
2025-02-05 20:00:00,1.0408,1.0408,1.04017,1.04056,4246.0,,False,5m consistent,0
2025-02-06 01:00:00,1.03986,1.04055,1.03961,1.04033,5515.0,,False,5m consistent,0
2025-02-06 03:00:00,1.0396,1.03972,1.03903,1.03928,2960.0,,False,5m consistent,0
2025-02-06 06:00:00,1.03872,1.03933,1.03864,1.03911,3073.0,,False,5m consistent,0
2025-02-06 07:00:00,1.03913,1.03923,1.03788,1.03808,6219.0,,False,5m consistent,0
2025-02-06 08:00:00,1.03808,1.03816,1.03571,1.03659,9475.0,,False,5m consistent,0
2025-02-06 11:00:00,1.03633,1.03685,1.03589,1.03627,6123.0,,False,5m consistent,1
2025-02-06 12:00:00,1.03626,1.03647,1.03534,1.03627,12560.0,,False,5m consistent,1
2025-02-06 18:00:00,1.03802,1.03976,1.03747,1.03903,8393.0,,False,5m consistent,0
2025-02-06 23:00:00,1.03845,1.03877,1.03839,1.0386,1286.0,,False,5m consistent,0
2025-02-07 02:00:00,1.03848,1.03869,1.03818,1.0385,4316.0,,False,5m consistent,0
2025-02-07 04:00:00,1.03807,1.03843,1.03766,1.0382,2685.0,,False,5m consistent,1
2025-02-07 08:00:00,1.039,1.04007,1.03863,1.03986,6242.0,,False,5m consistent,0
2025-02-07 09:00:00,1.03985,1.04001,1.03907,1.0392,5426.0,,False,5m consistent,0
2025-02-07 11:00:00,1.03822,1.03851,1.03782,1.03833,3959.0,,False,5m consistent,0
2025-02-07 14:00:00,1.03645,1.03897,1.03617,1.03867,13554.0,,False,5m consistent,0
2025-02-07 15:00:00,1.03867,1.03886,1.03282,1.03561,21503.0,,False,5m consistent,0
2025-02-07 19:00:00,1.03261,1.03379,1.03247,1.03333,5321.0,,False,5m consistent,1
2025-02-10 06:00:00,1.03172,1.03208,1.03129,1.03198,3277.0,,False,5m consistent,1
2025-02-10 10:00:00,1.03274,1.03346,1.03242,1.03308,4991.0,,False,5m consistent,0
2025-02-10 11:00:00,1.03309,1.03373,1.03209,1.03214,5377.0,,False,5m consistent,1
2025-02-10 13:00:00,1.03145,1.03272,1.03144,1.03224,6709.0,,False,5m consistent,0
2025-02-10 15:00:00,1.03123,1.03206,1.03115,1.0316,7252.0,,False,5m consistent,0
2025-02-10 22:00:00,1.03111,1.03122,1.03052,1.03087,1024.0,,False,5m consistent,0
2025-02-11 01:00:00,1.03056,1.03056,1.03009,1.03028,3912.0,,False,5m consistent,0
2025-02-11 08:00:00,1.0304,1.03207,1.03006,1.03191,7539.0,,False,5m consistent,1
2025-02-11 12:00:00,1.03226,1.03296,1.03212,1.03229,5787.0,,False,5m consistent,1
2025-02-11 23:00:00,1.03635,1.03687,1.0362,1.0364,1573.0,,False,5m consistent,0
2025-02-12 03:00:00,1.03634,1.03662,1.03595,1.03629,3292.0,,False,5m consistent,1
2025-02-12 07:00:00,1.03598,1.038,1.03597,1.03767,6212.0,,False,5m consistent,0
2025-02-12 08:00:00,1.03767,1.03807,1.03687,1.03719,8296.0,,False,5m consistent,1
2025-02-12 12:00:00,1.03759,1.03798,1.03729,1.03737,5518.0,,False,5m consistent,0
2025-02-12 13:00:00,1.03738,1.0377,1.03179,1.03339,22062.0,,False,5m consistent,1
2025-02-12 14:00:00,1.03339,1.03546,1.0326,1.03511,14378.0,,False,5m consistent,1
2025-02-12 15:00:00,1.03511,1.03837,1.03389,1.03754,21412.0,,False,5m consistent,0
2025-02-12 17:00:00,1.0392,1.04283,1.03916,1.04269,17714.0,,False,5m consistent,0
2025-02-12 20:00:00,1.03916,1.03984,1.03888,1.03925,4568.0,,False,5m consistent,1
2025-02-13 06:00:00,1.04357,1.04408,1.04295,1.04318,6134.0,,False,5m consistent,0
2025-02-13 07:00:00,1.04318,1.04375,1.04234,1.04264,9570.0,,False,5m consistent,0
2025-02-13 09:00:00,1.04146,1.04273,1.04118,1.04241,7413.0,,False,5m consistent,1
2025-02-13 11:00:00,1.04166,1.04284,1.03935,1.04039,10559.0,,False,5m consistent,0
2025-02-13 12:00:00,1.04036,1.04044,1.03866,1.03907,8767.0,,False,5m consistent,1
2025-02-13 13:00:00,1.03907,1.0408,1.03759,1.03934,17060.0,,False,5m consistent,1
2025-02-13 22:00:00,1.0465,1.04705,1.04647,1.04685,954.0,,False,5m consistent,0
2025-02-14 09:00:00,1.04775,1.04885,1.04766,1.04822,7036.0,,False,5m consistent,0
2025-02-14 11:00:00,1.0468,1.04702,1.04638,1.04683,5230.0,,False,5m consistent,1
2025-02-14 14:00:00,1.04891,1.05152,1.0488,1.05095,11030.0,,False,5m consistent,0
2025-02-14 15:00:00,1.05096,1.05136,1.04917,1.05092,11551.0,,False,5m consistent,0
2025-02-14 18:00:00,1.0508,1.05089,1.05004,1.05052,3796.0,,False,5m consistent,0
2025-02-17 01:00:00,1.04932,1.05073,1.04907,1.05061,3972.0,,False,5m consistent,0
2025-02-17 04:00:00,1.04952,1.04981,1.04901,1.04963,2636.0,,False,5m consistent,0
2025-02-17 06:00:00,1.04903,1.04942,1.04887,1.04926,4230.0,,False,5m consistent,0
2025-02-17 07:00:00,1.04926,1.04963,1.04813,1.04833,7378.0,,False,5m consistent,0
2025-02-17 10:00:00,1.0475,1.04901,1.04741,1.04897,5142.0,,False,5m consistent,0
2025-02-17 11:00:00,1.04898,1.04901,1.04785,1.04827,4643.0,,False,5m consistent,0
2025-02-17 22:00:00,1.04843,1.04865,1.04819,1.04824,1115.0,,False,5m consistent,1
2025-02-17 23:00:00,1.04827,1.04866,1.04781,1.04857,1190.0,,False,5m consistent,0
2025-02-18 00:00:00,1.04858,1.04871,1.04737,1.04759,3091.0,,False,5m consistent,0
2025-02-18 02:00:00,1.04669,1.04716,1.04664,1.04684,3435.0,,False,5m consistent,0
2025-02-18 03:00:00,1.04684,1.04733,1.04626,1.04639,4581.0,,False,5m consistent,0
2025-02-18 04:00:00,1.0464,1.04648,1.04562,1.04579,3159.0,,False,5m consistent,1
2025-02-18 07:00:00,1.04624,1.047,1.04595,1.04644,6281.0,,False,5m consistent,0
2025-02-18 09:00:00,1.04577,1.0466,1.04565,1.04648,5935.0,,False,5m consistent,1
2025-02-18 11:00:00,1.04633,1.04657,1.0462,1.04637,3673.0,,False,5m consistent,0
2025-02-18 12:00:00,1.04638,1.04679,1.04536,1.0456,5348.0,,False,5m consistent,0
2025-02-18 15:00:00,1.04533,1.04679,1.04523,1.04672,9501.0,,False,5m consistent,0
2025-02-18 16:00:00,1.04671,1.04706,1.04547,1.04575,6433.0,,False,5m consistent,0
2025-02-18 17:00:00,1.04573,1.04575,1.04399,1.04468,5313.0,,False,5m consistent,0
2025-02-18 22:00:00,1.04475,1.04532,1.04466,1.04526,1254.0,,False,5m consistent,0
2025-02-19 06:00:00,1.0457,1.04623,1.04551,1.04561,3694.0,,False,5m consistent,0
2025-02-19 07:00:00,1.04561,1.04601,1.04496,1.0452,6068.0,,False,5m consistent,0
2025-02-19 08:00:00,1.04521,1.04571,1.04394,1.04413,7315.0,,False,5m consistent,1
2025-02-19 09:00:00,1.04412,1.04445,1.04291,1.04298,6839.0,,False,5m consistent,0
2025-02-19 13:00:00,1.04291,1.04362,1.0426,1.04349,6622.0,,False,5m consistent,1
2025-02-19 14:00:00,1.04347,1.04386,1.04283,1.04349,7068.0,,False,5m consistent,0
2025-02-19 15:00:00,1.04351,1.04421,1.04223,1.04249,10693.0,,False,5m consistent,0
2025-02-19 21:00:00,1.04262,1.04272,1.0423,1.04233,1429.0,,False,5m consistent,1
2025-02-19 22:00:00,1.04296,1.04296,1.0424,1.04265,824.0,,False,5m consistent,1
2025-02-20 00:00:00,1.04216,1.04311,1.04206,1.04301,4759.0,,False,5m consistent,0
2025-02-20 02:00:00,1.04222,1.04385,1.04211,1.04363,6725.0,,False,5m consistent,0
2025-02-20 03:00:00,1.04365,1.04369,1.04277,1.04321,4150.0,,False,5m consistent,1
2025-02-20 10:00:00,1.04377,1.04449,1.04351,1.04431,5373.0,,False,5m consistent,0
2025-02-20 13:00:00,1.04364,1.04558,1.04356,1.0449,8594.0,,False,5m consistent,1
2025-02-20 15:00:00,1.04473,1.04764,1.04426,1.04748,12229.0,,False,5m consistent,1
2025-02-20 18:00:00,1.04898,1.04994,1.04862,1.04987,5280.0,,False,5m consistent,1
2025-02-20 23:00:00,1.04985,1.05067,1.04982,1.05012,1722.0,,False,5m consistent,0
2025-02-21 04:00:00,1.05036,1.05057,1.04982,1.04999,2339.0,,False,5m consistent,0
2025-02-21 07:00:00,1.04896,1.05005,1.04896,1.0493,6296.0,,False,5m consistent,0
2025-02-21 08:00:00,1.0493,1.04954,1.04687,1.04773,12086.0,,False,5m consistent,0
2025-02-21 11:00:00,1.0466,1.04748,1.0464,1.04701,4542.0,,False,5m consistent,1
2025-02-21 14:00:00,1.0476,1.04936,1.0471,1.04819,11628.0,,False,5m consistent,0
2025-02-21 17:00:00,1.04555,1.04653,1.04528,1.04638,5602.0,,False,5m consistent,1
2025-02-24 03:00:00,1.05237,1.05265,1.05173,1.05204,4812.0,,False,5m consistent,0
2025-02-24 05:00:00,1.05164,1.05207,1.0511,1.05172,5490.0,,False,5m consistent,0
2025-02-24 06:00:00,1.05173,1.05173,1.05019,1.05098,4895.0,,False,5m consistent,0
2025-02-24 07:00:00,1.05099,1.05158,1.04874,1.0492,9955.0,,False,5m consistent,0
2025-02-24 08:00:00,1.0492,1.04935,1.04705,1.04809,10293.0,,False,5m consistent,0
2025-02-24 10:00:00,1.04727,1.04814,1.04677,1.0481,7080.0,,False,5m consistent,0
2025-02-24 11:00:00,1.04811,1.04823,1.04646,1.04692,5299.0,,False,5m consistent,1
2025-02-24 13:00:00,1.04697,1.04765,1.04657,1.04678,7235.0,,False,5m consistent,0
2025-02-24 16:00:00,1.04698,1.0481,1.04665,1.04784,7601.0,,False,5m consistent,1
2025-02-24 19:00:00,1.04812,1.0485,1.04737,1.04762,6457.0,,False,5m consistent,0
2025-02-25 06:00:00,1.04777,1.0481,1.04735,1.04778,3742.0,,False,5m consistent,0
2025-02-25 07:00:00,1.04779,1.04787,1.04643,1.04652,9371.0,,False,5m consistent,1
2025-02-25 09:00:00,1.04711,1.04796,1.04694,1.04739,7650.0,,False,5m consistent,1
2025-02-25 13:00:00,1.04947,1.05105,1.04943,1.0501,7713.0,,False,5m consistent,1
2025-02-25 14:00:00,1.0501,1.05058,1.04927,1.05034,9657.0,,False,5m consistent,1
2025-02-25 16:00:00,1.04993,1.05069,1.04955,1.04985,9877.0,,False,5m consistent,0
2025-02-26 00:00:00,1.05214,1.05258,1.05206,1.05236,3282.0,,False,5m consistent,0
2025-02-26 01:00:00,1.05236,1.05245,1.05148,1.05161,5551.0,,False,5m consistent,0
2025-02-26 03:00:00,1.05075,1.05094,1.0502,1.05051,3863.0,,False,5m consistent,0
2025-02-26 04:00:00,1.05049,1.05061,1.04976,1.0498,2507.0,,False,5m consistent,0
2025-02-26 08:00:00,1.04946,1.05125,1.04925,1.05034,8508.0,,False,5m consistent,0
2025-02-26 09:00:00,1.05036,1.05041,1.04955,1.04979,6553.0,,False,5m consistent,1
2025-02-26 10:00:00,1.04978,1.05018,1.0492,1.04985,6491.0,,False,5m consistent,0
2025-02-26 11:00:00,1.04983,1.0503,1.04874,1.04924,5647.0,,False,5m consistent,0
2025-02-26 14:00:00,1.04851,1.04935,1.0483,1.04907,11021.0,,False,5m consistent,1
2025-02-26 16:00:00,1.05068,1.05165,1.05028,1.05145,9398.0,,False,5m consistent,1
2025-02-26 19:00:00,1.04891,1.04943,1.04826,1.04919,8004.0,,False,5m consistent,0
2025-02-26 20:00:00,1.04917,1.04919,1.04814,1.04871,5381.0,,False,5m consistent,1
2025-02-26 23:00:00,1.04887,1.04934,1.04869,1.04889,1234.0,,False,5m consistent,0
2025-02-27 01:00:00,1.04782,1.04843,1.04738,1.04793,5073.0,,False,5m consistent,0
2025-02-27 03:00:00,1.04718,1.04753,1.04657,1.04665,3351.0,,False,5m consistent,1
2025-02-27 09:00:00,1.04795,1.0486,1.04761,1.04851,6367.0,,False,5m consistent,0
2025-02-27 10:00:00,1.04848,1.04852,1.04746,1.04824,5764.0,,False,5m consistent,1
2025-02-27 12:00:00,1.04768,1.04849,1.04739,1.04775,7333.0,,False,5m consistent,0
2025-02-27 13:00:00,1.04774,1.04907,1.04202,1.04242,20632.0,,False,5m consistent,1
2025-02-27 14:00:00,1.04241,1.04427,1.04147,1.04212,18654.0,,False,5m consistent,1
2025-02-27 15:00:00,1.04211,1.04286,1.04103,1.04159,14825.0,,False,5m consistent,0
2025-02-27 16:00:00,1.04159,1.0417,1.0404,1.04145,9128.0,,False,5m consistent,1
2025-02-27 18:00:00,1.04083,1.04184,1.04083,1.04179,5206.0,,False,5m consistent,0
2025-02-27 20:00:00,1.04054,1.04092,1.04023,1.04061,5259.0,,False,5m consistent,0
2025-02-27 21:00:00,1.0406,1.04062,1.03976,1.03998,2771.0,,False,5m consistent,1
2025-02-28 00:00:00,1.03947,1.04037,1.03947,1.04034,4286.0,,False,5m consistent,0
2025-02-28 08:00:00,1.03968,1.04052,1.0396,1.0402,7823.0,,False,5m consistent,1
2025-02-28 14:00:00,1.04076,1.04151,1.04019,1.04107,10893.0,,False,5m consistent,0
2025-02-28 16:00:00,1.04007,1.04124,1.03988,1.04025,12499.0,,False,5m consistent,0
2025-02-28 17:00:00,1.04025,1.0411,1.03908,1.03973,10398.0,,False,5m consistent,0
2025-03-03 02:00:00,1.04206,1.04243,1.04158,1.04208,5282.0,,False,5m consistent,0
2025-03-03 05:00:00,1.04187,1.04204,1.04134,1.04152,3180.0,,False,5m consistent,0
2025-03-03 07:00:00,1.0409,1.04111,1.04027,1.04064,8247.0,,False,5m consistent,0
2025-03-03 12:00:00,1.04534,1.04771,1.04534,1.04713,10957.0,,False,5m consistent,1
2025-03-03 16:00:00,1.04853,1.05023,1.04848,1.0497,9518.0,,False,5m consistent,1
2025-03-03 17:00:00,1.04969,1.04977,1.04873,1.04912,6571.0,,False,5m consistent,1
2025-03-03 18:00:00,1.04912,1.05047,1.04827,1.0488,9413.0,,False,5m consistent,1
2025-03-03 22:00:00,1.04895,1.04911,1.0488,1.0489,896.0,,False,5m consistent,1
2025-03-03 23:00:00,1.0489,1.04934,1.04774,1.04865,2967.0,,False,5m consistent,1
2025-03-04 01:00:00,1.0489,1.0497,1.04832,1.04892,9473.0,,False,5m consistent,0
2025-03-04 08:00:00,1.04937,1.05248,1.04871,1.05196,14551.0,,False,5m consistent,1
2025-03-04 09:00:00,1.05195,1.05282,1.05102,1.0513,9979.0,,False,5m consistent,1
2025-03-04 12:00:00,1.05451,1.05578,1.05369,1.05539,10830.0,,False,5m consistent,0
2025-03-04 13:00:00,1.05541,1.05603,1.05315,1.05398,13979.0,,False,5m consistent,0
2025-03-04 14:00:00,1.05398,1.05495,1.05214,1.05222,16242.0,,False,5m consistent,0
2025-03-04 15:00:00,1.05222,1.05288,1.04972,1.05273,16785.0,,False,5m consistent,1
2025-03-04 23:00:00,1.06203,1.0638,1.06203,1.06241,3883.0,,False,5m consistent,1
2025-03-05 00:00:00,1.06239,1.06283,1.06116,1.06219,7200.0,,False,5m consistent,0
2025-03-05 07:00:00,1.06332,1.06775,1.06306,1.06752,15827.0,,False,5m consistent,1
2025-03-05 09:00:00,1.06993,1.07231,1.06965,1.07127,15337.0,,False,5m consistent,0
2025-03-05 10:00:00,1.07127,1.0716,1.06845,1.06979,10646.0,,False,5m consistent,1
2025-03-05 14:00:00,1.07166,1.07778,1.07145,1.07715,22896.0,,False,5m consistent,0
2025-03-05 17:00:00,1.07677,1.07888,1.07632,1.07858,14730.0,,False,5m consistent,1
2025-03-06 01:00:00,1.07954,1.08212,1.07903,1.0816,8362.0,,False,5m consistent,0
2025-03-06 02:00:00,1.08161,1.08201,1.07987,1.08061,8305.0,,False,5m consistent,0
2025-03-06 05:00:00,1.08044,1.08126,1.08009,1.08111,5571.0,,False,5m consistent,1
2025-03-06 06:00:00,1.08112,1.08209,1.08001,1.08037,8005.0,,False,5m consistent,1
2025-03-06 08:00:00,1.07999,1.08178,1.07938,1.0802,20904.0,,False,5m consistent,0
2025-03-06 09:00:00,1.0802,1.08076,1.07811,1.08008,14888.0,,False,5m consistent,1
2025-03-06 11:00:00,1.07926,1.08019,1.0784,1.08001,7790.0,,False,5m consistent,1
2025-03-06 13:00:00,1.08009,1.08464,1.07923,1.08269,23346.0,,False,5m consistent,1
2025-03-06 14:00:00,1.08269,1.08423,1.08121,1.0838,27798.0,,False,5m consistent,0
2025-03-06 16:00:00,1.0818,1.08382,1.08161,1.08183,19013.0,,False,5m consistent,0
2025-03-06 17:00:00,1.08183,1.08231,1.07922,1.07979,14555.0,,False,5m consistent,0
2025-03-06 19:00:00,1.07846,1.08124,1.07835,1.08026,9063.0,,False,5m consistent,0
2025-03-07 10:00:00,1.08623,1.08679,1.08583,1.08615,9182.0,,False,5m consistent,0
2025-03-07 12:00:00,1.08494,1.0858,1.08421,1.08553,10542.0,,False,5m consistent,1
2025-03-07 14:00:00,1.08455,1.08828,1.0845,1.08545,24094.0,,False,5m consistent,1
2025-03-07 15:00:00,1.08546,1.08879,1.08364,1.08708,22100.0,,False,5m consistent,0
2025-03-07 16:00:00,1.0871,1.08736,1.08382,1.08595,13697.0,,False,5m consistent,0
2025-03-07 17:00:00,1.08598,1.08651,1.08328,1.08443,14896.0,,False,5m consistent,1
2025-03-07 20:00:00,1.08433,1.085,1.08409,1.08482,4847.0,,False,5m consistent,0
2025-03-10 01:00:00,1.0865,1.08722,1.08535,1.08538,7930.0,,False,5m consistent,0
2025-03-10 06:00:00,1.08359,1.08457,1.08354,1.08383,7021.0,,False,5m consistent,0
2025-03-10 07:00:00,1.08383,1.08452,1.08117,1.08236,11354.0,,False,5m consistent,1
2025-03-10 10:00:00,1.08519,1.08755,1.08514,1.08619,12121.0,,False,5m consistent,0
2025-03-10 14:00:00,1.0836,1.08475,1.08323,1.0846,13198.0,,False,5m consistent,0
2025-03-10 17:00:00,1.08312,1.08466,1.08265,1.08306,7982.0,,False,5m consistent,1
2025-03-10 18:00:00,1.08306,1.08363,1.08185,1.08305,8110.0,,False,5m consistent,1
2025-03-11 04:00:00,1.08551,1.08625,1.08513,1.08553,3568.0,,False,5m consistent,0
2025-03-11 08:00:00,1.08914,1.09201,1.08855,1.0918,14906.0,,False,5m consistent,0
2025-03-11 09:00:00,1.09179,1.09218,1.08968,1.09093,10748.0,,False,5m consistent,0
2025-03-11 13:00:00,1.09189,1.09316,1.09123,1.09208,11823.0,,False,5m consistent,0
2025-03-11 18:00:00,1.09351,1.09481,1.09259,1.09317,12845.0,,False,5m consistent,0
2025-03-11 19:00:00,1.09318,1.09349,1.09205,1.09207,8361.0,,False,5m consistent,0
2025-03-11 20:00:00,1.09211,1.09218,1.09109,1.09201,2961.0,,False,5m consistent,0
2025-03-11 23:00:00,1.09165,1.09186,1.0914,1.0915,1734.0,,False,5m consistent,0
2025-03-12 05:00:00,1.08997,1.09052,1.0896,1.09044,4949.0,,False,5m consistent,0
2025-03-12 08:00:00,1.09025,1.09226,1.08986,1.09223,14748.0,,False,5m consistent,0
2025-03-12 09:00:00,1.09225,1.09274,1.09141,1.09153,11112.0,,False,5m consistent,0
2025-03-12 15:00:00,1.09139,1.09251,1.09108,1.09251,11984.0,,False,5m consistent,0
2025-03-12 17:00:00,1.09065,1.09151,1.09042,1.09077,7777.0,,False,5m consistent,0
2025-03-13 02:00:00,1.08899,1.0898,1.08897,1.08963,4191.0,,False,5m consistent,0
2025-03-13 04:00:00,1.08857,1.08944,1.08825,1.08943,2943.0,,False,5m consistent,0
2025-03-13 05:00:00,1.08943,1.08943,1.08802,1.08861,4423.0,,False,5m consistent,0
2025-03-13 06:00:00,1.0886,1.08865,1.087,1.08754,6143.0,,False,5m consistent,0
2025-03-13 09:00:00,1.08737,1.08863,1.08696,1.08801,8502.0,,False,5m consistent,0
2025-03-13 10:00:00,1.08803,1.08837,1.08633,1.0871,8038.0,,False,5m consistent,0
2025-03-13 11:00:00,1.0871,1.08758,1.08454,1.08572,12255.0,,False,5m consistent,1
2025-03-13 12:00:00,1.08573,1.08804,1.0827,1.08355,19613.0,,False,5m consistent,1
2025-03-13 14:00:00,1.08481,1.08707,1.08469,1.0866,13763.0,,False,5m consistent,1
2025-03-13 16:00:00,1.08593,1.0879,1.0856,1.08734,10618.0,,False,5m consistent,0
2025-03-14 00:00:00,1.08557,1.08594,1.08492,1.085,4482.0,,False,5m consistent,0
2025-03-14 03:00:00,1.08412,1.08468,1.08385,1.08466,4020.0,,False,5m consistent,1
2025-03-14 05:00:00,1.08419,1.08524,1.08416,1.08517,3563.0,,False,5m consistent,0
2025-03-14 06:00:00,1.08515,1.08517,1.08359,1.08397,4816.0,,False,5m consistent,1
2025-03-14 12:00:00,1.08976,1.09123,1.08909,1.08955,10109.0,,False,5m consistent,0
2025-03-14 14:00:00,1.08754,1.08874,1.08663,1.08788,14382.0,,False,5m consistent,1
2025-03-17 04:00:00,1.08842,1.08948,1.08784,1.0883,3419.0,,False,5m consistent,0
2025-03-17 06:00:00,1.08786,1.08853,1.08741,1.08787,3903.0,,False,5m consistent,1
2025-03-17 08:00:00,1.08771,1.08878,1.08713,1.08846,9509.0,,False,5m consistent,1
2025-03-17 10:00:00,1.09008,1.09105,1.08971,1.09086,6089.0,,False,5m consistent,0
2025-03-17 11:00:00,1.09087,1.09128,1.08969,1.09029,5482.0,,False,5m consistent,1
2025-03-17 16:00:00,1.09223,1.09271,1.09152,1.0922,6058.0,,False,5m consistent,1
2025-03-18 01:00:00,1.09167,1.092,1.0913,1.09143,3326.0,,False,5m consistent,0
2025-03-18 08:00:00,1.0936,1.09555,1.09337,1.09524,8862.0,,False,5m consistent,0
2025-03-18 09:00:00,1.09526,1.09541,1.09403,1.09514,6553.0,,False,5m consistent,0
2025-03-18 10:00:00,1.09512,1.09535,1.09326,1.0935,8395.0,,False,5m consistent,0
2025-03-18 11:00:00,1.0935,1.09381,1.0915,1.09172,6994.0,,False,5m consistent,0
2025-03-18 12:00:00,1.09174,1.09246,1.08934,1.09124,7829.0,,False,5m consistent,1
2025-03-18 17:00:00,1.09394,1.09527,1.09394,1.0951,6857.0,,False,5m consistent,0
2025-03-18 23:00:00,1.09428,1.09445,1.09384,1.09394,1183.0,,False,5m consistent,1
2025-03-19 02:00:00,1.09379,1.0946,1.09365,1.09418,2157.0,,False,5m consistent,0
2025-03-19 03:00:00,1.09418,1.09446,1.09337,1.09391,1932.0,,False,5m consistent,0
2025-03-19 05:00:00,1.09307,1.09372,1.09307,1.09321,2477.0,,False,5m consistent,0
2025-03-19 06:00:00,1.09321,1.09334,1.09214,1.09216,4196.0,,False,5m consistent,0
2025-03-19 08:00:00,1.08938,1.09114,1.08931,1.09082,9879.0,,False,5m consistent,0
2025-03-19 09:00:00,1.09083,1.09111,1.08962,1.09034,6797.0,,False,5m consistent,1
2025-03-19 11:00:00,1.09008,1.09142,1.08947,1.09092,5910.0,,False,5m consistent,0
2025-03-19 12:00:00,1.09094,1.09185,1.09,1.09019,8720.0,,False,5m consistent,0
2025-03-19 13:00:00,1.0902,1.09046,1.08936,1.08952,9625.0,,False,5m consistent,0
2025-03-19 14:00:00,1.08951,1.09014,1.08826,1.08847,7366.0,,False,5m consistent,0
2025-03-19 16:00:00,1.08778,1.08871,1.08768,1.0886,5592.0,,False,5m consistent,0
2025-03-19 18:00:00,1.08717,1.09143,1.08674,1.09085,22480.0,,False,5m consistent,0
2025-03-19 23:00:00,1.09095,1.09128,1.0906,1.09126,1702.0,,False,5m consistent,1
2025-03-20 00:00:00,1.09127,1.09174,1.09046,1.09132,4695.0,,False,5m consistent,1
2025-03-20 03:00:00,1.091,1.0915,1.09079,1.09106,3024.0,,False,5m consistent,0
2025-03-20 04:00:00,1.09106,1.09114,1.09013,1.09041,2645.0,,False,5m consistent,0
2025-03-20 06:00:00,1.08963,1.08998,1.08906,1.08943,4568.0,,False,5m consistent,0
2025-03-20 07:00:00,1.0894,1.08952,1.08655,1.08803,8165.0,,False,5m consistent,0
2025-03-20 08:00:00,1.08802,1.08866,1.08639,1.08662,10176.0,,False,5m consistent,0
2025-03-20 09:00:00,1.0866,1.08693,1.08392,1.08529,10089.0,,False,5m consistent,0
2025-03-20 11:00:00,1.08471,1.08527,1.08401,1.08503,6542.0,,False,5m consistent,0
2025-03-20 12:00:00,1.08504,1.08566,1.08317,1.08346,9441.0,,False,5m consistent,0
2025-03-20 16:00:00,1.08479,1.08531,1.0843,1.08495,6341.0,,False,5m consistent,1
2025-03-21 01:00:00,1.08538,1.08564,1.08493,1.08531,4053.0,,False,5m consistent,0
2025-03-21 02:00:00,1.0853,1.0856,1.08432,1.0845,3447.0,,False,5m consistent,0
2025-03-21 03:00:00,1.0845,1.08472,1.08343,1.08355,2508.0,,False,5m consistent,0
2025-03-21 04:00:00,1.08355,1.08373,1.08284,1.08311,2144.0,,False,5m consistent,1
2025-03-21 06:00:00,1.08294,1.08383,1.08251,1.08349,4222.0,,False,5m consistent,1
2025-03-21 07:00:00,1.08348,1.08426,1.08277,1.08398,6192.0,,False,5m consistent,0
2025-03-21 08:00:00,1.08398,1.08464,1.08248,1.08369,7321.0,,False,5m consistent,0
2025-03-21 11:00:00,1.0838,1.08523,1.08359,1.08517,5438.0,,False,5m consistent,0
2025-03-21 13:00:00,1.08329,1.08368,1.08259,1.08328,8851.0,,False,5m consistent,0
2025-03-21 14:00:00,1.0833,1.08365,1.08194,1.08245,7738.0,,False,5m consistent,0
2025-03-21 16:00:00,1.0807,1.08258,1.08054,1.0819,10130.0,,False,5m consistent,1
2025-03-24 00:00:00,1.08369,1.08408,1.08336,1.08381,3651.0,,False,5m consistent,0
2025-03-24 08:00:00,1.0839,1.08591,1.08384,1.0844,12413.0,,False,5m consistent,0
2025-03-24 10:00:00,1.08402,1.08556,1.08374,1.0849,6425.0,,False,5m consistent,0
2025-03-24 11:00:00,1.08489,1.08503,1.0833,1.08334,5468.0,,False,5m consistent,0
2025-03-24 12:00:00,1.08332,1.08354,1.08223,1.08306,6695.0,,False,5m consistent,0
2025-03-24 14:00:00,1.0794,1.08212,1.07913,1.08003,11383.0,,False,5m consistent,1
2025-03-24 15:00:00,1.08005,1.08063,1.07914,1.07948,9562.0,,False,5m consistent,1
2025-03-25 01:00:00,1.0801,1.08096,1.08008,1.0803,3776.0,,False,5m consistent,1
2025-03-25 05:00:00,1.08042,1.08081,1.0802,1.08039,1957.0,,False,5m consistent,0
2025-03-25 06:00:00,1.08038,1.08054,1.07938,1.07956,3427.0,,False,5m consistent,0
2025-03-25 07:00:00,1.07955,1.08029,1.0786,1.07882,6006.0,,False,5m consistent,1
2025-03-25 10:00:00,1.08013,1.08254,1.08008,1.0821,7403.0,,False,5m consistent,1
2025-03-25 12:00:00,1.08187,1.0831,1.08165,1.08261,6736.0,,False,5m consistent,0
2025-03-25 13:00:00,1.08261,1.08288,1.08147,1.08179,8283.0,,False,5m consistent,0
2025-03-25 14:00:00,1.08178,1.08228,1.08028,1.08134,11154.0,,False,5m consistent,0
2025-03-25 17:00:00,1.08075,1.08178,1.08067,1.08104,5231.0,,False,5m consistent,0
2025-03-25 18:00:00,1.08104,1.08104,1.07979,1.07995,4128.0,,False,5m consistent,0
2025-03-26 00:00:00,1.07897,1.07931,1.07844,1.07851,3128.0,,False,5m consistent,1
2025-03-26 02:00:00,1.07945,1.07981,1.0791,1.0796,2655.0,,False,5m consistent,0
2025-03-26 04:00:00,1.0787,1.07887,1.07819,1.07849,1867.0,,False,5m consistent,1
2025-03-26 08:00:00,1.0787,1.08007,1.07862,1.08001,8681.0,,False,5m consistent,1
2025-03-26 09:00:00,1.07999,1.08037,1.07937,1.07966,5726.0,,False,5m consistent,0
2025-03-26 11:00:00,1.07927,1.07987,1.07894,1.0793,4776.0,,False,5m consistent,0
2025-03-26 12:00:00,1.07931,1.07945,1.07827,1.07852,8949.0,,False,5m consistent,0
2025-03-26 14:00:00,1.07755,1.07963,1.07739,1.07915,10667.0,,False,5m consistent,0
2025-03-26 16:00:00,1.07816,1.07927,1.07778,1.07885,8151.0,,False,5m consistent,0
2025-03-26 18:00:00,1.07574,1.07624,1.0754,1.07561,5822.0,,False,5m consistent,0
2025-03-26 20:00:00,1.07526,1.07577,1.07514,1.07539,2290.0,,False,5m consistent,0
2025-03-27 04:00:00,1.07791,1.07879,1.07779,1.07813,2355.0,,False,5m consistent,0
2025-03-27 06:00:00,1.07698,1.07836,1.0769,1.07739,4693.0,,False,5m consistent,0
2025-03-27 07:00:00,1.07737,1.07753,1.07549,1.07656,9184.0,,False,5m consistent,1
2025-03-27 08:00:00,1.07657,1.07777,1.07564,1.07766,11738.0,,False,5m consistent,0
2025-03-27 12:00:00,1.07879,1.07991,1.07841,1.07878,7412.0,,False,5m consistent,1
2025-03-27 16:00:00,1.08004,1.08008,1.07926,1.07999,7961.0,,False,5m consistent,1
2025-03-27 23:00:00,1.0797,1.08024,1.0797,1.08017,1127.0,,False,5m consistent,0
2025-03-28 03:00:00,1.07955,1.07977,1.07917,1.07929,1923.0,,False,5m consistent,1
2025-03-28 05:00:00,1.07893,1.0794,1.07873,1.07918,2299.0,,False,5m consistent,1
2025-03-28 07:00:00,1.07863,1.08007,1.07824,1.07883,5898.0,,False,5m consistent,0
2025-03-28 08:00:00,1.07876,1.07975,1.07758,1.07791,7353.0,,False,5m consistent,0
2025-03-28 09:00:00,1.07791,1.07813,1.07697,1.07745,5560.0,,False,5m consistent,1
2025-03-28 11:00:00,1.07694,1.07756,1.07654,1.07727,4179.0,,False,5m consistent,1
2025-03-28 16:00:00,1.08257,1.0834,1.08209,1.08225,6999.0,,False,5m consistent,1
2025-03-31 00:00:00,1.08246,1.08426,1.08239,1.08426,5155.0,,False,5m consistent,1
2025-03-31 02:00:00,1.08334,1.08466,1.08299,1.08414,3113.0,,False,5m consistent,0
2025-03-31 05:00:00,1.0835,1.0844,1.08321,1.08352,3678.0,,False,5m consistent,1
2025-03-31 06:00:00,1.08353,1.08458,1.08255,1.08382,8869.0,,False,5m consistent,0
2025-03-31 07:00:00,1.08383,1.08503,1.08216,1.08325,11658.0,,False,5m consistent,0
2025-03-31 08:00:00,1.08326,1.08351,1.08125,1.08281,9217.0,,False,5m consistent,0
2025-03-31 09:00:00,1.08283,1.08313,1.08154,1.08169,6401.0,,False,5m consistent,1
2025-03-31 11:00:00,1.08194,1.08302,1.08161,1.08206,7107.0,,False,5m consistent,0
2025-03-31 13:00:00,1.08045,1.08224,1.08035,1.08091,9583.0,,False,5m consistent,0
2025-03-31 14:00:00,1.08088,1.08095,1.07847,1.08028,12263.0,,False,5m consistent,1
2025-03-31 15:00:00,1.08024,1.08177,1.07914,1.07949,13885.0,,False,5m consistent,1
2025-04-01 00:00:00,1.08185,1.08275,1.08184,1.08261,3977.0,,False,5m consistent,1
2025-04-01 04:00:00,1.08276,1.08309,1.08257,1.08258,2130.0,,False,5m consistent,0
2025-04-01 05:00:00,1.0826,1.08261,1.08073,1.0808,3835.0,,False,5m consistent,1
2025-04-01 06:00:00,1.08079,1.08113,1.07998,1.08091,6752.0,,False,5m consistent,1
2025-04-01 09:00:00,1.08185,1.083,1.08156,1.08181,6022.0,,False,5m consistent,0
2025-04-01 10:00:00,1.08185,1.08193,1.0791,1.0799,9623.0,,False,5m consistent,0
2025-04-01 12:00:00,1.0782,1.07961,1.0782,1.0788,7261.0,,False,5m consistent,1
2025-04-01 14:00:00,1.07874,1.08133,1.07863,1.08084,15049.0,,False,5m consistent,0
2025-04-01 16:00:00,1.08002,1.0804,1.07935,1.08005,6850.0,,False,5m consistent,0
2025-04-01 17:00:00,1.08007,1.08054,1.07921,1.07937,3990.0,,False,5m consistent,1
2025-04-02 04:00:00,1.07964,1.07984,1.07933,1.07934,1440.0,,False,5m consistent,1
2025-04-02 06:00:00,1.07904,1.07973,1.07882,1.07938,5340.0,,False,5m consistent,0
2025-04-02 09:00:00,1.07981,1.08091,1.07967,1.08069,5001.0,,False,5m consistent,0
2025-04-02 11:00:00,1.07956,1.0807,1.0792,1.08033,5497.0,,False,5m consistent,1
2025-04-02 13:00:00,1.08199,1.083,1.08157,1.08275,8900.0,,False,5m consistent,1
2025-04-02 14:00:00,1.08275,1.08624,1.08198,1.08592,12641.0,,False,5m consistent,1
2025-04-02 15:00:00,1.08593,1.08741,1.08517,1.08682,11080.0,,False,5m consistent,0
2025-04-02 20:00:00,1.08504,1.09251,1.08114,1.08572,42108.0,,False,5m consistent,0
2025-04-02 21:00:00,1.08499,1.0859,1.08121,1.08296,1794.0,,False,5m consistent,0
2025-04-02 23:00:00,1.08401,1.09119,1.08384,1.09052,19553.0,,False,5m consistent,1
2025-04-03 06:00:00,1.0945,1.09909,1.09355,1.09904,21164.0,,False,5m consistent,0
2025-04-03 14:00:00,1.10856,1.11284,1.10808,1.11191,25771.0,,False,5m consistent,0
2025-04-03 18:00:00,1.10252,1.10417,1.10202,1.10382,7525.0,,False,5m consistent,1
2025-04-03 22:00:00,1.10526,1.10724,1.10505,1.10651,3374.0,,False,5m consistent,1
2025-04-04 05:00:00,1.10883,1.11086,1.10792,1.10851,8569.0,,False,5m consistent,0
2025-04-04 06:00:00,1.1085,1.10871,1.10507,1.10513,12700.0,,False,5m consistent,0
2025-04-04 07:00:00,1.10515,1.10678,1.10005,1.10047,18701.0,,False,5m consistent,1
2025-04-04 08:00:00,1.10046,1.10104,1.09763,1.09972,23394.0,,False,5m consistent,1
2025-04-04 09:00:00,1.09973,1.09983,1.09722,1.09853,17724.0,,False,5m consistent,1
2025-04-04 11:00:00,1.10313,1.10807,1.10229,1.10611,36687.0,,False,5m consistent,0
2025-04-04 13:00:00,1.10212,1.10489,1.10058,1.10066,41282.0,,False,5m consistent,0
2025-04-04 15:00:00,1.09869,1.10176,1.09679,1.10146,45354.0,,False,5m consistent,0
2025-04-04 16:00:00,1.10148,1.10208,1.09625,1.09723,25946.0,,False,5m consistent,0
2025-04-07 01:00:00,1.09681,1.09811,1.09553,1.09688,23098.0,,False,5m consistent,0
2025-04-07 05:00:00,1.0986,1.10218,1.09787,1.10194,17677.0,,False,5m consistent,1
2025-04-07 07:00:00,1.10035,1.10509,1.09987,1.10015,35186.0,,False,5m consistent,1
2025-04-07 08:00:00,1.10021,1.10228,1.09689,1.09928,28569.0,,False,5m consistent,0
2025-04-07 10:00:00,1.09637,1.09916,1.09586,1.09595,24181.0,,False,5m consistent,1
2025-04-07 11:00:00,1.09597,1.09705,1.09358,1.09705,26239.0,,False,5m consistent,1
2025-04-07 12:00:00,1.09705,1.09923,1.09401,1.09746,31917.0,,False,5m consistent,1
2025-04-07 13:00:00,1.09746,1.0978,1.0938,1.09422,29664.0,,False,5m consistent,0
2025-04-07 18:00:00,1.09396,1.09536,1.09245,1.09345,14291.0,,False,5m consistent,1
2025-04-08 04:00:00,1.09641,1.09805,1.09629,1.09769,6474.0,,False,5m consistent,1
2025-04-08 06:00:00,1.09688,1.09929,1.09622,1.09775,16180.0,,False,5m consistent,0
2025-04-08 08:00:00,1.09245,1.09497,1.09236,1.09374,16437.0,,False,5m consistent,1
2025-04-08 12:00:00,1.09351,1.09693,1.09351,1.09492,15994.0,,False,5m consistent,0
2025-04-08 13:00:00,1.09492,1.09567,1.09279,1.09367,24402.0,,False,5m consistent,0
2025-04-09 04:00:00,1.10205,1.10698,1.10197,1.10694,22434.0,,False,5m consistent,0
2025-04-09 05:00:00,1.10692,1.10692,1.103,1.10625,20543.0,,False,5m consistent,1
2025-04-09 06:00:00,1.10626,1.10908,1.10434,1.10738,35773.0,,False,5m consistent,0
2025-04-09 07:00:00,1.10738,1.10808,1.10104,1.10162,40740.0,,False,5m consistent,1
2025-04-09 08:00:00,1.10161,1.10361,1.09989,1.10283,28061.0,,False,5m consistent,1
2025-04-09 09:00:00,1.10284,1.10511,1.10102,1.10449,21013.0,,False,5m consistent,1
2025-04-09 12:00:00,1.10365,1.1096,1.10357,1.10764,29007.0,,False,5m consistent,0
2025-04-09 13:00:00,1.10765,1.10829,1.10337,1.1046,32368.0,,False,5m consistent,1
2025-04-09 15:00:00,1.10417,1.10703,1.10375,1.10391,17022.0,,False,5m consistent,0
2025-04-09 16:00:00,1.10392,1.10434,1.10144,1.1021,13221.0,,False,5m consistent,1
2025-04-09 17:00:00,1.10212,1.10649,1.09469,1.09789,54262.0,,False,5m consistent,0
2025-04-09 18:00:00,1.0979,1.09839,1.09142,1.09648,41637.0,,False,5m consistent,1
2025-04-10 05:00:00,1.09837,1.09966,1.09785,1.09867,7600.0,,False,5m consistent,1
2025-04-10 06:00:00,1.09865,1.099,1.09636,1.0984,16211.0,,False,5m consistent,1
2025-04-10 14:00:00,1.11277,1.11872,1.11253,1.11864,25695.0,,False,5m consistent,1
2025-04-10 16:00:00,1.11914,1.1211,1.11784,1.11977,26913.0,,False,5m consistent,1
2025-04-10 18:00:00,1.12111,1.12427,1.12021,1.12164,18796.0,,False,5m consistent,0
2025-04-10 19:00:00,1.12162,1.12206,1.11595,1.12065,20033.0,,False,5m consistent,1
2025-04-10 22:00:00,1.12,1.12361,1.11985,1.12354,7430.0,,False,5m consistent,1
2025-04-11 00:00:00,1.12582,1.13871,1.12522,1.13111,44849.0,,False,5m consistent,1
2025-04-11 03:00:00,1.13037,1.13553,1.13029,1.13418,16728.0,,False,5m consistent,0
2025-04-11 04:00:00,1.13419,1.13423,1.13111,1.13235,12054.0,,False,5m consistent,0
2025-04-11 05:00:00,1.13234,1.13246,1.12718,1.12871,15403.0,,False,5m consistent,1
2025-04-11 08:00:00,1.13645,1.14747,1.13501,1.14281,48504.0,,False,5m consistent,0
2025-04-11 09:00:00,1.1428,1.14281,1.13856,1.13865,31557.0,,False,5m consistent,0
2025-04-11 12:00:00,1.13296,1.13996,1.13254,1.13964,33321.0,,False,5m consistent,0
2025-04-11 13:00:00,1.13963,1.14132,1.13248,1.1363,46292.0,,False,5m consistent,0
2025-04-11 15:00:00,1.13411,1.13509,1.13131,1.13256,27113.0,,False,5m consistent,1
2025-04-14 06:00:00,1.13862,1.14248,1.13774,1.14179,22593.0,,False,5m consistent,0
2025-04-14 11:00:00,1.13882,1.14069,1.13734,1.13847,10640.0,,False,5m consistent,0
2025-04-14 12:00:00,1.13847,1.13896,1.13353,1.13397,17836.0,,False,5m consistent,0
2025-04-14 15:00:00,1.13685,1.13828,1.13535,1.13582,17605.0,,False,5m consistent,1
2025-04-14 22:00:00,1.13588,1.13624,1.13461,1.13547,2381.0,,False,5m consistent,0
2025-04-14 23:00:00,1.13546,1.13553,1.13346,1.13372,5007.0,,False,5m consistent,1
2025-04-15 05:00:00,1.13578,1.1369,1.13498,1.13514,6858.0,,False,5m consistent,0
2025-04-15 10:00:00,1.13396,1.13501,1.13332,1.13452,8972.0,,False,5m consistent,0
2025-04-15 11:00:00,1.13451,1.13451,1.13148,1.13274,11912.0,,False,5m consistent,0
2025-04-15 13:00:00,1.13135,1.13295,1.13058,1.13184,18896.0,,False,5m consistent,0
2025-04-15 14:00:00,1.13182,1.13304,1.12862,1.13298,25103.0,,False,5m consistent,0
2025-04-15 15:00:00,1.13298,1.13301,1.12831,1.12896,15714.0,,False,5m consistent,1
2025-04-15 22:00:00,1.12866,1.13003,1.12848,1.12965,2733.0,,False,5m consistent,1
2025-04-16 05:00:00,1.13469,1.13865,1.13422,1.13818,11054.0,,False,5m consistent,1
2025-04-16 07:00:00,1.13617,1.13932,1.136,1.1388,14301.0,,False,5m consistent,0
2025-04-16 08:00:00,1.13881,1.13891,1.1339,1.13707,24168.0,,False,5m consistent,1
2025-04-16 11:00:00,1.13588,1.1375,1.13557,1.1364,13193.0,,False,5m consistent,1
2025-04-16 13:00:00,1.13525,1.13748,1.13506,1.13684,20490.0,,False,5m consistent,1
2025-04-16 14:00:00,1.13684,1.1385,1.13549,1.13847,18774.0,,False,5m consistent,0
2025-04-16 16:00:00,1.13825,1.13879,1.1371,1.13757,10569.0,,False,5m consistent,1
2025-04-16 23:00:00,1.14003,1.14103,1.1395,1.13966,4853.0,,False,5m consistent,0
2025-04-17 00:00:00,1.13965,1.1398,1.13659,1.13688,12937.0,,False,5m consistent,1
2025-04-17 02:00:00,1.13664,1.13828,1.13657,1.13792,7670.0,,False,5m consistent,0
2025-04-17 04:00:00,1.13651,1.13708,1.13611,1.13632,3946.0,,False,5m consistent,0
2025-04-17 09:00:00,1.13793,1.13818,1.13709,1.13733,10065.0,,False,5m consistent,0
2025-04-17 11:00:00,1.13605,1.13712,1.13567,1.13574,10028.0,,False,5m consistent,0
2025-04-17 13:00:00,1.13574,1.13789,1.13516,1.13621,24871.0,,False,5m consistent,0
2025-04-17 15:00:00,1.13504,1.13775,1.13484,1.1364,14171.0,,False,5m consistent,0
2025-04-18 05:00:00,1.13707,1.13764,1.1363,1.13713,8767.0,,False,5m consistent,1
2025-04-18 14:00:00,1.13806,1.13988,1.13802,1.1398,5933.0,,False,5m consistent,0
2025-04-21 03:00:00,1.15055,1.15258,1.15055,1.1516,6939.0,,False,5m consistent,1
2025-04-21 05:00:00,1.15181,1.15358,1.15156,1.15323,8166.0,,False,5m consistent,0
2025-04-21 07:00:00,1.15161,1.1569,1.15104,1.15567,14293.0,,False,5m consistent,1
2025-04-21 08:00:00,1.15566,1.15657,1.15385,1.15591,14375.0,,False,5m consistent,0
2025-04-21 09:00:00,1.15591,1.15743,1.15457,1.15479,11757.0,,False,5m consistent,0
2025-04-21 11:00:00,1.15245,1.15486,1.1514,1.15436,10971.0,,False,5m consistent,0
2025-04-21 12:00:00,1.15439,1.15508,1.15224,1.15435,12389.0,,False,5m consistent,0
2025-04-21 13:00:00,1.15431,1.15438,1.15024,1.15201,16036.0,,False,5m consistent,0
2025-04-21 14:00:00,1.15199,1.15258,1.14905,1.14986,16851.0,,False,5m consistent,1
2025-04-21 16:00:00,1.15082,1.15143,1.15014,1.15103,8631.0,,False,5m consistent,1
2025-04-21 22:00:00,1.15158,1.15264,1.15076,1.15243,1879.0,,False,5m consistent,0
2025-04-21 23:00:00,1.15245,1.1525,1.15085,1.15152,5013.0,,False,5m consistent,0
2025-04-22 04:00:00,1.15357,1.15411,1.15281,1.15311,5827.0,,False,5m consistent,1
2025-04-22 05:00:00,1.1531,1.15484,1.15193,1.15429,12376.0,,False,5m consistent,0
2025-04-22 06:00:00,1.15432,1.15467,1.1497,1.15016,19152.0,,False,5m consistent,1
2025-04-22 08:00:00,1.15066,1.1516,1.14955,1.15007,16454.0,,False,5m consistent,0
2025-04-22 11:00:00,1.14894,1.15016,1.14847,1.14867,11155.0,,False,5m consistent,1
2025-04-22 12:00:00,1.14868,1.14912,1.1462,1.14712,17786.0,,False,5m consistent,1
2025-04-22 13:00:00,1.14712,1.14861,1.1457,1.14751,16528.0,,False,5m consistent,1
2025-04-22 14:00:00,1.1475,1.1493,1.14619,1.14789,16308.0,,False,5m consistent,0
2025-04-22 15:00:00,1.14788,1.14864,1.14644,1.14657,13683.0,,False,5m consistent,0
2025-04-22 17:00:00,1.14348,1.1455,1.14317,1.14512,13240.0,,False,5m consistent,0
2025-04-22 20:00:00,1.14217,1.14312,1.14182,1.14219,2794.0,,False,5m consistent,0
2025-04-22 21:00:00,1.14256,1.14342,1.13643,1.13652,2193.0,,False,5m consistent,1
2025-04-23 01:00:00,1.13983,1.14162,1.13853,1.14082,14612.0,,False,5m consistent,0
2025-04-23 02:00:00,1.14082,1.14116,1.1391,1.14054,9786.0,,False,5m consistent,0
2025-04-23 04:00:00,1.13803,1.13927,1.13717,1.13908,6322.0,,False,5m consistent,1
2025-04-23 09:00:00,1.14137,1.14409,1.14135,1.14191,12455.0,,False,5m consistent,0
2025-04-23 10:00:00,1.14189,1.14203,1.13909,1.14029,10535.0,,False,5m consistent,1
2025-04-23 12:00:00,1.14118,1.14207,1.14029,1.14063,11921.0,,False,5m consistent,0
2025-04-23 19:00:00,1.13245,1.1333,1.13189,1.13282,6158.0,,False,5m consistent,1
2025-04-24 02:00:00,1.13505,1.13583,1.13472,1.13559,6517.0,,False,5m consistent,0
2025-04-24 07:00:00,1.1353,1.13815,1.13525,1.13808,13077.0,,False,5m consistent,1
2025-04-24 11:00:00,1.13802,1.13911,1.13693,1.13737,9613.0,,False,5m consistent,1
2025-04-24 12:00:00,1.13735,1.13796,1.13589,1.13775,13498.0,,False,5m consistent,1
2025-04-24 13:00:00,1.13776,1.13849,1.13642,1.1377,12546.0,,False,5m consistent,0
2025-04-24 14:00:00,1.13773,1.13883,1.13639,1.13736,15339.0,,False,5m consistent,0
2025-04-24 16:00:00,1.13619,1.13815,1.13586,1.13808,9048.0,,False,5m consistent,1
2025-04-24 22:00:00,1.13907,1.13925,1.13849,1.13875,1520.0,,False,5m consistent,0
2025-04-24 23:00:00,1.13877,1.13891,1.13715,1.13736,2780.0,,False,5m consistent,0
2025-04-25 02:00:00,1.13447,1.13526,1.13422,1.13489,5311.0,,False,5m consistent,0
2025-04-25 03:00:00,1.1349,1.13604,1.13258,1.13265,9972.0,,False,5m consistent,1
2025-04-25 07:00:00,1.13427,1.13693,1.13427,1.13607,14872.0,,False,5m consistent,0
2025-04-25 09:00:00,1.13512,1.13617,1.13458,1.13471,8698.0,,False,5m consistent,1
2025-04-25 12:00:00,1.13502,1.13611,1.135,1.13533,7928.0,,False,5m consistent,0
2025-04-25 15:00:00,1.13693,1.13832,1.13587,1.13812,7902.0,,False,5m consistent,0
2025-04-25 18:00:00,1.13777,1.13818,1.137,1.13805,4987.0,,False,5m consistent,0
2025-04-28 00:00:00,1.13459,1.13655,1.13455,1.13648,6650.0,,False,5m consistent,0
2025-04-28 05:00:00,1.13731,1.13818,1.13724,1.13753,4762.0,,False,5m consistent,0
2025-04-28 07:00:00,1.13324,1.13627,1.13319,1.13493,10232.0,,False,5m consistent,1
2025-04-28 12:00:00,1.13526,1.13737,1.1351,1.1352,9058.0,,False,5m consistent,1
2025-04-28 22:00:00,1.14223,1.1423,1.14126,1.14137,1635.0,,False,5m consistent,0
2025-04-29 00:00:00,1.14088,1.14173,1.14,1.14007,5390.0,,False,5m consistent,1
2025-04-29 02:00:00,1.13932,1.1421,1.13931,1.13992,7617.0,,False,5m consistent,0
2025-04-29 03:00:00,1.13993,1.14009,1.13874,1.13915,5771.0,,False,5m consistent,1
2025-04-29 07:00:00,1.1391,1.1413,1.13883,1.14045,13365.0,,False,5m consistent,0
2025-04-29 12:00:00,1.13756,1.14155,1.13711,1.14114,12128.0,,False,5m consistent,1
2025-04-29 13:00:00,1.14115,1.14182,1.13908,1.13997,15299.0,,False,5m consistent,0
2025-04-29 16:00:00,1.13968,1.14197,1.1396,1.14042,8823.0,,False,5m consistent,0
2025-04-29 20:00:00,1.13824,1.1393,1.13815,1.13882,2349.0,,False,5m consistent,0
2025-04-29 23:00:00,1.13929,1.13941,1.13868,1.13914,2231.0,,False,5m consistent,0
2025-04-30 00:00:00,1.13915,1.13962,1.13777,1.13834,5263.0,,False,5m consistent,0
2025-04-30 05:00:00,1.13741,1.13855,1.13725,1.13841,3313.0,,False,5m consistent,0
2025-04-30 06:00:00,1.13837,1.14005,1.13666,1.1391,8454.0,,False,5m consistent,0
2025-04-30 07:00:00,1.13909,1.13915,1.13743,1.1379,10112.0,,False,5m consistent,0
2025-04-30 08:00:00,1.13791,1.13862,1.1363,1.13724,10321.0,,False,5m consistent,1
2025-04-30 12:00:00,1.13742,1.13896,1.13658,1.13743,18821.0,,False,5m consistent,1
2025-04-30 13:00:00,1.13743,1.13785,1.13621,1.13699,13779.0,,False,5m consistent,1
2025-04-30 14:00:00,1.13699,1.13803,1.13505,1.1368,20785.0,,False,5m consistent,0
2025-04-30 18:00:00,1.13468,1.13592,1.13438,1.13497,7978.0,,False,5m consistent,0
2025-04-30 19:00:00,1.13497,1.13543,1.13289,1.13306,5194.0,,False,5m consistent,0
2025-05-01 00:00:00,1.1323,1.13305,1.13215,1.13227,5147.0,,False,5m consistent,0
2025-05-01 02:00:00,1.13091,1.13172,1.13066,1.13162,2763.0,,False,5m consistent,0
2025-05-01 03:00:00,1.13163,1.13197,1.13004,1.13129,6146.0,,False,5m consistent,0
2025-05-01 04:00:00,1.1313,1.13152,1.13034,1.13035,3860.0,,False,5m consistent,1
2025-05-01 06:00:00,1.13005,1.13134,1.1299,1.13034,8749.0,,False,5m consistent,1
2025-05-01 10:00:00,1.13151,1.13351,1.13124,1.13332,5626.0,,False,5m consistent,0
2025-05-01 11:00:00,1.13331,1.1342,1.1317,1.1321,7358.0,,False,5m consistent,1
2025-05-01 13:00:00,1.13158,1.13284,1.13119,1.13214,11972.0,,False,5m consistent,0
2025-05-01 14:00:00,1.13198,1.13204,1.12709,1.12825,18420.0,,False,5m consistent,1
2025-05-01 16:00:00,1.12803,1.12932,1.12735,1.12915,7060.0,,False,5m consistent,1
2025-05-01 23:00:00,1.12962,1.12984,1.12921,1.12965,2348.0,,False,5m consistent,0
2025-05-02 03:00:00,1.12948,1.13165,1.12947,1.13138,4469.0,,False,5m consistent,1
2025-05-02 07:00:00,1.13266,1.13387,1.13184,1.1329,9389.0,,False,5m consistent,1
2025-05-02 09:00:00,1.13347,1.13559,1.13261,1.13512,10175.0,,False,5m consistent,0
2025-05-02 11:00:00,1.13318,1.13513,1.13251,1.13473,8943.0,,False,5m consistent,0
2025-05-02 13:00:00,1.13195,1.13807,1.13155,1.13735,22668.0,,False,5m consistent,0
2025-05-02 14:00:00,1.13734,1.13819,1.13584,1.13693,18570.0,,False,5m consistent,0
2025-05-02 16:00:00,1.13301,1.134,1.13179,1.13207,13569.0,,False,5m consistent,0
2025-05-05 02:00:00,1.13361,1.13478,1.13326,1.13431,5407.0,,False,5m consistent,1
2025-05-05 05:00:00,1.13383,1.13484,1.13311,1.13343,7583.0,,False,5m consistent,0
2025-05-05 06:00:00,1.13341,1.13379,1.1319,1.13268,10033.0,,False,5m consistent,1
2025-05-05 13:00:00,1.13608,1.13658,1.13529,1.13563,9773.0,,False,5m consistent,0
2025-05-05 14:00:00,1.13542,1.13542,1.13314,1.13393,16378.0,,False,5m consistent,0
2025-05-05 15:00:00,1.13393,1.13421,1.13133,1.13152,9569.0,,False,5m consistent,1
2025-05-05 23:00:00,1.13155,1.13172,1.13105,1.13131,1637.0,,False,5m consistent,0
2025-05-06 04:00:00,1.13161,1.13284,1.13154,1.13253,3306.0,,False,5m consistent,1
2025-05-06 07:00:00,1.13271,1.13488,1.1323,1.134,12131.0,,False,5m consistent,0
2025-05-06 08:00:00,1.13398,1.13504,1.1323,1.13283,13801.0,,False,5m consistent,0
2025-05-06 11:00:00,1.13267,1.13359,1.13232,1.13279,9233.0,,False,5m consistent,1
2025-05-06 12:00:00,1.1328,1.13446,1.13176,1.13413,9995.0,,False,5m consistent,1
2025-05-06 13:00:00,1.13412,1.13586,1.13271,1.13542,12108.0,,False,5m consistent,1
2025-05-06 15:00:00,1.13418,1.13509,1.13361,1.13446,9133.0,,False,5m consistent,1
2025-05-06 21:00:00,1.13747,1.13769,1.13718,1.13745,496.0,,False,5m consistent,0
2025-05-06 23:00:00,1.13437,1.13464,1.13338,1.1341,6860.0,,False,5m consistent,1
2025-05-07 00:00:00,1.13409,1.13525,1.13261,1.13419,13089.0,,False,5m consistent,1
2025-05-07 06:00:00,1.13663,1.13791,1.13602,1.13747,8848.0,,False,5m consistent,0
2025-05-07 08:00:00,1.13633,1.13745,1.13548,1.13591,9608.0,,False,5m consistent,1
2025-05-07 10:00:00,1.13575,1.13678,1.13567,1.13663,6101.0,,False,5m consistent,1
2025-05-07 13:00:00,1.13598,1.13689,1.13539,1.13675,9243.0,,False,5m consistent,1
2025-05-07 14:00:00,1.13673,1.13718,1.13553,1.13679,9090.0,,False,5m consistent,0
2025-05-07 15:00:00,1.13679,1.13705,1.13423,1.13479,9120.0,,False,5m consistent,1
2025-05-07 16:00:00,1.1348,1.1355,1.13377,1.13497,5907.0,,False,5m consistent,1
2025-05-07 17:00:00,1.13498,1.13505,1.13355,1.13449,5400.0,,False,5m consistent,1
2025-05-07 18:00:00,1.13453,1.13662,1.1321,1.13347,24820.0,,False,5m consistent,0
2025-05-07 19:00:00,1.13346,1.13353,1.13015,1.13076,19208.0,,False,5m consistent,1
2025-05-07 21:00:00,1.13121,1.13186,1.13094,1.13172,499.0,,False,5m consistent,1
2025-05-08 03:00:00,1.13237,1.13372,1.13235,1.13283,4998.0,,False,5m consistent,0
2025-05-08 04:00:00,1.13283,1.13319,1.13187,1.13191,3270.0,,False,5m consistent,0
2025-05-08 05:00:00,1.1319,1.13193,1.12977,1.13048,7883.0,,False,5m consistent,0
2025-05-08 06:00:00,1.13046,1.13086,1.12774,1.12831,12338.0,,False,5m consistent,1
2025-05-08 07:00:00,1.12832,1.12986,1.12711,1.12982,11948.0,,False,5m consistent,0
2025-05-08 13:00:00,1.13005,1.13127,1.12963,1.1307,13085.0,,False,5m consistent,0
2025-05-08 14:00:00,1.1307,1.13172,1.12767,1.12791,16309.0,,False,5m consistent,0
2025-05-08 15:00:00,1.12792,1.12906,1.12351,1.12487,21560.0,,False,5m consistent,0
2025-05-08 16:00:00,1.12488,1.12502,1.12214,1.1227,14422.0,,False,5m consistent,1
2025-05-08 18:00:00,1.12276,1.12316,1.12203,1.12254,5236.0,,False,5m consistent,1
2025-05-08 22:00:00,1.1228,1.12338,1.1227,1.12328,1326.0,,False,5m consistent,0
2025-05-08 23:00:00,1.1233,1.12335,1.12231,1.12279,2717.0,,False,5m consistent,0
2025-05-09 00:00:00,1.12279,1.12342,1.12139,1.12277,7265.0,,False,5m consistent,0
2025-05-09 01:00:00,1.12275,1.12302,1.12115,1.1213,7321.0,,False,5m consistent,1
2025-05-09 04:00:00,1.12236,1.12307,1.12236,1.12288,4497.0,,False,5m consistent,1
2025-05-09 07:00:00,1.12413,1.12592,1.12378,1.12522,9781.0,,False,5m consistent,1
2025-05-09 08:00:00,1.12523,1.12601,1.12428,1.12574,7567.0,,False,5m consistent,1
2025-05-09 15:00:00,1.12684,1.12739,1.1261,1.12704,8959.0,,False,5m consistent,0
2025-05-09 18:00:00,1.12628,1.12671,1.12553,1.12597,2973.0,,False,5m consistent,0
2025-05-09 19:00:00,1.12597,1.12608,1.12493,1.12582,2275.0,,False,5m consistent,0
2025-05-12 00:00:00,1.1229,1.12403,1.1226,1.12396,8534.0,,False,5m consistent,0
2025-05-12 04:00:00,1.12335,1.12356,1.12271,1.12284,3468.0,,False,5m consistent,1
2025-05-12 06:00:00,1.12232,1.12367,1.1217,1.12189,8924.0,,False,5m consistent,0
2025-05-12 08:00:00,1.11059,1.11461,1.10834,1.11383,23514.0,,False,5m consistent,0
2025-05-12 09:00:00,1.11383,1.11426,1.11155,1.11195,13360.0,,False,5m consistent,0
2025-05-12 15:00:00,1.11124,1.11247,1.11011,1.1106,10271.0,,False,5m consistent,0
2025-05-12 17:00:00,1.10855,1.10894,1.10734,1.10799,5951.0,,False,5m consistent,1
2025-05-13 07:00:00,1.11123,1.11254,1.11038,1.11166,11585.0,,False,5m consistent,0
2025-05-13 08:00:00,1.11169,1.11186,1.11038,1.11127,9299.0,,False,5m consistent,1
2025-05-13 09:00:00,1.11129,1.11163,1.11033,1.11078,7671.0,,False,5m consistent,1
2025-05-13 15:00:00,1.11622,1.11786,1.11576,1.11758,11155.0,,False,5m consistent,1
2025-05-13 22:00:00,1.11893,1.11983,1.11885,1.11983,1732.0,,False,5m consistent,0
2025-05-14 00:00:00,1.11867,1.11978,1.11831,1.11931,6544.0,,False,5m consistent,1
2025-05-14 03:00:00,1.11898,1.11972,1.11852,1.11964,4513.0,,False,5m consistent,1
2025-05-14 09:00:00,1.12395,1.12667,1.1232,1.12532,15339.0,,False,5m consistent,0
2025-05-14 10:00:00,1.1253,1.12537,1.12282,1.12318,8868.0,,False,5m consistent,0
2025-05-14 12:00:00,1.12184,1.12365,1.12102,1.12263,12427.0,,False,5m consistent,1
2025-05-14 13:00:00,1.12263,1.12358,1.12111,1.1221,13931.0,,False,5m consistent,1
2025-05-14 14:00:00,1.12209,1.12246,1.12034,1.12127,14607.0,,False,5m consistent,0
2025-05-14 15:00:00,1.12126,1.12157,1.11984,1.1206,10921.0,,False,5m consistent,0
2025-05-14 17:00:00,1.11898,1.11977,1.11821,1.11901,6548.0,,False,5m consistent,0
2025-05-14 18:00:00,1.11901,1.11906,1.11725,1.11792,6323.0,,False,5m consistent,1
2025-05-15 04:00:00,1.11975,1.12007,1.11927,1.11938,3065.0,,False,5m consistent,1
2025-05-15 06:00:00,1.11945,1.1229,1.11903,1.1228,8667.0,,False,5m consistent,0
2025-05-15 08:00:00,1.11983,1.12124,1.11933,1.1211,8140.0,,False,5m consistent,0
2025-05-15 10:00:00,1.12033,1.12123,1.1199,1.12011,6182.0,,False,5m consistent,0
2025-05-15 12:00:00,1.11839,1.1215,1.11828,1.12109,15043.0,,False,5m consistent,0
2025-05-15 13:00:00,1.12109,1.12248,1.11959,1.12016,15355.0,,False,5m consistent,0
2025-05-15 14:00:00,1.12015,1.12117,1.11764,1.11871,13906.0,,False,5m consistent,1
2025-05-15 15:00:00,1.11873,1.11976,1.11737,1.11889,9758.0,,False,5m consistent,1
2025-05-15 16:00:00,1.1189,1.11915,1.11735,1.11816,5748.0,,False,5m consistent,1
2025-05-16 05:00:00,1.12042,1.12196,1.1202,1.12165,4475.0,,False,5m consistent,1
2025-05-16 07:00:00,1.12132,1.12181,1.12071,1.12095,9007.0,,False,5m consistent,0
2025-05-16 08:00:00,1.12095,1.121,1.1198,1.12,7752.0,,False,5m consistent,1
2025-05-16 10:00:00,1.11953,1.1201,1.1189,1.12007,6573.0,,False,5m consistent,1
2025-05-16 12:00:00,1.11951,1.11998,1.11917,1.1198,7333.0,,False,5m consistent,1
2025-05-16 13:00:00,1.1198,1.12068,1.1189,1.12015,8672.0,,False,5m consistent,0
2025-05-16 14:00:00,1.12018,1.12033,1.11525,1.11555,17309.0,,False,5m consistent,0
2025-05-16 15:00:00,1.11554,1.11596,1.11409,1.1141,8314.0,,False,5m consistent,1
2025-05-19 00:00:00,1.11898,1.11995,1.11809,1.11984,9849.0,,False,5m consistent,0
2025-05-19 09:00:00,1.12583,1.12816,1.12558,1.12808,12951.0,,False,5m consistent,1
2025-05-19 10:00:00,1.12807,1.12892,1.12697,1.12792,10900.0,,False,5m consistent,0
2025-05-19 11:00:00,1.1279,1.12809,1.12628,1.12738,8920.0,,False,5m consistent,0
2025-05-19 12:00:00,1.12737,1.12744,1.12574,1.12578,9492.0,,False,5m consistent,0
2025-05-19 13:00:00,1.12578,1.12663,1.12478,1.12524,14041.0,,False,5m consistent,1
2025-05-19 14:00:00,1.12526,1.12589,1.12424,1.12544,11945.0,,False,5m consistent,0
2025-05-19 16:00:00,1.1237,1.12406,1.12298,1.12361,6754.0,,False,5m consistent,1
2025-05-19 21:00:00,1.12442,1.12465,1.12436,1.12446,472.0,,False,5m consistent,0
2025-05-19 23:00:00,1.12364,1.12373,1.12324,1.12332,1738.0,,False,5m consistent,0
2025-05-20 01:00:00,1.12291,1.12524,1.12291,1.12394,7534.0,,False,5m consistent,1
2025-05-20 07:00:00,1.12582,1.12786,1.1254,1.12771,11097.0,,False,5m consistent,0
2025-05-20 08:00:00,1.1277,1.12771,1.12483,1.12593,8715.0,,False,5m consistent,0
2025-05-20 09:00:00,1.12595,1.12681,1.12507,1.12562,7396.0,,False,5m consistent,0
2025-05-20 11:00:00,1.12455,1.12526,1.12445,1.12469,6210.0,,False,5m consistent,0
2025-05-20 12:00:00,1.12467,1.12481,1.12245,1.12352,8861.0,,False,5m consistent,1
2025-05-20 14:00:00,1.12468,1.12701,1.12464,1.12693,14894.0,,False,5m consistent,0
2025-05-21 00:00:00,1.12893,1.13023,1.12885,1.12964,6292.0,,False,5m consistent,1
2025-05-21 03:00:00,1.13223,1.13408,1.13198,1.13349,6191.0,,False,5m consistent,1
2025-05-21 05:00:00,1.13298,1.13388,1.13275,1.13327,6355.0,,False,5m consistent,1
2025-05-21 06:00:00,1.13325,1.13541,1.13227,1.13336,13346.0,,False,5m consistent,0
2025-05-21 07:00:00,1.13336,1.1335,1.13149,1.13243,11667.0,,False,5m consistent,1
2025-05-21 10:00:00,1.13356,1.1363,1.13324,1.13395,11128.0,,False,5m consistent,0
2025-05-21 12:00:00,1.1325,1.13358,1.13181,1.13356,11126.0,,False,5m consistent,1
2025-05-21 17:00:00,1.13413,1.13637,1.13384,1.1349,12008.0,,False,5m consistent,0
2025-05-21 18:00:00,1.13489,1.13497,1.13324,1.13342,6575.0,,False,5m consistent,0
2025-05-21 21:00:00,1.13349,1.13352,1.133,1.13312,383.0,,False,5m consistent,0
2025-05-22 00:00:00,1.1333,1.13446,1.1327,1.13283,11416.0,,False,5m consistent,1
2025-05-22 01:00:00,1.13282,1.13416,1.1318,1.13387,9446.0,,False,5m consistent,1
2025-05-22 05:00:00,1.1334,1.13364,1.13257,1.13344,5716.0,,False,5m consistent,0
2025-05-22 06:00:00,1.13345,1.1343,1.1318,1.13233,11447.0,,False,5m consistent,0
2025-05-22 07:00:00,1.13232,1.13256,1.12962,1.13227,15442.0,,False,5m consistent,1
2025-05-22 08:00:00,1.13227,1.13358,1.13021,1.13026,13787.0,,False,5m consistent,1
2025-05-22 11:00:00,1.12929,1.1314,1.12927,1.13096,9483.0,,False,5m consistent,0
2025-05-22 12:00:00,1.13097,1.13158,1.12856,1.12959,13274.0,,False,5m consistent,0
2025-05-22 14:00:00,1.12843,1.12988,1.12755,1.12779,15059.0,,False,5m consistent,1
2025-05-22 15:00:00,1.1278,1.12893,1.12666,1.1281,11094.0,,False,5m consistent,0
2025-05-22 16:00:00,1.12812,1.12889,1.12692,1.12704,6898.0,,False,5m consistent,1
2025-05-23 04:00:00,1.13123,1.13218,1.13087,1.13187,3410.0,,False,5m consistent,1
2025-05-23 05:00:00,1.13184,1.13266,1.1309,1.13235,4170.0,,False,5m consistent,1
2025-05-23 10:00:00,1.13502,1.13586,1.13453,1.13496,6931.0,,False,5m consistent,1
2025-05-23 11:00:00,1.13497,1.13766,1.12989,1.13225,29152.0,,False,5m consistent,0
2025-05-23 12:00:00,1.13227,1.13511,1.12983,1.13343,27397.0,,False,5m consistent,0
2025-05-23 14:00:00,1.13155,1.1347,1.13116,1.13458,13441.0,,False,5m consistent,1
2025-05-26 06:00:00,1.14176,1.14195,1.14089,1.14098,8550.0,,False,5m consistent,0
2025-05-26 10:00:00,1.13801,1.13873,1.1377,1.13851,4676.0,,False,5m consistent,1
2025-05-27 00:00:00,1.13895,1.14038,1.13889,1.14009,5648.0,,False,5m consistent,1
2025-05-27 03:00:00,1.13937,1.1402,1.13911,1.13945,3252.0,,False,5m consistent,0
2025-05-27 04:00:00,1.13944,1.13987,1.13785,1.1379,4599.0,,False,5m consistent,0
2025-05-27 05:00:00,1.13792,1.13801,1.13677,1.13794,8665.0,,False,5m consistent,0
2025-05-27 06:00:00,1.13795,1.13938,1.13649,1.13659,10433.0,,False,5m consistent,0
2025-05-27 09:00:00,1.13495,1.13588,1.13455,1.13493,9730.0,,False,5m consistent,1
2025-05-27 12:00:00,1.13521,1.13688,1.13517,1.13675,8932.0,,False,5m consistent,0
2025-05-27 13:00:00,1.13676,1.13764,1.13562,1.13598,10577.0,,False,5m consistent,0
2025-05-27 14:00:00,1.13598,1.13622,1.13388,1.1342,14568.0,,False,5m consistent,0
2025-05-27 20:00:00,1.13318,1.13337,1.13275,1.13295,2987.0,,False,5m consistent,1
2025-05-28 00:00:00,1.13379,1.1346,1.1335,1.13353,4761.0,,False,5m consistent,0
2025-05-28 01:00:00,1.13351,1.13399,1.13161,1.13184,9015.0,,False,5m consistent,1
2025-05-28 04:00:00,1.13082,1.13115,1.13036,1.1307,4624.0,,False,5m consistent,1
2025-05-28 05:00:00,1.13071,1.13157,1.12963,1.13156,6341.0,,False,5m consistent,1
2025-05-28 07:00:00,1.13053,1.13319,1.13039,1.13275,9746.0,,False,5m consistent,1
2025-05-28 09:00:00,1.1333,1.13415,1.13288,1.13343,7301.0,,False,5m consistent,0
2025-05-28 10:00:00,1.13344,1.13416,1.1325,1.13267,7065.0,,False,5m consistent,0
2025-05-28 11:00:00,1.13264,1.13296,1.13173,1.13186,7731.0,,False,5m consistent,0
2025-05-28 12:00:00,1.13186,1.13253,1.13083,1.1312,9171.0,,False,5m consistent,0
2025-05-28 13:00:00,1.13121,1.13147,1.12977,1.13095,13676.0,,False,5m consistent,1
2025-05-28 14:00:00,1.13096,1.13258,1.13018,1.13031,16558.0,,False,5m consistent,0
2025-05-28 17:00:00,1.12947,1.13017,1.12916,1.12926,5426.0,,False,5m consistent,1
2025-05-28 21:00:00,1.12971,1.12989,1.12951,1.12984,466.0,,False,5m consistent,0
2025-05-28 22:00:00,1.12988,1.12988,1.12913,1.12927,1670.0,,False,5m consistent,0
2025-05-29 00:00:00,1.12303,1.12517,1.12242,1.12355,18943.0,,False,5m consistent,1
2025-05-29 01:00:00,1.12355,1.12542,1.12245,1.12528,11594.0,,False,5m consistent,1
2025-05-29 04:00:00,1.12494,1.12559,1.12449,1.12488,4564.0,,False,5m consistent,0
2025-05-29 07:00:00,1.12721,1.12835,1.12721,1.12766,10663.0,,False,5m consistent,1
2025-05-29 10:00:00,1.12788,1.12923,1.12773,1.12872,7781.0,,False,5m consistent,0
2025-05-29 23:00:00,1.13721,1.13803,1.13704,1.13776,3060.0,,False,5m consistent,1
2025-05-30 00:00:00,1.13777,1.13857,1.13654,1.13732,8133.0,,False,5m consistent,0
2025-05-30 05:00:00,1.13469,1.13554,1.13437,1.13521,5334.0,,False,5m consistent,0
2025-05-30 06:00:00,1.13523,1.1353,1.13368,1.13473,8673.0,,False,5m consistent,0
2025-05-30 07:00:00,1.13475,1.13488,1.13286,1.13388,12452.0,,False,5m consistent,1
2025-05-30 12:00:00,1.13392,1.13595,1.13355,1.1347,18338.0,,False,5m consistent,0
2025-05-30 18:00:00,1.1358,1.1366,1.13558,1.13595,6166.0,,False,5m consistent,0
2025-05-30 19:00:00,1.13594,1.13616,1.13502,1.13574,4363.0,,False,5m consistent,0
2025-06-02 02:00:00,1.1371,1.13747,1.13628,1.13653,5261.0,,False,5m consistent,1
2025-06-02 07:00:00,1.14021,1.14377,1.13997,1.14245,11267.0,,False,5m consistent,1
2025-06-02 09:00:00,1.1421,1.14379,1.14201,1.14241,10216.0,,False,5m consistent,1
2025-06-02 12:00:00,1.1415,1.14299,1.14122,1.14192,9083.0,,False,5m consistent,1
2025-06-02 14:00:00,1.14241,1.14507,1.14241,1.14356,17490.0,,False,5m consistent,0
2025-06-02 15:00:00,1.14355,1.14396,1.14248,1.14314,10569.0,,False,5m consistent,0
2025-06-02 23:00:00,1.14464,1.1455,1.14458,1.1454,2548.0,,False,5m consistent,0
2025-06-03 00:00:00,1.14539,1.14556,1.14398,1.14443,5526.0,,False,5m consistent,0
2025-06-03 01:00:00,1.1444,1.14444,1.14277,1.14288,8233.0,,False,5m consistent,0
2025-06-03 02:00:00,1.14289,1.14314,1.14195,1.14265,5834.0,,False,5m consistent,1
2025-06-03 04:00:00,1.14208,1.14264,1.14179,1.14262,3806.0,,False,5m consistent,0
2025-06-03 06:00:00,1.1423,1.14322,1.14163,1.14298,8163.0,,False,5m consistent,1
2025-06-03 07:00:00,1.14297,1.14332,1.1415,1.14168,9966.0,,False,5m consistent,0
2025-06-03 08:00:00,1.14166,1.14195,1.14063,1.14126,8797.0,,False,5m consistent,1
2025-06-03 09:00:00,1.14126,1.1419,1.14025,1.14127,8279.0,,False,5m consistent,0
2025-06-03 10:00:00,1.14126,1.14135,1.1397,1.13987,7764.0,,False,5m consistent,0
2025-06-03 11:00:00,1.13988,1.14,1.13872,1.13913,8114.0,,False,5m consistent,0
2025-06-03 13:00:00,1.1383,1.13959,1.1378,1.13897,11814.0,,False,5m consistent,0
2025-06-03 14:00:00,1.13892,1.13941,1.13648,1.13926,16710.0,,False,5m consistent,0
2025-06-03 17:00:00,1.13744,1.13826,1.13737,1.13788,4407.0,,False,5m consistent,1
2025-06-03 21:00:00,1.13752,1.13806,1.13724,1.13801,705.0,,False,5m consistent,1
2025-06-04 00:00:00,1.1385,1.13902,1.13791,1.13837,7317.0,,False,5m consistent,1
2025-06-04 01:00:00,1.13836,1.13942,1.13721,1.13865,8781.0,,False,5m consistent,0
2025-06-04 02:00:00,1.13865,1.13887,1.13744,1.13769,4881.0,,False,5m consistent,0
2025-06-04 04:00:00,1.13686,1.13801,1.13658,1.13676,5415.0,,False,5m consistent,1
2025-06-04 08:00:00,1.13874,1.14048,1.13834,1.14003,8295.0,,False,5m consistent,0
2025-06-04 09:00:00,1.14002,1.14003,1.13822,1.13837,6854.0,,False,5m consistent,1
2025-06-04 12:00:00,1.13801,1.1412,1.13801,1.14104,16513.0,,False,5m consistent,0
2025-06-04 14:00:00,1.14024,1.14354,1.14024,1.14334,17438.0,,False,5m consistent,0
2025-06-04 16:00:00,1.14243,1.14352,1.14203,1.14338,6734.0,,False,5m consistent,0
2025-06-04 18:00:00,1.14256,1.14291,1.14209,1.14213,3917.0,,False,5m consistent,1
2025-06-05 00:00:00,1.14219,1.14304,1.14172,1.143,7305.0,,False,5m consistent,0
2025-06-05 02:00:00,1.14174,1.14204,1.14114,1.14186,4373.0,,False,5m consistent,0
2025-06-05 10:00:00,1.14193,1.14336,1.14186,1.14249,6437.0,,False,5m consistent,1
2025-06-05 12:00:00,1.14267,1.14498,1.14143,1.14304,22855.0,,False,5m consistent,1
2025-06-05 13:00:00,1.14302,1.14958,1.14192,1.14813,27378.0,,False,5m consistent,0
2025-06-05 14:00:00,1.14816,1.14833,1.14551,1.14586,19229.0,,False,5m consistent,0
2025-06-05 16:00:00,1.14399,1.14488,1.14322,1.14488,8576.0,,False,5m consistent,1
2025-06-05 17:00:00,1.14486,1.14493,1.14327,1.14437,5352.0,,False,5m consistent,1
2025-06-06 00:00:00,1.14544,1.14582,1.14508,1.14512,4833.0,,False,5m consistent,0
2025-06-06 01:00:00,1.14511,1.14533,1.14422,1.14434,5217.0,,False,5m consistent,0
2025-06-06 04:00:00,1.1441,1.14432,1.14381,1.14406,2606.0,,False,5m consistent,0
2025-06-06 05:00:00,1.14406,1.14412,1.14316,1.14369,3933.0,,False,5m consistent,1
2025-06-06 06:00:00,1.14367,1.14433,1.14256,1.14363,6484.0,,False,5m consistent,0
2025-06-06 07:00:00,1.14363,1.14377,1.14222,1.14279,8845.0,,False,5m consistent,0
2025-06-06 11:00:00,1.14235,1.14298,1.14178,1.14187,5845.0,,False,5m consistent,0
2025-06-06 12:00:00,1.14187,1.14325,1.13878,1.13977,23871.0,,False,5m consistent,1
2025-06-06 13:00:00,1.13974,1.14034,1.13724,1.13915,20056.0,,False,5m consistent,1
2025-06-06 15:00:00,1.13903,1.14032,1.13819,1.13974,11260.0,,False,5m consistent,1
2025-06-09 06:00:00,1.14227,1.14306,1.14187,1.14282,5511.0,,False,5m consistent,1
2025-06-09 09:00:00,1.14293,1.14402,1.14266,1.1427,5476.0,,False,5m consistent,0
2025-06-09 10:00:00,1.14269,1.14299,1.1417,1.14204,4620.0,,False,5m consistent,0
2025-06-09 11:00:00,1.14204,1.1424,1.14065,1.14183,7406.0,,False,5m consistent,0
2025-06-09 12:00:00,1.14183,1.1419,1.13954,1.14012,7600.0,,False,5m consistent,0
2025-06-09 13:00:00,1.1401,1.14054,1.13872,1.14029,9223.0,,False,5m consistent,1
2025-06-09 15:00:00,1.14089,1.14264,1.14084,1.14251,5490.0,,False,5m consistent,1
2025-06-10 00:00:00,1.14273,1.14365,1.14227,1.14252,5866.0,,False,5m consistent,0
2025-06-10 01:00:00,1.14253,1.14291,1.1396,1.13977,7439.0,,False,5m consistent,1
2025-06-10 02:00:00,1.13977,1.14015,1.13871,1.13998,7874.0,,False,5m consistent,1
2025-06-10 03:00:00,1.13997,1.14062,1.13926,1.1404,4689.0,,False,5m consistent,1
2025-06-10 05:00:00,1.14004,1.14145,1.13988,1.1406,8612.0,,False,5m consistent,0
2025-06-10 06:00:00,1.14059,1.14157,1.13929,1.13953,10266.0,,False,5m consistent,0
2025-06-10 13:00:00,1.14328,1.14486,1.14313,1.14436,10704.0,,False,5m consistent,0
2025-06-10 14:00:00,1.14437,1.14458,1.14212,1.14266,8835.0,,False,5m consistent,1
2025-06-10 22:00:00,1.14266,1.14304,1.14246,1.14294,1170.0,,False,5m consistent,1
2025-06-10 23:00:00,1.14297,1.14405,1.14229,1.14385,4495.0,,False,5m consistent,0
2025-06-11 00:00:00,1.14386,1.14398,1.14212,1.14219,8433.0,,False,5m consistent,0
2025-06-11 05:00:00,1.14167,1.1424,1.14144,1.14231,3779.0,,False,5m consistent,0
2025-06-11 17:00:00,1.14904,1.14999,1.14891,1.14983,4385.0,,False,5m consistent,0
2025-06-11 23:00:00,1.15066,1.15138,1.15053,1.15111,4347.0,,False,5m consistent,1
2025-06-12 01:00:00,1.15222,1.15301,1.15155,1.15197,9177.0,,False,5m consistent,1
2025-06-12 03:00:00,1.15123,1.15232,1.15113,1.15206,5335.0,,False,5m consistent,1
2025-06-12 05:00:00,1.15162,1.15335,1.15115,1.15288,5116.0,,False,5m consistent,0
2025-06-12 06:00:00,1.15288,1.15328,1.15121,1.15231,9657.0,,False,5m consistent,0
2025-06-12 12:00:00,1.15905,1.16329,1.1589,1.16106,17708.0,,False,5m consistent,0
2025-06-12 14:00:00,1.15858,1.15909,1.15797,1.15828,12590.0,,False,5m consistent,1
2025-06-12 16:00:00,1.15778,1.15805,1.15676,1.1577,9317.0,,False,5m consistent,1
2025-06-12 23:00:00,1.15907,1.16104,1.15876,1.16095,2742.0,,False,5m consistent,1
2025-06-13 00:00:00,1.16092,1.16156,1.15403,1.15597,29285.0,,False,5m consistent,0
2025-06-13 01:00:00,1.15597,1.15611,1.1538,1.15495,18180.0,,False,5m consistent,0
2025-06-13 02:00:00,1.15493,1.15595,1.15381,1.15461,11043.0,,False,5m consistent,0
2025-06-13 03:00:00,1.15462,1.15471,1.15285,1.15382,10297.0,,False,5m consistent,0
2025-06-13 04:00:00,1.15382,1.15418,1.1515,1.15263,7413.0,,False,5m consistent,1
2025-06-13 09:00:00,1.15295,1.15368,1.15193,1.15244,11169.0,,False,5m consistent,0
2025-06-13 10:00:00,1.15242,1.15305,1.14897,1.15057,12251.0,,False,5m consistent,1
2025-06-13 12:00:00,1.15107,1.15235,1.15074,1.1517,9352.0,,False,5m consistent,1
2025-06-13 16:00:00,1.15572,1.1567,1.15533,1.15553,7298.0,,False,5m consistent,1
2025-06-13 17:00:00,1.15553,1.15563,1.15381,1.155,5983.0,,False,5m consistent,1
2025-06-13 19:00:00,1.15419,1.15528,1.15375,1.15508,5082.0,,False,5m consistent,1
2025-06-16 05:00:00,1.15369,1.15631,1.15367,1.15578,7810.0,,False,5m consistent,1
2025-06-16 09:00:00,1.15795,1.15855,1.15769,1.15849,6793.0,,False,5m consistent,1
2025-06-16 13:00:00,1.1585,1.1606,1.15849,1.16021,13382.0,,False,5m consistent,0
2025-06-16 14:00:00,1.16023,1.16156,1.15904,1.15921,13961.0,,False,5m consistent,0
2025-06-16 16:00:00,1.15809,1.1587,1.15791,1.15847,6595.0,,False,5m consistent,0
2025-06-16 18:00:00,1.15787,1.15823,1.15744,1.15806,5146.0,,False,5m consistent,0
2025-06-16 21:00:00,1.15703,1.15717,1.15622,1.15656,1629.0,,False,5m consistent,0
2025-06-16 23:00:00,1.15569,1.15631,1.15502,1.15546,3851.0,,False,5m consistent,1
2025-06-17 01:00:00,1.15508,1.15615,1.15505,1.15551,6442.0,,False,5m consistent,1
2025-06-17 04:00:00,1.15631,1.15682,1.15604,1.1562,4456.0,,False,5m consistent,1
2025-06-17 06:00:00,1.15588,1.15733,1.15536,1.15631,8579.0,,False,5m consistent,0
2025-06-17 07:00:00,1.15631,1.15647,1.15463,1.15588,10645.0,,False,5m consistent,1
2025-06-17 10:00:00,1.15577,1.15697,1.1556,1.1569,5887.0,,False,5m consistent,1
2025-06-17 11:00:00,1.15692,1.15745,1.15582,1.15625,6610.0,,False,5m consistent,0
2025-06-17 13:00:00,1.15513,1.15703,1.15513,1.15597,10959.0,,False,5m consistent,0
2025-06-17 15:00:00,1.15275,1.15364,1.15193,1.15349,11019.0,,False,5m consistent,0
2025-06-17 16:00:00,1.15348,1.15401,1.14994,1.15036,10167.0,,False,5m consistent,1
2025-06-17 17:00:00,1.15038,1.15096,1.14791,1.14875,14153.0,,False,5m consistent,1
2025-06-17 19:00:00,1.14805,1.14896,1.14778,1.14855,5856.0,,False,5m consistent,1
2025-06-18 07:00:00,1.15114,1.15243,1.15101,1.15141,8976.0,,False,5m consistent,0
2025-06-18 09:00:00,1.15031,1.15114,1.14979,1.15046,7091.0,,False,5m consistent,1
2025-06-18 12:00:00,1.15083,1.15175,1.15018,1.15068,9615.0,,False,5m consistent,0
2025-06-18 15:00:00,1.15081,1.15311,1.15067,1.15211,10261.0,,False,5m consistent,0
2025-06-18 16:00:00,1.15212,1.1526,1.15024,1.1504,6791.0,,False,5m consistent,1
2025-06-18 17:00:00,1.15039,1.151,1.14888,1.15007,5150.0,,False,5m consistent,0
2025-06-18 18:00:00,1.15007,1.15306,1.14749,1.14761,29461.0,,False,5m consistent,1
2025-06-19 00:00:00,1.14769,1.14847,1.1475,1.1482,8653.0,,False,5m consistent,0
2025-06-19 04:00:00,1.14667,1.14703,1.14642,1.147,4108.0,,False,5m consistent,0
2025-06-19 05:00:00,1.14702,1.14703,1.14517,1.14575,6042.0,,False,5m consistent,1
2025-06-19 11:00:00,1.14747,1.14884,1.14684,1.14819,8377.0,,False,5m consistent,1
2025-06-19 13:00:00,1.14782,1.14855,1.14722,1.14738,8511.0,,False,5m consistent,0
2025-06-19 14:00:00,1.14736,1.14816,1.14628,1.14693,8917.0,,False,5m consistent,1
2025-06-20 00:00:00,1.15127,1.15249,1.15117,1.15237,7409.0,,False,5m consistent,1
2025-06-20 04:00:00,1.15303,1.15333,1.15254,1.15281,4148.0,,False,5m consistent,0
2025-06-20 05:00:00,1.15281,1.15301,1.15198,1.15282,5448.0,,False,5m consistent,0
2025-06-20 06:00:00,1.1528,1.15306,1.15147,1.15176,9518.0,,False,5m consistent,1
2025-06-20 10:00:00,1.15278,1.15358,1.15234,1.1525,5253.0,,False,5m consistent,0
2025-06-20 11:00:00,1.15249,1.15271,1.15127,1.15219,7502.0,,False,5m consistent,1
2025-06-20 13:00:00,1.15138,1.15222,1.15099,1.15193,10789.0,,False,5m consistent,0
2025-06-20 18:00:00,1.15329,1.15381,1.15281,1.15295,3733.0,,False,5m consistent,0
2025-06-23 00:00:00,1.15005,1.15068,1.14815,1.14902,12025.0,,False,5m consistent,0
2025-06-23 03:00:00,1.15004,1.15043,1.14932,1.14948,7015.0,,False,5m consistent,1
2025-06-23 05:00:00,1.14917,1.15155,1.14915,1.15141,8555.0,,False,5m consistent,0
2025-06-23 06:00:00,1.15142,1.1522,1.15043,1.1508,11221.0,,False,5m consistent,0
2025-06-23 07:00:00,1.15081,1.15171,1.14908,1.14996,13068.0,,False,5m consistent,0
2025-06-23 08:00:00,1.14997,1.1503,1.14809,1.14826,9595.0,,False,5m consistent,0
2025-06-23 09:00:00,1.14826,1.1484,1.14544,1.14729,11949.0,,False,5m consistent,1
2025-06-23 11:00:00,1.14636,1.14757,1.14613,1.14735,8995.0,,False,5m consistent,1
2025-06-23 15:00:00,1.15318,1.15531,1.15296,1.15382,13696.0,,False,5m consistent,1
2025-06-24 05:00:00,1.16071,1.16148,1.16022,1.16118,6581.0,,False,5m consistent,1
2025-06-24 06:00:00,1.16118,1.16232,1.16023,1.1606,14520.0,,False,5m consistent,0
2025-06-24 09:00:00,1.15933,1.16189,1.15927,1.16106,10131.0,,False,5m consistent,1
2025-06-24 11:00:00,1.15975,1.16158,1.15974,1.16092,8262.0,,False,5m consistent,0
2025-06-24 12:00:00,1.16092,1.16121,1.15947,1.16014,10781.0,,False,5m consistent,0
2025-06-24 18:00:00,1.16269,1.16299,1.16206,1.16245,4474.0,,False,5m consistent,0
2025-06-25 01:00:00,1.16262,1.16327,1.16185,1.16295,7619.0,,False,5m consistent,0
2025-06-25 02:00:00,1.16296,1.16304,1.16184,1.16214,5783.0,,False,5m consistent,0
2025-06-25 05:00:00,1.16147,1.16213,1.16102,1.16202,4214.0,,False,5m consistent,0
2025-06-25 06:00:00,1.16202,1.16235,1.16044,1.16081,8438.0,,False,5m consistent,0
2025-06-25 08:00:00,1.15998,1.16122,1.15939,1.16107,8151.0,,False,5m consistent,0
2025-06-25 11:00:00,1.16045,1.16143,1.15977,1.16003,7316.0,,False,5m consistent,1
2025-06-26 00:00:00,1.16844,1.16899,1.16806,1.16832,5447.0,,False,5m consistent,0
2025-06-26 03:00:00,1.16913,1.17185,1.16895,1.16954,8615.0,,False,5m consistent,0
2025-06-26 05:00:00,1.16807,1.16869,1.16765,1.16861,5449.0,,False,5m consistent,1
2025-06-26 06:00:00,1.16859,1.17013,1.16725,1.17004,11449.0,,False,5m consistent,1
2025-06-26 08:00:00,1.17111,1.1746,1.17077,1.17285,13865.0,,False,5m consistent,0
2025-06-26 09:00:00,1.17283,1.17299,1.17134,1.17261,9680.0,,False,5m consistent,0
2025-06-26 10:00:00,1.17259,1.17317,1.17143,1.17158,7626.0,,False,5m consistent,0
2025-06-26 12:00:00,1.16956,1.17138,1.16906,1.17075,15723.0,,False,5m consistent,1
2025-06-26 13:00:00,1.17078,1.17218,1.16951,1.17179,15739.0,,False,5m consistent,0
2025-06-26 14:00:00,1.17181,1.17199,1.1707,1.17093,17108.0,,False,5m consistent,0
2025-06-26 18:00:00,1.17255,1.17296,1.17187,1.17213,5343.0,,False,5m consistent,0
2025-06-26 19:00:00,1.17213,1.17214,1.1705,1.17053,5375.0,,False,5m consistent,0
2025-06-26 21:00:00,1.17021,1.17122,1.16947,1.17018,1440.0,,False,5m consistent,0
2025-06-27 01:00:00,1.16927,1.17051,1.16869,1.17023,7170.0,,False,5m consistent,1
2025-06-27 03:00:00,1.17007,1.17105,1.16963,1.16967,4775.0,,False,5m consistent,1
2025-06-27 06:00:00,1.16899,1.17199,1.16843,1.17199,9374.0,,False,5m consistent,1
2025-06-27 11:00:00,1.1715,1.17211,1.17116,1.17148,5827.0,,False,5m consistent,1
2025-06-27 12:00:00,1.1715,1.17507,1.17038,1.17478,16625.0,,False,5m consistent,0
2025-06-27 13:00:00,1.17479,1.17551,1.17165,1.17294,15817.0,,False,5m consistent,0
2025-06-27 16:00:00,1.17244,1.17334,1.17183,1.17231,6778.0,,False,5m consistent,0
2025-06-27 17:00:00,1.17232,1.17249,1.16963,1.1703,10194.0,,False,5m consistent,1
2025-06-30 06:00:00,1.17275,1.17517,1.17218,1.17442,9542.0,,False,5m consistent,0
2025-06-30 07:00:00,1.17441,1.17441,1.17256,1.17256,10400.0,,False,5m consistent,1
2025-06-30 08:00:00,1.17251,1.17313,1.17144,1.17304,11032.0,,False,5m consistent,0
2025-06-30 11:00:00,1.17255,1.17324,1.17236,1.1724,6363.0,,False,5m consistent,1
2025-06-30 13:00:00,1.17141,1.17225,1.17128,1.17221,9296.0,,False,5m consistent,1
2025-06-30 15:00:00,1.17395,1.17727,1.17342,1.17706,13875.0,,False,5m consistent,0
2025-07-01 00:00:00,1.17874,1.17988,1.17872,1.17984,6305.0,,False,5m consistent,0
2025-07-01 05:00:00,1.17872,1.17904,1.1781,1.17872,4099.0,,False,5m consistent,0
2025-07-01 06:00:00,1.1787,1.17877,1.17769,1.17802,7342.0,,False,5m consistent,1
2025-07-01 07:00:00,1.17802,1.17887,1.17681,1.17868,10265.0,,False,5m consistent,1
2025-07-01 11:00:00,1.18122,1.18202,1.18066,1.18147,7564.0,,False,5m consistent,0
2025-07-01 12:00:00,1.18145,1.18183,1.18031,1.18045,9547.0,,False,5m consistent,1
2025-07-01 13:00:00,1.18045,1.18128,1.17937,1.18067,12542.0,,False,5m consistent,0
2025-07-01 14:00:00,1.18071,1.18079,1.1776,1.17805,19966.0,,False,5m consistent,0
2025-07-01 15:00:00,1.17803,1.17805,1.17697,1.17766,12420.0,,False,5m consistent,1
2025-07-02 00:00:00,1.18059,1.18091,1.18001,1.18085,5478.0,,False,5m consistent,0
2025-07-02 04:00:00,1.18012,1.18022,1.17964,1.17972,2728.0,,False,5m consistent,0
2025-07-02 05:00:00,1.17972,1.17994,1.17854,1.17881,4776.0,,False,5m consistent,0
2025-07-02 06:00:00,1.17883,1.17944,1.17742,1.17823,7218.0,,False,5m consistent,0
2025-07-02 08:00:00,1.1775,1.17823,1.17708,1.17766,7580.0,,False,5m consistent,1
2025-07-02 10:00:00,1.17714,1.17818,1.17656,1.17683,5606.0,,False,5m consistent,0
2025-07-02 13:00:00,1.17571,1.17785,1.17556,1.17607,16445.0,,False,5m consistent,1
2025-07-02 20:00:00,1.1803,1.18033,1.17966,1.18,2237.0,,False,5m consistent,1
2025-07-03 01:00:00,1.18074,1.18109,1.18047,1.18053,3921.0,,False,5m consistent,0
2025-07-03 02:00:00,1.18052,1.18057,1.17954,1.17987,3625.0,,False,5m consistent,0
2025-07-03 06:00:00,1.17969,1.18038,1.17924,1.18032,6262.0,,False,5m consistent,1
2025-07-03 08:00:00,1.18021,1.18093,1.17966,1.17989,6316.0,,False,5m consistent,0
2025-07-03 10:00:00,1.1793,1.1801,1.17877,1.17941,4808.0,,False,5m consistent,0
2025-07-03 11:00:00,1.17941,1.17977,1.1784,1.17856,5302.0,,False,5m consistent,0
2025-07-03 13:00:00,1.1739,1.17803,1.17345,1.17756,18274.0,,False,5m consistent,0
2025-07-03 15:00:00,1.1754,1.17673,1.17502,1.17578,9718.0,,False,5m consistent,1
2025-07-04 00:00:00,1.17699,1.17713,1.17644,1.17677,5910.0,,False,5m consistent,1
2025-07-04 05:00:00,1.17811,1.17863,1.17807,1.1785,4237.0,,False,5m consistent,0
2025-07-04 06:00:00,1.1785,1.17859,1.17751,1.1782,7109.0,,False,5m consistent,0
2025-07-04 10:00:00,1.17792,1.17819,1.17758,1.17787,5782.0,,False,5m consistent,0
2025-07-04 18:00:00,1.17767,1.17807,1.17751,1.178,7359.0,,False,5m consistent,1
2025-07-07 00:00:00,1.17813,1.17911,1.17797,1.17807,5861.0,,False,5m consistent,0
2025-07-07 01:00:00,1.17805,1.17815,1.17712,1.17728,5223.0,,False,5m consistent,0
2025-07-07 05:00:00,1.17668,1.17745,1.17644,1.17725,4771.0,,False,5m consistent,0
2025-07-07 06:00:00,1.17723,1.17744,1.17509,1.17568,7419.0,,False,5m consistent,0
2025-07-07 07:00:00,1.17569,1.17596,1.17462,1.17464,9022.0,,False,5m consistent,0
2025-07-07 09:00:00,1.17251,1.17356,1.1723,1.17349,6815.0,,False,5m consistent,0
2025-07-07 11:00:00,1.17283,1.1735,1.17258,1.17304,5476.0,,False,5m consistent,0
2025-07-07 14:00:00,1.17359,1.17463,1.17336,1.17397,7596.0,,False,5m consistent,0
2025-07-07 16:00:00,1.1734,1.17406,1.16885,1.16952,13435.0,,False,5m consistent,1
2025-07-07 19:00:00,1.17198,1.17247,1.17171,1.17203,4032.0,,False,5m consistent,1
2025-07-08 00:00:00,1.17376,1.17486,1.17376,1.17443,7355.0,,False,5m consistent,1
2025-07-08 04:00:00,1.17475,1.17508,1.17414,1.17425,5139.0,,False,5m consistent,1
2025-07-08 07:00:00,1.17426,1.17662,1.17426,1.1761,9066.0,,False,5m consistent,0
2025-07-08 08:00:00,1.17609,1.17615,1.17483,1.17497,8005.0,,False,5m consistent,0
2025-07-08 09:00:00,1.17496,1.17514,1.17397,1.17429,6572.0,,False,5m consistent,0
2025-07-08 11:00:00,1.17289,1.17394,1.17222,1.17225,6648.0,,False,5m consistent,0
2025-07-08 12:00:00,1.17226,1.17254,1.17147,1.17218,8162.0,,False,5m consistent,0
2025-07-08 13:00:00,1.17218,1.17231,1.16946,1.17059,10915.0,,False,5m consistent,0
2025-07-08 15:00:00,1.16931,1.17135,1.16906,1.17076,9283.0,,False,5m consistent,1
2025-07-08 22:00:00,1.17257,1.17302,1.17244,1.17298,710.0,,False,5m consistent,0
2025-07-09 00:00:00,1.17243,1.17269,1.17185,1.17254,5513.0,,False,5m consistent,0
2025-07-09 01:00:00,1.17255,1.17267,1.17178,1.17213,5675.0,,False,5m consistent,0
2025-07-09 02:00:00,1.17212,1.17262,1.17057,1.17124,5704.0,,False,5m consistent,1
2025-07-09 06:00:00,1.17177,1.17294,1.17132,1.17267,6900.0,,False,5m consistent,0
2025-07-09 09:00:00,1.17142,1.17208,1.17081,1.17144,6305.0,,False,5m consistent,0
2025-07-09 10:00:00,1.17144,1.17186,1.17026,1.17029,5989.0,,False,5m consistent,1
2025-07-09 12:00:00,1.16922,1.17178,1.16922,1.17161,10269.0,,False,5m consistent,0
2025-07-09 14:00:00,1.17043,1.17254,1.17036,1.17156,10583.0,,False,5m consistent,1
2025-07-09 19:00:00,1.17143,1.17241,1.17136,1.17198,3726.0,,False,5m consistent,1
2025-07-10 05:00:00,1.17356,1.17419,1.17356,1.174,3626.0,,False,5m consistent,0
2025-07-10 06:00:00,1.174,1.17443,1.17303,1.17337,6751.0,,False,5m consistent,0
2025-07-10 07:00:00,1.17337,1.17388,1.1727,1.17339,7016.0,,False,5m consistent,0
2025-07-10 10:00:00,1.17319,1.17348,1.17283,1.17292,3278.0,,False,5m consistent,0
2025-07-10 11:00:00,1.17292,1.17304,1.17089,1.17127,5216.0,,False,5m consistent,0
2025-07-10 12:00:00,1.17128,1.17149,1.17024,1.17074,8353.0,,False,5m consistent,0
2025-07-10 13:00:00,1.17074,1.17155,1.16875,1.16935,9479.0,,False,5m consistent,0
2025-07-10 22:00:00,1.17048,1.17084,1.17032,1.17065,936.0,,False,5m consistent,0
2025-07-10 23:00:00,1.17066,1.17071,1.17002,1.17027,1504.0,,False,5m consistent,0
2025-07-11 03:00:00,1.16719,1.16853,1.16712,1.16825,4118.0,,False,5m consistent,0
2025-07-11 05:00:00,1.16771,1.1685,1.16759,1.1679,4637.0,,False,5m consistent,1
2025-07-11 07:00:00,1.16759,1.16966,1.16759,1.16897,8296.0,,False,5m consistent,1
2025-07-11 09:00:00,1.1683,1.16962,1.1682,1.16958,5763.0,,False,5m consistent,1
2025-07-11 10:00:00,1.16958,1.16976,1.16885,1.16935,5713.0,,False,5m consistent,1
2025-07-11 13:00:00,1.16894,1.1715,1.16869,1.16896,11113.0,,False,5m consistent,0
2025-07-11 19:00:00,1.16895,1.16931,1.16866,1.16889,5139.0,,False,5m consistent,1
2025-07-14 00:00:00,1.16835,1.16951,1.16827,1.16943,5101.0,,False,5m consistent,0
2025-07-14 01:00:00,1.16943,1.16987,1.1685,1.16854,5011.0,,False,5m consistent,0
2025-07-14 04:00:00,1.16817,1.16829,1.16756,1.16756,3470.0,,False,5m consistent,0
2025-07-14 05:00:00,1.16756,1.16795,1.16658,1.16705,4726.0,,False,5m consistent,0
2025-07-14 10:00:00,1.16921,1.16961,1.16888,1.16956,4411.0,,False,5m consistent,0
2025-07-14 11:00:00,1.16957,1.1698,1.16872,1.16896,5638.0,,False,5m consistent,0
2025-07-14 12:00:00,1.16896,1.16928,1.16808,1.16865,5359.0,,False,5m consistent,1
2025-07-14 14:00:00,1.16828,1.16951,1.16794,1.16842,7544.0,,False,5m consistent,0
2025-07-14 15:00:00,1.16843,1.16968,1.1668,1.16719,8401.0,,False,5m consistent,0
2025-07-14 22:00:00,1.16653,1.16686,1.16651,1.16673,728.0,,False,5m consistent,1
2025-07-15 00:00:00,1.16663,1.16781,1.16658,1.16731,4410.0,,False,5m consistent,1
2025-07-15 05:00:00,1.16768,1.16872,1.16767,1.16867,2870.0,,False,5m consistent,0
2025-07-15 06:00:00,1.16863,1.1689,1.16752,1.16788,4620.0,,False,5m consistent,1
2025-07-15 07:00:00,1.16786,1.16937,1.16727,1.16913,6590.0,,False,5m consistent,0
2025-07-15 08:00:00,1.16913,1.16922,1.16827,1.1688,4819.0,,False,5m consistent,0
2025-07-15 09:00:00,1.16879,1.16918,1.16819,1.16859,4645.0,,False,5m consistent,0
2025-07-15 10:00:00,1.16859,1.16883,1.16771,1.16846,3512.0,,False,5m consistent,0
2025-07-15 11:00:00,1.16845,1.1685,1.16685,1.16705,4715.0,,False,5m consistent,1
2025-07-15 12:00:00,1.16703,1.16919,1.16632,1.16789,14160.0,,False,5m consistent,0
2025-07-15 13:00:00,1.16788,1.16801,1.16393,1.1644,16791.0,,False,5m consistent,0
2025-07-15 14:00:00,1.16439,1.1645,1.1616,1.16194,17148.0,,False,5m consistent,0
2025-07-15 15:00:00,1.16193,1.16194,1.16015,1.16189,10021.0,,False,5m consistent,0
2025-07-16 01:00:00,1.16088,1.16164,1.16074,1.16144,4679.0,,False,5m consistent,1
2025-07-16 06:00:00,1.16215,1.16288,1.16192,1.16286,6344.0,,False,5m consistent,0
2025-07-16 08:00:00,1.16194,1.16266,1.16187,1.16264,5608.0,,False,5m consistent,0
2025-07-16 09:00:00,1.16264,1.16272,1.1614,1.16165,5580.0,,False,5m consistent,1
2025-07-16 10:00:00,1.16164,1.16198,1.161,1.16181,4111.0,,False,5m consistent,0
2025-07-16 11:00:00,1.16181,1.1622,1.16016,1.16044,5509.0,,False,5m consistent,0
2025-07-16 12:00:00,1.16044,1.16147,1.15938,1.15994,12729.0,,False,5m consistent,0
2025-07-16 13:00:00,1.15994,1.16039,1.15639,1.15735,13722.0,,False,5m consistent,1
2025-07-16 15:00:00,1.15933,1.17227,1.15931,1.163,59068.0,,False,5m consistent,1
2025-07-16 17:00:00,1.164,1.16594,1.16373,1.16423,12090.0,,False,5m consistent,1
2025-07-16 23:00:00,1.16372,1.16409,1.16342,1.16364,1845.0,,False,5m consistent,0
2025-07-17 00:00:00,1.16363,1.16372,1.16181,1.16247,4289.0,,False,5m consistent,1
2025-07-17 01:00:00,1.16247,1.16299,1.16144,1.16287,5497.0,,False,5m consistent,0
2025-07-17 05:00:00,1.16252,1.16282,1.16174,1.16176,3239.0,,False,5m consistent,0
2025-07-17 08:00:00,1.15915,1.16061,1.15902,1.16025,5559.0,,False,5m consistent,0
2025-07-17 10:00:00,1.15916,1.15922,1.15842,1.15868,3447.0,,False,5m consistent,0
2025-07-17 15:00:00,1.15887,1.16035,1.15862,1.15972,7088.0,,False,5m consistent,1
2025-07-18 04:00:00,1.16248,1.16248,1.16193,1.162,2078.0,,False,5m consistent,1
2025-07-18 12:00:00,1.16452,1.16593,1.16438,1.16572,8501.0,,False,5m consistent,1
2025-07-18 13:00:00,1.16572,1.16686,1.16486,1.16674,9720.0,,False,5m consistent,0
2025-07-18 15:00:00,1.16487,1.16588,1.16434,1.16453,7096.0,,False,5m consistent,0
2025-07-18 16:00:00,1.16454,1.16497,1.16271,1.16294,7686.0,,False,5m consistent,0
2025-07-18 17:00:00,1.16294,1.16307,1.16188,1.16277,4456.0,,False,5m consistent,1
2025-07-21 06:00:00,1.16342,1.16437,1.163,1.16424,6393.0,,False,5m consistent,1
2025-07-21 07:00:00,1.16425,1.16483,1.16363,1.16443,7326.0,,False,5m consistent,1
2025-07-21 09:00:00,1.1643,1.16494,1.16394,1.16457,4660.0,,False,5m consistent,0
2025-07-21 12:00:00,1.16685,1.16743,1.16633,1.16659,6313.0,,False,5m consistent,1
2025-07-21 15:00:00,1.16974,1.17176,1.16966,1.17056,8111.0,,False,5m consistent,0
2025-07-21 16:00:00,1.17055,1.17067,1.16963,1.17009,5982.0,,False,5m consistent,0
2025-07-21 23:00:00,1.16952,1.16969,1.16914,1.16958,1120.0,,False,5m consistent,0
2025-07-22 00:00:00,1.16958,1.16964,1.16844,1.16893,3559.0,,False,5m consistent,1
2025-07-22 06:00:00,1.16879,1.16932,1.16851,1.16916,4506.0,,False,5m consistent,0
2025-07-22 09:00:00,1.16994,1.17077,1.16941,1.17062,4339.0,,False,5m consistent,0
2025-07-22 10:00:00,1.17062,1.17103,1.17004,1.17026,3634.0,,False,5m consistent,1
2025-07-22 11:00:00,1.17028,1.17046,1.16952,1.17021,5038.0,,False,5m consistent,0
2025-07-22 12:00:00,1.1702,1.17058,1.16839,1.16914,6408.0,,False,5m consistent,0
2025-07-22 13:00:00,1.16913,1.17053,1.16797,1.17051,9344.0,,False,5m consistent,0
2025-07-22 14:00:00,1.17051,1.17274,1.16918,1.1723,12394.0,,False,5m consistent,1
2025-07-22 16:00:00,1.1749,1.17617,1.17454,1.17558,7252.0,,False,5m consistent,0
2025-07-22 22:00:00,1.1751,1.17533,1.17475,1.17491,932.0,,False,5m consistent,0
2025-07-23 00:00:00,1.17387,1.17487,1.17344,1.17479,6678.0,,False,5m consistent,0
2025-07-23 03:00:00,1.17358,1.17471,1.17348,1.17399,3988.0,,False,5m consistent,0
2025-07-23 04:00:00,1.17401,1.17406,1.1733,1.17358,2926.0,,False,5m consistent,1
2025-07-23 06:00:00,1.1731,1.17435,1.17308,1.17432,7223.0,,False,5m consistent,1
2025-07-23 07:00:00,1.1743,1.17538,1.17348,1.17426,7934.0,,False,5m consistent,0
2025-07-23 09:00:00,1.17336,1.17404,1.17313,1.17368,5998.0,,False,5m consistent,0
2025-07-23 12:00:00,1.17265,1.17341,1.1721,1.17258,6677.0,,False,5m consistent,1
2025-07-23 14:00:00,1.17273,1.17387,1.17241,1.17345,9030.0,,False,5m consistent,0
2025-07-23 23:00:00,1.17745,1.178,1.1774,1.17744,1700.0,,False,5m consistent,0
2025-07-24 05:00:00,1.17749,1.1779,1.17712,1.17717,4707.0,,False,5m consistent,0
2025-07-24 07:00:00,1.17578,1.17709,1.17559,1.17625,8049.0,,False,5m consistent,0
2025-07-24 08:00:00,1.17626,1.17691,1.17564,1.17588,6295.0,,False,5m consistent,0
2025-07-24 09:00:00,1.17589,1.17602,1.17474,1.17532,5182.0,,False,5m consistent,1
2025-07-24 11:00:00,1.17499,1.17572,1.17465,1.17567,4994.0,,False,5m consistent,0
2025-07-24 13:00:00,1.1737,1.17778,1.17314,1.17723,18144.0,,False,5m consistent,0
2025-07-24 14:00:00,1.17723,1.17896,1.17624,1.1767,13853.0,,False,5m consistent,1
2025-07-24 19:00:00,1.17666,1.1771,1.17589,1.17593,3642.0,,False,5m consistent,0
2025-07-25 00:00:00,1.17556,1.17598,1.17496,1.17552,5044.0,,False,5m consistent,0
2025-07-25 01:00:00,1.17552,1.17594,1.174,1.17438,5191.0,,False,5m consistent,1
2025-07-25 03:00:00,1.17401,1.1746,1.17377,1.17434,3281.0,,False,5m consistent,1
2025-07-25 07:00:00,1.17487,1.17602,1.17487,1.17541,8942.0,,False,5m consistent,0
2025-07-25 08:00:00,1.17538,1.1759,1.17423,1.17441,8762.0,,False,5m consistent,0
2025-07-25 09:00:00,1.17441,1.17443,1.17339,1.17359,6355.0,,False,5m consistent,0
2025-07-25 10:00:00,1.17359,1.17382,1.17254,1.17291,5269.0,,False,5m consistent,0
2025-07-25 15:00:00,1.17301,1.17395,1.17227,1.17298,8163.0,,False,5m consistent,1
2025-07-28 00:00:00,1.17564,1.17713,1.17557,1.17647,7745.0,,False,5m consistent,0
2025-07-28 03:00:00,1.17556,1.17581,1.17519,1.17575,3755.0,,False,5m consistent,0
2025-07-28 04:00:00,1.17575,1.17591,1.17467,1.17483,3484.0,,False,5m consistent,0
2025-07-28 05:00:00,1.17481,1.17486,1.17407,1.17417,3514.0,,False,5m consistent,0
2025-07-28 06:00:00,1.17415,1.17455,1.17118,1.17221,10290.0,,False,5m consistent,0
2025-07-28 08:00:00,1.16756,1.16911,1.16719,1.16799,10362.0,,False,5m consistent,0
2025-07-28 09:00:00,1.16796,1.16853,1.16589,1.16678,8185.0,,False,5m consistent,0
2025-07-28 10:00:00,1.16677,1.1673,1.16559,1.16589,8395.0,,False,5m consistent,1
2025-07-28 12:00:00,1.16521,1.1666,1.16489,1.16589,13333.0,,False,5m consistent,0
2025-07-28 14:00:00,1.1634,1.16483,1.16315,1.16379,11830.0,,False,5m consistent,0
2025-07-28 15:00:00,1.16379,1.16401,1.16089,1.16097,9788.0,,False,5m consistent,0
2025-07-28 16:00:00,1.16098,1.16115,1.15993,1.15999,6509.0,,False,5m consistent,1
2025-07-28 23:00:00,1.15947,1.15975,1.159,1.15975,1263.0,,False,5m consistent,0
2025-07-29 02:00:00,1.1592,1.16001,1.15918,1.1598,3544.0,,False,5m consistent,0
2025-07-29 03:00:00,1.15978,1.15993,1.15823,1.15838,2920.0,,False,5m consistent,1
2025-07-29 04:00:00,1.15838,1.15898,1.15753,1.15895,3690.0,,False,5m consistent,0
2025-07-29 05:00:00,1.15895,1.15913,1.1578,1.15796,3921.0,,False,5m consistent,0
2025-07-29 10:00:00,1.15774,1.15892,1.15733,1.15748,6277.0,,False,5m consistent,0
2025-07-29 11:00:00,1.15751,1.15758,1.15383,1.15409,9586.0,,False,5m consistent,0
2025-07-29 13:00:00,1.15258,1.15479,1.15197,1.15469,12567.0,,False,5m consistent,1
2025-07-30 03:00:00,1.15646,1.15715,1.15589,1.15627,3477.0,,False,5m consistent,0
2025-07-30 05:00:00,1.15519,1.15605,1.15492,1.15509,4695.0,,False,5m consistent,1
2025-07-30 08:00:00,1.15545,1.15603,1.15495,1.15576,6910.0,,False,5m consistent,0
2025-07-30 09:00:00,1.15576,1.15614,1.15456,1.15527,6887.0,,False,5m consistent,0
2025-07-30 10:00:00,1.15527,1.15558,1.15332,1.15403,6019.0,,False,5m consistent,0
2025-07-30 11:00:00,1.15401,1.15417,1.15227,1.1532,6865.0,,False,5m consistent,0
2025-07-30 12:00:00,1.15322,1.15355,1.14697,1.14739,19372.0,,False,5m consistent,1
2025-07-30 14:00:00,1.14703,1.14831,1.14659,1.14814,11640.0,,False,5m consistent,1
2025-07-30 17:00:00,1.14747,1.14854,1.14747,1.14854,5411.0,,False,5m consistent,1
2025-07-30 19:00:00,1.14251,1.14369,1.14149,1.14248,15405.0,,False,5m consistent,0
2025-07-31 00:00:00,1.1429,1.14384,1.14288,1.14351,5349.0,,False,5m consistent,1
2025-07-31 02:00:00,1.14316,1.14326,1.14221,1.143,4836.0,,False,5m consistent,0
2025-07-31 06:00:00,1.14374,1.14615,1.14363,1.14594,9560.0,,False,5m consistent,0
2025-07-31 07:00:00,1.14592,1.14593,1.14339,1.14497,9299.0,,False,5m consistent,0
2025-07-31 08:00:00,1.14496,1.14559,1.1439,1.1451,7971.0,,False,5m consistent,0
2025-07-31 09:00:00,1.1451,1.14519,1.14332,1.1434,5921.0,,False,5m consistent,1
2025-07-31 11:00:00,1.14406,1.14518,1.1437,1.145,7525.0,,False,5m consistent,0
2025-07-31 12:00:00,1.14501,1.14518,1.14255,1.14294,11587.0,,False,5m consistent,0
2025-07-31 14:00:00,1.14122,1.14506,1.14084,1.14456,14349.0,,False,5m consistent,0
2025-07-31 18:00:00,1.14204,1.14338,1.14165,1.14274,3943.0,,False,5m consistent,1
2025-08-01 00:00:00,1.1423,1.14297,1.14164,1.14251,5967.0,,False,5m consistent,0
2025-08-01 06:00:00,1.14316,1.14388,1.14268,1.14301,6824.0,,False,5m consistent,0
2025-08-01 07:00:00,1.14301,1.1435,1.14136,1.14199,7455.0,,False,5m consistent,0
2025-08-01 08:00:00,1.14197,1.14214,1.14063,1.14073,6224.0,,False,5m consistent,1
2025-08-01 11:00:00,1.14126,1.14236,1.14052,1.14055,6123.0,,False,5m consistent,1
2025-08-01 14:00:00,1.15643,1.15894,1.15519,1.15568,36654.0,,False,5m consistent,1
2025-08-01 15:00:00,1.15566,1.15661,1.15369,1.15552,14876.0,,False,5m consistent,0
2025-08-01 16:00:00,1.15552,1.15657,1.15385,1.15402,8592.0,,False,5m consistent,1
2025-08-04 06:00:00,1.1571,1.15842,1.15641,1.15726,9752.0,,False,5m consistent,1
2025-08-04 07:00:00,1.15726,1.15794,1.15515,1.15647,10540.0,,False,5m consistent,1
2025-08-04 13:00:00,1.15763,1.15893,1.15737,1.15768,12053.0,,False,5m consistent,1
2025-08-04 23:00:00,1.15804,1.15863,1.15787,1.15847,3996.0,,False,5m consistent,0
2025-08-05 00:00:00,1.1585,1.15887,1.15717,1.15727,4279.0,,False,5m consistent,0
2025-08-05 04:00:00,1.15563,1.15612,1.1555,1.15593,2568.0,,False,5m consistent,0
2025-08-05 06:00:00,1.1549,1.15622,1.15434,1.15517,5764.0,,False,5m consistent,0
2025-08-05 07:00:00,1.15518,1.15633,1.15341,1.15473,8593.0,,False,5m consistent,0
2025-08-05 10:00:00,1.15429,1.15466,1.15349,1.15452,5314.0,,False,5m consistent,0
2025-08-05 11:00:00,1.15451,1.1549,1.15285,1.15404,6183.0,,False,5m consistent,1
2025-08-05 13:00:00,1.15382,1.15551,1.15331,1.15396,10457.0,,False,5m consistent,1
2025-08-06 00:00:00,1.15794,1.15862,1.15738,1.15746,3571.0,,False,5m consistent,1
2025-08-06 04:00:00,1.1581,1.15874,1.15786,1.15838,2879.0,,False,5m consistent,1
2025-08-06 06:00:00,1.15794,1.1589,1.15775,1.15795,5241.0,,False,5m consistent,1
2025-08-06 07:00:00,1.15794,1.1583,1.15722,1.15818,6238.0,,False,5m consistent,0
2025-08-06 10:00:00,1.15857,1.16117,1.15849,1.16078,7632.0,,False,5m consistent,1
2025-08-06 13:00:00,1.16245,1.16367,1.16181,1.16366,10451.0,,False,5m consistent,0
2025-08-06 15:00:00,1.16282,1.16478,1.16234,1.16471,12409.0,,False,5m consistent,0
2025-08-06 18:00:00,1.16502,1.16694,1.16489,1.16632,4943.0,,False,5m consistent,1
2025-08-06 23:00:00,1.16647,1.16648,1.16602,1.16638,1570.0,,False,5m consistent,0
2025-08-07 05:00:00,1.16722,1.16773,1.16693,1.16759,3088.0,,False,5m consistent,1
2025-08-07 07:00:00,1.16766,1.16923,1.16742,1.16905,7260.0,,False,5m consistent,1
2025-08-07 08:00:00,1.16905,1.16997,1.16765,1.16836,9041.0,,False,5m consistent,0
2025-08-07 09:00:00,1.16837,1.16856,1.16713,1.16714,5291.0,,False,5m consistent,1
2025-08-07 10:00:00,1.16716,1.16726,1.16624,1.16711,6083.0,,False,5m consistent,1
2025-08-07 12:00:00,1.16452,1.16634,1.16383,1.16518,12604.0,,False,5m consistent,1
2025-08-07 13:00:00,1.16518,1.16594,1.16387,1.16436,13503.0,,False,5m consistent,1
2025-08-07 14:00:00,1.16438,1.16507,1.16149,1.16252,18282.0,,False,5m consistent,1
2025-08-07 17:00:00,1.16392,1.16406,1.16329,1.16339,4966.0,,False,5m consistent,1
2025-08-07 23:00:00,1.16735,1.16791,1.16711,1.16778,2345.0,,False,5m consistent,0
2025-08-08 00:00:00,1.16778,1.16802,1.16682,1.16735,5311.0,,False,5m consistent,0
2025-08-08 04:00:00,1.16605,1.16642,1.16585,1.16591,2618.0,,False,5m consistent,0
2025-08-08 07:00:00,1.1651,1.16654,1.16494,1.166,7541.0,,False,5m consistent,0
2025-08-08 09:00:00,1.1638,1.16448,1.16305,1.16426,7634.0,,False,5m consistent,1
2025-08-08 15:00:00,1.16566,1.16687,1.1655,1.16606,6792.0,,False,5m consistent,1
2025-08-08 17:00:00,1.16572,1.16677,1.16544,1.16599,3808.0,,False,5m consistent,0
2025-08-08 18:00:00,1.16601,1.16636,1.16486,1.16568,5244.0,,False,5m consistent,0
2025-08-11 05:00:00,1.16727,1.16735,1.16681,1.16701,3054.0,,False,5m consistent,0
2025-08-11 06:00:00,1.16701,1.16746,1.16638,1.16651,4535.0,,False,5m consistent,0
2025-08-11 08:00:00,1.16479,1.16612,1.16448,1.16556,5782.0,,False,5m consistent,0
2025-08-11 10:00:00,1.16422,1.16488,1.16414,1.16478,4526.0,,False,5m consistent,0
2025-08-11 11:00:00,1.16476,1.16477,1.16239,1.16295,6690.0,,False,5m consistent,0
2025-08-11 13:00:00,1.1621,1.16286,1.16169,1.16203,8303.0,,False,5m consistent,0
2025-08-11 16:00:00,1.16074,1.16127,1.16027,1.16083,4355.0,,False,5m consistent,1
2025-08-11 18:00:00,1.16118,1.16151,1.1608,1.1613,3670.0,,False,5m consistent,1
2025-08-12 04:00:00,1.16214,1.16287,1.16166,1.16285,4081.0,,False,5m consistent,0
2025-08-12 07:00:00,1.16103,1.16248,1.16089,1.16211,8043.0,,False,5m consistent,0
2025-08-12 08:00:00,1.16212,1.16232,1.16126,1.16157,6383.0,,False,5m consistent,0
2025-08-12 10:00:00,1.16072,1.1614,1.16065,1.16112,5125.0,,False,5m consistent,0
2025-08-12 12:00:00,1.1606,1.16567,1.16021,1.16433,28014.0,,False,5m consistent,0
2025-08-12 13:00:00,1.16431,1.16698,1.16181,1.16531,29551.0,,False,5m consistent,1
2025-08-12 20:00:00,1.16754,1.16779,1.16726,1.1674,2791.0,,False,5m consistent,0
2025-08-13 04:00:00,1.16845,1.1687,1.16824,1.1685,2638.0,,False,5m consistent,1
2025-08-13 09:00:00,1.17149,1.17311,1.17149,1.17302,6203.0,,False,5m consistent,0
2025-08-13 10:00:00,1.17299,1.17311,1.17171,1.17173,5716.0,,False,5m consistent,1
2025-08-13 11:00:00,1.17172,1.17201,1.17087,1.172,5359.0,,False,5m consistent,0
2025-08-13 14:00:00,1.17053,1.17245,1.17036,1.17208,11507.0,,False,5m consistent,0
2025-08-13 17:00:00,1.17077,1.17117,1.17035,1.17049,3452.0,,False,5m consistent,1
2025-08-13 20:00:00,1.17001,1.17079,1.17001,1.17062,2061.0,,False,5m consistent,1
2025-08-14 01:00:00,1.1712,1.17161,1.17099,1.17137,4940.0,,False,5m consistent,0
2025-08-14 04:00:00,1.17044,1.17076,1.17024,1.17047,2176.0,,False,5m consistent,1
2025-08-14 05:00:00,1.17047,1.17048,1.16979,1.17021,3313.0,,False,5m consistent,1
2025-08-14 06:00:00,1.17023,1.17074,1.16856,1.16859,7342.0,,False,5m consistent,0
2025-08-14 07:00:00,1.1686,1.16937,1.16787,1.16808,9396.0,,False,5m consistent,1
2025-08-14 10:00:00,1.16828,1.16981,1.16822,1.16963,7386.0,,False,5m consistent,0
2025-08-14 11:00:00,1.16963,1.16973,1.16837,1.16892,6322.0,,False,5m consistent,0
2025-08-14 12:00:00,1.16894,1.16934,1.16505,1.16647,19112.0,,False,5m consistent,1
2025-08-14 13:00:00,1.16647,1.16725,1.16498,1.16509,14807.0,,False,5m consistent,1
2025-08-14 14:00:00,1.1651,1.16674,1.16385,1.16617,11940.0,,False,5m consistent,0
2025-08-14 15:00:00,1.16617,1.16629,1.16386,1.16437,10473.0,,False,5m consistent,1
2025-08-15 05:00:00,1.16636,1.16723,1.16621,1.16718,2734.0,,False,5m consistent,1
2025-08-15 07:00:00,1.16726,1.16851,1.16724,1.16837,6620.0,,False,5m consistent,1
2025-08-15 09:00:00,1.1683,1.16907,1.1681,1.16884,5829.0,,False,5m consistent,1
2025-08-15 11:00:00,1.16865,1.16927,1.16824,1.16885,4398.0,,False,5m consistent,0
2025-08-15 12:00:00,1.16882,1.17009,1.16742,1.1695,11975.0,,False,5m consistent,0
2025-08-15 14:00:00,1.17053,1.17162,1.17018,1.17125,12342.0,,False,5m consistent,1
2025-08-15 15:00:00,1.17125,1.17158,1.1704,1.17076,7402.0,,False,5m consistent,0
2025-08-18 00:00:00,1.17073,1.17114,1.17009,1.17024,3568.0,,False,5m consistent,1
2025-08-18 01:00:00,1.17024,1.17055,1.16943,1.17041,3705.0,,False,5m consistent,1
2025-08-18 04:00:00,1.17045,1.17112,1.17035,1.17094,3101.0,,False,5m consistent,0
2025-08-18 05:00:00,1.17094,1.17099,1.17021,1.17067,2715.0,,False,5m consistent,0
2025-08-18 06:00:00,1.17064,1.17087,1.16945,1.16973,5327.0,,False,5m consistent,0
2025-08-18 07:00:00,1.16974,1.17043,1.16809,1.16822,7175.0,,False,5m consistent,0
2025-08-18 08:00:00,1.16821,1.16885,1.16719,1.16827,8294.0,,False,5m consistent,1
2025-08-18 10:00:00,1.16809,1.16839,1.16783,1.16818,4136.0,,False,5m consistent,1
2025-08-18 11:00:00,1.16818,1.16893,1.16725,1.16758,4950.0,,False,5m consistent,1
2025-08-18 12:00:00,1.16759,1.16799,1.16671,1.16774,6083.0,,False,5m consistent,1
2025-08-18 13:00:00,1.16774,1.16785,1.16706,1.16785,6245.0,,False,5m consistent,0
2025-08-18 15:00:00,1.16649,1.16754,1.16614,1.1668,6325.0,,False,5m consistent,1
2025-08-18 19:00:00,1.16609,1.16714,1.16607,1.1668,2502.0,,False,5m consistent,1
2025-08-18 22:00:00,1.16636,1.16759,1.16618,1.16707,1633.0,,False,5m consistent,0
2025-08-18 23:00:00,1.16706,1.16708,1.16629,1.16689,1368.0,,False,5m consistent,0
2025-08-19 00:00:00,1.1669,1.16712,1.16566,1.16594,3613.0,,False,5m consistent,0
2025-08-19 04:00:00,1.16558,1.16627,1.16543,1.16617,2447.0,,False,5m consistent,1
2025-08-19 07:00:00,1.16753,1.16853,1.16744,1.16846,6953.0,,False,5m consistent,0
2025-08-19 10:00:00,1.16812,1.1693,1.16799,1.16895,4260.0,,False,5m consistent,0
2025-08-19 11:00:00,1.16893,1.16937,1.16808,1.16863,3943.0,,False,5m consistent,0
2025-08-19 12:00:00,1.16865,1.1689,1.16738,1.16765,6947.0,,False,5m consistent,0
2025-08-19 13:00:00,1.16764,1.16791,1.16689,1.16771,7808.0,,False,5m consistent,0
2025-08-19 14:00:00,1.1677,1.16784,1.16648,1.1673,7221.0,,False,5m consistent,1
2025-08-19 17:00:00,1.16572,1.16616,1.16537,1.16555,3397.0,,False,5m consistent,0
2025-08-19 22:00:00,1.16503,1.16503,1.16453,1.16495,1037.0,,False,5m consistent,0
2025-08-19 23:00:00,1.16496,1.16498,1.16418,1.16424,1179.0,,False,5m consistent,0
2025-08-20 00:00:00,1.16424,1.16434,1.16323,1.16398,4279.0,,False,5m consistent,0
2025-08-20 01:00:00,1.16396,1.16432,1.16278,1.16282,4674.0,,False,5m consistent,1
2025-08-20 05:00:00,1.16353,1.16412,1.16333,1.16404,2384.0,,False,5m consistent,1
2025-08-20 07:00:00,1.16347,1.16477,1.16344,1.16458,7539.0,,False,5m consistent,0
2025-08-20 10:00:00,1.16459,1.16583,1.16445,1.16478,4720.0,,False,5m consistent,1
2025-08-20 12:00:00,1.16431,1.16747,1.16431,1.16719,8853.0,,False,5m consistent,0
2025-08-20 13:00:00,1.16719,1.16728,1.16567,1.16597,8857.0,,False,5m consistent,1
2025-08-20 14:00:00,1.16596,1.167,1.16493,1.16639,10756.0,,False,5m consistent,0
2025-08-20 17:00:00,1.16605,1.16735,1.16601,1.16723,4161.0,,False,5m consistent,0
2025-08-20 23:00:00,1.16534,1.16543,1.16491,1.16519,1341.0,,False,5m consistent,1
2025-08-21 00:00:00,1.16515,1.16525,1.16422,1.16477,4244.0,,False,5m consistent,1
2025-08-21 05:00:00,1.16465,1.16505,1.16425,1.16502,3220.0,,False,5m consistent,0
2025-08-21 07:00:00,1.16309,1.16622,1.16257,1.16595,8385.0,,False,5m consistent,1
2025-08-21 09:00:00,1.16556,1.16636,1.16544,1.16555,4827.0,,False,5m consistent,0
2025-08-21 10:00:00,1.16557,1.16575,1.16491,1.16502,4237.0,,False,5m consistent,0
2025-08-21 12:00:00,1.16413,1.16572,1.16374,1.16474,9197.0,,False,5m consistent,0
2025-08-21 13:00:00,1.16475,1.16508,1.16164,1.1622,12283.0,,False,5m consistent,0
2025-08-21 14:00:00,1.16219,1.16304,1.16069,1.16165,12106.0,,False,5m consistent,0
2025-08-21 17:00:00,1.16121,1.16195,1.16121,1.16159,3895.0,,False,5m consistent,1
2025-08-22 00:00:00,1.16134,1.16175,1.16114,1.16157,2978.0,,False,5m consistent,0
2025-08-22 02:00:00,1.16087,1.1615,1.16059,1.16096,2845.0,,False,5m consistent,0
2025-08-22 03:00:00,1.16097,1.16098,1.15898,1.15906,3734.0,,False,5m consistent,1
2025-08-22 12:00:00,1.16054,1.16145,1.16053,1.16095,5302.0,,False,5m consistent,0
2025-08-22 17:00:00,1.1723,1.17436,1.1723,1.17377,7077.0,,False,5m consistent,0
2025-08-25 06:00:00,1.17016,1.17213,1.17015,1.17155,5576.0,,False,5m consistent,0
2025-08-25 08:00:00,1.16984,1.17117,1.16983,1.17049,4597.0,,False,5m consistent,0
2025-08-25 09:00:00,1.17048,1.17053,1.16908,1.1694,3609.0,,False,5m consistent,1
2025-08-25 11:00:00,1.16887,1.17039,1.16885,1.17037,4053.0,,False,5m consistent,1
2025-08-25 13:00:00,1.17006,1.17099,1.16956,1.17038,6060.0,,False,5m consistent,0
2025-08-25 14:00:00,1.17039,1.17065,1.16899,1.16909,8567.0,,False,5m consistent,0
2025-08-25 15:00:00,1.1691,1.16926,1.16662,1.16701,8505.0,,False,5m consistent,0
2025-08-25 16:00:00,1.16703,1.16703,1.16522,1.16556,6242.0,,False,5m consistent,0
2025-08-25 17:00:00,1.16557,1.16568,1.16416,1.16476,5428.0,,False,5m consistent,0
2025-08-25 18:00:00,1.16474,1.16492,1.16197,1.16213,5719.0,,False,5m consistent,0
2025-08-25 22:00:00,1.16213,1.16235,1.16189,1.16213,1260.0,,False,5m consistent,1
2025-08-26 00:00:00,1.16156,1.1661,1.1611,1.16487,17266.0,,False,5m consistent,0
2025-08-26 01:00:00,1.16486,1.1651,1.16357,1.16428,6478.0,,False,5m consistent,0
2025-08-26 02:00:00,1.16428,1.16482,1.16333,1.16375,5073.0,,False,5m consistent,1
2025-08-26 05:00:00,1.1633,1.16453,1.16304,1.16421,4205.0,,False,5m consistent,0
2025-08-26 06:00:00,1.16421,1.16421,1.16143,1.16231,8996.0,,False,5m consistent,1
2025-08-26 07:00:00,1.16229,1.16295,1.16031,1.16226,11398.0,,False,5m consistent,0
2025-08-26 11:00:00,1.16459,1.16616,1.16422,1.16547,5963.0,,False,5m consistent,0
2025-08-26 12:00:00,1.16548,1.16608,1.16457,1.16471,8785.0,,False,5m consistent,1
2025-08-26 16:00:00,1.16566,1.16624,1.16494,1.16497,4619.0,,False,5m consistent,1
2025-08-27 01:00:00,1.16377,1.16417,1.16315,1.16347,4036.0,,False,5m consistent,0
2025-08-27 02:00:00,1.16347,1.16351,1.16256,1.16322,2658.0,,False,5m consistent,0
2025-08-27 03:00:00,1.16322,1.16338,1.16226,1.1626,2253.0,,False,5m consistent,0
2025-08-27 06:00:00,1.16211,1.16246,1.16154,1.16218,5056.0,,False,5m consistent,0
2025-08-27 07:00:00,1.16219,1.16228,1.15969,1.16043,6588.0,,False,5m consistent,0
2025-08-27 09:00:00,1.15897,1.15958,1.15872,1.15912,5130.0,,False,5m consistent,0
2025-08-27 13:00:00,1.15872,1.16047,1.15851,1.15987,8748.0,,False,5m consistent,0
2025-08-27 17:00:00,1.1639,1.16436,1.16333,1.16386,5041.0,,False,5m consistent,1
2025-08-28 02:00:00,1.16462,1.16555,1.16455,1.16534,3044.0,,False,5m consistent,0
2025-08-28 06:00:00,1.16383,1.1646,1.16347,1.16439,5434.0,,False,5m consistent,0
2025-08-28 07:00:00,1.16439,1.16506,1.16346,1.16446,6899.0,,False,5m consistent,0
2025-08-28 10:00:00,1.16495,1.16758,1.1649,1.16723,5501.0,,False,5m consistent,0
2025-08-28 12:00:00,1.16675,1.16882,1.16634,1.16703,13038.0,,False,5m consistent,1
2025-08-28 14:00:00,1.16731,1.16871,1.16669,1.16712,10841.0,,False,5m consistent,1
2025-08-28 18:00:00,1.16889,1.16913,1.16856,1.16898,3148.0,,False,5m consistent,0
2025-08-28 20:00:00,1.16835,1.16844,1.16788,1.16834,1791.0,,False,5m consistent,0
2025-08-28 23:00:00,1.1675,1.16828,1.16745,1.16794,1391.0,,False,5m consistent,0
2025-08-29 00:00:00,1.16796,1.16829,1.16734,1.16756,3849.0,,False,5m consistent,0
2025-08-29 05:00:00,1.16658,1.16711,1.16624,1.16707,2870.0,,False,5m consistent,1
2025-08-29 07:00:00,1.16678,1.16782,1.16636,1.16769,6470.0,,False,5m consistent,1
2025-08-29 08:00:00,1.16771,1.16912,1.16706,1.16766,7283.0,,False,5m consistent,0
2025-08-29 09:00:00,1.16768,1.16836,1.16698,1.16738,5341.0,,False,5m consistent,0
2025-08-29 10:00:00,1.16737,1.16754,1.16657,1.16684,4376.0,,False,5m consistent,0
2025-08-29 11:00:00,1.16687,1.1669,1.16619,1.16641,4632.0,,False,5m consistent,0
2025-08-29 14:00:00,1.167,1.1706,1.167,1.17052,13976.0,,False,5m consistent,1
2025-08-29 19:00:00,1.16993,1.17006,1.16938,1.1699,2686.0,,False,5m consistent,0
2025-09-01 00:00:00,1.1691,1.16991,1.16906,1.16979,2796.0,,False,5m consistent,1
2025-09-01 02:00:00,1.16957,1.17147,1.16956,1.17126,4390.0,,False,5m consistent,1
2025-09-01 06:00:00,1.17152,1.17343,1.17142,1.1726,6509.0,,False,5m consistent,1
2025-09-01 07:00:00,1.17259,1.17287,1.1716,1.17264,6376.0,,False,5m consistent,1
2025-09-01 08:00:00,1.17262,1.17374,1.17169,1.1736,6200.0,,False,5m consistent,0
2025-09-01 10:00:00,1.17203,1.17273,1.17189,1.17204,4106.0,,False,5m consistent,0
2025-09-01 11:00:00,1.17204,1.17302,1.17137,1.17152,5101.0,,False,5m consistent,0
2025-09-01 14:00:00,1.17087,1.17153,1.17063,1.17117,5726.0,,False,5m consistent,0
2025-09-01 23:00:00,1.17121,1.17191,1.17117,1.17157,1210.0,,False,5m consistent,0
2025-09-02 00:00:00,1.17157,1.17167,1.1704,1.17053,4511.0,,False,5m consistent,1
2025-09-02 01:00:00,1.17053,1.17079,1.17003,1.17044,6277.0,,False,5m consistent,0
2025-09-02 02:00:00,1.17045,1.17051,1.1693,1.16993,4323.0,,False,5m consistent,0
2025-09-02 03:00:00,1.16991,1.17002,1.16939,1.1696,3235.0,,False,5m consistent,0
2025-09-02 04:00:00,1.16959,1.16969,1.16903,1.16943,2634.0,,False,5m consistent,1
2025-09-02 06:00:00,1.16953,1.17075,1.16953,1.17039,5869.0,,False,5m consistent,0
2025-09-02 07:00:00,1.1704,1.17073,1.16438,1.1647,16485.0,,False,5m consistent,1
2025-09-02 08:00:00,1.16473,1.16565,1.16346,1.1646,15748.0,,False,5m consistent,0
2025-09-02 09:00:00,1.1646,1.16492,1.16247,1.16384,11277.0,,False,5m consistent,1
2025-09-02 11:00:00,1.16327,1.16506,1.16288,1.16474,9379.0,,False,5m consistent,0
2025-09-02 14:00:00,1.16516,1.16834,1.16516,1.16632,17221.0,,False,5m consistent,0
2025-09-02 15:00:00,1.16634,1.16693,1.16502,1.16534,9917.0,,False,5m consistent,0
2025-09-02 17:00:00,1.16448,1.16491,1.16423,1.16432,3834.0,,False,5m consistent,0
2025-09-03 06:00:00,1.16308,1.16439,1.16292,1.16338,5609.0,,False,5m consistent,0
2025-09-03 09:00:00,1.16575,1.16657,1.16527,1.16572,6772.0,,False,5m consistent,0
2025-09-03 12:00:00,1.16523,1.16598,1.16455,1.1649,7959.0,,False,5m consistent,1
2025-09-03 15:00:00,1.16645,1.16829,1.16638,1.16758,8384.0,,False,5m consistent,0
2025-09-03 16:00:00,1.1676,1.16783,1.16674,1.1676,4738.0,,False,5m consistent,0
2025-09-03 23:00:00,1.16612,1.16633,1.16576,1.16618,1305.0,,False,5m consistent,1
2025-09-04 00:00:00,1.1662,1.16631,1.16556,1.16595,4498.0,,False,5m consistent,1
2025-09-04 01:00:00,1.16596,1.16704,1.16533,1.16593,4762.0,,False,5m consistent,1
2025-09-04 06:00:00,1.16563,1.16622,1.16509,1.16527,5480.0,,False,5m consistent,1
2025-09-04 08:00:00,1.16515,1.16602,1.16489,1.16586,6334.0,,False,5m consistent,0
2025-09-04 10:00:00,1.16441,1.16606,1.16438,1.16536,5650.0,,False,5m consistent,0
2025-09-04 11:00:00,1.16533,1.16537,1.164,1.16436,5297.0,,False,5m consistent,0
2025-09-04 12:00:00,1.16438,1.16604,1.16308,1.16466,12435.0,,False,5m consistent,1
2025-09-04 13:00:00,1.16465,1.16565,1.16383,1.16509,10324.0,,False,5m consistent,1
2025-09-04 15:00:00,1.16356,1.16507,1.16322,1.16485,6102.0,,False,5m consistent,0
2025-09-05 03:00:00,1.16692,1.1674,1.16669,1.1672,2446.0,,False,5m consistent,1
2025-09-05 05:00:00,1.16677,1.16787,1.16673,1.16777,2515.0,,False,5m consistent,0
2025-09-05 10:00:00,1.16887,1.16976,1.16876,1.16922,4097.0,,False,5m consistent,0
2025-09-05 12:00:00,1.16881,1.17522,1.1687,1.17352,27642.0,,False,5m consistent,0
2025-09-05 13:00:00,1.17353,1.17512,1.17149,1.17496,22597.0,,False,5m consistent,0
2025-09-05 15:00:00,1.17375,1.17604,1.17356,1.17591,10115.0,,False,5m consistent,0
2025-09-05 16:00:00,1.17592,1.17604,1.17374,1.17398,6362.0,,False,5m consistent,0
2025-09-05 17:00:00,1.17399,1.17402,1.17256,1.17267,5868.0,,False,5m consistent,0
2025-09-08 08:00:00,1.17336,1.17438,1.17268,1.17321,6882.0,,False,5m consistent,1
2025-09-08 13:00:00,1.17384,1.17572,1.17372,1.1752,9480.0,,False,5m consistent,0
2025-09-08 15:00:00,1.17463,1.17531,1.17439,1.17512,6617.0,,False,5m consistent,0
2025-09-09 01:00:00,1.17723,1.17789,1.17667,1.17759,3506.0,,False,5m consistent,0
2025-09-09 05:00:00,1.17736,1.17809,1.1772,1.17796,3676.0,,False,5m consistent,0
2025-09-09 06:00:00,1.17797,1.17807,1.17571,1.17658,7293.0,,False,5m consistent,0
2025-09-09 07:00:00,1.17658,1.17694,1.17486,1.17534,8574.0,,False,5m consistent,1
2025-09-09 09:00:00,1.17604,1.17732,1.17601,1.17683,7592.0,,False,5m consistent,0
2025-09-09 10:00:00,1.17682,1.17721,1.17534,1.1755,6176.0,,False,5m consistent,0
2025-09-09 11:00:00,1.17549,1.17555,1.1742,1.17429,5120.0,,False,5m consistent,1
2025-09-09 14:00:00,1.1743,1.17638,1.17233,1.17316,22999.0,,False,5m consistent,0
2025-09-09 16:00:00,1.1723,1.17307,1.17195,1.17197,5884.0,,False,5m consistent,0
2025-09-09 22:00:00,1.17138,1.17148,1.17097,1.17127,875.0,,False,5m consistent,0
2025-09-10 00:00:00,1.17031,1.17033,1.1697,1.16978,4496.0,,False,5m consistent,1
2025-09-10 04:00:00,1.17092,1.17166,1.17083,1.17159,2657.0,,False,5m consistent,0
2025-09-10 06:00:00,1.17093,1.17194,1.16925,1.1699,7761.0,,False,5m consistent,0
2025-09-10 07:00:00,1.16987,1.17087,1.16835,1.17037,10114.0,,False,5m consistent,1
2025-09-10 09:00:00,1.17007,1.17179,1.16991,1.17142,5946.0,,False,5m consistent,0
2025-09-10 11:00:00,1.1701,1.17077,1.16963,1.17054,5590.0,,False,5m consistent,0
2025-09-10 14:00:00,1.17208,1.17317,1.17159,1.17286,12239.0,,False,5m consistent,0
2025-09-10 15:00:00,1.17285,1.17309,1.1714,1.17155,6998.0,,False,5m consistent,0
2025-09-10 18:00:00,1.17066,1.17131,1.17033,1.17054,4007.0,,False,5m consistent,0
2025-09-10 23:00:00,1.17042,1.17077,1.17021,1.17034,1151.0,,False,5m consistent,0
2025-09-11 04:00:00,1.16967,1.17003,1.16949,1.17002,1601.0,,False,5m consistent,0
2025-09-11 05:00:00,1.17004,1.17004,1.169,1.16908,3189.0,,False,5m consistent,1
2025-09-11 08:00:00,1.16934,1.16962,1.16895,1.16929,6011.0,,False,5m consistent,0
2025-09-11 09:00:00,1.16929,1.16941,1.16782,1.16867,6395.0,,False,5m consistent,1
2025-09-11 11:00:00,1.1684,1.16919,1.16789,1.16845,6670.0,,False,5m consistent,0
2025-09-11 13:00:00,1.1716,1.17418,1.17148,1.174,22796.0,,False,5m consistent,1
2025-09-11 16:00:00,1.17324,1.17407,1.17314,1.17373,5795.0,,False,5m consistent,1
2025-09-11 23:00:00,1.17399,1.1741,1.17339,1.1734,1946.0,,False,5m consistent,0
2025-09-12 00:00:00,1.1734,1.17351,1.17281,1.17338,4669.0,,False,5m consistent,0
2025-09-12 05:00:00,1.17266,1.17343,1.1725,1.17315,2674.0,,False,5m consistent,0
2025-09-12 07:00:00,1.17405,1.17487,1.17379,1.17416,7488.0,,False,5m consistent,0
2025-09-12 10:00:00,1.1723,1.17357,1.17228,1.17349,5118.0,,False,5m consistent,0
2025-09-12 11:00:00,1.17347,1.17367,1.17215,1.17221,6013.0,,False,5m consistent,0
2025-09-12 12:00:00,1.17221,1.17238,1.17018,1.17131,10914.0,,False,5m consistent,1
2025-09-12 14:00:00,1.17139,1.17291,1.17134,1.17258,11696.0,,False,5m consistent,0
2025-09-12 18:00:00,1.1733,1.17425,1.1733,1.1742,3573.0,,False,5m consistent,0
2025-09-12 19:00:00,1.1742,1.17424,1.17349,1.17371,2866.0,,False,5m consistent,1
2025-09-15 04:00:00,1.17321,1.17363,1.17318,1.1735,1734.0,,False,5m consistent,0
2025-09-15 05:00:00,1.1735,1.17353,1.17285,1.17291,1784.0,,False,5m consistent,0
2025-09-15 12:00:00,1.17621,1.17718,1.17621,1.17704,7395.0,,False,5m consistent,0
2025-09-15 13:00:00,1.17704,1.17743,1.17585,1.17597,8326.0,,False,5m consistent,1
2025-09-15 15:00:00,1.17586,1.17731,1.17571,1.17723,5798.0,,False,5m consistent,0
2025-09-15 23:00:00,1.17641,1.17671,1.17637,1.17639,1564.0,,False,5m consistent,1
2025-09-16 03:00:00,1.17776,1.17879,1.17751,1.1781,3989.0,,False,5m consistent,1
2025-09-16 09:00:00,1.17962,1.18189,1.17959,1.18148,8589.0,,False,5m consistent,0
2025-09-16 10:00:00,1.1815,1.18164,1.18049,1.1809,6971.0,,False,5m consistent,1
2025-09-16 11:00:00,1.18091,1.18223,1.18021,1.18148,8067.0,,False,5m consistent,0
2025-09-16 14:00:00,1.18249,1.1854,1.18219,1.18526,16108.0,,False,5m consistent,0
2025-09-16 18:00:00,1.18667,1.18719,1.18622,1.18676,5351.0,,False,5m consistent,1
2025-09-16 23:00:00,1.18671,1.18739,1.18667,1.18718,1384.0,,False,5m consistent,0
2025-09-17 05:00:00,1.18548,1.18605,1.18548,1.18588,2655.0,,False,5m consistent,0
2025-09-17 06:00:00,1.1859,1.18609,1.18522,1.18569,6114.0,,False,5m consistent,0
2025-09-17 08:00:00,1.18411,1.18521,1.18403,1.18493,5495.0,,False,5m consistent,0
2025-09-17 09:00:00,1.18494,1.18506,1.18419,1.18465,5558.0,,False,5m consistent,0
2025-09-17 14:00:00,1.18508,1.18601,1.18468,1.18505,8096.0,,False,5m consistent,1
2025-09-17 16:00:00,1.18454,1.18571,1.18431,1.1854,5429.0,,False,5m consistent,1
2025-09-17 18:00:00,1.18572,1.19197,1.182,1.18351,58129.0,,False,5m consistent,0
2025-09-17 19:00:00,1.18353,1.18579,1.18215,1.18255,26219.0,,False,5m consistent,1
2025-09-17 23:00:00,1.182,1.18298,1.18188,1.18261,3044.0,,False,5m consistent,1
2025-09-18 00:00:00,1.18261,1.18292,1.1816,1.18262,7545.0,,False,5m consistent,0
2025-09-18 03:00:00,1.18203,1.18236,1.18124,1.18131,3270.0,,False,5m consistent,0
2025-09-18 04:00:00,1.18131,1.18146,1.17946,1.17958,3934.0,,False,5m consistent,1
2025-09-18 05:00:00,1.17958,1.18012,1.17864,1.17917,5360.0,,False,5m consistent,1
2025-09-18 07:00:00,1.17951,1.18395,1.17946,1.18325,11901.0,,False,5m consistent,1
2025-09-18 10:00:00,1.18388,1.18411,1.18318,1.18376,6171.0,,False,5m consistent,0
2025-09-18 11:00:00,1.18378,1.1838,1.18207,1.18262,9613.0,,False,5m consistent,0
2025-09-18 12:00:00,1.18261,1.1827,1.17961,1.17965,14210.0,,False,5m consistent,0
2025-09-18 23:00:00,1.17879,1.17916,1.17875,1.17898,1328.0,,False,5m consistent,0
2025-09-19 00:00:00,1.17899,1.17915,1.17761,1.17875,4703.0,,False,5m consistent,0
2025-09-19 03:00:00,1.17806,1.17936,1.17805,1.17825,7684.0,,False,5m consistent,0
2025-09-19 05:00:00,1.17747,1.17788,1.17717,1.17739,4894.0,,False,5m consistent,1
2025-09-19 06:00:00,1.1774,1.17783,1.17641,1.17673,12637.0,,False,5m consistent,1
2025-09-19 07:00:00,1.17675,1.17792,1.17582,1.17708,12578.0,,False,5m consistent,0
2025-09-19 10:00:00,1.17605,1.17661,1.17592,1.17621,5926.0,,False,5m consistent,0
2025-09-19 11:00:00,1.17621,1.17632,1.17359,1.17377,8313.0,,False,5m consistent,1
2025-09-19 14:00:00,1.17591,1.17688,1.17566,1.1758,11833.0,,False,5m consistent,0
2025-09-19 15:00:00,1.17579,1.17601,1.17381,1.17532,9819.0,,False,5m consistent,0
2025-09-22 12:00:00,1.17792,1.17884,1.17739,1.17841,8266.0,,False,5m consistent,0
2025-09-22 13:00:00,1.17842,1.17888,1.17694,1.17776,10370.0,,False,5m consistent,0
2025-09-23 01:00:00,1.18069,1.18209,1.18049,1.18158,4738.0,,False,5m consistent,0
2025-09-23 02:00:00,1.18157,1.18176,1.18024,1.18053,4222.0,,False,5m consistent,1
2025-09-23 03:00:00,1.18052,1.18072,1.17976,1.18066,3347.0,,False,5m consistent,0
2025-09-23 05:00:00,1.17984,1.18058,1.17957,1.17995,3761.0,,False,5m consistent,1
2025-09-23 06:00:00,1.17993,1.18054,1.17909,1.17957,6947.0,,False,5m consistent,0
2025-09-23 07:00:00,1.17956,1.18011,1.178,1.17915,13061.0,,False,5m consistent,1
2025-09-23 09:00:00,1.18038,1.18133,1.18013,1.1803,6663.0,,False,5m consistent,0
2025-09-23 11:00:00,1.1797,1.1801,1.17922,1.17926,5255.0,,False,5m consistent,1
2025-09-23 12:00:00,1.17928,1.17994,1.17853,1.17978,6842.0,,False,5m consistent,0
2025-09-23 13:00:00,1.17977,1.18054,1.1785,1.18004,12053.0,,False,5m consistent,1
2025-09-23 14:00:00,1.18004,1.18061,1.17933,1.17962,13082.0,,False,5m consistent,1
2025-09-23 15:00:00,1.17962,1.17999,1.17888,1.17992,7196.0,,False,5m consistent,1
2025-09-23 23:00:00,1.18159,1.18182,1.18136,1.18162,1733.0,,False,5m consistent,0
2025-09-24 00:00:00,1.18163,1.18175,1.1804,1.18047,5432.0,,False,5m consistent,0
2025-09-24 04:00:00,1.17984,1.18054,1.17965,1.18038,3353.0,,False,5m consistent,0
2025-09-24 05:00:00,1.18037,1.18059,1.17931,1.17988,3629.0,,False,5m consistent,0
2025-09-24 07:00:00,1.17883,1.17955,1.17852,1.17895,8981.0,,False,5m consistent,0
2025-09-24 08:00:00,1.17894,1.17895,1.17672,1.17729,8225.0,,False,5m consistent,0
2025-09-24 09:00:00,1.17729,1.17758,1.17632,1.17685,6679.0,,False,5m consistent,0
2025-09-24 11:00:00,1.17526,1.17562,1.17473,1.175,6427.0,,False,5m consistent,0
2025-09-24 12:00:00,1.17501,1.17589,1.17402,1.17434,10012.0,,False,5m consistent,0
2025-09-24 13:00:00,1.17435,1.17444,1.17312,1.17395,12119.0,,False,5m consistent,1
2025-09-24 15:00:00,1.1744,1.17467,1.17377,1.17426,9852.0,,False,5m consistent,0
2025-09-25 00:00:00,1.1743,1.17492,1.17414,1.17483,4854.0,,False,5m consistent,1
2025-09-25 04:00:00,1.17533,1.17544,1.17497,1.17529,1917.0,,False,5m consistent,0
2025-09-25 06:00:00,1.17431,1.17531,1.17389,1.17467,7044.0,,False,5m consistent,0
2025-09-25 10:00:00,1.17457,1.17549,1.17452,1.17477,5637.0,,False,5m consistent,0
2025-09-25 11:00:00,1.17477,1.1748,1.17354,1.1741,7036.0,,False,5m consistent,0
2025-09-25 12:00:00,1.1741,1.17463,1.16884,1.16989,18969.0,,False,5m consistent,0
2025-09-25 13:00:00,1.16988,1.17112,1.16839,1.16869,16885.0,,False,5m consistent,0
2025-09-25 14:00:00,1.16865,1.16956,1.16744,1.16769,16336.0,,False,5m consistent,1
2025-09-25 16:00:00,1.16731,1.16843,1.16695,1.16717,8418.0,,False,5m consistent,0
2025-09-25 17:00:00,1.16716,1.16731,1.1653,1.16584,7035.0,,False,5m consistent,1
2025-09-25 22:00:00,1.16645,1.16699,1.16631,1.16692,1045.0,,False,5m consistent,1
2025-09-26 06:00:00,1.1678,1.16848,1.16726,1.16806,7600.0,,False,5m consistent,0
2025-09-26 09:00:00,1.16813,1.16852,1.16766,1.16794,6419.0,,False,5m consistent,0
2025-09-26 19:00:00,1.17047,1.17067,1.16993,1.17065,2847.0,,False,5m consistent,0
2025-09-29 00:00:00,1.17056,1.17242,1.17054,1.17225,4622.0,,False,5m consistent,1
2025-09-29 05:00:00,1.1728,1.17343,1.17248,1.17293,5208.0,,False,5m consistent,0
2025-09-29 07:00:00,1.17204,1.17339,1.17183,1.17278,8198.0,,False,5m consistent,0
2025-09-29 08:00:00,1.1728,1.17297,1.17088,1.17246,7278.0,,False,5m consistent,0
2025-09-29 10:00:00,1.17184,1.17227,1.17164,1.17207,5116.0,,False,5m consistent,0
2025-09-29 11:00:00,1.17208,1.17318,1.171,1.17298,6860.0,,False,5m consistent,1
2025-09-29 12:00:00,1.17296,1.17521,1.17193,1.17507,12961.0,,False,5m consistent,0
2025-09-29 13:00:00,1.17506,1.17554,1.1738,1.17417,12711.0,,False,5m consistent,0
2025-09-29 14:00:00,1.17417,1.17456,1.17302,1.1731,10385.0,,False,5m consistent,1
2025-09-29 16:00:00,1.17298,1.17339,1.17261,1.17301,4177.0,,False,5m consistent,1
2025-09-29 23:00:00,1.17286,1.17333,1.17281,1.17316,1357.0,,False,5m consistent,0
2025-09-30 00:00:00,1.17316,1.17323,1.17135,1.17216,5517.0,,False,5m consistent,1
2025-09-30 03:00:00,1.17232,1.17273,1.17212,1.17246,3406.0,,False,5m consistent,1
2025-09-30 08:00:00,1.1743,1.17626,1.1743,1.17565,9584.0,,False,5m consistent,0
2025-09-30 09:00:00,1.17565,1.17596,1.17459,1.17491,6197.0,,False,5m consistent,0
2025-09-30 10:00:00,1.17492,1.17523,1.17412,1.17464,5404.0,,False,5m consistent,0
2025-09-30 11:00:00,1.17466,1.17495,1.17373,1.17433,5868.0,,False,5m consistent,0
2025-09-30 12:00:00,1.17431,1.17484,1.1734,1.17381,8102.0,,False,5m consistent,0
2025-09-30 13:00:00,1.1738,1.17402,1.17173,1.17317,11317.0,,False,5m consistent,1
2025-09-30 14:00:00,1.17319,1.17533,1.17249,1.17507,16442.0,,False,5m consistent,0
2025-09-30 16:00:00,1.17349,1.176,1.17347,1.17573,6971.0,,False,5m consistent,0
2025-09-30 17:00:00,1.17574,1.17623,1.17476,1.17502,5374.0,,False,5m consistent,0
2025-10-01 01:00:00,1.1737,1.17416,1.17312,1.174,2674.0,,False,5m consistent,1
2025-10-01 04:00:00,1.17388,1.17597,1.17387,1.17591,3088.0,,False,5m consistent,1
2025-10-01 06:00:00,1.17531,1.17758,1.17515,1.17687,10044.0,,False,5m consistent,0
2025-10-01 08:00:00,1.17508,1.17667,1.17502,1.17503,11639.0,,False,5m consistent,0
2025-10-01 09:00:00,1.17504,1.1755,1.17316,1.17338,8768.0,,False,5m consistent,0
2025-10-01 11:00:00,1.17262,1.1741,1.1726,1.17351,7219.0,,False,5m consistent,1
2025-10-01 13:00:00,1.17501,1.17624,1.1747,1.17565,15790.0,,False,5m consistent,0
2025-10-01 14:00:00,1.17565,1.17644,1.17318,1.17473,22989.0,,False,5m consistent,0
2025-10-01 23:00:00,1.17348,1.17381,1.17336,1.17337,1186.0,,False,5m consistent,1
2025-10-02 09:00:00,1.17547,1.17592,1.17515,1.17557,6315.0,,False,5m consistent,1
2025-10-02 11:00:00,1.17529,1.17575,1.17479,1.17512,6001.0,,False,5m consistent,0
2025-10-02 12:00:00,1.1751,1.17592,1.17352,1.17383,8427.0,,False,5m consistent,0
2025-10-02 13:00:00,1.17384,1.17448,1.17141,1.17233,13459.0,,False,5m consistent,0
2025-10-02 14:00:00,1.17234,1.17235,1.17058,1.17142,14559.0,,False,5m consistent,0
2025-10-03 00:00:00,1.17254,1.17255,1.17198,1.17251,3364.0,,False,5m consistent,1
2025-10-03 01:00:00,1.17251,1.17301,1.17171,1.17277,5829.0,,False,5m consistent,0
2025-10-03 03:00:00,1.17252,1.17278,1.17207,1.17271,2586.0,,False,5m consistent,0
2025-10-03 08:00:00,1.17332,1.17454,1.1732,1.1741,7583.0,,False,5m consistent,1
2025-10-03 11:00:00,1.17372,1.17437,1.17319,1.17346,6660.0,,False,5m consistent,1
2025-10-03 12:00:00,1.17348,1.17416,1.17279,1.17403,8988.0,,False,5m consistent,1
2025-10-03 15:00:00,1.17418,1.17497,1.17374,1.1747,7723.0,,False,5m consistent,0
2025-10-03 16:00:00,1.17472,1.17493,1.17386,1.17406,4723.0,,False,5m consistent,0
2025-10-03 17:00:00,1.17405,1.17426,1.17328,1.17348,4522.0,,False,5m consistent,1
2025-10-06 04:00:00,1.17254,1.17282,1.17204,1.1721,4400.0,,False,5m consistent,0
2025-10-06 05:00:00,1.1721,1.17261,1.17148,1.1718,4183.0,,False,5m consistent,0
2025-10-06 07:00:00,1.16942,1.1713,1.16632,1.16637,20964.0,,False,5m consistent,1
2025-10-06 08:00:00,1.16635,1.16806,1.16526,1.16685,14783.0,,False,5m consistent,0
2025-10-06 09:00:00,1.16685,1.16706,1.1658,1.16671,8842.0,,False,5m consistent,1
2025-10-06 14:00:00,1.17003,1.17187,1.1696,1.17173,11432.0,,False,5m consistent,1
2025-10-07 00:00:00,1.17103,1.1712,1.17051,1.17097,4666.0,,False,5m consistent,0
2025-10-07 03:00:00,1.17024,1.1708,1.17005,1.17041,2270.0,,False,5m consistent,0
2025-10-07 04:00:00,1.1704,1.17082,1.16952,1.16991,2431.0,,False,5m consistent,0
2025-10-07 05:00:00,1.16991,1.17006,1.16882,1.16928,3827.0,,False,5m consistent,0
2025-10-07 06:00:00,1.16925,1.16927,1.16838,1.16875,8199.0,,False,5m consistent,0
2025-10-07 07:00:00,1.16875,1.16887,1.1671,1.16773,8661.0,,False,5m consistent,0
2025-10-07 10:00:00,1.16673,1.16768,1.16638,1.16749,6179.0,,False,5m consistent,0
2025-10-07 11:00:00,1.16749,1.16751,1.16547,1.16633,7050.0,,False,5m consistent,1
2025-10-07 12:00:00,1.16633,1.16679,1.16547,1.16678,9999.0,,False,5m consistent,0
2025-10-07 17:00:00,1.1671,1.16802,1.16674,1.1668,5714.0,,False,5m consistent,0
2025-10-07 18:00:00,1.1668,1.16687,1.16575,1.16586,6086.0,,False,5m consistent,1
2025-10-07 22:00:00,1.16594,1.16622,1.16593,1.16601,763.0,,False,5m consistent,0
2025-10-07 23:00:00,1.16601,1.16602,1.16535,1.16535,2407.0,,False,5m consistent,0
2025-10-08 00:00:00,1.16538,1.16539,1.16464,1.16481,4616.0,,False,5m consistent,0
2025-10-08 01:00:00,1.1648,1.1648,1.16265,1.16273,9132.0,,False,5m consistent,0
2025-10-08 02:00:00,1.16276,1.16284,1.16178,1.16246,5428.0,,False,5m consistent,0
2025-10-08 03:00:00,1.16245,1.16255,1.16184,1.16249,3466.0,,False,5m consistent,0
2025-10-08 04:00:00,1.16248,1.16262,1.16169,1.16199,3240.0,,False,5m consistent,0
2025-10-08 05:00:00,1.16198,1.16203,1.16127,1.16181,4199.0,,False,5m consistent,0
2025-10-08 07:00:00,1.16176,1.16351,1.16126,1.16319,11656.0,,False,5m consistent,0
2025-10-08 08:00:00,1.16319,1.16364,1.16114,1.16154,8716.0,,False,5m consistent,1
2025-10-08 10:00:00,1.16121,1.16372,1.16099,1.16344,7385.0,,False,5m consistent,1
2025-10-08 13:00:00,1.16333,1.16456,1.16281,1.16327,10461.0,,False,5m consistent,0
2025-10-08 14:00:00,1.16326,1.16373,1.16211,1.16224,10898.0,,False,5m consistent,0
2025-10-08 15:00:00,1.16224,1.16228,1.16038,1.16068,9754.0,,False,5m consistent,1
2025-10-08 17:00:00,1.16064,1.16102,1.16032,1.16085,4767.0,,False,5m consistent,1
2025-10-09 04:00:00,1.16458,1.16477,1.16428,1.16464,2137.0,,False,5m consistent,0
2025-10-09 05:00:00,1.16464,1.16492,1.16391,1.16392,3422.0,,False,5m consistent,0
2025-10-09 06:00:00,1.16392,1.16394,1.16122,1.16166,11144.0,,False,5m consistent,0
2025-10-09 07:00:00,1.16166,1.16243,1.16073,1.1612,10995.0,,False,5m consistent,1
2025-10-09 09:00:00,1.16133,1.16281,1.16117,1.16266,11147.0,,False,5m consistent,0
2025-10-09 10:00:00,1.16268,1.16283,1.16139,1.16194,6399.0,,False,5m consistent,1
2025-10-09 11:00:00,1.16193,1.1623,1.16102,1.16131,7462.0,,False,5m consistent,1
2025-10-09 12:00:00,1.1613,1.16172,1.16058,1.16159,10114.0,,False,5m consistent,0
2025-10-09 13:00:00,1.1616,1.1624,1.15923,1.16036,19549.0,,False,5m consistent,0
2025-10-09 14:00:00,1.16035,1.16037,1.15772,1.15817,18573.0,,False,5m consistent,0
2025-10-09 17:00:00,1.15587,1.15672,1.15549,1.15608,8430.0,,False,5m consistent,0
2025-10-09 22:00:00,1.15676,1.15681,1.15627,1.15657,1153.0,,False,5m consistent,1
2025-10-10 05:00:00,1.15745,1.15788,1.15704,1.15708,3730.0,,False,5m consistent,1
2025-10-10 06:00:00,1.15708,1.15757,1.15618,1.15712,10147.0,,False,5m consistent,1
2025-10-10 08:00:00,1.15788,1.15904,1.15762,1.15796,7955.0,,False,5m consistent,1
2025-10-10 10:00:00,1.15754,1.15843,1.15712,1.15724,5832.0,,False,5m consistent,0
2025-10-10 12:00:00,1.15617,1.15771,1.15601,1.15727,8898.0,,False,5m consistent,1
2025-10-10 15:00:00,1.15792,1.16318,1.15788,1.16135,33940.0,,False,5m consistent,0
2025-10-10 16:00:00,1.16134,1.16266,1.16048,1.16067,14777.0,,False,5m consistent,1
2025-10-10 19:00:00,1.16093,1.16162,1.16047,1.16134,4143.0,,False,5m consistent,1
2025-10-13 04:00:00,1.16215,1.16263,1.16187,1.16211,2148.0,,False,5m consistent,1
2025-10-13 06:00:00,1.16156,1.16307,1.16114,1.16148,9659.0,,False,5m consistent,0
2025-10-13 07:00:00,1.16148,1.16165,1.15985,1.16007,12614.0,,False,5m consistent,0
2025-10-13 09:00:00,1.15862,1.15989,1.15853,1.1595,6024.0,,False,5m consistent,0
2025-10-13 10:00:00,1.15951,1.15967,1.15823,1.15845,6293.0,,False,5m consistent,0
2025-10-13 13:00:00,1.15694,1.15783,1.15655,1.1576,10875.0,,False,5m consistent,0
2025-10-13 23:00:00,1.15686,1.15707,1.15644,1.15665,2592.0,,False,5m consistent,1
2025-10-14 04:00:00,1.15796,1.15935,1.15793,1.15929,6738.0,,False,5m consistent,0
2025-10-14 05:00:00,1.15927,1.15945,1.15834,1.15853,7180.0,,False,5m consistent,0
2025-10-14 06:00:00,1.15853,1.15905,1.15638,1.1571,14358.0,,False,5m consistent,0
2025-10-14 08:00:00,1.15502,1.15616,1.15465,1.15604,10219.0,,False,5m consistent,1
2025-10-14 10:00:00,1.15559,1.15605,1.15521,1.15544,7737.0,,False,5m consistent,1
2025-10-15 09:00:00,1.16333,1.16402,1.16288,1.16356,8485.0,,False,5m consistent,0
2025-10-15 12:00:00,1.16208,1.16286,1.16148,1.16184,11362.0,,False,5m consistent,1
2025-10-15 13:00:00,1.16185,1.16329,1.16112,1.16282,15284.0,,False,5m consistent,1
2025-10-15 15:00:00,1.16255,1.16482,1.16193,1.16378,12493.0,,False,5m consistent,1
2025-10-15 16:00:00,1.1638,1.16418,1.16295,1.16409,9462.0,,False,5m consistent,0
2025-10-16 03:00:00,1.16669,1.1668,1.16625,1.16631,3912.0,,False,5m consistent,1
2025-10-16 05:00:00,1.16569,1.16624,1.16546,1.16611,4732.0,,False,5m consistent,0
2025-10-16 06:00:00,1.1661,1.16689,1.16529,1.16547,9841.0,,False,5m consistent,0
2025-10-16 08:00:00,1.16526,1.16607,1.16493,1.16599,8858.0,,False,5m consistent,1
2025-10-16 10:00:00,1.16593,1.16639,1.16538,1.16563,6999.0,,False,5m consistent,1
2025-10-16 12:00:00,1.16548,1.16626,1.16498,1.16614,9984.0,,False,5m consistent,0
2025-10-16 14:00:00,1.16584,1.1679,1.16544,1.16779,12323.0,,False,5m consistent,0
2025-10-16 17:00:00,1.16779,1.16946,1.16776,1.1689,11886.0,,False,5m consistent,1
2025-10-17 00:00:00,1.17001,1.17123,1.16961,1.17075,5077.0,,False,5m consistent,0
2025-10-17 01:00:00,1.17075,1.17107,1.17007,1.17017,7743.0,,False,5m consistent,1
2025-10-17 05:00:00,1.17108,1.17293,1.17106,1.17239,4949.0,,False,5m consistent,1
2025-10-17 06:00:00,1.1724,1.17275,1.17093,1.17115,13185.0,,False,5m consistent,1
2025-10-17 07:00:00,1.17116,1.17158,1.16944,1.17126,19214.0,,False,5m consistent,1
2025-10-17 09:00:00,1.16983,1.17085,1.16971,1.1702,6503.0,,False,5m consistent,0
2025-10-17 10:00:00,1.17019,1.17035,1.16882,1.16905,6956.0,,False,5m consistent,1
2025-10-17 11:00:00,1.16906,1.16979,1.1681,1.16858,11875.0,,False,5m consistent,0
2025-10-17 12:00:00,1.1686,1.16872,1.16679,1.16774,12366.0,,False,5m consistent,0
2025-10-17 13:00:00,1.16773,1.16823,1.16699,1.16715,14763.0,,False,5m consistent,0
2025-10-17 19:00:00,1.16688,1.16722,1.16668,1.16714,4348.0,,False,5m consistent,0
2025-10-20 00:00:00,1.16588,1.16674,1.16586,1.16674,5877.0,,False,5m consistent,1
2025-10-20 05:00:00,1.16722,1.16765,1.16709,1.16745,3424.0,,False,5m consistent,0
2025-10-20 09:00:00,1.16645,1.16686,1.16599,1.16629,9591.0,,False,5m consistent,0
2025-10-20 10:00:00,1.16628,1.16639,1.1652,1.16542,6781.0,,False,5m consistent,1
2025-10-20 11:00:00,1.16543,1.16572,1.16452,1.16572,7070.0,,False,5m consistent,0
2025-10-20 12:00:00,1.16573,1.16613,1.1651,1.16543,9968.0,,False,5m consistent,1
2025-10-20 16:00:00,1.16559,1.1659,1.16502,1.16504,6126.0,,False,5m consistent,0
2025-10-20 18:00:00,1.16441,1.16493,1.16391,1.16471,4849.0,,False,5m consistent,1
2025-10-21 00:00:00,1.16449,1.16561,1.16442,1.16539,4757.0,,False,5m consistent,0
2025-10-21 01:00:00,1.16539,1.16539,1.16429,1.16456,4938.0,,False,5m consistent,0
2025-10-21 04:00:00,1.16356,1.16378,1.16327,1.16369,4047.0,,False,5m consistent,0
2025-10-21 05:00:00,1.16369,1.16385,1.16252,1.1626,6475.0,,False,5m consistent,1
2025-10-21 06:00:00,1.16259,1.16349,1.16195,1.16329,7709.0,,False,5m consistent,0
2025-10-21 07:00:00,1.16327,1.16364,1.16226,1.16262,10692.0,,False,5m consistent,0
2025-10-21 08:00:00,1.1626,1.16285,1.16135,1.16219,10660.0,,False,5m consistent,1
2025-10-21 09:00:00,1.16221,1.16281,1.16167,1.16214,8106.0,,False,5m consistent,0
2025-10-21 10:00:00,1.16215,1.16243,1.16073,1.16187,8922.0,,False,5m consistent,0
2025-10-21 11:00:00,1.16188,1.16267,1.16098,1.16137,8857.0,,False,5m consistent,0
2025-10-21 12:00:00,1.16137,1.16178,1.16028,1.1612,13358.0,,False,5m consistent,1
2025-10-21 13:00:00,1.16119,1.16179,1.16034,1.16134,15883.0,,False,5m consistent,1
2025-10-21 15:00:00,1.16052,1.16174,1.16048,1.1616,9874.0,,False,5m consistent,0
2025-10-21 16:00:00,1.1616,1.16256,1.16088,1.16098,11005.0,,False,5m consistent,0
2025-10-21 21:00:00,1.16008,1.16077,1.16006,1.16076,739.0,,False,5m consistent,1
2025-10-22 05:00:00,1.16101,1.16166,1.16099,1.16144,2967.0,,False,5m consistent,0
2025-10-22 06:00:00,1.16145,1.16158,1.16049,1.16103,10440.0,,False,5m consistent,0
2025-10-22 07:00:00,1.16104,1.16137,1.16004,1.16017,9234.0,,False,5m consistent,0
2025-10-22 08:00:00,1.16016,1.16017,1.15906,1.15985,10715.0,,False,5m consistent,0
2025-10-22 09:00:00,1.15985,1.1603,1.15933,1.15954,6000.0,,False,5m consistent,0
2025-10-22 11:00:00,1.15866,1.15901,1.15832,1.15833,7801.0,,False,5m consistent,1
2025-10-22 16:00:00,1.1612,1.16235,1.16111,1.16203,9789.0,,False,5m consistent,0
2025-10-22 17:00:00,1.16203,1.16215,1.16134,1.16155,7697.0,,False,5m consistent,0
2025-10-22 22:00:00,1.16148,1.16155,1.16122,1.16132,839.0,,False,5m consistent,0
2025-10-22 23:00:00,1.16133,1.16137,1.16075,1.16081,2142.0,,False,5m consistent,0
2025-10-23 00:00:00,1.1608,1.16083,1.15985,1.1605,4141.0,,False,5m consistent,0
2025-10-23 02:00:00,1.15987,1.16003,1.1596,1.15975,3216.0,,False,5m consistent,1
2025-10-23 05:00:00,1.15995,1.16051,1.15976,1.16024,2417.0,,False,5m consistent,0
2025-10-23 07:00:00,1.15952,1.16024,1.15919,1.1601,7515.0,,False,5m consistent,0
2025-10-23 09:00:00,1.15972,1.16011,1.15939,1.15945,4922.0,,False,5m consistent,0
2025-10-23 14:00:00,1.16078,1.16208,1.16063,1.1614,10162.0,,False,5m consistent,1
2025-10-23 15:00:00,1.16141,1.16167,1.16072,1.16126,7047.0,,False,5m consistent,1
2025-10-24 00:00:00,1.16179,1.16225,1.16176,1.16189,3540.0,,False,5m consistent,0
2025-10-24 04:00:00,1.16099,1.161,1.16064,1.16085,1938.0,,False,5m consistent,0
2025-10-24 05:00:00,1.16083,1.16089,1.16025,1.16064,2417.0,,False,5m consistent,1
2025-10-24 06:00:00,1.16062,1.16151,1.16017,1.16146,6007.0,,False,5m consistent,0
2025-10-24 07:00:00,1.16143,1.16288,1.16027,1.16193,10266.0,,False,5m consistent,0
2025-10-24 08:00:00,1.16193,1.16248,1.16071,1.16112,8822.0,,False,5m consistent,1
2025-10-24 10:00:00,1.16129,1.16175,1.16119,1.16137,4154.0,,False,5m consistent,1
2025-10-24 11:00:00,1.16136,1.16167,1.16078,1.16157,6069.0,,False,5m consistent,1
2025-10-24 12:00:00,1.16158,1.16553,1.16095,1.16351,20880.0,,False,5m consistent,0
2025-10-24 13:00:00,1.16352,1.16443,1.16212,1.16284,15518.0,,False,5m consistent,1
2025-10-24 19:00:00,1.1627,1.16343,1.16268,1.16325,3029.0,,False,5m consistent,0
2025-10-27 01:00:00,1.16358,1.16487,1.16342,1.16398,4798.0,,False,5m consistent,0
2025-10-27 03:00:00,1.16317,1.16332,1.16279,1.16286,2213.0,,False,5m consistent,1
2025-10-27 06:00:00,1.16271,1.16334,1.16256,1.1627,4981.0,,False,5m consistent,1
2025-10-27 10:00:00,1.16387,1.16453,1.16361,1.16424,5125.0,,False,5m consistent,1
2025-10-27 11:00:00,1.16425,1.16482,1.1637,1.16468,5957.0,,False,5m consistent,0
2025-10-27 12:00:00,1.16468,1.16525,1.16386,1.16422,7376.0,,False,5m consistent,0
2025-10-27 14:00:00,1.16367,1.16433,1.16333,1.16417,7712.0,,False,5m consistent,1
2025-10-27 18:00:00,1.16389,1.16529,1.16359,1.16511,4491.0,,False,5m consistent,1
2025-10-27 23:00:00,1.16508,1.16556,1.16504,1.16521,1979.0,,False,5m consistent,1
2025-10-28 05:00:00,1.16671,1.16689,1.16636,1.16646,3209.0,,False,5m consistent,0
2025-10-28 06:00:00,1.16646,1.1668,1.16557,1.16566,4230.0,,False,5m consistent,1
2025-10-28 07:00:00,1.16564,1.16623,1.16516,1.1656,6760.0,,False,5m consistent,1
2025-10-28 08:00:00,1.1656,1.16637,1.16496,1.16529,9127.0,,False,5m consistent,1
2025-10-28 10:00:00,1.16578,1.16657,1.16557,1.1665,5797.0,,False,5m consistent,0
2025-10-28 11:00:00,1.1665,1.16651,1.16556,1.16601,4969.0,,False,5m consistent,0
2025-10-28 12:00:00,1.16602,1.16608,1.16357,1.1641,8976.0,,False,5m consistent,0
2025-10-28 16:00:00,1.16596,1.16687,1.16537,1.16687,8397.0,,False,5m consistent,0
2025-10-28 17:00:00,1.16686,1.16696,1.166,1.16638,6418.0,,False,5m consistent,0
2025-10-28 18:00:00,1.1664,1.16646,1.16568,1.1663,4320.0,,False,5m consistent,0
2025-10-29 00:00:00,1.1658,1.16619,1.1654,1.16553,7782.0,,False,5m consistent,0
2025-10-29 01:00:00,1.16552,1.16569,1.16473,1.16481,5418.0,,False,5m consistent,0
2025-10-29 02:00:00,1.16481,1.16487,1.16424,1.16473,3019.0,,False,5m consistent,0
2025-10-29 03:00:00,1.16473,1.16476,1.16377,1.16378,2592.0,,False,5m consistent,0
2025-10-29 04:00:00,1.16378,1.16384,1.16322,1.16349,2733.0,,False,5m consistent,0
2025-10-29 05:00:00,1.16349,1.16364,1.1628,1.16321,4339.0,,False,5m consistent,1
2025-10-29 07:00:00,1.16306,1.16388,1.16292,1.16333,8092.0,,False,5m consistent,0
2025-10-29 10:00:00,1.1642,1.16497,1.16378,1.16482,5432.0,,False,5m consistent,0
2025-10-29 11:00:00,1.16481,1.16495,1.16339,1.16405,5901.0,,False,5m consistent,0
2025-10-29 15:00:00,1.16513,1.16656,1.16459,1.16645,9197.0,,False,5m consistent,0
2025-10-29 16:00:00,1.16644,1.16667,1.16562,1.1658,6631.0,,False,5m consistent,0
2025-10-29 17:00:00,1.16578,1.16599,1.16467,1.16512,5753.0,,False,5m consistent,0
2025-10-29 18:00:00,1.16515,1.16524,1.15845,1.15953,36665.0,,False,5m consistent,1
2025-10-29 19:00:00,1.1595,1.16009,1.15784,1.16001,22987.0,,False,5m consistent,1
2025-10-30 02:00:00,1.16146,1.16206,1.16132,1.16182,3591.0,,False,5m consistent,1
2025-10-30 04:00:00,1.16164,1.16383,1.16143,1.16329,9764.0,,False,5m consistent,0
2025-10-30 06:00:00,1.16247,1.16305,1.1619,1.16204,6868.0,,False,5m consistent,0
2025-10-30 07:00:00,1.16206,1.16236,1.16105,1.16193,9006.0,,False,5m consistent,1
2025-10-30 09:00:00,1.16181,1.16293,1.1615,1.16177,7835.0,,False,5m consistent,0
2025-10-30 10:00:00,1.16178,1.16208,1.16068,1.16076,6469.0,,False,5m consistent,0
2025-10-30 11:00:00,1.16075,1.16121,1.1597,1.15987,7208.0,,False,5m consistent,0
2025-10-30 13:00:00,1.15559,1.15806,1.15479,1.15804,15748.0,,False,5m consistent,0
2025-10-30 14:00:00,1.15806,1.15873,1.15686,1.1574,15613.0,,False,5m consistent,0
2025-10-30 16:00:00,1.15646,1.15723,1.15603,1.15702,6055.0,,False,5m consistent,1
2025-10-31 00:00:00,1.15726,1.1578,1.1571,1.15746,3924.0,,False,5m consistent,0
2025-10-31 04:00:00,1.15682,1.15741,1.15673,1.15728,2127.0,,False,5m consistent,0
2025-10-31 05:00:00,1.1573,1.1573,1.15671,1.1569,2764.0,,False,5m consistent,0
2025-10-31 06:00:00,1.1569,1.15742,1.15615,1.15622,4119.0,,False,5m consistent,1
2025-10-31 09:00:00,1.15716,1.15777,1.15663,1.15771,5685.0,,False,5m consistent,0
2025-10-31 10:00:00,1.15771,1.15771,1.15681,1.15718,4803.0,,False,5m consistent,0
2025-10-31 11:00:00,1.15718,1.15751,1.15587,1.15677,4882.0,,False,5m consistent,0
2025-10-31 12:00:00,1.15676,1.15676,1.15542,1.15567,8494.0,,False,5m consistent,0
2025-10-31 13:00:00,1.15565,1.15572,1.15309,1.15396,11198.0,,False,5m consistent,0
2025-10-31 14:00:00,1.15395,1.15436,1.15228,1.15349,11314.0,,False,5m consistent,1
2025-10-31 15:00:00,1.1535,1.1544,1.15245,1.15417,12048.0,,False,5m consistent,0
2025-10-31 16:00:00,1.15415,1.15444,1.15289,1.15309,9139.0,,False,5m consistent,1
2025-11-03 07:00:00,1.15385,1.1542,1.15342,1.15407,6128.0,,False,5m consistent,0
2025-11-03 09:00:00,1.15143,1.15216,1.15119,1.15153,5877.0,,False,5m consistent,1
2025-11-03 12:00:00,1.15162,1.15232,1.1515,1.15181,5398.0,,False,5m consistent,0
2025-11-03 13:00:00,1.15179,1.15186,1.15066,1.15119,7143.0,,False,5m consistent,1
2025-11-03 17:00:00,1.15317,1.15387,1.15275,1.15281,5166.0,,False,5m consistent,0
2025-11-03 18:00:00,1.15281,1.1532,1.15214,1.15239,4290.0,,False,5m consistent,0
2025-11-03 23:00:00,1.15215,1.15222,1.15192,1.15192,1609.0,,False,5m consistent,0
2025-11-04 00:00:00,1.15192,1.15194,1.15063,1.15093,3732.0,,False,5m consistent,0
2025-11-04 01:00:00,1.15093,1.15111,1.14991,1.15109,4624.0,,False,5m consistent,1
2025-11-04 07:00:00,1.15242,1.15345,1.15234,1.15279,6844.0,,False,5m consistent,0
2025-11-04 08:00:00,1.1528,1.15297,1.15143,1.15148,8368.0,,False,5m consistent,0
2025-11-04 10:00:00,1.15019,1.15108,1.14996,1.15046,5813.0,,False,5m consistent,0
2025-11-04 11:00:00,1.15046,1.15066,1.149,1.14908,5270.0,,False,5m consistent,0
2025-11-04 13:00:00,1.14902,1.14977,1.14891,1.1493,6875.0,,False,5m consistent,0
2025-11-04 14:00:00,1.14929,1.14956,1.14739,1.1482,9133.0,,False,5m consistent,1
2025-11-04 16:00:00,1.14924,1.14975,1.14882,1.14904,7474.0,,False,5m consistent,0
2025-11-05 05:00:00,1.14915,1.14952,1.14902,1.14927,2356.0,,False,5m consistent,0
2025-11-05 06:00:00,1.14928,1.14951,1.14877,1.1489,2938.0,,False,5m consistent,1
2025-11-05 08:00:00,1.14879,1.14963,1.14863,1.14898,6403.0,,False,5m consistent,0
2025-11-05 09:00:00,1.14899,1.14935,1.14822,1.14854,5268.0,,False,5m consistent,0
2025-11-05 10:00:00,1.14854,1.14861,1.14768,1.14842,4912.0,,False,5m consistent,1
2025-11-05 12:00:00,1.14892,1.14934,1.14879,1.14918,5387.0,,False,5m consistent,0
2025-11-05 13:00:00,1.14916,1.14944,1.14737,1.14744,8500.0,,False,5m consistent,1
2025-11-05 14:00:00,1.14744,1.14941,1.14694,1.14886,8852.0,,False,5m consistent,0
2025-11-05 15:00:00,1.14864,1.14883,1.14708,1.148,16170.0,,False,5m consistent,1
2025-11-05 16:00:00,1.14801,1.14867,1.14709,1.14848,8592.0,,False,5m consistent,1
2025-11-06 05:00:00,1.15076,1.15118,1.15046,1.1511,2313.0,,False,5m consistent,1
2025-11-06 08:00:00,1.15093,1.15244,1.15068,1.1522,7251.0,,False,5m consistent,0
2025-11-06 11:00:00,1.15113,1.15219,1.15111,1.15212,3824.0,,False,5m consistent,1
2025-11-06 13:00:00,1.15316,1.15449,1.15299,1.15364,9011.0,,False,5m consistent,0
2025-11-06 15:00:00,1.15212,1.15436,1.15198,1.15403,12245.0,,False,5m consistent,1
2025-11-06 16:00:00,1.15404,1.15426,1.15323,1.15386,9178.0,,False,5m consistent,1
2025-11-06 23:00:00,1.15483,1.15524,1.15481,1.15494,1370.0,,False,5m consistent,0
2025-11-07 02:00:00,1.15389,1.15438,1.15389,1.15408,2870.0,,False,5m consistent,0
2025-11-07 03:00:00,1.1541,1.1542,1.15359,1.15388,2852.0,,False,5m consistent,0
2025-11-07 05:00:00,1.15375,1.15394,1.15334,1.15349,2290.0,,False,5m consistent,1
2025-11-07 16:00:00,1.15728,1.1583,1.15721,1.15784,5873.0,,False,5m consistent,1
2025-11-07 17:00:00,1.15785,1.15829,1.15723,1.15812,4390.0,,False,5m consistent,0
2025-11-07 18:00:00,1.15813,1.15843,1.15684,1.15691,3302.0,,False,5m consistent,0
2025-11-10 02:00:00,1.1559,1.15616,1.15556,1.15588,2909.0,,False,5m consistent,1
2025-11-10 05:00:00,1.15619,1.15675,1.15587,1.15628,3017.0,,False,5m consistent,0
2025-11-10 08:00:00,1.15686,1.15839,1.15661,1.15731,6837.0,,False,5m consistent,0
2025-11-10 09:00:00,1.15731,1.15748,1.15649,1.15691,5989.0,,False,5m consistent,0
2025-11-10 10:00:00,1.1569,1.15724,1.1562,1.15635,5296.0,,False,5m consistent,1
2025-11-10 13:00:00,1.15691,1.15789,1.15677,1.15688,6885.0,,False,5m consistent,0
2025-11-10 14:00:00,1.15688,1.15693,1.15602,1.15653,7576.0,,False,5m consistent,0
2025-11-10 20:00:00,1.15618,1.15654,1.15613,1.15646,2351.0,,False,5m consistent,0
2025-11-11 00:00:00,1.15576,1.15605,1.15528,1.1553,2949.0,,False,5m consistent,1
2025-11-11 05:00:00,1.15588,1.15661,1.15584,1.15625,3253.0,,False,5m consistent,0
2025-11-11 07:00:00,1.15532,1.15616,1.15503,1.15608,7316.0,,False,5m consistent,1
2025-11-11 13:00:00,1.15713,1.16068,1.15712,1.16019,12388.0,,False,5m consistent,1
2025-11-11 14:00:00,1.1602,1.16062,1.15943,1.16015,7808.0,,False,5m consistent,0
2025-11-11 18:00:00,1.15958,1.15964,1.1592,1.15935,3179.0,,False,5m consistent,0
2025-11-11 21:00:00,1.15842,1.15865,1.15819,1.15833,1686.0,,False,5m consistent,0
2025-11-11 23:00:00,1.15868,1.1588,1.15831,1.15877,1147.0,,False,5m consistent,0
2025-11-12 00:00:00,1.15877,1.15877,1.15797,1.15801,3194.0,,False,5m consistent,0
2025-11-12 03:00:00,1.158,1.15824,1.15765,1.15785,1972.0,,False,5m consistent,0
2025-11-12 07:00:00,1.15832,1.15893,1.15821,1.15845,5352.0,,False,5m consistent,1
2025-11-12 08:00:00,1.15845,1.15887,1.15778,1.15781,5746.0,,False,5m consistent,0
2025-11-12 09:00:00,1.15781,1.15813,1.15691,1.15711,6241.0,,False,5m consistent,1
2025-11-12 10:00:00,1.1571,1.15763,1.1566,1.1571,5313.0,,False,5m consistent,1
2025-11-12 11:00:00,1.1571,1.15788,1.15663,1.15787,4657.0,,False,5m consistent,0
2025-11-12 12:00:00,1.15786,1.15811,1.15725,1.15775,5789.0,,False,5m consistent,0
2025-11-12 13:00:00,1.15775,1.15808,1.15667,1.15729,7328.0,,False,5m consistent,0
2025-11-12 15:00:00,1.15762,1.15967,1.15736,1.15948,9321.0,,False,5m consistent,1
2025-11-12 18:00:00,1.1594,1.15952,1.15897,1.15903,3101.0,,False,5m consistent,1
2025-11-12 20:00:00,1.15873,1.15916,1.15862,1.15905,2307.0,,False,5m consistent,1
2025-11-12 23:00:00,1.15923,1.15956,1.15905,1.15924,1213.0,,False,5m consistent,0
2025-11-13 04:00:00,1.15906,1.15926,1.15881,1.1591,1904.0,,False,5m consistent,0
2025-11-13 08:00:00,1.16123,1.16303,1.1611,1.1629,7736.0,,False,5m consistent,1
2025-11-13 10:00:00,1.16175,1.16244,1.16121,1.16168,5569.0,,False,5m consistent,0
2025-11-13 12:00:00,1.16072,1.16239,1.16066,1.16236,6569.0,,False,5m consistent,0
2025-11-13 17:00:00,1.16495,1.1657,1.16467,1.1652,7233.0,,False,5m consistent,0
2025-11-13 22:00:00,1.16393,1.16439,1.16359,1.16379,1062.0,,False,5m consistent,0
2025-11-14 05:00:00,1.16428,1.16491,1.16401,1.16487,3207.0,,False,5m consistent,0
2025-11-14 06:00:00,1.16486,1.16494,1.16342,1.16386,4599.0,,False,5m consistent,0
2025-11-14 07:00:00,1.16386,1.16472,1.16327,1.16338,7574.0,,False,5m consistent,0
2025-11-14 08:00:00,1.16337,1.16379,1.16212,1.16303,12910.0,,False,5m consistent,0
2025-11-14 09:00:00,1.16302,1.16321,1.16212,1.16226,6916.0,,False,5m consistent,0
2025-11-14 12:00:00,1.16205,1.16537,1.16176,1.16534,9950.0,,False,5m consistent,0
2025-11-14 13:00:00,1.16535,1.16546,1.16346,1.16386,12287.0,,False,5m consistent,0
2025-11-14 14:00:00,1.16384,1.16392,1.16219,1.16241,12383.0,,False,5m consistent,0
2025-11-14 16:00:00,1.16139,1.16235,1.16108,1.16176,7569.0,,False,5m consistent,1
2025-11-17 07:00:00,1.16083,1.16158,1.16073,1.16141,4806.0,,False,5m consistent,0
2025-11-17 08:00:00,1.16142,1.16158,1.15998,1.16041,5938.0,,False,5m consistent,1
2025-11-17 11:00:00,1.15974,1.16038,1.15957,1.1602,4513.0,,False,5m consistent,0
2025-11-17 12:00:00,1.1602,1.16055,1.15966,1.15996,4509.0,,False,5m consistent,0
2025-11-17 13:00:00,1.15998,1.16005,1.15894,1.1592,7099.0,,False,5m consistent,0
2025-11-17 16:00:00,1.15985,1.16028,1.15946,1.15981,5352.0,,False,5m consistent,0
2025-11-17 17:00:00,1.15982,1.16001,1.15921,1.15946,3568.0,,False,5m consistent,0
2025-11-17 18:00:00,1.15946,1.15955,1.15888,1.15918,3934.0,,False,5m consistent,1
2025-11-17 23:00:00,1.15935,1.15951,1.15897,1.1591,1353.0,,False,5m consistent,1
2025-11-18 05:00:00,1.16001,1.16013,1.15959,1.15986,2419.0,,False,5m consistent,1
2025-11-18 08:00:00,1.15919,1.16073,1.15906,1.15928,8040.0,,False,5m consistent,0
2025-11-18 09:00:00,1.15927,1.15966,1.1588,1.15901,5660.0,,False,5m consistent,0
2025-11-18 14:00:00,1.15976,1.16031,1.15939,1.16012,8222.0,,False,5m consistent,0
2025-11-18 15:00:00,1.16011,1.16085,1.15824,1.15828,10229.0,,False,5m consistent,0
2025-11-18 16:00:00,1.15828,1.15848,1.15734,1.15798,9734.0,,False,5m consistent,1
2025-11-18 19:00:00,1.15828,1.1588,1.1581,1.15863,4211.0,,False,5m consistent,0
2025-11-18 21:00:00,1.15816,1.15845,1.15789,1.15817,1767.0,,False,5m consistent,0
2025-11-19 00:00:00,1.1581,1.15851,1.15793,1.15832,3267.0,,False,5m consistent,0
2025-11-19 03:00:00,1.15796,1.15848,1.15778,1.15847,2803.0,,False,5m consistent,1
2025-11-19 06:00:00,1.15899,1.15924,1.15875,1.15877,3336.0,,False,5m consistent,0
2025-11-19 07:00:00,1.15878,1.15982,1.15781,1.15823,7260.0,,False,5m consistent,0
2025-11-19 08:00:00,1.15822,1.15899,1.1572,1.15744,7158.0,,False,5m consistent,1
2025-11-19 09:00:00,1.15742,1.15815,1.15664,1.15741,6982.0,,False,5m consistent,1
2025-11-19 11:00:00,1.157,1.15883,1.15692,1.15872,6350.0,,False,5m consistent,0
2025-11-19 12:00:00,1.15873,1.15901,1.15768,1.1579,5756.0,,False,5m consistent,0
2025-11-19 13:00:00,1.15791,1.15918,1.15718,1.15737,6530.0,,False,5m consistent,0
2025-11-19 14:00:00,1.15735,1.15747,1.15557,1.15563,9299.0,,False,5m consistent,0
2025-11-19 15:00:00,1.15561,1.15572,1.15412,1.15475,9835.0,,False,5m consistent,0
2025-11-19 16:00:00,1.15474,1.15484,1.15357,1.15406,7584.0,,False,5m consistent,0
2025-11-19 18:00:00,1.15339,1.15384,1.153,1.15309,4708.0,,False,5m consistent,0
2025-11-19 23:00:00,1.15395,1.15432,1.15373,1.15401,1896.0,,False,5m consistent,0
2025-11-20 00:00:00,1.15402,1.15402,1.15296,1.15352,4578.0,,False,5m consistent,0
2025-11-20 01:00:00,1.15352,1.15362,1.15232,1.15236,4513.0,,False,5m consistent,0
2025-11-20 02:00:00,1.15236,1.15245,1.15158,1.1521,3979.0,,False,5m consistent,0
2025-11-20 07:00:00,1.15207,1.15238,1.15159,1.15205,6720.0,,False,5m consistent,1
2025-11-20 10:00:00,1.15284,1.15303,1.15251,1.15282,5279.0,,False,5m consistent,0
2025-11-20 14:00:00,1.15285,1.15508,1.15239,1.15356,16041.0,,False,5m consistent,0
2025-11-20 16:00:00,1.15284,1.1542,1.15284,1.15346,10516.0,,False,5m consistent,1
2025-11-20 19:00:00,1.15371,1.15415,1.15363,1.15389,4573.0,,False,5m consistent,0
2025-11-20 22:00:00,1.15325,1.15344,1.15296,1.15312,1970.0,,False,5m consistent,1
2025-11-21 07:00:00,1.1542,1.15487,1.15397,1.15422,7242.0,,False,5m consistent,1
2025-11-21 08:00:00,1.15422,1.15533,1.15348,1.15418,10423.0,,False,5m consistent,0
2025-11-21 09:00:00,1.1542,1.15436,1.15258,1.15261,7835.0,,False,5m consistent,0
2025-11-21 10:00:00,1.15259,1.15278,1.15133,1.15208,8531.0,,False,5m consistent,1
2025-11-21 11:00:00,1.15209,1.15237,1.15054,1.15068,6441.0,,False,5m consistent,1
2025-11-21 12:00:00,1.15068,1.15268,1.14973,1.15255,14066.0,,False,5m consistent,0
2025-11-21 13:00:00,1.15254,1.15278,1.15163,1.15216,8345.0,,False,5m consistent,0
2025-11-21 14:00:00,1.15218,1.15243,1.15063,1.15148,11575.0,,False,5m consistent,0
2025-11-21 15:00:00,1.1515,1.15243,1.14997,1.15037,12851.0,,False,5m consistent,1
2025-11-24 06:00:00,1.15234,1.15279,1.15208,1.15217,3054.0,,False,5m consistent,0
2025-11-24 11:00:00,1.15418,1.15479,1.1537,1.15461,4406.0,,False,5m consistent,1
2025-11-24 12:00:00,1.15461,1.15515,1.15371,1.15484,6098.0,,False,5m consistent,0
2025-11-24 13:00:00,1.15483,1.15508,1.15381,1.15393,6629.0,,False,5m consistent,0
2025-11-24 14:00:00,1.15393,1.15421,1.15271,1.15277,9033.0,,False,5m consistent,1
2025-11-24 15:00:00,1.15279,1.1531,1.15177,1.15297,8554.0,,False,5m consistent,0
2025-11-24 16:00:00,1.15298,1.15316,1.15181,1.15187,4797.0,,False,5m consistent,1
2025-11-24 19:00:00,1.15286,1.153,1.15239,1.15286,3486.0,,False,5m consistent,0
2025-11-24 22:00:00,1.15265,1.15283,1.15243,1.15265,788.0,,False,5m consistent,1
2025-11-25 02:00:00,1.15267,1.15293,1.15231,1.15292,2893.0,,False,5m consistent,0
2025-11-25 10:00:00,1.15347,1.15419,1.15331,1.15399,5476.0,,False,5m consistent,0
2025-11-25 13:00:00,1.15457,1.15641,1.15435,1.15591,13931.0,,False,5m consistent,1
2025-11-25 15:00:00,1.15681,1.15849,1.15625,1.15633,10810.0,,False,5m consistent,0
2025-11-25 19:00:00,1.15804,1.15865,1.15747,1.15846,4350.0,,False,5m consistent,0
2025-11-26 03:00:00,1.15825,1.15924,1.15818,1.15915,4686.0,,False,5m consistent,1
2025-11-26 05:00:00,1.15846,1.15921,1.15834,1.15916,3373.0,,False,5m consistent,0
2025-11-26 06:00:00,1.15917,1.15968,1.15845,1.1587,4472.0,,False,5m consistent,0
2025-11-26 07:00:00,1.15871,1.15931,1.15759,1.158,6991.0,,False,5m consistent,0
2025-11-26 12:00:00,1.15749,1.15811,1.157,1.1573,12056.0,,False,5m consistent,0
2025-11-27 01:00:00,1.16029,1.16134,1.16017,1.16101,5339.0,,False,5m consistent,0
2025-11-27 05:00:00,1.16017,1.16072,1.16016,1.1603,3875.0,,False,5m consistent,0
2025-11-27 06:00:00,1.1603,1.16063,1.1592,1.15934,4775.0,,False,5m consistent,1
2025-11-27 08:00:00,1.15926,1.15965,1.15876,1.15936,5719.0,,False,5m consistent,0
2025-11-27 16:00:00,1.1595,1.16012,1.15932,1.16002,2448.0,,False,5m consistent,0
2025-11-27 23:00:00,1.15971,1.16026,1.15971,1.16005,1023.0,,False,5m consistent,0
2025-11-28 00:00:00,1.16005,1.16028,1.15929,1.1595,4332.0,,False,5m consistent,0
2025-11-28 04:00:00,1.15884,1.1593,1.15871,1.15905,4685.0,,False,5m consistent,0
2025-11-28 05:00:00,1.15903,1.15953,1.15834,1.15911,12121.0,,False,5m consistent,0
2025-11-28 06:00:00,1.1591,1.15916,1.15825,1.15859,13573.0,,False,5m consistent,0
2025-11-28 07:00:00,1.1586,1.15922,1.15783,1.15804,13509.0,,False,5m consistent,1
2025-11-28 09:00:00,1.15719,1.15816,1.15675,1.15705,19634.0,,False,5m consistent,0
2025-11-28 11:00:00,1.15598,1.15699,1.15567,1.15691,9032.0,,False,5m consistent,1
2025-11-28 15:00:00,1.15853,1.16084,1.15804,1.16082,12622.0,,False,5m consistent,0
2025-11-28 17:00:00,1.15998,1.16054,1.15942,1.16036,4981.0,,False,5m consistent,0
2025-12-01 01:00:00,1.16037,1.16168,1.16012,1.16061,9125.0,,False,5m consistent,0
2025-12-01 05:00:00,1.15994,1.16022,1.15956,1.15989,3905.0,,False,5m consistent,1
2025-12-01 12:00:00,1.16287,1.16497,1.16273,1.16495,7136.0,,False,5m consistent,0
2025-12-01 13:00:00,1.16496,1.16533,1.16402,1.16457,9179.0,,False,5m consistent,0
2025-12-01 14:00:00,1.16456,1.1646,1.1631,1.16335,11011.0,,False,5m consistent,0
2025-12-01 15:00:00,1.16352,1.16415,1.16234,1.16298,11877.0,,False,5m consistent,0
2025-12-01 17:00:00,1.16236,1.16296,1.16186,1.16215,4958.0,,False,5m consistent,0
2025-12-02 05:00:00,1.16097,1.16121,1.1608,1.16108,1813.0,,False,5m consistent,1
2025-12-02 08:00:00,1.16135,1.16171,1.16099,1.16115,5787.0,,False,5m consistent,0
2025-12-02 09:00:00,1.16113,1.16151,1.16032,1.16111,5506.0,,False,5m consistent,0
2025-12-02 11:00:00,1.16076,1.16138,1.16044,1.16127,4487.0,,False,5m consistent,1
2025-12-02 12:00:00,1.16127,1.16203,1.16082,1.16185,5167.0,,False,5m consistent,1
2025-12-02 14:00:00,1.16183,1.1624,1.1614,1.16184,9353.0,,False,5m consistent,0
2025-12-02 15:00:00,1.16185,1.16195,1.15942,1.16069,11512.0,,False,5m consistent,1
2025-12-03 07:00:00,1.16438,1.16537,1.16403,1.16422,6297.0,,False,5m consistent,1
2025-12-03 08:00:00,1.16423,1.16466,1.16366,1.16449,6612.0,,False,5m consistent,1
2025-12-03 10:00:00,1.16466,1.16646,1.16457,1.16614,6441.0,,False,5m consistent,1
2025-12-03 13:00:00,1.16639,1.16765,1.16625,1.16672,9519.0,,False,5m consistent,0
2025-12-03 14:00:00,1.16671,1.16677,1.16565,1.16638,10040.0,,False,5m consistent,1
2025-12-03 19:00:00,1.16727,1.16785,1.1672,1.16736,2970.0,,False,5m consistent,0
2025-12-03 22:00:00,1.16725,1.16773,1.16721,1.16726,654.0,,False,5m consistent,0
2025-12-03 23:00:00,1.16725,1.16733,1.16644,1.16672,1153.0,,False,5m consistent,0
2025-12-04 01:00:00,1.16636,1.16657,1.16597,1.16642,3720.0,,False,5m consistent,0
2025-12-04 02:00:00,1.16642,1.16649,1.16597,1.16611,3003.0,,False,5m consistent,0
2025-12-04 05:00:00,1.16581,1.16632,1.16572,1.16606,3837.0,,False,5m consistent,0
2025-12-04 09:00:00,1.16776,1.16813,1.16743,1.16785,7087.0,,False,5m consistent,0
2025-12-04 11:00:00,1.16673,1.16816,1.16659,1.1681,5920.0,,False,5m consistent,0
2025-12-04 12:00:00,1.16811,1.16818,1.16662,1.16711,6195.0,,False,5m consistent,0
2025-12-04 14:00:00,1.16658,1.16778,1.16651,1.16706,10295.0,,False,5m consistent,0
2025-12-04 15:00:00,1.16704,1.16756,1.16589,1.16742,9001.0,,False,5m consistent,0
2025-12-04 19:00:00,1.1655,1.16564,1.1651,1.16534,4745.0,,False,5m consistent,0
2025-12-05 02:00:00,1.16545,1.16554,1.1652,1.16527,2284.0,,False,5m consistent,1
2025-12-05 07:00:00,1.16603,1.16727,1.16594,1.16637,6091.0,,False,5m consistent,0
2025-12-05 08:00:00,1.16638,1.1665,1.16532,1.16546,7504.0,,False,5m consistent,1
2025-12-05 09:00:00,1.16546,1.16561,1.16491,1.16553,5503.0,,False,5m consistent,0
2025-12-05 10:00:00,1.16555,1.16578,1.16486,1.16519,4744.0,,False,5m consistent,0
2025-12-05 12:00:00,1.16473,1.16542,1.16445,1.16525,5691.0,,False,5m consistent,0
2025-12-05 13:00:00,1.16525,1.16549,1.16444,1.16525,7213.0,,False,5m consistent,1
2025-12-05 14:00:00,1.16526,1.1661,1.16464,1.16509,9743.0,,False,5m consistent,1
2025-12-05 15:00:00,1.16507,1.16598,1.16446,1.16489,11427.0,,False,5m consistent,0
2025-12-08 06:00:00,1.16569,1.1673,1.16569,1.16617,5992.0,,False,5m consistent,0
2025-12-08 07:00:00,1.16619,1.16688,1.16557,1.16591,5762.0,,False,5m consistent,0
2025-12-08 08:00:00,1.16591,1.16633,1.1649,1.16569,6604.0,,False,5m consistent,0
2025-12-08 12:00:00,1.16511,1.16547,1.16484,1.16541,5996.0,,False,5m consistent,0
2025-12-08 13:00:00,1.16542,1.16583,1.16464,1.16492,7217.0,,False,5m consistent,0
2025-12-08 14:00:00,1.16493,1.16556,1.16387,1.16411,10181.0,,False,5m consistent,0
2025-12-08 15:00:00,1.1641,1.1641,1.1618,1.16258,10366.0,,False,5m consistent,1
2025-12-09 05:00:00,1.16478,1.16513,1.16449,1.16498,2525.0,,False,5m consistent,0
2025-12-09 06:00:00,1.16495,1.16499,1.16429,1.16446,3731.0,,False,5m consistent,0
2025-12-09 07:00:00,1.16448,1.1647,1.1639,1.16407,4893.0,,False,5m consistent,1
2025-12-09 09:00:00,1.16456,1.16581,1.16445,1.16532,6116.0,,False,5m consistent,0
2025-12-09 10:00:00,1.16532,1.16551,1.16412,1.16454,5009.0,,False,5m consistent,1
2025-12-09 11:00:00,1.16455,1.16486,1.16388,1.16444,5583.0,,False,5m consistent,0
2025-12-09 12:00:00,1.16444,1.16452,1.1635,1.16385,5222.0,,False,5m consistent,0
2025-12-09 13:00:00,1.16387,1.16407,1.16298,1.16353,7837.0,,False,5m consistent,1
2025-12-09 14:00:00,1.16354,1.16396,1.1629,1.16387,10328.0,,False,5m consistent,0
2025-12-09 16:00:00,1.16296,1.1642,1.16296,1.1639,5878.0,,False,5m consistent,0
2025-12-09 17:00:00,1.16391,1.16406,1.16228,1.16249,4864.0,,False,5m consistent,1
2025-12-10 07:00:00,1.16362,1.16502,1.16352,1.16491,5791.0,,False,5m consistent,1
2025-12-10 08:00:00,1.16489,1.16585,1.16444,1.16533,6981.0,,False,5m consistent,0
2025-12-10 09:00:00,1.16535,1.16539,1.16363,1.16373,5673.0,,False,5m consistent,0
2025-12-10 12:00:00,1.1636,1.16432,1.16336,1.16402,4270.0,,False,5m consistent,0
2025-12-10 13:00:00,1.16403,1.16427,1.16284,1.1641,6351.0,,False,5m consistent,1
2025-12-10 14:00:00,1.1641,1.16459,1.16346,1.16442,8018.0,,False,5m consistent,0
2025-12-11 01:00:00,1.1703,1.17083,1.17012,1.17025,4600.0,,False,5m consistent,0
2025-12-11 04:00:00,1.16918,1.16926,1.16864,1.1691,2537.0,,False,5m consistent,1
2025-12-11 08:00:00,1.16945,1.17075,1.16944,1.1698,7039.0,,False,5m consistent,0
2025-12-11 14:00:00,1.17318,1.17493,1.17311,1.17385,9714.0,,False,5m consistent,1
2025-12-11 15:00:00,1.17386,1.17579,1.17324,1.17571,9257.0,,False,5m consistent,1
2025-12-11 18:00:00,1.1756,1.17602,1.17519,1.17544,4129.0,,False,5m consistent,0
2025-12-12 00:00:00,1.17418,1.17455,1.17399,1.17413,4090.0,,False,5m consistent,0
2025-12-12 07:00:00,1.17398,1.17443,1.17365,1.17388,5315.0,,False,5m consistent,0
2025-12-12 09:00:00,1.1729,1.17357,1.17277,1.17337,5293.0,,False,5m consistent,0
2025-12-12 10:00:00,1.17336,1.17341,1.17252,1.17282,4965.0,,False,5m consistent,0
2025-12-12 11:00:00,1.17282,1.173,1.17231,1.17276,3305.0,,False,5m consistent,1
2025-12-12 14:00:00,1.1728,1.17443,1.1724,1.17429,7971.0,,False,5m consistent,0
2025-12-12 15:00:00,1.17428,1.17459,1.17305,1.17389,8255.0,,False,5m consistent,0
2025-12-12 17:00:00,1.1732,1.1749,1.1731,1.17486,4828.0,,False,5m consistent,0
2025-12-12 18:00:00,1.17486,1.17506,1.17413,1.17423,4290.0,,False,5m consistent,1
2025-12-15 02:00:00,1.17421,1.17456,1.17379,1.17422,4231.0,,False,5m consistent,0
2025-12-15 05:00:00,1.17334,1.17367,1.17329,1.17353,2714.0,,False,5m consistent,1
2025-12-15 06:00:00,1.17351,1.17372,1.17297,1.17362,4080.0,,False,5m consistent,0
2025-12-15 12:00:00,1.17497,1.17601,1.17493,1.17536,3860.0,,False,5m consistent,0
2025-12-15 14:00:00,1.17481,1.1765,1.17449,1.17644,7313.0,,False,5m consistent,1
2025-12-15 15:00:00,1.17643,1.17698,1.17556,1.17636,11025.0,,False,5m consistent,0
2025-12-15 16:00:00,1.17637,1.17657,1.1753,1.17563,6980.0,,False,5m consistent,0
2025-12-15 17:00:00,1.17561,1.17566,1.17457,1.17467,4382.0,,False,5m consistent,1
2025-12-15 21:00:00,1.17518,1.1755,1.17499,1.17548,1589.0,,False,5m consistent,0
2025-12-15 23:00:00,1.17525,1.17569,1.17522,1.17545,793.0,,False,5m consistent,1
2025-12-16 02:00:00,1.17529,1.17574,1.17511,1.17565,2644.0,,False,5m consistent,0
2025-12-16 06:00:00,1.17513,1.17546,1.17474,1.17534,2727.0,,False,5m consistent,0
2025-12-16 07:00:00,1.17534,1.1755,1.17452,1.17532,3929.0,,False,5m consistent,1
2025-12-16 10:00:00,1.17571,1.17626,1.17546,1.17582,4812.0,,False,5m consistent,1
2025-12-16 12:00:00,1.1764,1.17793,1.17616,1.17786,5029.0,,False,5m consistent,0
2025-12-16 13:00:00,1.17786,1.17956,1.17577,1.17766,19782.0,,False,5m consistent,1
2025-12-16 14:00:00,1.17766,1.1801,1.17698,1.18005,12387.0,,False,5m consistent,0
2025-12-16 15:00:00,1.18005,1.1805,1.17682,1.1771,11365.0,,False,5m consistent,1
2025-12-16 17:00:00,1.177,1.17788,1.17633,1.17647,5271.0,,False,5m consistent,0
2025-12-16 18:00:00,1.17646,1.17646,1.1746,1.17539,5777.0,,False,5m consistent,0
2025-12-16 19:00:00,1.17539,1.17632,1.17355,1.17586,6841.0,,False,5m consistent,0
2025-12-17 01:00:00,1.17511,1.17531,1.17461,1.17482,3910.0,,False,5m consistent,0
2025-12-17 03:00:00,1.17408,1.17416,1.17377,1.174,2490.0,,False,5m consistent,0
2025-12-17 05:00:00,1.17304,1.17316,1.17257,1.17299,3587.0,,False,5m consistent,0
2025-12-17 06:00:00,1.17299,1.17314,1.17074,1.17107,4870.0,,False,5m consistent,1
2025-12-17 07:00:00,1.17107,1.17144,1.17039,1.17139,9627.0,,False,5m consistent,1
2025-12-17 08:00:00,1.17138,1.1722,1.17068,1.17194,6357.0,,False,5m consistent,1
2025-12-17 10:00:00,1.1717,1.17262,1.17137,1.17261,5506.0,,False,5m consistent,0
2025-12-17 12:00:00,1.17101,1.17284,1.17093,1.17275,5114.0,,False,5m consistent,1
2025-12-17 15:00:00,1.17418,1.1759,1.17413,1.17537,10183.0,,False,5m consistent,0
2025-12-17 17:00:00,1.17479,1.17556,1.17465,1.17502,4719.0,,False,5m consistent,0
2025-12-17 19:00:00,1.17449,1.17482,1.17423,1.17457,3214.0,,False,5m consistent,0
2025-12-18 00:00:00,1.17427,1.17467,1.17412,1.17448,2624.0,,False,5m consistent,0
2025-12-18 05:00:00,1.17439,1.17477,1.17421,1.17467,2371.0,,False,5m consistent,1
2025-12-18 06:00:00,1.17466,1.17483,1.17398,1.17451,2871.0,,False,5m consistent,0
2025-12-18 07:00:00,1.17449,1.17505,1.17344,1.17347,4778.0,,False,5m consistent,0
2025-12-18 08:00:00,1.17346,1.17381,1.17289,1.17331,5312.0,,False,5m consistent,0
2025-12-18 11:00:00,1.17255,1.17283,1.17211,1.17214,3897.0,,False,5m consistent,0
2025-12-18 13:00:00,1.17149,1.17636,1.1714,1.17477,18799.0,,False,5m consistent,0
2025-12-18 14:00:00,1.17476,1.17565,1.17335,1.17355,16500.0,,False,5m consistent,0
2025-12-18 16:00:00,1.17279,1.17469,1.17264,1.17287,8271.0,,False,5m consistent,1
2025-12-19 00:00:00,1.17257,1.17277,1.17226,1.17274,2780.0,,False,5m consistent,0
2025-12-19 03:00:00,1.17236,1.17268,1.17191,1.17221,3841.0,,False,5m consistent,0
2025-12-19 05:00:00,1.17188,1.17217,1.17188,1.17208,1908.0,,False,5m consistent,0
2025-12-19 06:00:00,1.17207,1.17225,1.17126,1.17207,4666.0,,False,5m consistent,0
2025-12-19 10:00:00,1.17132,1.17187,1.17097,1.17174,4890.0,,False,5m consistent,0
2025-12-19 12:00:00,1.1712,1.17161,1.17085,1.1711,4419.0,,False,5m consistent,1
2025-12-19 14:00:00,1.17202,1.17387,1.17198,1.17274,9314.0,,False,5m consistent,0
2025-12-19 16:00:00,1.17103,1.17218,1.17092,1.17217,6249.0,,False,5m consistent,1
2025-12-19 19:00:00,1.17207,1.1726,1.17172,1.17244,3432.0,,False,5m consistent,0
2026-01-05 01:00:00,1.17059,1.17081,1.17005,1.17011,5353.0,,False,5m consistent,0
2026-01-05 02:00:00,1.17012,1.17024,1.16848,1.16895,4746.0,,False,5m consistent,0
2026-01-05 05:00:00,1.16828,1.16869,1.16814,1.16862,2501.0,,False,5m consistent,1
2026-01-05 06:00:00,1.16863,1.16928,1.16791,1.16919,3634.0,,False,5m consistent,1
2026-01-05 08:00:00,1.16869,1.16959,1.16818,1.16843,7029.0,,False,5m consistent,1
2026-01-05 10:00:00,1.1683,1.1691,1.16806,1.16908,5865.0,,False,5m consistent,0
2026-01-05 11:00:00,1.16909,1.16918,1.16811,1.16823,5443.0,,False,5m consistent,0
2026-01-05 12:00:00,1.16823,1.1686,1.16706,1.16716,5534.0,,False,5m consistent,0
2026-01-05 22:00:00,1.17229,1.17246,1.17203,1.17204,440.0,,False,5m consistent,1
2026-01-06 04:00:00,1.17355,1.17364,1.17324,1.17345,2457.0,,False,5m consistent,1
2026-01-06 06:00:00,1.17297,1.1738,1.17295,1.1737,3029.0,,False,5m consistent,0
2026-01-06 08:00:00,1.17298,1.17398,1.17269,1.17296,6632.0,,False,5m consistent,0
2026-01-06 10:00:00,1.17139,1.17181,1.17091,1.17136,4756.0,,False,5m consistent,0
2026-01-06 11:00:00,1.17134,1.17139,1.17058,1.1707,4381.0,,False,5m consistent,1
2026-01-06 13:00:00,1.17025,1.17145,1.16983,1.17118,7498.0,,False,5m consistent,0
2026-01-06 14:00:00,1.17118,1.17184,1.17001,1.171,8688.0,,False,5m consistent,0
2026-01-06 15:00:00,1.17099,1.17099,1.16848,1.16961,10993.0,,False,5m consistent,1
2026-01-06 17:00:00,1.1689,1.17016,1.16878,1.17015,3923.0,,False,5m consistent,0
2026-01-07 03:00:00,1.16971,1.17012,1.1697,1.16994,2248.0,,False,5m consistent,0
2026-01-07 06:00:00,1.1694,1.17006,1.1693,1.16984,2867.0,,False,5m consistent,0
2026-01-07 07:00:00,1.16984,1.16998,1.16795,1.16836,5287.0,,False,5m consistent,0
2026-01-07 11:00:00,1.16893,1.16933,1.16859,1.169,4489.0,,False,5m consistent,1
2026-01-07 12:00:00,1.169,1.16921,1.16819,1.16887,4747.0,,False,5m consistent,1
2026-01-07 14:00:00,1.16923,1.16992,1.16878,1.16989,7682.0,,False,5m consistent,0
2026-01-07 15:00:00,1.1697,1.16996,1.16808,1.1691,14143.0,,False,5m consistent,1
2026-01-07 17:00:00,1.169,1.16957,1.16871,1.16887,4740.0,,False,5m consistent,0
2026-01-07 20:00:00,1.16831,1.16846,1.16797,1.16797,2776.0,,False,5m consistent,1
2026-01-08 05:00:00,1.16812,1.16838,1.16783,1.16833,2726.0,,False,5m consistent,0
2026-01-08 06:00:00,1.16832,1.16838,1.16757,1.16825,4456.0,,False,5m consistent,0
2026-01-08 07:00:00,1.16824,1.16837,1.16778,1.16786,4576.0,,False,5m consistent,0
2026-01-08 10:00:00,1.16776,1.16829,1.16766,1.16807,4440.0,,False,5m consistent,0
2026-01-08 11:00:00,1.16805,1.16811,1.16761,1.16784,3348.0,,False,5m consistent,0
2026-01-08 12:00:00,1.16784,1.16785,1.16704,1.1674,3837.0,,False,5m consistent,0
2026-01-08 13:00:00,1.1674,1.16788,1.16591,1.16636,6897.0,,False,5m consistent,1
2026-01-08 15:00:00,1.16655,1.16747,1.16615,1.16673,7208.0,,False,5m consistent,0
2026-01-08 16:00:00,1.16673,1.16684,1.16532,1.16553,5799.0,,False,5m consistent,0
2026-01-08 17:00:00,1.16553,1.16565,1.16445,1.16516,4797.0,,False,5m consistent,0
2026-01-08 23:00:00,1.16601,1.16632,1.16574,1.16589,824.0,,False,5m consistent,0
2026-01-09 00:00:00,1.16588,1.16588,1.16543,1.16546,1935.0,,False,5m consistent,0
2026-01-09 03:00:00,1.16552,1.16601,1.16546,1.16571,3208.0,,False,5m consistent,0
2026-01-09 04:00:00,1.1657,1.16579,1.16528,1.1655,2111.0,,False,5m consistent,0
2026-01-09 06:00:00,1.16519,1.16536,1.16492,1.16498,3281.0,,False,5m consistent,0
2026-01-09 07:00:00,1.16498,1.16516,1.16407,1.16516,4552.0,,False,5m consistent,0
2026-01-09 08:00:00,1.16517,1.16538,1.1642,1.16501,5657.0,,False,5m consistent,0
2026-01-09 09:00:00,1.16501,1.16511,1.16431,1.16434,3817.0,,False,5m consistent,1
2026-01-09 10:00:00,1.16432,1.16476,1.16378,1.16475,3742.0,,False,5m consistent,0
2026-01-09 11:00:00,1.16477,1.16479,1.16425,1.16469,3121.0,,False,5m consistent,0
2026-01-09 13:00:00,1.16423,1.16616,1.16268,1.1646,16711.0,,False,5m consistent,0
2026-01-09 14:00:00,1.16458,1.16535,1.16308,1.16373,14921.0,,False,5m consistent,0
2026-01-09 15:00:00,1.16371,1.16418,1.1619,1.16413,13107.0,,False,5m consistent,0
2026-01-12 07:00:00,1.16706,1.16886,1.16693,1.16858,6848.0,,False,5m consistent,1
2026-01-12 08:00:00,1.16856,1.16927,1.16766,1.16889,7107.0,,False,5m consistent,0
2026-01-12 10:00:00,1.16828,1.16864,1.16768,1.16862,4467.0,,False,5m consistent,1
2026-01-12 13:00:00,1.16822,1.16992,1.16787,1.16937,7508.0,,False,5m consistent,0
2026-01-12 15:00:00,1.16777,1.16868,1.16737,1.1682,6665.0,,False,5m consistent,0
2026-01-12 19:00:00,1.16696,1.16748,1.16688,1.16729,2403.0,,False,5m consistent,0
2026-01-12 23:00:00,1.16702,1.16718,1.16664,1.16684,1694.0,,False,5m consistent,0
2026-01-13 00:00:00,1.16682,1.16684,1.16615,1.16644,2750.0,,False,5m consistent,1
2026-01-13 05:00:00,1.16665,1.16684,1.16626,1.16637,2340.0,,False,5m consistent,0
2026-01-13 07:00:00,1.16595,1.16658,1.16567,1.16651,4791.0,,False,5m consistent,1
2026-01-13 08:00:00,1.16648,1.16701,1.16595,1.16701,5441.0,,False,5m consistent,1
2026-01-13 09:00:00,1.167,1.16735,1.16644,1.16728,4250.0,,False,5m consistent,0
2026-01-13 11:00:00,1.16672,1.16712,1.16654,1.16694,2606.0,,False,5m consistent,0
2026-01-13 12:00:00,1.16692,1.16699,1.16539,1.1656,4246.0,,False,5m consistent,1
2026-01-13 13:00:00,1.1656,1.16792,1.1651,1.16693,14372.0,,False,5m consistent,0
2026-01-13 14:00:00,1.16692,1.16742,1.16582,1.16645,11190.0,,False,5m consistent,0
2026-01-13 15:00:00,1.16646,1.16657,1.1645,1.16528,8663.0,,False,5m consistent,0
2026-01-13 18:00:00,1.1647,1.16554,1.16424,1.16541,3598.0,,False,5m consistent,0
2026-01-14 00:00:00,1.16428,1.16445,1.16388,1.16438,2588.0,,False,5m consistent,1
2026-01-14 06:00:00,1.16428,1.1651,1.16422,1.165,2560.0,,False,5m consistent,0
2026-01-14 07:00:00,1.16499,1.16529,1.16454,1.1647,3487.0,,False,5m consistent,1
2026-01-14 09:00:00,1.16483,1.16547,1.16468,1.16526,4395.0,,False,5m consistent,1
2026-01-14 10:00:00,1.16527,1.16587,1.16476,1.16559,4937.0,,False,5m consistent,0
2026-01-14 12:00:00,1.16479,1.16608,1.16458,1.16605,5738.0,,False,5m consistent,0
2026-01-14 14:00:00,1.16505,1.16606,1.16496,1.16567,9631.0,,False,5m consistent,1
2026-01-14 15:00:00,1.16569,1.16615,1.16501,1.16607,10656.0,,False,5m consistent,0
2026-01-14 16:00:00,1.16606,1.16626,1.16533,1.16555,5981.0,,False,5m consistent,0
2026-01-14 17:00:00,1.16554,1.16566,1.16464,1.16476,4978.0,,False,5m consistent,0
2026-01-14 23:00:00,1.16464,1.1648,1.16456,1.16458,1333.0,,False,5m consistent,0
2026-01-15 00:00:00,1.16459,1.16466,1.16366,1.16385,3034.0,,False,5m consistent,1
2026-01-15 03:00:00,1.16409,1.16423,1.16376,1.16397,2190.0,,False,5m consistent,0
2026-01-15 05:00:00,1.16354,1.16388,1.16344,1.16359,2826.0,,False,5m consistent,0
2026-01-15 06:00:00,1.16359,1.16393,1.16308,1.1634,3735.0,,False,5m consistent,0
2026-01-15 10:00:00,1.16367,1.16419,1.16337,1.16366,4472.0,,False,5m consistent,0
2026-01-15 11:00:00,1.16364,1.16389,1.16309,1.16316,4021.0,,False,5m consistent,0
2026-01-15 12:00:00,1.16315,1.16358,1.16211,1.16236,4022.0,,False,5m consistent,0
2026-01-15 13:00:00,1.16237,1.1626,1.15996,1.16022,10161.0,,False,5m consistent,0
2026-01-15 19:00:00,1.16157,1.16184,1.16122,1.16145,3919.0,,False,5m consistent,0
2026-01-15 23:00:00,1.16088,1.16112,1.16083,1.161,749.0,,False,5m consistent,1
2026-01-16 04:00:00,1.16129,1.16146,1.1611,1.16118,1458.0,,False,5m consistent,1
2026-01-16 07:00:00,1.16104,1.16156,1.16089,1.1613,4941.0,,False,5m consistent,1
2026-01-16 11:00:00,1.16139,1.16244,1.16137,1.16201,4490.0,,False,5m consistent,0
2026-01-16 12:00:00,1.162,1.16232,1.16144,1.162,4400.0,,False,5m consistent,0
2026-01-16 13:00:00,1.16198,1.16219,1.16124,1.16194,5315.0,,False,5m consistent,1
2026-01-16 17:00:00,1.15992,1.16037,1.15956,1.15965,5504.0,,False,5m consistent,1
2026-01-19 01:00:00,1.1633,1.16353,1.1623,1.16234,6204.0,,False,5m consistent,1
2026-01-19 04:00:00,1.16253,1.16346,1.16253,1.16338,2973.0,,False,5m consistent,1
2026-01-19 07:00:00,1.1629,1.16424,1.16238,1.16269,6565.0,,False,5m consistent,1
2026-01-19 08:00:00,1.1627,1.16288,1.16193,1.16259,5986.0,,False,5m consistent,0
2026-01-19 14:00:00,1.16325,1.16434,1.1631,1.16404,4453.0,,False,5m consistent,1
2026-01-19 22:00:00,1.16445,1.16485,1.16445,1.16472,268.0,,False,5m consistent,0
2026-01-19 23:00:00,1.16471,1.16478,1.16393,1.16402,938.0,,False,5m consistent,1
2026-01-20 09:00:00,1.17172,1.17336,1.17165,1.17271,9634.0,,False,5m consistent,1
2026-01-20 10:00:00,1.17272,1.1733,1.17161,1.17318,8499.0,,False,5m consistent,1
2026-01-20 11:00:00,1.1732,1.17399,1.17232,1.17357,6648.0,,False,5m consistent,0
2026-01-20 12:00:00,1.17358,1.17446,1.17264,1.17268,6918.0,,False,5m consistent,1
2026-01-20 13:00:00,1.17267,1.17702,1.17191,1.17342,18350.0,,False,5m consistent,0
2026-01-20 16:00:00,1.17279,1.17402,1.17278,1.17396,8646.0,,False,5m consistent,0
2026-01-20 18:00:00,1.17323,1.17349,1.17273,1.17275,4558.0,,False,5m consistent,0
2026-01-20 23:00:00,1.17234,1.17298,1.17227,1.17281,1109.0,,False,5m consistent,1
2026-01-21 02:00:00,1.17298,1.17326,1.17251,1.17272,3621.0,,False,5m consistent,0
2026-01-21 06:00:00,1.17181,1.1726,1.17163,1.17247,3227.0,,False,5m consistent,0
2026-01-21 07:00:00,1.17246,1.17263,1.17109,1.17178,6805.0,,False,5m consistent,0
2026-01-21 08:00:00,1.17177,1.17195,1.17059,1.17111,6908.0,,False,5m consistent,1
2026-01-21 13:00:00,1.17358,1.17439,1.17294,1.17405,7495.0,,False,5m consistent,0
2026-01-21 14:00:00,1.17406,1.17416,1.1716,1.17255,19281.0,,False,5m consistent,0
2026-01-21 17:00:00,1.17041,1.17124,1.1698,1.17038,7939.0,,False,5m consistent,0
2026-01-21 19:00:00,1.16978,1.1706,1.16779,1.16921,12335.0,,False,5m consistent,0
2026-01-21 22:00:00,1.16889,1.16897,1.1685,1.16864,1017.0,,False,5m consistent,0
2026-01-22 04:00:00,1.16898,1.16981,1.16896,1.16923,2217.0,,False,5m consistent,1
2026-01-22 07:00:00,1.16891,1.16969,1.16856,1.16912,5351.0,,False,5m consistent,1
2026-01-22 09:00:00,1.16902,1.16982,1.16885,1.16933,5411.0,,False,5m consistent,1
2026-01-22 16:00:00,1.17347,1.17516,1.17342,1.17396,7700.0,,False,5m consistent,0
2026-01-22 23:00:00,1.17572,1.176,1.17541,1.17547,1212.0,,False,5m consistent,0
2026-01-23 01:00:00,1.17488,1.17545,1.17479,1.17502,4595.0,,False,5m consistent,1
2026-01-23 05:00:00,1.17506,1.17548,1.17506,1.17518,2450.0,,False,5m consistent,0
2026-01-23 06:00:00,1.17517,1.17538,1.17422,1.17427,4606.0,,False,5m consistent,1
2026-01-23 07:00:00,1.17427,1.17483,1.17357,1.17368,10514.0,,False,5m consistent,1
2026-01-23 08:00:00,1.17365,1.1746,1.17291,1.17408,8895.0,,False,5m consistent,0
2026-01-23 09:00:00,1.1741,1.1746,1.17359,1.17361,6546.0,,False,5m consistent,1
2026-01-23 12:00:00,1.17382,1.17452,1.17373,1.17432,4201.0,,False,5m consistent,0
2026-01-23 15:00:00,1.17473,1.17624,1.17467,1.17589,7264.0,,False,5m consistent,0
2026-01-23 17:00:00,1.17715,1.17998,1.17698,1.17952,14048.0,,False,5m consistent,0
2026-01-26 02:00:00,1.18587,1.18774,1.18565,1.18684,8785.0,,False,5m consistent,0
2026-01-26 05:00:00,1.18599,1.18707,1.18589,1.18658,4596.0,,False,5m consistent,0
2026-01-26 06:00:00,1.18659,1.18665,1.18513,1.18525,6440.0,,False,5m consistent,0
2026-01-26 08:00:00,1.18397,1.18605,1.1839,1.18544,11476.0,,False,5m consistent,1
2026-01-26 09:00:00,1.18545,1.18683,1.18427,1.18645,10073.0,,False,5m consistent,0
2026-01-26 10:00:00,1.18646,1.18661,1.18543,1.18615,6483.0,,False,5m consistent,0
2026-01-26 11:00:00,1.18614,1.18614,1.18495,1.18567,6261.0,,False,5m consistent,0
2026-01-26 15:00:00,1.18799,1.18979,1.18714,1.18961,10540.0,,False,5m consistent,0
2026-01-26 16:00:00,1.18961,1.19081,1.18807,1.18867,10779.0,,False,5m consistent,1
2026-01-26 20:00:00,1.18799,1.18845,1.18782,1.18834,4875.0,,False,5m consistent,1
2026-01-27 02:00:00,1.18795,1.19003,1.1877,1.18942,4681.0,,False,5m consistent,0
2026-01-27 03:00:00,1.18941,1.18942,1.18801,1.18804,4077.0,,False,5m consistent,0
2026-01-27 06:00:00,1.18774,1.18822,1.18716,1.18727,4225.0,,False,5m consistent,0
2026-01-27 07:00:00,1.18726,1.18763,1.18618,1.18645,6549.0,,False,5m consistent,0
2026-01-27 09:00:00,1.18614,1.18907,1.18596,1.18898,8068.0,,False,5m consistent,0
2026-01-27 12:00:00,1.18963,1.19353,1.1895,1.19289,13799.0,,False,5m consistent,1
2026-01-27 16:00:00,1.19515,1.1991,1.19505,1.198,13257.0,,False,5m consistent,0
2026-01-27 22:00:00,1.20423,1.20453,1.20388,1.20445,1272.0,,False,5m consistent,0
2026-01-27 23:00:00,1.20445,1.20482,1.20173,1.2024,4409.0,,False,5m consistent,0
2026-01-28 00:00:00,1.20239,1.20243,1.20088,1.20159,8899.0,,False,5m consistent,0
2026-01-28 04:00:00,1.1998,1.20027,1.19922,1.2001,3265.0,,False,5m consistent,0
2026-01-28 06:00:00,1.19978,1.20079,1.19912,1.1996,5771.0,,False,5m consistent,1
2026-01-28 07:00:00,1.19961,1.20267,1.19851,1.19921,11014.0,,False,5m consistent,0
2026-01-28 09:00:00,1.19814,1.19937,1.19759,1.19877,9180.0,,False,5m consistent,1
2026-01-28 10:00:00,1.19878,1.19958,1.19733,1.19898,8285.0,,False,5m consistent,0
2026-01-28 12:00:00,1.1969,1.19843,1.19668,1.19806,7462.0,,False,5m consistent,0
2026-01-28 15:00:00,1.19635,1.19711,1.19238,1.19443,33542.0,,False,5m consistent,0
2026-01-28 17:00:00,1.19414,1.19442,1.19288,1.19419,6668.0,,False,5m consistent,0
2026-01-29 00:00:00,1.19817,1.1986,1.19699,1.19745,6716.0,,False,5m consistent,1
2026-01-29 06:00:00,1.1982,1.19899,1.19761,1.19854,5335.0,,False,5m consistent,0
2026-01-29 07:00:00,1.19854,1.19975,1.19681,1.19747,8640.0,,False,5m consistent,0
2026-01-29 08:00:00,1.19748,1.19866,1.19623,1.19695,11287.0,,False,5m consistent,0
2026-01-29 09:00:00,1.19692,1.19751,1.19523,1.19566,8387.0,,False,5m consistent,1
2026-01-29 12:00:00,1.19479,1.19631,1.19428,1.1962,6484.0,,False,5m consistent,0
2026-01-29 14:00:00,1.19572,1.19722,1.1953,1.19712,14471.0,,False,5m consistent,0
2026-01-29 23:00:00,1.19711,1.19756,1.19659,1.19682,2148.0,,False,5m consistent,0
2026-01-30 00:00:00,1.19682,1.1974,1.19309,1.19328,11044.0,,False,5m consistent,1
2026-01-30 01:00:00,1.19329,1.19408,1.19152,1.19178,14827.0,,False,5m consistent,1
2026-01-30 05:00:00,1.19252,1.19359,1.19154,1.19256,6250.0,,False,5m consistent,1
2026-01-30 07:00:00,1.19197,1.19435,1.19156,1.19386,13025.0,,False,5m consistent,0
2026-01-30 08:00:00,1.19388,1.19442,1.19242,1.19344,12129.0,,False,5m consistent,0
2026-01-30 11:00:00,1.19221,1.19513,1.19217,1.19499,9841.0,,False,5m consistent,0
2026-01-30 12:00:00,1.19498,1.19555,1.1916,1.19203,9983.0,,False,5m consistent,0
2026-01-30 14:00:00,1.19136,1.19222,1.1902,1.1907,15771.0,,False,5m consistent,0
2026-01-30 15:00:00,1.19071,1.19071,1.18838,1.18959,22723.0,,False,5m consistent,0
2026-01-30 16:00:00,1.1896,1.18982,1.18726,1.18869,15545.0,,False,5m consistent,0
2026-01-30 17:00:00,1.18868,1.18884,1.18674,1.18732,12984.0,,False,5m consistent,1
2026-01-30 18:00:00,1.18732,1.18853,1.18554,1.18792,17219.0,,False,5m consistent,0
2026-01-30 19:00:00,1.18791,1.18857,1.18652,1.18701,11673.0,,False,5m consistent,0
2026-02-02 04:00:00,1.18649,1.18736,1.18588,1.18641,6607.0,,False,5m consistent,0
2026-02-02 07:00:00,1.18548,1.18643,1.18525,1.18544,11730.0,,False,5m consistent,1
2026-02-02 11:00:00,1.18655,1.18722,1.18614,1.18655,7272.0,,False,5m consistent,0
2026-02-02 12:00:00,1.18652,1.1871,1.18438,1.18508,8961.0,,False,5m consistent,0
2026-02-02 13:00:00,1.18508,1.18515,1.18188,1.18218,12909.0,,False,5m consistent,1
2026-02-02 14:00:00,1.18218,1.18307,1.18063,1.18227,14451.0,,False,5m consistent,0
2026-02-02 16:00:00,1.17931,1.18087,1.17912,1.18072,12746.0,,False,5m consistent,0
2026-02-02 17:00:00,1.18073,1.18133,1.17956,1.18009,10070.0,,False,5m consistent,0
2026-02-03 01:00:00,1.18073,1.18158,1.18024,1.18149,5508.0,,False,5m consistent,1
2026-02-03 07:00:00,1.18145,1.18253,1.18108,1.18161,7854.0,,False,5m consistent,1
2026-02-03 08:00:00,1.18161,1.18204,1.18045,1.18137,8523.0,,False,5m consistent,0
2026-02-03 13:00:00,1.17974,1.18077,1.17935,1.17968,8804.0,,False,5m consistent,0
2026-02-03 22:00:00,1.18232,1.18233,1.18181,1.18207,2487.0,,False,5m consistent,1
2026-02-04 01:00:00,1.18152,1.18329,1.18132,1.18269,7043.0,,False,5m consistent,1
2026-02-04 07:00:00,1.18307,1.18349,1.18249,1.18329,6144.0,,False,5m consistent,0
2026-02-04 08:00:00,1.18328,1.18389,1.18245,1.18296,7930.0,,False,5m consistent,0
2026-02-04 09:00:00,1.18297,1.18335,1.1812,1.18149,6723.0,,False,5m consistent,1
2026-02-04 10:00:00,1.18149,1.18187,1.18056,1.18143,5758.0,,False,5m consistent,1
2026-02-04 12:00:00,1.1811,1.18259,1.18105,1.18224,5203.0,,False,5m consistent,1
2026-02-04 13:00:00,1.18225,1.18282,1.18121,1.18234,10134.0,,False,5m consistent,0
2026-02-04 14:00:00,1.18234,1.18266,1.18034,1.18161,13065.0,,False,5m consistent,0
2026-02-04 16:00:00,1.17972,1.18066,1.17914,1.18035,11435.0,,False,5m consistent,1
2026-02-04 19:00:00,1.18019,1.18104,1.17954,1.181,8075.0,,False,5m consistent,1
2026-02-04 22:00:00,1.18093,1.18099,1.18058,1.18096,683.0,,False,5m consistent,0
2026-02-05 01:00:00,1.18053,1.18092,1.18029,1.18046,4609.0,,False,5m consistent,0
2026-02-05 08:00:00,1.17995,1.18097,1.17962,1.18037,8547.0,,False,5m consistent,0
2026-02-05 11:00:00,1.17886,1.17962,1.17869,1.17947,4506.0,,False,5m consistent,1
2026-02-05 12:00:00,1.17948,1.18045,1.17862,1.18004,14339.0,,False,5m consistent,1
2026-02-05 13:00:00,1.18003,1.18164,1.17924,1.18125,16656.0,,False,5m consistent,1
2026-02-05 14:00:00,1.18125,1.18226,1.17964,1.1799,18664.0,,False,5m consistent,0
2026-02-05 17:00:00,1.18022,1.18051,1.17969,1.18017,7407.0,,False,5m consistent,0
2026-02-05 19:00:00,1.17942,1.17982,1.17934,1.17951,3948.0,,False,5m consistent,0
2026-02-05 22:00:00,1.17791,1.1784,1.17791,1.17827,1158.0,,False,5m consistent,0
2026-02-05 23:00:00,1.17828,1.17828,1.1776,1.17773,2316.0,,False,5m consistent,1
2026-02-06 06:00:00,1.1799,1.18028,1.17951,1.1798,4612.0,,False,5m consistent,0
2026-02-06 07:00:00,1.1798,1.17986,1.17895,1.17921,5213.0,,False,5m consistent,1
2026-02-06 10:00:00,1.17928,1.18007,1.17907,1.1793,4417.0,,False,5m consistent,1
2026-02-06 14:00:00,1.18112,1.1827,1.18108,1.18222,8993.0,,False,5m consistent,0
2026-02-06 15:00:00,1.18219,1.18249,1.1806,1.18201,10310.0,,False,5m consistent,1
2026-02-06 20:00:00,1.18202,1.18237,1.18192,1.1823,2336.0,,False,5m consistent,0
2026-02-09 01:00:00,1.18316,1.18345,1.18256,1.18264,6129.0,,False,5m consistent,0
2026-02-09 09:00:00,1.18652,1.18706,1.1861,1.18629,5975.0,,False,5m consistent,1
2026-02-09 14:00:00,1.19045,1.19193,1.19035,1.19193,13497.0,,False,5m consistent,0
2026-02-09 15:00:00,1.19195,1.19277,1.19041,1.19129,11523.0,,False,5m consistent,0
2026-02-09 22:00:00,1.19168,1.19193,1.19132,1.1915,790.0,,False,5m consistent,0
2026-02-10 05:00:00,1.19079,1.19114,1.19045,1.19081,2666.0,,False,5m consistent,1
2026-02-10 07:00:00,1.1904,1.19113,1.19003,1.19096,5765.0,,False,5m consistent,1
2026-02-10 10:00:00,1.19153,1.19184,1.19099,1.19108,4617.0,,False,5m consistent,0
2026-02-10 11:00:00,1.19109,1.19114,1.19017,1.19047,3861.0,,False,5m consistent,0
2026-02-10 14:00:00,1.19065,1.19296,1.19038,1.19157,12112.0,,False,5m consistent,0
2026-02-10 15:00:00,1.19152,1.192,1.18973,1.19147,13697.0,,False,5m consistent,0
2026-02-10 19:00:00,1.1893,1.19032,1.18876,1.19032,3906.0,,False,5m consistent,0
2026-02-10 21:00:00,1.1896,1.18975,1.18933,1.18958,1712.0,,False,5m consistent,0
2026-02-11 05:00:00,1.19088,1.19201,1.19076,1.19193,3343.0,,False,5m consistent,1
2026-02-11 08:00:00,1.19186,1.19209,1.19139,1.19192,5924.0,,False,5m consistent,1
2026-02-11 10:00:00,1.19189,1.19282,1.19171,1.19227,4711.0,,False,5m consistent,0
2026-02-11 11:00:00,1.19225,1.19225,1.19058,1.1909,4734.0,,False,5m consistent,0
2026-02-11 12:00:00,1.19092,1.19101,1.18992,1.19011,6047.0,,False,5m consistent,0
2026-02-11 13:00:00,1.19012,1.19054,1.18342,1.18628,30751.0,,False,5m consistent,1
2026-02-11 14:00:00,1.18628,1.18834,1.18535,1.18612,21856.0,,False,5m consistent,1
2026-02-11 19:00:00,1.18829,1.18855,1.18787,1.18805,4868.0,,False,5m consistent,1
2026-02-11 23:00:00,1.18774,1.18774,1.18708,1.18757,1532.0,,False,5m consistent,1
2026-02-12 02:00:00,1.18815,1.18855,1.18759,1.18799,3997.0,,False,5m consistent,0
2026-02-12 03:00:00,1.18797,1.1882,1.18662,1.18705,3721.0,,False,5m consistent,0
2026-02-12 05:00:00,1.18631,1.18667,1.18591,1.18656,3585.0,,False,5m consistent,0
2026-02-12 09:00:00,1.18808,1.18889,1.18804,1.18881,5899.0,,False,5m consistent,0
2026-02-12 11:00:00,1.18781,1.18856,1.1876,1.18854,4001.0,,False,5m consistent,0
2026-02-12 13:00:00,1.18741,1.18861,1.18723,1.18859,8061.0,,False,5m consistent,1
2026-02-12 15:00:00,1.18841,1.18894,1.18792,1.18866,10083.0,,False,5m consistent,0
2026-02-12 16:00:00,1.18868,1.18909,1.18628,1.18714,19583.0,,False,5m consistent,1
2026-02-12 17:00:00,1.18714,1.18779,1.18609,1.18662,11374.0,,False,5m consistent,1
2026-02-12 22:00:00,1.18708,1.1875,1.18704,1.18743,372.0,,False,5m consistent,0
2026-02-13 00:00:00,1.18698,1.18734,1.18674,1.18732,3808.0,,False,5m consistent,0
2026-02-13 03:00:00,1.18702,1.1871,1.18665,1.18678,2159.0,,False,5m consistent,0
2026-02-13 04:00:00,1.18678,1.18686,1.18609,1.1864,2249.0,,False,5m consistent,0
2026-02-13 05:00:00,1.18641,1.18656,1.18586,1.18602,3469.0,,False,5m consistent,0
2026-02-13 06:00:00,1.18602,1.18625,1.18543,1.18569,4597.0,,False,5m consistent,0
2026-02-13 09:00:00,1.18634,1.18675,1.18613,1.18616,4532.0,,False,5m consistent,1
2026-02-13 12:00:00,1.18596,1.18645,1.18562,1.18627,5158.0,,False,5m consistent,1
2026-02-13 13:00:00,1.18627,1.18855,1.18577,1.18751,16825.0,,False,5m consistent,0
2026-02-13 14:00:00,1.1875,1.18756,1.1858,1.18599,14356.0,,False,5m consistent,0
2026-02-13 18:00:00,1.18758,1.18814,1.18732,1.18745,4394.0,,False,5m consistent,1
2026-02-13 20:00:00,1.18674,1.18756,1.18654,1.18753,3718.0,,False,5m consistent,0
2026-02-16 03:00:00,1.18665,1.18699,1.18647,1.18682,2010.0,,False,5m consistent,1
2026-02-16 06:00:00,1.18656,1.18711,1.18648,1.18671,2039.0,,False,5m consistent,1
2026-02-16 07:00:00,1.1867,1.18672,1.18613,1.18636,3274.0,,False,5m consistent,1
2026-02-16 10:00:00,1.18651,1.18686,1.18628,1.18679,3606.0,,False,5m consistent,0
2026-02-16 11:00:00,1.18679,1.18682,1.18608,1.18623,3117.0,,False,5m consistent,0
2026-02-16 14:00:00,1.18555,1.18645,1.18539,1.18571,4139.0,,False,5m consistent,0
2026-02-16 15:00:00,1.18572,1.18578,1.18513,1.18546,3774.0,,False,5m consistent,1
2026-02-16 16:00:00,1.18547,1.18577,1.18472,1.18527,3489.0,,False,5m consistent,1
2026-02-16 22:00:00,1.18527,1.18539,1.18518,1.18519,312.0,,False,5m consistent,0
2026-02-16 23:00:00,1.18519,1.1854,1.18475,1.18515,1166.0,,False,5m consistent,0
2026-02-17 01:00:00,1.18446,1.18457,1.18417,1.18452,4046.0,,False,5m consistent,0
2026-02-17 02:00:00,1.18451,1.18482,1.18413,1.18429,3148.0,,False,5m consistent,0
2026-02-17 04:00:00,1.18424,1.18434,1.18402,1.18418,2232.0,,False,5m consistent,0
2026-02-17 06:00:00,1.18424,1.18465,1.18424,1.18452,3210.0,,False,5m consistent,0
2026-02-17 09:00:00,1.18418,1.18507,1.18407,1.18474,4475.0,,False,5m consistent,0
2026-02-17 10:00:00,1.1847,1.1848,1.1842,1.18435,4665.0,,False,5m consistent,0
2026-02-17 12:00:00,1.18317,1.18367,1.18278,1.18286,5849.0,,False,5m consistent,0
2026-02-17 13:00:00,1.18286,1.18313,1.18167,1.1823,9505.0,,False,5m consistent,1
2026-02-17 14:00:00,1.18231,1.1829,1.18172,1.18247,11219.0,,False,5m consistent,0
2026-02-18 00:00:00,1.18519,1.18546,1.18479,1.18481,3542.0,,False,5m consistent,0
2026-02-18 01:00:00,1.18481,1.18487,1.18434,1.18471,2820.0,,False,5m consistent,0
2026-02-18 05:00:00,1.18427,1.18468,1.18425,1.18466,1508.0,,False,5m consistent,0
2026-02-18 06:00:00,1.18466,1.18473,1.18413,1.18457,2472.0,,False,5m consistent,0
2026-02-18 07:00:00,1.18454,1.18473,1.18337,1.18356,4659.0,,False,5m consistent,1
2026-02-18 09:00:00,1.18318,1.18395,1.18292,1.18369,4709.0,,False,5m consistent,1
2026-02-18 12:00:00,1.18355,1.1848,1.18343,1.18407,4776.0,,False,5m consistent,0
2026-02-18 13:00:00,1.18407,1.18494,1.18244,1.18246,6319.0,,False,5m consistent,0
2026-02-18 15:00:00,1.18163,1.18276,1.18144,1.18235,8276.0,,False,5m consistent,0
2026-02-18 16:00:00,1.18234,1.1827,1.18102,1.18103,6141.0,,False,5m consistent,0
2026-02-18 17:00:00,1.18104,1.1815,1.1803,1.18069,4871.0,,False,5m consistent,0
2026-02-18 18:00:00,1.18069,1.18083,1.17883,1.17919,5635.0,,False,5m consistent,1
2026-02-19 03:00:00,1.17919,1.17938,1.17886,1.17915,2517.0,,False,5m consistent,1
2026-02-19 06:00:00,1.17925,1.18019,1.17908,1.17991,3231.0,,False,5m consistent,1
2026-02-19 09:00:00,1.18022,1.18087,1.17994,1.18008,4835.0,,False,5m consistent,0
2026-02-19 10:00:00,1.18007,1.18039,1.17881,1.17899,5509.0,,False,5m consistent,0
2026-02-19 11:00:00,1.179,1.17913,1.17773,1.17815,4724.0,,False,5m consistent,0
2026-02-19 12:00:00,1.17813,1.17816,1.17678,1.17703,5748.0,,False,5m consistent,0
2026-02-19 13:00:00,1.17703,1.17708,1.17522,1.17665,9410.0,,False,5m consistent,0
2026-02-19 18:00:00,1.17669,1.17752,1.17657,1.17692,4403.0,,False,5m consistent,1
2026-02-20 00:00:00,1.17692,1.17728,1.17676,1.17713,3155.0,,False,5m consistent,0
2026-02-20 01:00:00,1.17713,1.17727,1.17559,1.17597,5650.0,,False,5m consistent,1
2026-02-20 06:00:00,1.17563,1.17576,1.17524,1.17559,3211.0,,False,5m consistent,0
2026-02-20 07:00:00,1.17559,1.17636,1.17504,1.17522,5747.0,,False,5m consistent,1
2026-02-20 09:00:00,1.17617,1.17691,1.17593,1.17676,5468.0,,False,5m consistent,0
2026-02-20 12:00:00,1.17681,1.17718,1.17642,1.17665,5025.0,,False,5m consistent,1
2026-02-20 13:00:00,1.17665,1.17847,1.17579,1.17702,11229.0,,False,5m consistent,0
2026-02-20 14:00:00,1.17699,1.17714,1.17569,1.17694,9383.0,,False,5m consistent,1
2026-02-20 15:00:00,1.17691,1.18085,1.17563,1.1789,39715.0,,False,5m consistent,0
2026-02-20 16:00:00,1.1789,1.17991,1.17746,1.17809,13063.0,,False,5m consistent,0
2026-02-23 02:00:00,1.18271,1.1832,1.18242,1.18285,5236.0,,False,5m consistent,1
2026-02-23 07:00:00,1.18251,1.18286,1.18194,1.18242,5679.0,,False,5m consistent,0
2026-02-23 08:00:00,1.18244,1.18256,1.1808,1.18113,6924.0,,False,5m consistent,0
2026-02-23 10:00:00,1.18017,1.18022,1.17959,1.17995,4511.0,,False,5m consistent,0
2026-02-23 11:00:00,1.17995,1.17997,1.17818,1.17868,5593.0,,False,5m consistent,1
2026-02-23 14:00:00,1.17965,1.181,1.17948,1.18063,10145.0,,False,5m consistent,0
2026-02-23 16:00:00,1.17954,1.18072,1.17889,1.18049,9466.0,,False,5m consistent,0
2026-02-23 18:00:00,1.17994,1.18018,1.17956,1.17991,3848.0,,False,5m consistent,0
2026-02-24 00:00:00,1.17938,1.17972,1.17884,1.17889,3292.0,,False,5m consistent,0
2026-02-24 02:00:00,1.17826,1.17855,1.17791,1.17847,3671.0,,False,5m consistent,0
2026-02-24 03:00:00,1.17846,1.17863,1.17759,1.1776,2559.0,,False,5m consistent,1
2026-02-24 06:00:00,1.17808,1.17833,1.1778,1.17811,3129.0,,False,5m consistent,1
2026-02-24 07:00:00,1.17812,1.17833,1.17724,1.17799,8534.0,,False,5m consistent,1
2026-02-24 10:00:00,1.17887,1.17921,1.17832,1.17864,4251.0,,False,5m consistent,0
2026-02-24 11:00:00,1.17863,1.17869,1.17801,1.17815,4080.0,,False,5m consistent,1
2026-02-24 12:00:00,1.17813,1.17844,1.17735,1.17822,5288.0,,False,5m consistent,0
2026-02-24 14:00:00,1.17732,1.17795,1.17682,1.17743,8480.0,,False,5m consistent,1
2026-02-24 16:00:00,1.17737,1.17911,1.17729,1.17889,6226.0,,False,5m consistent,0
2026-02-24 17:00:00,1.17889,1.17897,1.17826,1.17865,3872.0,,False,5m consistent,0
2026-02-25 02:00:00,1.17793,1.17945,1.17791,1.17932,4976.0,,False,5m consistent,1
2026-02-25 06:00:00,1.18018,1.18073,1.17977,1.1806,4123.0,,False,5m consistent,0
2026-02-25 07:00:00,1.1806,1.18089,1.17979,1.1798,4919.0,,False,5m consistent,0
2026-02-25 09:00:00,1.1791,1.1794,1.17864,1.17889,6137.0,,False,5m consistent,0
2026-02-25 10:00:00,1.1789,1.17894,1.178,1.17806,4591.0,,False,5m consistent,0
2026-02-25 12:00:00,1.17758,1.17878,1.17749,1.17867,4585.0,,False,5m consistent,0
2026-02-26 01:00:00,1.18196,1.18298,1.18187,1.18282,4925.0,,False,5m consistent,0
2026-02-26 05:00:00,1.18191,1.18236,1.18168,1.18206,3384.0,,False,5m consistent,0
2026-02-26 06:00:00,1.18206,1.18231,1.18157,1.18197,3629.0,,False,5m consistent,0
2026-02-26 07:00:00,1.18196,1.18196,1.18095,1.18165,4634.0,,False,5m consistent,0
2026-02-26 08:00:00,1.18167,1.18167,1.18031,1.18034,6094.0,,False,5m consistent,0
2026-02-26 12:00:00,1.18014,1.18106,1.18007,1.18098,3827.0,,False,5m consistent,1
2026-02-26 13:00:00,1.18099,1.18175,1.18036,1.18076,6914.0,,False,5m consistent,1
2026-02-26 14:00:00,1.18078,1.18166,1.18028,1.18137,9106.0,,False,5m consistent,0
2026-02-26 15:00:00,1.18134,1.18152,1.17817,1.17999,13800.0,,False,5m consistent,0
2026-02-26 16:00:00,1.17998,1.18002,1.17868,1.17927,7263.0,,False,5m consistent,0
2026-02-26 23:00:00,1.17993,1.18041,1.17975,1.18041,1151.0,,False,5m consistent,0
2026-02-27 00:00:00,1.1804,1.18065,1.17969,1.1797,4320.0,,False,5m consistent,1
2026-02-27 05:00:00,1.1812,1.18128,1.18071,1.18094,3020.0,,False,5m consistent,0
2026-02-27 06:00:00,1.18092,1.18119,1.1803,1.1805,4367.0,,False,5m consistent,1
2026-02-27 07:00:00,1.18048,1.18203,1.1798,1.1816,5345.0,,False,5m consistent,0
2026-02-27 08:00:00,1.1816,1.18226,1.18089,1.18105,5682.0,,False,5m consistent,0
2026-02-27 12:00:00,1.18011,1.18092,1.17995,1.18034,4213.0,,False,5m consistent,0
2026-03-02 01:00:00,1.17781,1.17953,1.17761,1.17928,9301.0,,False,5m consistent,1
2026-03-02 03:00:00,1.17894,1.17967,1.17891,1.17895,3526.0,,False,5m consistent,0
2026-03-02 04:00:00,1.17896,1.17912,1.17827,1.17871,2881.0,,False,5m consistent,0
2026-03-02 05:00:00,1.17869,1.17869,1.17671,1.17672,4104.0,,False,5m consistent,0
2026-03-02 06:00:00,1.17672,1.17677,1.17311,1.17332,11000.0,,False,5m consistent,0
2026-03-02 07:00:00,1.17329,1.17353,1.17044,1.17173,12945.0,,False,5m consistent,0
2026-03-02 10:00:00,1.1734,1.17482,1.17337,1.17394,7205.0,,False,5m consistent,0
2026-03-02 11:00:00,1.17394,1.17421,1.17271,1.17341,5915.0,,False,5m consistent,0
2026-03-02 14:00:00,1.16994,1.17248,1.16959,1.17185,14471.0,,False,5m consistent,0
2026-03-02 17:00:00,1.16905,1.17087,1.16876,1.1708,7533.0,,False,5m consistent,0
2026-03-02 19:00:00,1.16953,1.17142,1.16948,1.17119,5317.0,,False,5m consistent,0
2026-03-03 01:00:00,1.16963,1.17079,1.16932,1.16977,7270.0,,False,5m consistent,0
2026-03-03 03:00:00,1.16952,1.16986,1.16872,1.16913,4739.0,,False,5m consistent,0
2026-03-03 04:00:00,1.16915,1.16944,1.16801,1.16819,4164.0,,False,5m consistent,0
2026-03-03 06:00:00,1.16677,1.16724,1.16629,1.167,7224.0,,False,5m consistent,0
2026-03-03 07:00:00,1.167,1.167,1.16434,1.16445,9686.0,,False,5m consistent,0
2026-03-03 08:00:00,1.16446,1.1647,1.16188,1.16238,14992.0,,False,5m consistent,0
2026-03-03 09:00:00,1.16238,1.163,1.15994,1.16063,14472.0,,False,5m consistent,0
2026-03-03 10:00:00,1.16066,1.16137,1.159,1.15928,12758.0,,False,5m consistent,1
2026-03-03 12:00:00,1.1598,1.16163,1.1591,1.16138,12931.0,,False,5m consistent,0
2026-03-03 13:00:00,1.16137,1.1616,1.15908,1.15914,12251.0,,False,5m consistent,0
2026-03-03 14:00:00,1.15912,1.16005,1.15658,1.15684,18009.0,,False,5m consistent,0
2026-03-03 16:00:00,1.15737,1.1607,1.15701,1.1604,23340.0,,False,5m consistent,1
2026-03-03 18:00:00,1.15913,1.16229,1.15907,1.16165,11393.0,,False,5m consistent,1
2026-03-03 23:00:00,1.16153,1.16215,1.16098,1.16117,3033.0,,False,5m consistent,0
2026-03-04 00:00:00,1.16117,1.16121,1.15932,1.15937,8396.0,,False,5m consistent,1
2026-03-04 03:00:00,1.15989,1.16103,1.15961,1.16094,5542.0,,False,5m consistent,0
2026-03-04 07:00:00,1.16117,1.16291,1.16116,1.16168,9353.0,,False,5m consistent,0
2026-03-04 15:00:00,1.16266,1.16413,1.16174,1.16411,14999.0,,False,5m consistent,1
2026-03-05 00:00:00,1.16357,1.16462,1.16328,1.1646,4007.0,,False,5m consistent,0
2026-03-05 02:00:00,1.16289,1.16327,1.16233,1.16266,5945.0,,False,5m consistent,0
2026-03-05 04:00:00,1.16141,1.16155,1.16063,1.16094,3942.0,,False,5m consistent,0
2026-03-05 07:00:00,1.16078,1.1617,1.16001,1.16056,9048.0,,False,5m consistent,0
2026-03-05 09:00:00,1.15994,1.16458,1.15975,1.16235,25050.0,,False,5m consistent,0
2026-03-05 12:00:00,1.16123,1.16258,1.16083,1.16214,7979.0,,False,5m consistent,0
2026-03-05 14:00:00,1.15982,1.16098,1.15932,1.16036,14996.0,,False,5m consistent,0
2026-03-05 15:00:00,1.16036,1.16101,1.15699,1.15841,17084.0,,False,5m consistent,0
2026-03-05 16:00:00,1.15839,1.15877,1.15598,1.15847,15146.0,,False,5m consistent,1
2026-03-05 17:00:00,1.15847,1.15928,1.15733,1.15888,16710.0,,False,5m consistent,1
2026-03-05 18:00:00,1.15888,1.15924,1.1572,1.15867,13041.0,,False,5m consistent,1
2026-03-06 07:00:00,1.16125,1.16191,1.16073,1.16157,6025.0,,False,5m consistent,0
2026-03-06 08:00:00,1.16156,1.16156,1.16024,1.16039,8122.0,,False,5m consistent,0
2026-03-06 10:00:00,1.15752,1.1586,1.15736,1.15793,8009.0,,False,5m consistent,0
2026-03-06 11:00:00,1.15791,1.15824,1.15618,1.15633,10082.0,,False,5m consistent,1
2026-03-06 16:00:00,1.15804,1.1614,1.15798,1.16064,16774.0,,False,5m consistent,1
2026-03-09 02:00:00,1.151,1.15291,1.15092,1.15258,11566.0,,False,5m consistent,1
2026-03-09 05:00:00,1.15268,1.15723,1.15249,1.15683,16249.0,,False,5m consistent,0
2026-03-09 07:00:00,1.15457,1.1566,1.15364,1.15645,17408.0,,False,5m consistent,0
2026-03-09 13:00:00,1.15543,1.15889,1.15533,1.15767,19933.0,,False,5m consistent,0
2026-03-09 21:00:00,1.16377,1.1639,1.16353,1.16384,815.0,,False,5m consistent,0
2026-03-09 22:00:00,1.16386,1.16467,1.16236,1.16302,5511.0,,False,5m consistent,1
2026-03-10 00:00:00,1.16175,1.16365,1.16125,1.16273,9923.0,,False,5m consistent,1
2026-03-10 07:00:00,1.16334,1.16645,1.16287,1.16614,11086.0,,False,5m consistent,0
2026-03-10 09:00:00,1.16465,1.16598,1.16447,1.16523,8741.0,,False,5m consistent,0
2026-03-10 11:00:00,1.16405,1.16541,1.1637,1.16393,12668.0,,False,5m consistent,1
2026-03-10 16:00:00,1.16484,1.16554,1.16399,1.16527,7915.0,,False,5m consistent,0
2026-03-10 17:00:00,1.16526,1.1668,1.16422,1.16461,12838.0,,False,5m consistent,0
2026-03-10 18:00:00,1.16461,1.16468,1.16147,1.16254,24256.0,,False,5m consistent,0
2026-03-11 06:00:00,1.1634,1.16416,1.16308,1.16343,5819.0,,False,5m consistent,0
2026-03-11 07:00:00,1.16341,1.16465,1.16144,1.16178,13113.0,,False,5m consistent,0
2026-03-11 08:00:00,1.16178,1.16222,1.16044,1.16134,11359.0,,False,5m consistent,0
2026-03-11 10:00:00,1.15931,1.16126,1.15919,1.16078,8836.0,,False,5m consistent,0
2026-03-11 11:00:00,1.16079,1.16117,1.15953,1.15954,9581.0,,False,5m consistent,0
2026-03-11 13:00:00,1.15833,1.15943,1.15786,1.15925,13502.0,,False,5m consistent,0
2026-03-11 14:00:00,1.15926,1.16138,1.15819,1.15828,26820.0,,False,5m consistent,0
2026-03-11 16:00:00,1.15669,1.15776,1.1564,1.15718,9823.0,,False,5m consistent,1
2026-03-11 19:00:00,1.15726,1.15772,1.15689,1.15741,4409.0,,False,5m consistent,0
2026-03-11 21:00:00,1.15677,1.15764,1.15674,1.15757,910.0,,False,5m consistent,0
2026-03-11 22:00:00,1.1576,1.1576,1.15504,1.1551,3291.0,,False,5m consistent,0
2026-03-11 23:00:00,1.15509,1.15547,1.15407,1.15438,3579.0,,False,5m consistent,1
2026-03-12 01:00:00,1.15469,1.15565,1.15462,1.15515,6006.0,,False,5m consistent,0
2026-03-12 07:00:00,1.15486,1.15537,1.15423,1.15519,6620.0,,False,5m consistent,1
2026-03-12 09:00:00,1.15481,1.15621,1.15454,1.15604,5422.0,,False,5m consistent,1
2026-03-12 11:00:00,1.15587,1.15671,1.15533,1.15572,6116.0,,False,5m consistent,0
2026-03-12 12:00:00,1.15572,1.15582,1.15334,1.15401,8524.0,,False,5m consistent,0
2026-03-12 13:00:00,1.15403,1.15511,1.15211,1.15271,16105.0,,False,5m consistent,1
2026-03-12 14:00:00,1.1527,1.15341,1.15166,1.15215,14741.0,,False,5m consistent,1
2026-03-12 17:00:00,1.15229,1.15328,1.15202,1.15228,9140.0,,False,5m consistent,1
2026-03-13 00:00:00,1.15219,1.15291,1.15212,1.15244,4839.0,,False,5m consistent,0
2026-03-13 02:00:00,1.15173,1.1523,1.1512,1.15146,4428.0,,False,5m consistent,0
2026-03-13 03:00:00,1.15143,1.15166,1.15057,1.151,3984.0,,False,5m consistent,0
2026-03-13 05:00:00,1.15042,1.15075,1.15007,1.15017,3127.0,,False,5m consistent,0
2026-03-13 06:00:00,1.15019,1.15042,1.14832,1.14837,5725.0,,False,5m consistent,0
2026-03-13 07:00:00,1.14836,1.14847,1.1455,1.14588,9209.0,,False,5m consistent,0
2026-03-13 13:00:00,1.14788,1.14911,1.14746,1.14797,13708.0,,False,5m consistent,1
2026-03-13 14:00:00,1.14799,1.14857,1.14563,1.14579,13991.0,,False,5m consistent,0
2026-03-13 17:00:00,1.14429,1.14469,1.14344,1.14432,8227.0,,False,5m consistent,0
2026-03-13 18:00:00,1.14432,1.14437,1.14326,1.14368,5956.0,,False,5m consistent,0
2026-03-13 19:00:00,1.14368,1.14377,1.14208,1.14232,5166.0,,False,5m consistent,1
2026-03-16 00:00:00,1.14364,1.14564,1.14359,1.14557,6331.0,,False,5m consistent,0
2026-03-16 03:00:00,1.1449,1.14548,1.14466,1.14515,3079.0,,False,5m consistent,0
2026-03-16 04:00:00,1.14513,1.14524,1.14424,1.14424,2336.0,,False,5m consistent,0
2026-03-16 05:00:00,1.14425,1.14442,1.14341,1.14354,3188.0,,False,5m consistent,0
2026-03-16 06:00:00,1.14353,1.14372,1.14251,1.14323,4604.0,,False,5m consistent,0
2026-03-16 13:00:00,1.14748,1.15017,1.14748,1.15011,9446.0,,False,5m consistent,0
2026-03-16 15:00:00,1.14897,1.15012,1.14811,1.14877,7844.0,,False,5m consistent,1
2026-03-16 18:00:00,1.1493,1.15247,1.14929,1.15195,6975.0,,False,5m consistent,0
2026-03-16 21:00:00,1.15074,1.15179,1.15067,1.15106,1035.0,,False,5m consistent,0
2026-03-16 23:00:00,1.14998,1.15009,1.14957,1.14992,2032.0,,False,5m consistent,1
2026-03-17 04:00:00,1.14927,1.15008,1.14902,1.14979,1655.0,,False,5m consistent,0
2026-03-17 05:00:00,1.14979,1.15001,1.1479,1.148,3461.0,,False,5m consistent,0
2026-03-17 09:00:00,1.15115,1.15257,1.15088,1.15174,7260.0,,False,5m consistent,1
2026-03-17 13:00:00,1.15251,1.15448,1.15251,1.15314,12272.0,,False,5m consistent,1
2026-03-17 14:00:00,1.15314,1.15394,1.15215,1.15341,9152.0,,False,5m consistent,1
2026-03-17 23:00:00,1.15407,1.15421,1.15385,1.15401,5865.0,,False,5m consistent,1
2026-03-18 05:00:00,1.15425,1.15479,1.15409,1.15464,2286.0,,False,5m consistent,0
2026-03-18 06:00:00,1.15463,1.15504,1.15404,1.15431,3377.0,,False,5m consistent,0
2026-03-18 07:00:00,1.15432,1.15466,1.15242,1.15273,4453.0,,False,5m consistent,1
2026-03-18 08:00:00,1.15272,1.15351,1.15187,1.15333,5755.0,,False,5m consistent,1
2026-03-18 10:00:00,1.15397,1.15449,1.15346,1.15408,3485.0,,False,5m consistent,1
2026-03-18 11:00:00,1.15407,1.15562,1.15309,1.15476,8460.0,,False,5m consistent,0
2026-03-18 12:00:00,1.15476,1.1549,1.15065,1.15084,16331.0,,False,5m consistent,0
2026-03-18 13:00:00,1.15083,1.15165,1.14914,1.1516,15303.0,,False,5m consistent,1
2026-03-18 16:00:00,1.15137,1.1523,1.15077,1.15116,7647.0,,False,5m consistent,1
2026-03-18 17:00:00,1.15116,1.15193,1.15034,1.15185,6856.0,,False,5m consistent,0
2026-03-18 19:00:00,1.1478,1.14837,1.14693,1.14703,10024.0,,False,5m consistent,0
2026-03-18 21:00:00,1.14533,1.14765,1.14533,1.14729,1197.0,,False,5m consistent,0
2026-03-19 06:00:00,1.14669,1.14776,1.14619,1.14661,6021.0,,False,5m consistent,1
2026-03-19 07:00:00,1.14661,1.14762,1.14516,1.14534,12114.0,,False,5m consistent,1
2026-03-19 09:00:00,1.1452,1.14891,1.14519,1.14813,18980.0,,False,5m consistent,0
2026-03-19 11:00:00,1.14746,1.14823,1.14666,1.14805,7610.0,,False,5m consistent,0
2026-03-19 12:00:00,1.14804,1.14908,1.14637,1.14881,18514.0,,False,5m consistent,0
2026-03-19 13:00:00,1.14878,1.15284,1.14701,1.15187,33307.0,,False,5m consistent,1
2026-03-19 14:00:00,1.15188,1.15294,1.15012,1.15171,27232.0,,False,5m consistent,1
2026-03-20 08:00:00,1.15743,1.15816,1.15685,1.15687,8309.0,,False,5m consistent,0
2026-03-20 09:00:00,1.15687,1.15738,1.15487,1.15496,9298.0,,False,5m consistent,1
2026-03-20 11:00:00,1.15609,1.15809,1.15583,1.15725,8006.0,,False,5m consistent,0
2026-03-20 12:00:00,1.15724,1.15808,1.15631,1.15653,13452.0,,False,5m consistent,0
2026-03-20 13:00:00,1.15653,1.15668,1.15409,1.1542,14591.0,,False,5m consistent,1
2026-03-20 17:00:00,1.15602,1.15715,1.15506,1.15586,12751.0,,False,5m consistent,1
2026-03-23 01:00:00,1.15451,1.15626,1.15451,1.15552,10497.0,,False,5m consistent,0
2026-03-23 04:00:00,1.15481,1.15524,1.15467,1.15515,3235.0,,False,5m consistent,0
2026-03-23 05:00:00,1.15512,1.15533,1.15349,1.15349,5185.0,,False,5m consistent,1
2026-03-23 08:00:00,1.15282,1.15471,1.15269,1.15305,13965.0,,False,5m consistent,0
2026-03-23 09:00:00,1.15308,1.15355,1.14919,1.14958,11355.0,,False,5m consistent,1
2026-03-23 12:00:00,1.15574,1.16153,1.15472,1.16136,41000.0,,False,5m consistent,0
2026-03-23 14:00:00,1.16007,1.16408,1.15939,1.16162,35722.0,,False,5m consistent,0
2026-03-23 18:00:00,1.16025,1.16383,1.15927,1.16359,15544.0,,False,5m consistent,0
2026-03-23 23:00:00,1.16157,1.16168,1.16068,1.16089,3595.0,,False,5m consistent,0
2026-03-24 07:00:00,1.15925,1.16188,1.159,1.16094,14017.0,,False,5m consistent,0
2026-03-24 09:00:00,1.15894,1.15978,1.15797,1.15956,10355.0,,False,5m consistent,1
2026-03-24 10:00:00,1.15956,1.15971,1.15841,1.1593,8046.0,,False,5m consistent,1
2026-03-24 12:00:00,1.15901,1.16003,1.15818,1.15854,12017.0,,False,5m consistent,1
2026-03-24 14:00:00,1.15784,1.16079,1.15782,1.15906,22985.0,,False,5m consistent,0
2026-03-24 16:00:00,1.15785,1.15932,1.15749,1.15835,10218.0,,False,5m consistent,0
2026-03-25 00:00:00,1.16146,1.16316,1.16134,1.16242,9562.0,,False,5m consistent,0
2026-03-25 01:00:00,1.1624,1.16254,1.16127,1.16129,8568.0,,False,5m consistent,0
2026-03-25 04:00:00,1.16046,1.16051,1.15982,1.15987,3058.0,,False,5m consistent,1
2026-03-25 08:00:00,1.15984,1.16174,1.15913,1.16035,12623.0,,False,5m consistent,1
2026-03-25 10:00:00,1.16002,1.16066,1.15967,1.16052,7022.0,,False,5m consistent,1
2026-03-25 11:00:00,1.16053,1.16123,1.15952,1.16064,7927.0,,False,5m consistent,1
2026-03-25 12:00:00,1.16064,1.16147,1.15873,1.15921,14997.0,,False,5m consistent,0
2026-03-25 14:00:00,1.15738,1.15886,1.15673,1.1587,14462.0,,False,5m consistent,0
2026-03-25 15:00:00,1.15869,1.15904,1.15637,1.15707,14553.0,,False,5m consistent,1
2026-03-25 17:00:00,1.15683,1.15847,1.15656,1.15791,8849.0,,False,5m consistent,0
2026-03-25 23:00:00,1.15614,1.1563,1.15597,1.15623,1813.0,,False,5m consistent,1
2026-03-26 01:00:00,1.15588,1.15678,1.15588,1.15651,4158.0,,False,5m consistent,1
2026-03-26 04:00:00,1.15696,1.15733,1.15682,1.15701,2488.0,,False,5m consistent,0
2026-03-26 06:00:00,1.15587,1.15679,1.15526,1.15673,5408.0,,False,5m consistent,0
2026-03-26 08:00:00,1.15547,1.15619,1.15483,1.15606,7891.0,,False,5m consistent,1
2026-03-26 10:00:00,1.15603,1.15662,1.15554,1.15581,6464.0,,False,5m consistent,0
2026-03-26 14:00:00,1.15431,1.15558,1.15377,1.15484,16739.0,,False,5m consistent,0
2026-03-26 15:00:00,1.15485,1.15521,1.15322,1.15422,14300.0,,False,5m consistent,0
2026-03-26 16:00:00,1.15423,1.1544,1.15317,1.15365,8377.0,,False,5m consistent,0
2026-03-26 18:00:00,1.15265,1.15348,1.1526,1.15348,4484.0,,False,5m consistent,0
2026-03-26 23:00:00,1.15395,1.15408,1.15348,1.15352,1718.0,,False,5m consistent,1
2026-03-27 05:00:00,1.15437,1.15471,1.15381,1.1542,4394.0,,False,5m consistent,0
2026-03-27 06:00:00,1.15419,1.15448,1.15349,1.15353,3681.0,,False,5m consistent,0
2026-03-27 09:00:00,1.1521,1.1527,1.15153,1.15201,6254.0,,False,5m consistent,0
2026-03-27 14:00:00,1.15251,1.15367,1.15241,1.15296,12165.0,,False,5m consistent,0
2026-03-27 16:00:00,1.15201,1.15283,1.15156,1.152,9215.0,,False,5m consistent,0
2026-03-27 19:00:00,1.15144,1.15189,1.15109,1.1518,4524.0,,False,5m consistent,0
2026-03-30 06:00:00,1.15165,1.1521,1.15123,1.15136,5515.0,,False,5m consistent,0
2026-03-30 07:00:00,1.15134,1.15137,1.14947,1.14987,6669.0,,False,5m consistent,0
2026-03-30 08:00:00,1.14987,1.14997,1.14915,1.14972,6463.0,,False,5m consistent,0
2026-03-30 09:00:00,1.14972,1.14992,1.14848,1.14954,6301.0,,False,5m consistent,1
2026-03-30 11:00:00,1.14901,1.15015,1.14849,1.14858,10313.0,,False,5m consistent,0
2026-03-30 12:00:00,1.1486,1.14899,1.14737,1.14836,9832.0,,False,5m consistent,0
2026-03-30 13:00:00,1.14835,1.14889,1.14629,1.1465,11726.0,,False,5m consistent,1
2026-03-30 14:00:00,1.14651,1.14714,1.14556,1.14658,13922.0,,False,5m consistent,0
2026-03-30 18:00:00,1.14585,1.1467,1.14577,1.14617,4662.0,,False,5m consistent,1
2026-03-30 22:00:00,1.14651,1.14667,1.14603,1.14604,1255.0,,False,5m consistent,0
2026-03-30 23:00:00,1.14603,1.14603,1.14532,1.14573,2178.0,,False,5m consistent,1
2026-03-31 02:00:00,1.14769,1.14804,1.1474,1.14766,4939.0,,False,5m consistent,0
2026-03-31 04:00:00,1.14705,1.14737,1.14698,1.147,2307.0,,False,5m consistent,1
2026-03-31 06:00:00,1.14655,1.14753,1.14616,1.14728,6280.0,,False,5m consistent,1
2026-03-31 07:00:00,1.14727,1.14751,1.14637,1.14733,7691.0,,False,5m consistent,1
2026-03-31 09:00:00,1.1468,1.14743,1.14628,1.14689,6583.0,,False,5m consistent,0
2026-03-31 13:00:00,1.15039,1.15335,1.15014,1.15332,13016.0,,False,5m consistent,1
2026-03-31 14:00:00,1.15334,1.15415,1.15119,1.15211,23751.0,,False,5m consistent,1
2026-04-01 00:00:00,1.15748,1.15799,1.15703,1.15753,5954.0,,False,5m consistent,0
2026-04-01 02:00:00,1.15626,1.1572,1.15616,1.15696,3499.0,,False,5m consistent,1
2026-04-01 08:00:00,1.15828,1.16116,1.15783,1.15972,13121.0,,False,5m consistent,0
2026-04-01 11:00:00,1.16005,1.16109,1.15988,1.16082,6592.0,,False,5m consistent,1
2026-04-01 14:00:00,1.16118,1.16279,1.16055,1.16234,18598.0,,False,5m consistent,0
2026-04-01 16:00:00,1.16144,1.16199,1.16055,1.16199,7218.0,,False,5m consistent,0
2026-04-01 17:00:00,1.162,1.16243,1.15947,1.15948,6939.0,,False,5m consistent,1
2026-04-02 00:00:00,1.15905,1.15989,1.15878,1.15965,5985.0,,False,5m consistent,0
2026-04-02 02:00:00,1.15533,1.15613,1.15449,1.15478,10419.0,,False,5m consistent,0
2026-04-02 04:00:00,1.15408,1.1543,1.1533,1.15379,4947.0,,False,5m consistent,0
2026-04-02 05:00:00,1.15381,1.15398,1.15258,1.15263,5705.0,,False,5m consistent,1
2026-04-02 06:00:00,1.15263,1.15364,1.15161,1.15353,8687.0,,False,5m consistent,0
2026-04-02 09:00:00,1.15262,1.15329,1.15225,1.15272,5408.0,,False,5m consistent,0
2026-04-02 14:00:00,1.15322,1.1565,1.15275,1.1552,27116.0,,False,5m consistent,0
2026-04-03 11:00:00,1.15457,1.15477,1.15417,1.15451,1659.0,,False,5m consistent,0
2026-04-03 13:00:00,1.15317,1.15395,1.15288,1.15358,3116.0,,False,5m consistent,0
2026-04-03 17:00:00,1.152,1.15231,1.15195,1.15212,3826.0,,False,5m consistent,1
2026-04-06 00:00:00,1.15105,1.15193,1.15102,1.15126,5272.0,,False,5m consistent,1
2026-04-06 06:00:00,1.15263,1.15387,1.15229,1.15342,6457.0,,False,5m consistent,1
2026-04-06 07:00:00,1.15339,1.15697,1.15262,1.15653,9547.0,,False,5m consistent,0
2026-04-06 08:00:00,1.15654,1.15695,1.15546,1.1556,7341.0,,False,5m consistent,0
2026-04-06 09:00:00,1.15561,1.15615,1.15482,1.15513,5849.0,,False,5m consistent,0
2026-04-06 10:00:00,1.15514,1.15552,1.15387,1.15489,7333.0,,False,5m consistent,1
2026-04-06 13:00:00,1.15544,1.15622,1.15502,1.1561,7312.0,,False,5m consistent,1
2026-04-06 14:00:00,1.15613,1.15725,1.15434,1.1544,17673.0,,False,5m consistent,1
2026-04-06 16:00:00,1.15451,1.15491,1.15432,1.15459,5346.0,,False,5m consistent,1
2026-04-07 00:00:00,1.15417,1.15447,1.15374,1.15384,4795.0,,False,5m consistent,0
2026-04-07 01:00:00,1.15385,1.15411,1.15281,1.1531,5418.0,,False,5m consistent,1
2026-04-07 04:00:00,1.15355,1.15398,1.15338,1.15391,2384.0,,False,5m consistent,0
2026-04-07 06:00:00,1.15363,1.15464,1.15336,1.15455,6283.0,,False,5m consistent,1
2026-04-07 08:00:00,1.15433,1.15765,1.15428,1.15745,15778.0,,False,5m consistent,0
2026-04-07 09:00:00,1.15743,1.15764,1.15631,1.15637,7898.0,,False,5m consistent,0
2026-04-07 10:00:00,1.15637,1.15646,1.15468,1.1555,14848.0,,False,5m consistent,1
2026-04-07 11:00:00,1.15551,1.15629,1.1549,1.15609,7230.0,,False,5m consistent,1
2026-04-07 23:00:00,1.16693,1.16911,1.16622,1.16871,27861.0,,False,5m consistent,0
2026-04-08 06:00:00,1.16923,1.17093,1.16854,1.16971,14432.0,,False,5m consistent,1
2026-04-08 07:00:00,1.16974,1.1701,1.16797,1.16964,12765.0,,False,5m consistent,0
2026-04-08 11:00:00,1.16909,1.17112,1.16862,1.1701,10247.0,,False,5m consistent,1
2026-04-08 12:00:00,1.17012,1.1719,1.16892,1.17149,16112.0,,False,5m consistent,0
2026-04-08 16:00:00,1.16871,1.16895,1.16778,1.16827,9908.0,,False,5m consistent,0
2026-04-08 17:00:00,1.16825,1.16862,1.16698,1.16757,8563.0,,False,5m consistent,1
2026-04-09 06:00:00,1.16619,1.16652,1.16552,1.16651,5426.0,,False,5m consistent,1
2026-04-09 11:00:00,1.16718,1.16904,1.16704,1.16893,5286.0,,False,5m consistent,1
2026-04-09 13:00:00,1.16869,1.16962,1.1682,1.16826,9516.0,,False,5m consistent,1
2026-04-09 14:00:00,1.16827,1.16889,1.1675,1.16855,11006.0,,False,5m consistent,1
2026-04-09 17:00:00,1.17115,1.17243,1.17109,1.1715,6844.0,,False,5m consistent,0
2026-04-09 20:00:00,1.17016,1.17017,1.16962,1.17,2286.0,,False,5m consistent,0
2026-04-09 21:00:00,1.17063,1.17063,1.16965,1.17029,3211.0,,False,5m consistent,0
2026-04-09 23:00:00,1.1695,1.16972,1.16912,1.16925,1333.0,,False,5m consistent,1
2026-04-10 05:00:00,1.16929,1.16936,1.16885,1.16909,2395.0,,False,5m consistent,0
2026-04-10 13:00:00,1.17214,1.17357,1.17195,1.17287,10465.0,,False,5m consistent,1
2026-04-10 15:00:00,1.17286,1.17404,1.17225,1.17232,10446.0,,False,5m consistent,1
2026-04-13 05:00:00,1.1687,1.16898,1.16841,1.16886,3348.0,,False,5m consistent,1
2026-04-13 07:00:00,1.16864,1.1701,1.16864,1.1698,6275.0,,False,5m consistent,0
2026-04-13 10:00:00,1.16873,1.16959,1.16834,1.16945,4320.0,,False,5m consistent,0
2026-04-13 14:00:00,1.17062,1.17216,1.17012,1.17111,12438.0,,False,5m consistent,1
2026-04-13 18:00:00,1.17344,1.17667,1.17344,1.17653,7112.0,,False,5m consistent,1
2026-04-14 00:00:00,1.17677,1.17689,1.1762,1.17672,4015.0,,False,5m consistent,1
2026-04-14 04:00:00,1.17676,1.17709,1.17655,1.17677,1253.0,,False,5m consistent,1
2026-04-14 05:00:00,1.17676,1.17705,1.17603,1.17651,2769.0,,False,5m consistent,1
2026-04-14 11:00:00,1.17975,1.18073,1.17962,1.18005,6133.0,,False,5m consistent,1
2026-04-14 12:00:00,1.18004,1.18072,1.17936,1.18055,10672.0,,False,5m consistent,0
2026-04-14 14:00:00,1.18,1.1812,1.17943,1.18096,10783.0,,False,5m consistent,0
2026-04-14 20:00:00,1.17928,1.17973,1.17922,1.17973,1701.0,,False,5m consistent,0
2026-04-14 23:00:00,1.17959,1.18028,1.17954,1.17993,2931.0,,False,5m consistent,0
2026-04-15 01:00:00,1.17945,1.17977,1.17906,1.17916,4260.0,,False,5m consistent,0
2026-04-15 05:00:00,1.17894,1.17991,1.17892,1.17928,4338.0,,False,5m consistent,0
2026-04-15 08:00:00,1.17864,1.17963,1.17862,1.17902,5267.0,,False,5m consistent,0
2026-04-15 09:00:00,1.17903,1.17925,1.17762,1.17824,9482.0,,False,5m consistent,0
2026-04-15 11:00:00,1.17778,1.17856,1.1774,1.17838,7568.0,,False,5m consistent,1
2026-04-15 16:00:00,1.17988,1.18036,1.17983,1.18018,6545.0,,False,5m consistent,1
2026-04-16 00:00:00,1.18076,1.18094,1.18035,1.18082,3014.0,,False,5m consistent,0
2026-04-16 02:00:00,1.18035,1.18185,1.18028,1.18178,3854.0,,False,5m consistent,0
2026-04-16 04:00:00,1.18136,1.18139,1.1809,1.18102,1613.0,,False,5m consistent,0
2026-04-16 05:00:00,1.18103,1.18108,1.18038,1.18051,2967.0,,False,5m consistent,0
2026-04-16 06:00:00,1.18052,1.18078,1.17942,1.18043,5443.0,,False,5m consistent,0
2026-04-16 07:00:00,1.18043,1.18056,1.17918,1.17924,7145.0,,False,5m consistent,0
2026-04-16 08:00:00,1.17924,1.17948,1.17774,1.17871,7105.0,,False,5m consistent,0
2026-04-16 09:00:00,1.17871,1.17885,1.17777,1.17804,5069.0,,False,5m consistent,1
2026-04-16 11:00:00,1.17809,1.17895,1.17809,1.17848,5306.0,,False,5m consistent,0
2026-04-16 12:00:00,1.17848,1.17855,1.17767,1.17824,6889.0,,False,5m consistent,0
2026-04-16 15:00:00,1.17723,1.17829,1.17709,1.17829,9574.0,,False,5m consistent,0
2026-04-16 16:00:00,1.17831,1.1788,1.17696,1.17758,7634.0,,False,5m consistent,1
2026-04-17 05:00:00,1.17834,1.17853,1.17808,1.17815,2999.0,,False,5m consistent,0
2026-04-17 12:00:00,1.17947,1.18384,1.17941,1.18362,17450.0,,False,5m consistent,1
2026-04-17 13:00:00,1.18365,1.185,1.18251,1.18345,25705.0,,False,5m consistent,0
2026-04-17 14:00:00,1.18344,1.18368,1.18142,1.18145,17086.0,,False,5m consistent,0
2026-04-17 15:00:00,1.18146,1.18175,1.18007,1.18014,14914.0,,False,5m consistent,1
2026-04-17 16:00:00,1.18015,1.18056,1.17926,1.17996,7083.0,,False,5m consistent,0
2026-04-17 17:00:00,1.17994,1.17995,1.17857,1.17963,9426.0,,False,5m consistent,0
2026-04-17 18:00:00,1.17964,1.17985,1.17752,1.17808,7636.0,,False,5m consistent,0
2026-04-17 19:00:00,1.17807,1.17849,1.17679,1.17699,5236.0,,False,5m consistent,1
2026-04-20 04:00:00,1.17611,1.17631,1.17571,1.176,2231.0,,False,5m consistent,0
2026-04-20 06:00:00,1.17538,1.17665,1.17484,1.17659,8500.0,,False,5m consistent,1
2026-04-20 11:00:00,1.17715,1.17764,1.17662,1.17679,4985.0,,False,5m consistent,0
2026-04-20 13:00:00,1.17659,1.17825,1.17621,1.17759,11994.0,,False,5m consistent,0
2026-04-20 22:00:00,1.17896,1.17913,1.17865,1.17913,1813.0,,False,5m consistent,0
2026-04-21 02:00:00,1.17813,1.17831,1.17779,1.17802,2569.0,,False,5m consistent,1
2026-04-21 05:00:00,1.17765,1.17831,1.17761,1.17792,4397.0,,False,5m consistent,0
2026-04-21 06:00:00,1.17792,1.17811,1.17727,1.17755,5707.0,,False,5m consistent,0
2026-04-21 07:00:00,1.17753,1.17778,1.17641,1.1765,6863.0,,False,5m consistent,1
2026-04-21 08:00:00,1.17649,1.17679,1.17578,1.17662,7404.0,,False,5m consistent,0
2026-04-21 10:00:00,1.17603,1.17623,1.17574,1.1762,3967.0,,False,5m consistent,1
2026-04-21 11:00:00,1.17621,1.17692,1.1757,1.17679,5909.0,,False,5m consistent,0
2026-04-21 13:00:00,1.17602,1.17726,1.17588,1.17666,8295.0,,False,5m consistent,1
2026-04-21 14:00:00,1.17665,1.17769,1.17527,1.17533,11769.0,,False,5m consistent,0
2026-04-21 15:00:00,1.17532,1.17606,1.1742,1.17522,12123.0,,False,5m consistent,0
2026-04-21 16:00:00,1.17524,1.17567,1.17413,1.17423,6801.0,,False,5m consistent,0
2026-04-21 17:00:00,1.17423,1.17647,1.17207,1.17437,15868.0,,False,5m consistent,0
2026-04-21 18:00:00,1.17437,1.17481,1.17301,1.17415,11033.0,,False,5m consistent,0
2026-04-21 20:00:00,1.17263,1.17546,1.17241,1.17447,12323.0,,False,5m consistent,0
2026-04-22 07:00:00,1.17501,1.17572,1.17469,1.17562,5497.0,,False,5m consistent,0
2026-04-22 08:00:00,1.17563,1.176,1.17482,1.17546,6132.0,,False,5m consistent,0
2026-04-22 10:00:00,1.17485,1.17541,1.17447,1.17526,4604.0,,False,5m consistent,0
2026-04-22 11:00:00,1.17523,1.17523,1.17328,1.17354,6483.0,,False,5m consistent,1
2026-04-22 13:00:00,1.17285,1.17441,1.17248,1.17416,11498.0,,False,5m consistent,0
2026-04-23 01:00:00,1.17126,1.17138,1.17086,1.171,5195.0,,False,5m consistent,0
2026-04-23 05:00:00,1.17011,1.17079,1.17004,1.17079,3227.0,,False,5m consistent,1
2026-04-23 06:00:00,1.17078,1.171,1.17027,1.17044,4568.0,,False,5m consistent,0
2026-04-23 07:00:00,1.17045,1.17129,1.16963,1.17035,8334.0,,False,5m consistent,0
2026-04-23 08:00:00,1.17034,1.17061,1.16974,1.17024,6305.0,,False,5m consistent,0
2026-04-23 09:00:00,1.17024,1.17032,1.16912,1.16945,6420.0,,False,5m consistent,0
2026-04-23 12:00:00,1.16915,1.1699,1.1687,1.16928,11824.0,,False,5m consistent,1
2026-04-23 14:00:00,1.16921,1.17174,1.16881,1.17116,10009.0,,False,5m consistent,0
2026-04-23 16:00:00,1.17044,1.17064,1.16993,1.1703,5496.0,,False,5m consistent,0
2026-04-23 18:00:00,1.16939,1.17009,1.16888,1.169,13258.0,,False,5m consistent,1
2026-04-24 01:00:00,1.16861,1.16896,1.1683,1.16895,4085.0,,False,5m consistent,0
2026-04-24 02:00:00,1.16896,1.16903,1.1679,1.16798,2970.0,,False,5m consistent,1
2026-04-24 07:00:00,1.16793,1.16947,1.16769,1.16919,5142.0,,False,5m consistent,1
2026-04-24 08:00:00,1.16917,1.16969,1.16847,1.16906,7225.0,,False,5m consistent,1
2026-04-24 11:00:00,1.17042,1.17194,1.17037,1.17154,13649.0,,False,5m consistent,0
2026-04-24 12:00:00,1.17156,1.17184,1.17035,1.17097,8432.0,,False,5m consistent,0
2026-04-24 13:00:00,1.17097,1.17135,1.16994,1.17077,9307.0,,False,5m consistent,1
2026-04-24 16:00:00,1.17184,1.17206,1.17139,1.17198,6460.0,,False,5m consistent,1
2026-04-27 05:00:00,1.17275,1.1729,1.17229,1.17232,3170.0,,False,5m consistent,1
2026-04-27 08:00:00,1.17444,1.17517,1.174,1.17492,6217.0,,False,5m consistent,0
2026-04-27 10:00:00,1.1743,1.17486,1.17398,1.17468,3448.0,,False,5m consistent,1
2026-04-27 12:00:00,1.17421,1.17558,1.17417,1.17452,6434.0,,False,5m consistent,1
2026-04-27 13:00:00,1.17452,1.1755,1.17365,1.17408,8351.0,,False,5m consistent,0
2026-04-27 14:00:00,1.17409,1.1749,1.1734,1.17369,8490.0,,False,5m consistent,0
2026-04-27 15:00:00,1.1737,1.17376,1.17301,1.17315,5863.0,,False,5m consistent,0
2026-04-27 16:00:00,1.17316,1.17347,1.1726,1.17269,3676.0,,False,5m consistent,1
2026-04-27 23:00:00,1.17232,1.17241,1.17222,1.17239,1088.0,,False,5m consistent,0
2026-04-28 00:00:00,1.1724,1.17279,1.1718,1.17196,3774.0,,False,5m consistent,0
2026-04-28 01:00:00,1.17195,1.17195,1.17132,1.17137,3890.0,,False,5m consistent,1
2026-04-28 04:00:00,1.17142,1.17172,1.17126,1.17134,2106.0,,False,5m consistent,0
2026-04-28 05:00:00,1.17134,1.17142,1.17061,1.17069,3403.0,,False,5m consistent,0
2026-04-28 08:00:00,1.16974,1.17087,1.16957,1.17031,7337.0,,False,5m consistent,0
2026-04-28 10:00:00,1.16932,1.16967,1.16913,1.16942,5917.0,,False,5m consistent,0
2026-04-28 11:00:00,1.1694,1.17002,1.1683,1.16837,8084.0,,False,5m consistent,1
2026-04-28 12:00:00,1.16837,1.17007,1.16783,1.16977,10668.0,,False,5m consistent,1
2026-04-28 13:00:00,1.16977,1.17046,1.16893,1.16984,11095.0,,False,5m consistent,1
2026-04-28 15:00:00,1.17017,1.17167,1.17017,1.17145,9087.0,,False,5m consistent,1
2026-04-29 00:00:00,1.17186,1.17216,1.17153,1.17165,2290.0,,False,5m consistent,0
2026-04-29 01:00:00,1.17166,1.1717,1.17079,1.17129,5658.0,,False,5m consistent,0
2026-04-29 04:00:00,1.17068,1.17086,1.17052,1.17065,1217.0,,False,5m consistent,0
2026-04-29 05:00:00,1.17065,1.17067,1.1699,1.17015,3094.0,,False,5m consistent,1
2026-04-29 07:00:00,1.17,1.17091,1.1699,1.17061,6172.0,,False,5m consistent,0
2026-04-29 10:00:00,1.16983,1.17103,1.16972,1.17102,4120.0,,False,5m consistent,0
2026-04-29 11:00:00,1.17102,1.17107,1.17006,1.17019,5268.0,,False,5m consistent,0
2026-04-29 12:00:00,1.1702,1.1709,1.16943,1.16998,8764.0,,False,5m consistent,0
2026-04-29 14:00:00,1.16893,1.17041,1.16845,1.17018,10677.0,,False,5m consistent,0
2026-04-29 15:00:00,1.17019,1.1705,1.16884,1.16956,12007.0,,False,5m consistent,0
2026-04-29 20:00:00,1.1677,1.16785,1.16717,1.16769,4316.0,,False,5m consistent,0
2026-04-29 21:00:00,1.16839,1.16853,1.16773,1.16782,2890.0,,False,5m consistent,1
2026-04-30 00:00:00,1.16855,1.16905,1.168,1.16801,5498.0,,False,5m consistent,0
2026-04-30 01:00:00,1.168,1.16826,1.1674,1.16752,4780.0,,False,5m consistent,0
2026-04-30 03:00:00,1.16679,1.1672,1.16656,1.16667,4241.0,,False,5m consistent,0
2026-04-30 07:00:00,1.16709,1.16849,1.16708,1.16805,7828.0,,False,5m consistent,1
2026-04-30 08:00:00,1.16806,1.16984,1.16749,1.16811,11749.0,,False,5m consistent,1
2026-04-30 10:00:00,1.16953,1.17163,1.16898,1.17159,22536.0,,False,5m consistent,1
2026-04-30 11:00:00,1.17157,1.17205,1.17039,1.17057,21550.0,,False,5m consistent,0
2026-04-30 12:00:00,1.17055,1.17075,1.16902,1.16933,17279.0,,False,5m consistent,1
2026-05-01 08:00:00,1.17353,1.1749,1.17328,1.17443,6290.0,,False,5m consistent,0
2026-05-01 12:00:00,1.17523,1.17697,1.1749,1.17584,9648.0,,False,5m consistent,0
2026-05-01 14:00:00,1.17632,1.17861,1.1762,1.17682,15740.0,,False,5m consistent,0
2026-05-01 15:00:00,1.17683,1.17716,1.17542,1.17558,11728.0,,False,5m consistent,0
2026-05-01 16:00:00,1.17558,1.17581,1.17386,1.1739,8895.0,,False,5m consistent,0
2026-05-01 17:00:00,1.17391,1.17413,1.173,1.1734,5727.0,,False,5m consistent,0
2026-05-01 18:00:00,1.1734,1.1735,1.17206,1.17282,7115.0,,False,5m consistent,0
2026-05-04 00:00:00,1.17266,1.17297,1.17224,1.17279,5303.0,,False,5m consistent,1
2026-05-04 03:00:00,1.17282,1.17399,1.17255,1.17383,8388.0,,False,5m consistent,0
2026-05-04 05:00:00,1.173,1.17333,1.17267,1.17315,4312.0,,False,5m consistent,0
2026-05-04 06:00:00,1.17316,1.1738,1.17224,1.17297,6370.0,,False,5m consistent,0
2026-05-04 07:00:00,1.17296,1.173,1.17161,1.17186,6751.0,,False,5m consistent,1
2026-05-04 09:00:00,1.17202,1.17248,1.17168,1.17182,4790.0,,False,5m consistent,0
2026-05-04 10:00:00,1.1718,1.17182,1.16896,1.17059,18020.0,,False,5m consistent,0
2026-05-04 12:00:00,1.1694,1.17133,1.16929,1.171,8230.0,,False,5m consistent,1
2026-05-04 13:00:00,1.17101,1.17188,1.17028,1.17158,12115.0,,False,5m consistent,0
2026-05-04 14:00:00,1.17159,1.17173,1.17052,1.17082,9981.0,,False,5m consistent,0
2026-05-04 15:00:00,1.17081,1.17165,1.16949,1.16983,16693.0,,False,5m consistent,0
2026-05-04 19:00:00,1.1698,1.17032,1.16943,1.16959,6507.0,,False,5m consistent,0
2026-05-04 23:00:00,1.1691,1.16938,1.16905,1.16925,823.0,,False,5m consistent,0
2026-05-05 00:00:00,1.16926,1.16948,1.16859,1.16872,3340.0,,False,5m consistent,1
2026-05-05 03:00:00,1.16883,1.1689,1.16843,1.16848,1637.0,,False,5m consistent,1
2026-05-05 08:00:00,1.16898,1.16977,1.16859,1.16897,6122.0,,False,5m consistent,1
2026-05-05 10:00:00,1.1691,1.16986,1.16878,1.16904,4437.0,,False,5m consistent,1
2026-05-05 13:00:00,1.16933,1.17057,1.16929,1.16984,8240.0,,False,5m consistent,1
2026-05-05 15:00:00,1.17065,1.17144,1.17018,1.17073,8406.0,,False,5m consistent,0
2026-05-05 18:00:00,1.16995,1.17018,1.1698,1.17007,2638.0,,False,5m consistent,1
2026-05-06 01:00:00,1.17208,1.1727,1.17186,1.17222,5292.0,,False,5m consistent,1
2026-05-06 04:00:00,1.17184,1.17437,1.1717,1.17378,12970.0,,False,5m consistent,0
2026-05-06 06:00:00,1.1734,1.17366,1.17291,1.17342,6464.0,,False,5m consistent,0
2026-05-06 09:00:00,1.17633,1.17781,1.1757,1.1776,10720.0,,False,5m consistent,1
2026-05-06 10:00:00,1.17759,1.17975,1.17675,1.17899,11893.0,,False,5m consistent,0
2026-05-06 11:00:00,1.17897,1.17925,1.17691,1.17708,12320.0,,False,5m consistent,0
2026-05-06 15:00:00,1.17558,1.17596,1.17495,1.17535,8167.0,,False,5m consistent,1
2026-05-07 02:00:00,1.17598,1.17619,1.17556,1.17574,3321.0,,False,5m consistent,0
2026-05-07 05:00:00,1.17517,1.17546,1.17509,1.17527,2975.0,,False,5m consistent,1
2026-05-07 08:00:00,1.17677,1.1775,1.17639,1.17726,7613.0,,False,5m consistent,1
2026-05-07 09:00:00,1.17726,1.17792,1.17665,1.17712,6307.0,,False,5m consistent,1
2026-05-07 12:00:00,1.17709,1.17789,1.17681,1.17737,7217.0,,False,5m consistent,1
2026-05-07 14:00:00,1.17693,1.17781,1.17649,1.17766,9732.0,,False,5m consistent,0
2026-05-07 15:00:00,1.17767,1.17788,1.17638,1.17645,10114.0,,False,5m consistent,0
2026-05-07 16:00:00,1.17647,1.17669,1.17573,1.17612,8625.0,,False,5m consistent,0
2026-05-07 17:00:00,1.17614,1.17618,1.17366,1.17498,12251.0,,False,5m consistent,1
